ISO-10303-21;
HEADER;
/* Generated by software containing ST-Developer
 * from STEP Tools, Inc. (www.steptools.com) 
 */
/* OPTION: using custom renumber hook */

FILE_DESCRIPTION(
/* description */ ('STEP AP242 Edition 2',
'CAx-IF Rec.Pracs.---Representation and Presentation of Product Manufa
cturing Information (PMI)---4.0---2014-10-13',
'CAx-IF Rec.Pracs.---3D Tessellated Geometry---0.4---2014-09-14','2;1',
'CAx-IF Rec.Pracs.---User Defined Attributes---1.5---2016-08-15'),
/* implementation_level */ '2;1');

FILE_NAME(
/* name */ 'MunchMoir - Wheel (1)',
/* time_stamp */ '2026-09-19T09:01:34Z',
/* author */ (''),
/* organization */ (''),
/* preprocessor_version */ 'ST-DEVELOPER v20',
/* originating_system */ 'ONSHAPE BY PTC INC, 1.221',
/* authorisation */ '  ');

FILE_SCHEMA (('AP242_MANAGED_MODEL_BASED_3D_ENGINEERING_MIM_LF { 1 0 10303 442 3 1 4 }'));
ENDSEC;

DATA;
#10=SHAPE_REPRESENTATION_RELATIONSHIP('','',#6243,#11);
#11=ADVANCED_BREP_SHAPE_REPRESENTATION('',(#6241),#11561);
#12=SPHERICAL_SURFACE('',#6526,0.00115);
#13=SPHERICAL_SURFACE('',#6529,0.00115);
#14=SPHERICAL_SURFACE('',#6532,0.00115);
#15=SPHERICAL_SURFACE('',#6535,0.00115);
#16=SPHERICAL_SURFACE('',#6538,0.00115);
#17=SPHERICAL_SURFACE('',#6541,0.00115);
#18=SPHERICAL_SURFACE('',#6544,0.00115);
#19=SPHERICAL_SURFACE('',#6547,0.00115);
#20=SPHERICAL_SURFACE('',#6550,0.00115);
#21=SPHERICAL_SURFACE('',#6553,0.00115);
#22=B_SPLINE_SURFACE_WITH_KNOTS('',3,1,((#8762,#8763),(#8764,#8765),(#8766,
#8767),(#8768,#8769)),.SURF_OF_LINEAR_EXTRUSION.,.F.,.F.,.F.,(4,4),(2,2),
(0.,1.),(0.,1.),.PIECEWISE_BEZIER_KNOTS.);
#23=B_SPLINE_SURFACE_WITH_KNOTS('',3,1,((#8782,#8783),(#8784,#8785),(#8786,
#8787),(#8788,#8789)),.SURF_OF_LINEAR_EXTRUSION.,.F.,.F.,.F.,(4,4),(2,2),
(0.,1.),(0.,1.),.PIECEWISE_BEZIER_KNOTS.);
#24=B_SPLINE_SURFACE_WITH_KNOTS('',3,1,((#8799,#8800),(#8801,#8802),(#8803,
#8804),(#8805,#8806)),.SURF_OF_LINEAR_EXTRUSION.,.F.,.F.,.F.,(4,4),(2,2),
(0.,1.),(0.,1.),.PIECEWISE_BEZIER_KNOTS.);
#25=B_SPLINE_SURFACE_WITH_KNOTS('',3,1,((#8816,#8817),(#8818,#8819),(#8820,
#8821),(#8822,#8823)),.SURF_OF_LINEAR_EXTRUSION.,.F.,.F.,.F.,(4,4),(2,2),
(0.,1.),(0.,1.),.PIECEWISE_BEZIER_KNOTS.);
#26=B_SPLINE_SURFACE_WITH_KNOTS('',3,1,((#8833,#8834),(#8835,#8836),(#8837,
#8838),(#8839,#8840)),.SURF_OF_LINEAR_EXTRUSION.,.F.,.F.,.F.,(4,4),(2,2),
(0.,1.),(0.,1.),.PIECEWISE_BEZIER_KNOTS.);
#27=B_SPLINE_SURFACE_WITH_KNOTS('',3,1,((#8850,#8851),(#8852,#8853),(#8854,
#8855),(#8856,#8857)),.SURF_OF_LINEAR_EXTRUSION.,.F.,.F.,.F.,(4,4),(2,2),
(0.,1.),(0.,1.),.PIECEWISE_BEZIER_KNOTS.);
#28=B_SPLINE_SURFACE_WITH_KNOTS('',3,1,((#8867,#8868),(#8869,#8870),(#8871,
#8872),(#8873,#8874)),.SURF_OF_LINEAR_EXTRUSION.,.F.,.F.,.F.,(4,4),(2,2),
(0.,1.),(0.,1.),.PIECEWISE_BEZIER_KNOTS.);
#29=B_SPLINE_SURFACE_WITH_KNOTS('',3,1,((#8884,#8885),(#8886,#8887),(#8888,
#8889),(#8890,#8891)),.SURF_OF_LINEAR_EXTRUSION.,.F.,.F.,.F.,(4,4),(2,2),
(0.,1.),(0.,1.),.PIECEWISE_BEZIER_KNOTS.);
#30=B_SPLINE_SURFACE_WITH_KNOTS('',3,1,((#8904,#8905),(#8906,#8907),(#8908,
#8909),(#8910,#8911)),.SURF_OF_LINEAR_EXTRUSION.,.F.,.F.,.F.,(4,4),(2,2),
(0.,1.),(0.,1.),.PIECEWISE_BEZIER_KNOTS.);
#31=B_SPLINE_SURFACE_WITH_KNOTS('',3,1,((#8921,#8922),(#8923,#8924),(#8925,
#8926),(#8927,#8928)),.SURF_OF_LINEAR_EXTRUSION.,.F.,.F.,.F.,(4,4),(2,2),
(0.,1.),(0.,1.),.PIECEWISE_BEZIER_KNOTS.);
#32=B_SPLINE_SURFACE_WITH_KNOTS('',3,1,((#8938,#8939),(#8940,#8941),(#8942,
#8943),(#8944,#8945)),.SURF_OF_LINEAR_EXTRUSION.,.F.,.F.,.F.,(4,4),(2,2),
(0.,1.),(0.,1.),.PIECEWISE_BEZIER_KNOTS.);
#33=B_SPLINE_SURFACE_WITH_KNOTS('',3,1,((#8955,#8956),(#8957,#8958),(#8959,
#8960),(#8961,#8962)),.SURF_OF_LINEAR_EXTRUSION.,.F.,.F.,.F.,(4,4),(2,2),
(0.,1.),(0.,1.),.PIECEWISE_BEZIER_KNOTS.);
#34=B_SPLINE_SURFACE_WITH_KNOTS('',3,1,((#8972,#8973),(#8974,#8975),(#8976,
#8977),(#8978,#8979)),.SURF_OF_LINEAR_EXTRUSION.,.F.,.F.,.F.,(4,4),(2,2),
(0.,1.),(0.,1.),.PIECEWISE_BEZIER_KNOTS.);
#35=B_SPLINE_SURFACE_WITH_KNOTS('',3,1,((#8989,#8990),(#8991,#8992),(#8993,
#8994),(#8995,#8996)),.SURF_OF_LINEAR_EXTRUSION.,.F.,.F.,.F.,(4,4),(2,2),
(0.,1.),(0.,1.),.PIECEWISE_BEZIER_KNOTS.);
#36=B_SPLINE_SURFACE_WITH_KNOTS('',3,1,((#9006,#9007),(#9008,#9009),(#9010,
#9011),(#9012,#9013)),.SURF_OF_LINEAR_EXTRUSION.,.F.,.F.,.F.,(4,4),(2,2),
(0.,1.),(0.,1.),.PIECEWISE_BEZIER_KNOTS.);
#37=B_SPLINE_SURFACE_WITH_KNOTS('',3,1,((#9021,#9022),(#9023,#9024),(#9025,
#9026),(#9027,#9028)),.SURF_OF_LINEAR_EXTRUSION.,.F.,.F.,.F.,(4,4),(2,2),
(0.,1.),(0.,1.),.PIECEWISE_BEZIER_KNOTS.);
#38=B_SPLINE_SURFACE_WITH_KNOTS('',3,1,((#9034,#9035),(#9036,#9037),(#9038,
#9039),(#9040,#9041)),.SURF_OF_LINEAR_EXTRUSION.,.F.,.F.,.F.,(4,4),(2,2),
(0.,1.),(0.,1.),.PIECEWISE_BEZIER_KNOTS.);
#39=B_SPLINE_SURFACE_WITH_KNOTS('',3,1,((#9047,#9048),(#9049,#9050),(#9051,
#9052),(#9053,#9054)),.SURF_OF_LINEAR_EXTRUSION.,.F.,.F.,.F.,(4,4),(2,2),
(0.,1.),(0.,1.),.PIECEWISE_BEZIER_KNOTS.);
#40=B_SPLINE_SURFACE_WITH_KNOTS('',3,1,((#9060,#9061),(#9062,#9063),(#9064,
#9065),(#9066,#9067)),.SURF_OF_LINEAR_EXTRUSION.,.F.,.F.,.F.,(4,4),(2,2),
(0.,1.),(0.,1.),.PIECEWISE_BEZIER_KNOTS.);
#41=B_SPLINE_SURFACE_WITH_KNOTS('',3,1,((#9073,#9074),(#9075,#9076),(#9077,
#9078),(#9079,#9080)),.SURF_OF_LINEAR_EXTRUSION.,.F.,.F.,.F.,(4,4),(2,2),
(0.,1.),(0.,1.),.PIECEWISE_BEZIER_KNOTS.);
#42=B_SPLINE_SURFACE_WITH_KNOTS('',3,1,((#9086,#9087),(#9088,#9089),(#9090,
#9091),(#9092,#9093)),.SURF_OF_LINEAR_EXTRUSION.,.F.,.F.,.F.,(4,4),(2,2),
(0.,1.),(0.,1.),.PIECEWISE_BEZIER_KNOTS.);
#43=B_SPLINE_SURFACE_WITH_KNOTS('',3,1,((#9099,#9100),(#9101,#9102),(#9103,
#9104),(#9105,#9106)),.SURF_OF_LINEAR_EXTRUSION.,.F.,.F.,.F.,(4,4),(2,2),
(0.,1.),(0.,1.),.PIECEWISE_BEZIER_KNOTS.);
#44=B_SPLINE_SURFACE_WITH_KNOTS('',3,1,((#9112,#9113),(#9114,#9115),(#9116,
#9117),(#9118,#9119)),.SURF_OF_LINEAR_EXTRUSION.,.F.,.F.,.F.,(4,4),(2,2),
(0.,1.),(0.,1.),.PIECEWISE_BEZIER_KNOTS.);
#45=B_SPLINE_SURFACE_WITH_KNOTS('',3,1,((#9125,#9126),(#9127,#9128),(#9129,
#9130),(#9131,#9132)),.SURF_OF_LINEAR_EXTRUSION.,.F.,.F.,.F.,(4,4),(2,2),
(0.,1.),(0.,1.),.PIECEWISE_BEZIER_KNOTS.);
#46=B_SPLINE_SURFACE_WITH_KNOTS('',3,1,((#9138,#9139),(#9140,#9141),(#9142,
#9143),(#9144,#9145)),.SURF_OF_LINEAR_EXTRUSION.,.F.,.F.,.F.,(4,4),(2,2),
(0.,1.),(0.,1.),.PIECEWISE_BEZIER_KNOTS.);
#47=B_SPLINE_SURFACE_WITH_KNOTS('',3,1,((#9151,#9152),(#9153,#9154),(#9155,
#9156),(#9157,#9158)),.SURF_OF_LINEAR_EXTRUSION.,.F.,.F.,.F.,(4,4),(2,2),
(0.,1.),(0.,1.),.PIECEWISE_BEZIER_KNOTS.);
#48=B_SPLINE_SURFACE_WITH_KNOTS('',3,1,((#9164,#9165),(#9166,#9167),(#9168,
#9169),(#9170,#9171)),.SURF_OF_LINEAR_EXTRUSION.,.F.,.F.,.F.,(4,4),(2,2),
(0.,1.),(0.,1.),.PIECEWISE_BEZIER_KNOTS.);
#49=B_SPLINE_SURFACE_WITH_KNOTS('',3,1,((#9181,#9182),(#9183,#9184),(#9185,
#9186),(#9187,#9188)),.SURF_OF_LINEAR_EXTRUSION.,.F.,.F.,.F.,(4,4),(2,2),
(0.,1.),(0.,1.),.PIECEWISE_BEZIER_KNOTS.);
#50=B_SPLINE_SURFACE_WITH_KNOTS('',3,1,((#9194,#9195),(#9196,#9197),(#9198,
#9199),(#9200,#9201)),.SURF_OF_LINEAR_EXTRUSION.,.F.,.F.,.F.,(4,4),(2,2),
(0.,1.),(0.,1.),.PIECEWISE_BEZIER_KNOTS.);
#51=B_SPLINE_SURFACE_WITH_KNOTS('',3,1,((#9207,#9208),(#9209,#9210),(#9211,
#9212),(#9213,#9214)),.SURF_OF_LINEAR_EXTRUSION.,.F.,.F.,.F.,(4,4),(2,2),
(0.,1.),(0.,1.),.PIECEWISE_BEZIER_KNOTS.);
#52=B_SPLINE_SURFACE_WITH_KNOTS('',3,1,((#9220,#9221),(#9222,#9223),(#9224,
#9225),(#9226,#9227)),.SURF_OF_LINEAR_EXTRUSION.,.F.,.F.,.F.,(4,4),(2,2),
(0.,1.),(0.,1.),.PIECEWISE_BEZIER_KNOTS.);
#53=B_SPLINE_SURFACE_WITH_KNOTS('',3,1,((#9237,#9238),(#9239,#9240),(#9241,
#9242),(#9243,#9244)),.SURF_OF_LINEAR_EXTRUSION.,.F.,.F.,.F.,(4,4),(2,2),
(0.,1.),(0.,1.),.PIECEWISE_BEZIER_KNOTS.);
#54=B_SPLINE_SURFACE_WITH_KNOTS('',3,1,((#9251,#9252),(#9253,#9254),(#9255,
#9256),(#9257,#9258)),.SURF_OF_LINEAR_EXTRUSION.,.F.,.F.,.F.,(4,4),(2,2),
(0.,1.),(0.,1.),.PIECEWISE_BEZIER_KNOTS.);
#55=B_SPLINE_SURFACE_WITH_KNOTS('',3,1,((#9262,#9263),(#9264,#9265),(#9266,
#9267),(#9268,#9269)),.SURF_OF_LINEAR_EXTRUSION.,.F.,.F.,.F.,(4,4),(2,2),
(0.,1.),(0.,1.),.PIECEWISE_BEZIER_KNOTS.);
#56=B_SPLINE_SURFACE_WITH_KNOTS('',3,1,((#9278,#9279),(#9280,#9281),(#9282,
#9283),(#9284,#9285)),.SURF_OF_LINEAR_EXTRUSION.,.F.,.F.,.F.,(4,4),(2,2),
(0.,1.),(0.,1.),.PIECEWISE_BEZIER_KNOTS.);
#57=B_SPLINE_SURFACE_WITH_KNOTS('',3,1,((#9309,#9310),(#9311,#9312),(#9313,
#9314),(#9315,#9316)),.SURF_OF_LINEAR_EXTRUSION.,.F.,.F.,.F.,(4,4),(2,2),
(0.,1.),(0.,1.),.PIECEWISE_BEZIER_KNOTS.);
#58=B_SPLINE_SURFACE_WITH_KNOTS('',3,1,((#9326,#9327),(#9328,#9329),(#9330,
#9331),(#9332,#9333)),.SURF_OF_LINEAR_EXTRUSION.,.F.,.F.,.F.,(4,4),(2,2),
(0.,1.),(0.,1.),.PIECEWISE_BEZIER_KNOTS.);
#59=B_SPLINE_SURFACE_WITH_KNOTS('',3,1,((#9339,#9340),(#9341,#9342),(#9343,
#9344),(#9345,#9346)),.SURF_OF_LINEAR_EXTRUSION.,.F.,.F.,.F.,(4,4),(2,2),
(0.,1.),(0.,1.),.PIECEWISE_BEZIER_KNOTS.);
#60=B_SPLINE_SURFACE_WITH_KNOTS('',3,1,((#9352,#9353),(#9354,#9355),(#9356,
#9357),(#9358,#9359)),.SURF_OF_LINEAR_EXTRUSION.,.F.,.F.,.F.,(4,4),(2,2),
(0.,1.),(0.,1.),.PIECEWISE_BEZIER_KNOTS.);
#61=B_SPLINE_SURFACE_WITH_KNOTS('',3,1,((#9365,#9366),(#9367,#9368),(#9369,
#9370),(#9371,#9372)),.SURF_OF_LINEAR_EXTRUSION.,.F.,.F.,.F.,(4,4),(2,2),
(0.,1.),(0.,1.),.PIECEWISE_BEZIER_KNOTS.);
#62=B_SPLINE_SURFACE_WITH_KNOTS('',3,1,((#9378,#9379),(#9380,#9381),(#9382,
#9383),(#9384,#9385)),.SURF_OF_LINEAR_EXTRUSION.,.F.,.F.,.F.,(4,4),(2,2),
(0.,1.),(0.,1.),.PIECEWISE_BEZIER_KNOTS.);
#63=B_SPLINE_SURFACE_WITH_KNOTS('',3,1,((#9395,#9396),(#9397,#9398),(#9399,
#9400),(#9401,#9402)),.SURF_OF_LINEAR_EXTRUSION.,.F.,.F.,.F.,(4,4),(2,2),
(0.,1.),(0.,1.),.PIECEWISE_BEZIER_KNOTS.);
#64=B_SPLINE_SURFACE_WITH_KNOTS('',3,1,((#9408,#9409),(#9410,#9411),(#9412,
#9413),(#9414,#9415)),.SURF_OF_LINEAR_EXTRUSION.,.F.,.F.,.F.,(4,4),(2,2),
(0.,1.),(0.,1.),.PIECEWISE_BEZIER_KNOTS.);
#65=B_SPLINE_SURFACE_WITH_KNOTS('',3,1,((#9421,#9422),(#9423,#9424),(#9425,
#9426),(#9427,#9428)),.SURF_OF_LINEAR_EXTRUSION.,.F.,.F.,.F.,(4,4),(2,2),
(0.,1.),(0.,1.),.PIECEWISE_BEZIER_KNOTS.);
#66=B_SPLINE_SURFACE_WITH_KNOTS('',3,1,((#9434,#9435),(#9436,#9437),(#9438,
#9439),(#9440,#9441)),.SURF_OF_LINEAR_EXTRUSION.,.F.,.F.,.F.,(4,4),(2,2),
(0.,1.),(0.,1.),.PIECEWISE_BEZIER_KNOTS.);
#67=B_SPLINE_SURFACE_WITH_KNOTS('',3,1,((#9447,#9448),(#9449,#9450),(#9451,
#9452),(#9453,#9454)),.SURF_OF_LINEAR_EXTRUSION.,.F.,.F.,.F.,(4,4),(2,2),
(0.,1.),(0.,1.),.PIECEWISE_BEZIER_KNOTS.);
#68=B_SPLINE_SURFACE_WITH_KNOTS('',3,1,((#9460,#9461),(#9462,#9463),(#9464,
#9465),(#9466,#9467)),.SURF_OF_LINEAR_EXTRUSION.,.F.,.F.,.F.,(4,4),(2,2),
(0.,1.),(0.,1.),.PIECEWISE_BEZIER_KNOTS.);
#69=B_SPLINE_SURFACE_WITH_KNOTS('',3,1,((#9472,#9473),(#9474,#9475),(#9476,
#9477),(#9478,#9479)),.SURF_OF_LINEAR_EXTRUSION.,.F.,.F.,.F.,(4,4),(2,2),
(0.,1.),(0.,1.),.PIECEWISE_BEZIER_KNOTS.);
#70=B_SPLINE_SURFACE_WITH_KNOTS('',3,1,((#9491,#9492),(#9493,#9494),(#9495,
#9496),(#9497,#9498)),.SURF_OF_LINEAR_EXTRUSION.,.F.,.F.,.F.,(4,4),(2,2),
(0.,1.),(0.,1.),.PIECEWISE_BEZIER_KNOTS.);
#71=B_SPLINE_SURFACE_WITH_KNOTS('',3,1,((#9504,#9505),(#9506,#9507),(#9508,
#9509),(#9510,#9511)),.SURF_OF_LINEAR_EXTRUSION.,.F.,.F.,.F.,(4,4),(2,2),
(0.,1.),(0.,1.),.PIECEWISE_BEZIER_KNOTS.);
#72=B_SPLINE_SURFACE_WITH_KNOTS('',3,1,((#9517,#9518),(#9519,#9520),(#9521,
#9522),(#9523,#9524)),.SURF_OF_LINEAR_EXTRUSION.,.F.,.F.,.F.,(4,4),(2,2),
(0.,1.),(0.,1.),.PIECEWISE_BEZIER_KNOTS.);
#73=B_SPLINE_SURFACE_WITH_KNOTS('',3,1,((#9530,#9531),(#9532,#9533),(#9534,
#9535),(#9536,#9537)),.SURF_OF_LINEAR_EXTRUSION.,.F.,.F.,.F.,(4,4),(2,2),
(0.,1.),(0.,1.),.PIECEWISE_BEZIER_KNOTS.);
#74=B_SPLINE_SURFACE_WITH_KNOTS('',3,1,((#9543,#9544),(#9545,#9546),(#9547,
#9548),(#9549,#9550)),.SURF_OF_LINEAR_EXTRUSION.,.F.,.F.,.F.,(4,4),(2,2),
(0.,1.),(0.,1.),.PIECEWISE_BEZIER_KNOTS.);
#75=B_SPLINE_SURFACE_WITH_KNOTS('',3,1,((#9556,#9557),(#9558,#9559),(#9560,
#9561),(#9562,#9563)),.SURF_OF_LINEAR_EXTRUSION.,.F.,.F.,.F.,(4,4),(2,2),
(0.,1.),(0.,1.),.PIECEWISE_BEZIER_KNOTS.);
#76=B_SPLINE_SURFACE_WITH_KNOTS('',3,1,((#9581,#9582),(#9583,#9584),(#9585,
#9586),(#9587,#9588)),.SURF_OF_LINEAR_EXTRUSION.,.F.,.F.,.F.,(4,4),(2,2),
(0.,1.),(0.,1.),.PIECEWISE_BEZIER_KNOTS.);
#77=B_SPLINE_SURFACE_WITH_KNOTS('',3,1,((#9594,#9595),(#9596,#9597),(#9598,
#9599),(#9600,#9601)),.SURF_OF_LINEAR_EXTRUSION.,.F.,.F.,.F.,(4,4),(2,2),
(0.,1.),(0.,1.),.PIECEWISE_BEZIER_KNOTS.);
#78=B_SPLINE_SURFACE_WITH_KNOTS('',3,1,((#9607,#9608),(#9609,#9610),(#9611,
#9612),(#9613,#9614)),.SURF_OF_LINEAR_EXTRUSION.,.F.,.F.,.F.,(4,4),(2,2),
(0.,1.),(0.,1.),.PIECEWISE_BEZIER_KNOTS.);
#79=B_SPLINE_SURFACE_WITH_KNOTS('',3,1,((#9620,#9621),(#9622,#9623),(#9624,
#9625),(#9626,#9627)),.SURF_OF_LINEAR_EXTRUSION.,.F.,.F.,.F.,(4,4),(2,2),
(0.,1.),(0.,1.),.PIECEWISE_BEZIER_KNOTS.);
#80=B_SPLINE_SURFACE_WITH_KNOTS('',3,1,((#9633,#9634),(#9635,#9636),(#9637,
#9638),(#9639,#9640)),.SURF_OF_LINEAR_EXTRUSION.,.F.,.F.,.F.,(4,4),(2,2),
(0.,1.),(0.,1.),.PIECEWISE_BEZIER_KNOTS.);
#81=B_SPLINE_SURFACE_WITH_KNOTS('',3,1,((#9646,#9647),(#9648,#9649),(#9650,
#9651),(#9652,#9653)),.SURF_OF_LINEAR_EXTRUSION.,.F.,.F.,.F.,(4,4),(2,2),
(0.,1.),(0.,1.),.PIECEWISE_BEZIER_KNOTS.);
#82=B_SPLINE_SURFACE_WITH_KNOTS('',3,1,((#9663,#9664),(#9665,#9666),(#9667,
#9668),(#9669,#9670)),.SURF_OF_LINEAR_EXTRUSION.,.F.,.F.,.F.,(4,4),(2,2),
(0.,1.),(0.,1.),.PIECEWISE_BEZIER_KNOTS.);
#83=B_SPLINE_SURFACE_WITH_KNOTS('',3,1,((#9676,#9677),(#9678,#9679),(#9680,
#9681),(#9682,#9683)),.SURF_OF_LINEAR_EXTRUSION.,.F.,.F.,.F.,(4,4),(2,2),
(0.,1.),(0.,1.),.PIECEWISE_BEZIER_KNOTS.);
#84=B_SPLINE_SURFACE_WITH_KNOTS('',3,1,((#9689,#9690),(#9691,#9692),(#9693,
#9694),(#9695,#9696)),.SURF_OF_LINEAR_EXTRUSION.,.F.,.F.,.F.,(4,4),(2,2),
(0.,1.),(0.,1.),.PIECEWISE_BEZIER_KNOTS.);
#85=B_SPLINE_SURFACE_WITH_KNOTS('',3,1,((#9702,#9703),(#9704,#9705),(#9706,
#9707),(#9708,#9709)),.SURF_OF_LINEAR_EXTRUSION.,.F.,.F.,.F.,(4,4),(2,2),
(0.,1.),(0.,1.),.PIECEWISE_BEZIER_KNOTS.);
#86=B_SPLINE_SURFACE_WITH_KNOTS('',3,1,((#9715,#9716),(#9717,#9718),(#9719,
#9720),(#9721,#9722)),.SURF_OF_LINEAR_EXTRUSION.,.F.,.F.,.F.,(4,4),(2,2),
(0.,1.),(0.,1.),.PIECEWISE_BEZIER_KNOTS.);
#87=B_SPLINE_SURFACE_WITH_KNOTS('',3,1,((#9728,#9729),(#9730,#9731),(#9732,
#9733),(#9734,#9735)),.SURF_OF_LINEAR_EXTRUSION.,.F.,.F.,.F.,(4,4),(2,2),
(0.,1.),(0.,1.),.PIECEWISE_BEZIER_KNOTS.);
#88=B_SPLINE_SURFACE_WITH_KNOTS('',3,1,((#9741,#9742),(#9743,#9744),(#9745,
#9746),(#9747,#9748)),.SURF_OF_LINEAR_EXTRUSION.,.F.,.F.,.F.,(4,4),(2,2),
(0.,1.),(0.,1.),.PIECEWISE_BEZIER_KNOTS.);
#89=B_SPLINE_SURFACE_WITH_KNOTS('',3,1,((#9762,#9763),(#9764,#9765),(#9766,
#9767),(#9768,#9769)),.SURF_OF_LINEAR_EXTRUSION.,.F.,.F.,.F.,(4,4),(2,2),
(0.,1.),(0.,1.),.PIECEWISE_BEZIER_KNOTS.);
#90=B_SPLINE_SURFACE_WITH_KNOTS('',3,1,((#9775,#9776),(#9777,#9778),(#9779,
#9780),(#9781,#9782)),.SURF_OF_LINEAR_EXTRUSION.,.F.,.F.,.F.,(4,4),(2,2),
(0.,1.),(0.,1.),.PIECEWISE_BEZIER_KNOTS.);
#91=B_SPLINE_SURFACE_WITH_KNOTS('',3,1,((#9788,#9789),(#9790,#9791),(#9792,
#9793),(#9794,#9795)),.SURF_OF_LINEAR_EXTRUSION.,.F.,.F.,.F.,(4,4),(2,2),
(0.,1.),(0.,1.),.PIECEWISE_BEZIER_KNOTS.);
#92=B_SPLINE_SURFACE_WITH_KNOTS('',3,1,((#9801,#9802),(#9803,#9804),(#9805,
#9806),(#9807,#9808)),.SURF_OF_LINEAR_EXTRUSION.,.F.,.F.,.F.,(4,4),(2,2),
(0.,1.),(0.,1.),.PIECEWISE_BEZIER_KNOTS.);
#93=B_SPLINE_SURFACE_WITH_KNOTS('',3,1,((#9814,#9815),(#9816,#9817),(#9818,
#9819),(#9820,#9821)),.SURF_OF_LINEAR_EXTRUSION.,.F.,.F.,.F.,(4,4),(2,2),
(0.,1.),(0.,1.),.PIECEWISE_BEZIER_KNOTS.);
#94=B_SPLINE_SURFACE_WITH_KNOTS('',3,1,((#9881,#9882),(#9883,#9884),(#9885,
#9886),(#9887,#9888)),.SURF_OF_LINEAR_EXTRUSION.,.F.,.F.,.F.,(4,4),(2,2),
(0.,1.),(0.,1.),.PIECEWISE_BEZIER_KNOTS.);
#95=B_SPLINE_SURFACE_WITH_KNOTS('',3,1,((#9894,#9895),(#9896,#9897),(#9898,
#9899),(#9900,#9901)),.SURF_OF_LINEAR_EXTRUSION.,.F.,.F.,.F.,(4,4),(2,2),
(0.,1.),(0.,1.),.PIECEWISE_BEZIER_KNOTS.);
#96=B_SPLINE_SURFACE_WITH_KNOTS('',3,1,((#9907,#9908),(#9909,#9910),(#9911,
#9912),(#9913,#9914)),.SURF_OF_LINEAR_EXTRUSION.,.F.,.F.,.F.,(4,4),(2,2),
(0.,1.),(0.,1.),.PIECEWISE_BEZIER_KNOTS.);
#97=B_SPLINE_SURFACE_WITH_KNOTS('',3,1,((#9920,#9921),(#9922,#9923),(#9924,
#9925),(#9926,#9927)),.SURF_OF_LINEAR_EXTRUSION.,.F.,.F.,.F.,(4,4),(2,2),
(0.,1.),(0.,1.),.PIECEWISE_BEZIER_KNOTS.);
#98=B_SPLINE_SURFACE_WITH_KNOTS('',3,1,((#9933,#9934),(#9935,#9936),(#9937,
#9938),(#9939,#9940)),.SURF_OF_LINEAR_EXTRUSION.,.F.,.F.,.F.,(4,4),(2,2),
(0.,1.),(0.,1.),.PIECEWISE_BEZIER_KNOTS.);
#99=B_SPLINE_SURFACE_WITH_KNOTS('',3,1,((#9946,#9947),(#9948,#9949),(#9950,
#9951),(#9952,#9953)),.SURF_OF_LINEAR_EXTRUSION.,.F.,.F.,.F.,(4,4),(2,2),
(0.,1.),(0.,1.),.PIECEWISE_BEZIER_KNOTS.);
#100=B_SPLINE_SURFACE_WITH_KNOTS('',3,1,((#9959,#9960),(#9961,#9962),(#9963,
#9964),(#9965,#9966)),.SURF_OF_LINEAR_EXTRUSION.,.F.,.F.,.F.,(4,4),(2,2),
(0.,1.),(0.,1.),.PIECEWISE_BEZIER_KNOTS.);
#101=B_SPLINE_SURFACE_WITH_KNOTS('',3,1,((#9976,#9977),(#9978,#9979),(#9980,
#9981),(#9982,#9983)),.SURF_OF_LINEAR_EXTRUSION.,.F.,.F.,.F.,(4,4),(2,2),
(0.,1.),(0.,1.),.PIECEWISE_BEZIER_KNOTS.);
#102=B_SPLINE_SURFACE_WITH_KNOTS('',3,1,((#9989,#9990),(#9991,#9992),(#9993,
#9994),(#9995,#9996)),.SURF_OF_LINEAR_EXTRUSION.,.F.,.F.,.F.,(4,4),(2,2),
(0.,1.),(0.,1.),.PIECEWISE_BEZIER_KNOTS.);
#103=B_SPLINE_SURFACE_WITH_KNOTS('',3,1,((#10002,#10003),(#10004,#10005),
(#10006,#10007),(#10008,#10009)),.SURF_OF_LINEAR_EXTRUSION.,.F.,.F.,.F.,
(4,4),(2,2),(0.,1.),(0.,1.),.PIECEWISE_BEZIER_KNOTS.);
#104=B_SPLINE_SURFACE_WITH_KNOTS('',3,1,((#10019,#10020),(#10021,#10022),
(#10023,#10024),(#10025,#10026)),.SURF_OF_LINEAR_EXTRUSION.,.F.,.F.,.F.,
(4,4),(2,2),(0.,1.),(0.,1.),.PIECEWISE_BEZIER_KNOTS.);
#105=B_SPLINE_SURFACE_WITH_KNOTS('',3,1,((#10036,#10037),(#10038,#10039),
(#10040,#10041),(#10042,#10043)),.SURF_OF_LINEAR_EXTRUSION.,.F.,.F.,.F.,
(4,4),(2,2),(0.,1.),(0.,1.),.PIECEWISE_BEZIER_KNOTS.);
#106=B_SPLINE_SURFACE_WITH_KNOTS('',3,1,((#10049,#10050),(#10051,#10052),
(#10053,#10054),(#10055,#10056)),.SURF_OF_LINEAR_EXTRUSION.,.F.,.F.,.F.,
(4,4),(2,2),(0.,1.),(0.,1.),.PIECEWISE_BEZIER_KNOTS.);
#107=B_SPLINE_SURFACE_WITH_KNOTS('',3,1,((#10066,#10067),(#10068,#10069),
(#10070,#10071),(#10072,#10073)),.SURF_OF_LINEAR_EXTRUSION.,.F.,.F.,.F.,
(4,4),(2,2),(0.,1.),(0.,1.),.PIECEWISE_BEZIER_KNOTS.);
#108=B_SPLINE_SURFACE_WITH_KNOTS('',3,1,((#10145,#10146),(#10147,#10148),
(#10149,#10150),(#10151,#10152)),.SURF_OF_LINEAR_EXTRUSION.,.F.,.F.,.F.,
(4,4),(2,2),(0.,1.),(0.,1.),.PIECEWISE_BEZIER_KNOTS.);
#109=B_SPLINE_SURFACE_WITH_KNOTS('',3,1,((#10165,#10166),(#10167,#10168),
(#10169,#10170),(#10171,#10172)),.SURF_OF_LINEAR_EXTRUSION.,.F.,.F.,.F.,
(4,4),(2,2),(0.,1.),(0.,1.),.PIECEWISE_BEZIER_KNOTS.);
#110=B_SPLINE_SURFACE_WITH_KNOTS('',3,1,((#10182,#10183),(#10184,#10185),
(#10186,#10187),(#10188,#10189)),.SURF_OF_LINEAR_EXTRUSION.,.F.,.F.,.F.,
(4,4),(2,2),(0.,1.),(0.,1.),.PIECEWISE_BEZIER_KNOTS.);
#111=B_SPLINE_SURFACE_WITH_KNOTS('',3,1,((#10199,#10200),(#10201,#10202),
(#10203,#10204),(#10205,#10206)),.SURF_OF_LINEAR_EXTRUSION.,.F.,.F.,.F.,
(4,4),(2,2),(0.,1.),(0.,1.),.PIECEWISE_BEZIER_KNOTS.);
#112=B_SPLINE_SURFACE_WITH_KNOTS('',3,1,((#10216,#10217),(#10218,#10219),
(#10220,#10221),(#10222,#10223)),.SURF_OF_LINEAR_EXTRUSION.,.F.,.F.,.F.,
(4,4),(2,2),(0.,1.),(0.,1.),.PIECEWISE_BEZIER_KNOTS.);
#113=B_SPLINE_SURFACE_WITH_KNOTS('',3,1,((#10233,#10234),(#10235,#10236),
(#10237,#10238),(#10239,#10240)),.SURF_OF_LINEAR_EXTRUSION.,.F.,.F.,.F.,
(4,4),(2,2),(0.,1.),(0.,1.),.PIECEWISE_BEZIER_KNOTS.);
#114=B_SPLINE_SURFACE_WITH_KNOTS('',3,1,((#10250,#10251),(#10252,#10253),
(#10254,#10255),(#10256,#10257)),.SURF_OF_LINEAR_EXTRUSION.,.F.,.F.,.F.,
(4,4),(2,2),(0.,1.),(0.,1.),.PIECEWISE_BEZIER_KNOTS.);
#115=B_SPLINE_SURFACE_WITH_KNOTS('',3,1,((#10267,#10268),(#10269,#10270),
(#10271,#10272),(#10273,#10274)),.SURF_OF_LINEAR_EXTRUSION.,.F.,.F.,.F.,
(4,4),(2,2),(0.,1.),(0.,1.),.PIECEWISE_BEZIER_KNOTS.);
#116=B_SPLINE_SURFACE_WITH_KNOTS('',3,1,((#10286,#10287),(#10288,#10289),
(#10290,#10291),(#10292,#10293)),.SURF_OF_LINEAR_EXTRUSION.,.F.,.F.,.F.,
(4,4),(2,2),(0.,1.),(0.,1.),.PIECEWISE_BEZIER_KNOTS.);
#117=B_SPLINE_SURFACE_WITH_KNOTS('',3,1,((#10299,#10300),(#10301,#10302),
(#10303,#10304),(#10305,#10306)),.SURF_OF_LINEAR_EXTRUSION.,.F.,.F.,.F.,
(4,4),(2,2),(0.,1.),(0.,1.),.PIECEWISE_BEZIER_KNOTS.);
#118=B_SPLINE_SURFACE_WITH_KNOTS('',3,1,((#10312,#10313),(#10314,#10315),
(#10316,#10317),(#10318,#10319)),.SURF_OF_LINEAR_EXTRUSION.,.F.,.F.,.F.,
(4,4),(2,2),(0.,1.),(0.,1.),.PIECEWISE_BEZIER_KNOTS.);
#119=B_SPLINE_SURFACE_WITH_KNOTS('',3,1,((#10325,#10326),(#10327,#10328),
(#10329,#10330),(#10331,#10332)),.SURF_OF_LINEAR_EXTRUSION.,.F.,.F.,.F.,
(4,4),(2,2),(0.,1.),(0.,1.),.PIECEWISE_BEZIER_KNOTS.);
#120=B_SPLINE_SURFACE_WITH_KNOTS('',3,1,((#10338,#10339),(#10340,#10341),
(#10342,#10343),(#10344,#10345)),.SURF_OF_LINEAR_EXTRUSION.,.F.,.F.,.F.,
(4,4),(2,2),(0.,1.),(0.,1.),.PIECEWISE_BEZIER_KNOTS.);
#121=B_SPLINE_SURFACE_WITH_KNOTS('',3,1,((#10351,#10352),(#10353,#10354),
(#10355,#10356),(#10357,#10358)),.SURF_OF_LINEAR_EXTRUSION.,.F.,.F.,.F.,
(4,4),(2,2),(0.,1.),(0.,1.),.PIECEWISE_BEZIER_KNOTS.);
#122=B_SPLINE_SURFACE_WITH_KNOTS('',3,1,((#10364,#10365),(#10366,#10367),
(#10368,#10369),(#10370,#10371)),.SURF_OF_LINEAR_EXTRUSION.,.F.,.F.,.F.,
(4,4),(2,2),(0.,1.),(0.,1.),.PIECEWISE_BEZIER_KNOTS.);
#123=B_SPLINE_SURFACE_WITH_KNOTS('',3,1,((#10377,#10378),(#10379,#10380),
(#10381,#10382),(#10383,#10384)),.SURF_OF_LINEAR_EXTRUSION.,.F.,.F.,.F.,
(4,4),(2,2),(0.,1.),(0.,1.),.PIECEWISE_BEZIER_KNOTS.);
#124=B_SPLINE_SURFACE_WITH_KNOTS('',3,1,((#10390,#10391),(#10392,#10393),
(#10394,#10395),(#10396,#10397)),.SURF_OF_LINEAR_EXTRUSION.,.F.,.F.,.F.,
(4,4),(2,2),(0.,1.),(0.,1.),.PIECEWISE_BEZIER_KNOTS.);
#125=B_SPLINE_SURFACE_WITH_KNOTS('',3,1,((#10403,#10404),(#10405,#10406),
(#10407,#10408),(#10409,#10410)),.SURF_OF_LINEAR_EXTRUSION.,.F.,.F.,.F.,
(4,4),(2,2),(0.,1.),(0.,1.),.PIECEWISE_BEZIER_KNOTS.);
#126=B_SPLINE_SURFACE_WITH_KNOTS('',3,1,((#10420,#10421),(#10422,#10423),
(#10424,#10425),(#10426,#10427)),.SURF_OF_LINEAR_EXTRUSION.,.F.,.F.,.F.,
(4,4),(2,2),(0.,1.),(0.,1.),.PIECEWISE_BEZIER_KNOTS.);
#127=B_SPLINE_SURFACE_WITH_KNOTS('',3,1,((#10433,#10434),(#10435,#10436),
(#10437,#10438),(#10439,#10440)),.SURF_OF_LINEAR_EXTRUSION.,.F.,.F.,.F.,
(4,4),(2,2),(0.,1.),(0.,1.),.PIECEWISE_BEZIER_KNOTS.);
#128=B_SPLINE_SURFACE_WITH_KNOTS('',3,1,((#10446,#10447),(#10448,#10449),
(#10450,#10451),(#10452,#10453)),.SURF_OF_LINEAR_EXTRUSION.,.F.,.F.,.F.,
(4,4),(2,2),(0.,1.),(0.,1.),.PIECEWISE_BEZIER_KNOTS.);
#129=B_SPLINE_SURFACE_WITH_KNOTS('',3,1,((#10459,#10460),(#10461,#10462),
(#10463,#10464),(#10465,#10466)),.SURF_OF_LINEAR_EXTRUSION.,.F.,.F.,.F.,
(4,4),(2,2),(0.,1.),(0.,1.),.PIECEWISE_BEZIER_KNOTS.);
#130=B_SPLINE_SURFACE_WITH_KNOTS('',3,1,((#10472,#10473),(#10474,#10475),
(#10476,#10477),(#10478,#10479)),.SURF_OF_LINEAR_EXTRUSION.,.F.,.F.,.F.,
(4,4),(2,2),(0.,1.),(0.,1.),.PIECEWISE_BEZIER_KNOTS.);
#131=B_SPLINE_SURFACE_WITH_KNOTS('',3,1,((#10485,#10486),(#10487,#10488),
(#10489,#10490),(#10491,#10492)),.SURF_OF_LINEAR_EXTRUSION.,.F.,.F.,.F.,
(4,4),(2,2),(0.,1.),(0.,1.),.PIECEWISE_BEZIER_KNOTS.);
#132=B_SPLINE_SURFACE_WITH_KNOTS('',3,1,((#10496,#10497),(#10498,#10499),
(#10500,#10501),(#10502,#10503)),.SURF_OF_LINEAR_EXTRUSION.,.F.,.F.,.F.,
(4,4),(2,2),(0.,1.),(0.,1.),.PIECEWISE_BEZIER_KNOTS.);
#133=B_SPLINE_SURFACE_WITH_KNOTS('',3,1,((#10520,#10521),(#10522,#10523),
(#10524,#10525),(#10526,#10527)),.SURF_OF_LINEAR_EXTRUSION.,.F.,.F.,.F.,
(4,4),(2,2),(0.,1.),(0.,1.),.PIECEWISE_BEZIER_KNOTS.);
#134=B_SPLINE_SURFACE_WITH_KNOTS('',3,1,((#10537,#10538),(#10539,#10540),
(#10541,#10542),(#10543,#10544)),.SURF_OF_LINEAR_EXTRUSION.,.F.,.F.,.F.,
(4,4),(2,2),(0.,1.),(0.,1.),.PIECEWISE_BEZIER_KNOTS.);
#135=B_SPLINE_SURFACE_WITH_KNOTS('',3,1,((#10554,#10555),(#10556,#10557),
(#10558,#10559),(#10560,#10561)),.SURF_OF_LINEAR_EXTRUSION.,.F.,.F.,.F.,
(4,4),(2,2),(0.,1.),(0.,1.),.PIECEWISE_BEZIER_KNOTS.);
#136=B_SPLINE_SURFACE_WITH_KNOTS('',3,1,((#10571,#10572),(#10573,#10574),
(#10575,#10576),(#10577,#10578)),.SURF_OF_LINEAR_EXTRUSION.,.F.,.F.,.F.,
(4,4),(2,2),(0.,1.),(0.,1.),.PIECEWISE_BEZIER_KNOTS.);
#137=B_SPLINE_SURFACE_WITH_KNOTS('',3,1,((#10588,#10589),(#10590,#10591),
(#10592,#10593),(#10594,#10595)),.SURF_OF_LINEAR_EXTRUSION.,.F.,.F.,.F.,
(4,4),(2,2),(0.,1.),(0.,1.),.PIECEWISE_BEZIER_KNOTS.);
#138=B_SPLINE_SURFACE_WITH_KNOTS('',3,1,((#10605,#10606),(#10607,#10608),
(#10609,#10610),(#10611,#10612)),.SURF_OF_LINEAR_EXTRUSION.,.F.,.F.,.F.,
(4,4),(2,2),(0.,1.),(0.,1.),.PIECEWISE_BEZIER_KNOTS.);
#139=B_SPLINE_SURFACE_WITH_KNOTS('',3,1,((#10622,#10623),(#10624,#10625),
(#10626,#10627),(#10628,#10629)),.SURF_OF_LINEAR_EXTRUSION.,.F.,.F.,.F.,
(4,4),(2,2),(0.,1.),(0.,1.),.PIECEWISE_BEZIER_KNOTS.);
#140=B_SPLINE_SURFACE_WITH_KNOTS('',3,1,((#10639,#10640),(#10641,#10642),
(#10643,#10644),(#10645,#10646)),.SURF_OF_LINEAR_EXTRUSION.,.F.,.F.,.F.,
(4,4),(2,2),(0.,1.),(0.,1.),.PIECEWISE_BEZIER_KNOTS.);
#141=B_SPLINE_SURFACE_WITH_KNOTS('',3,1,((#10658,#10659),(#10660,#10661),
(#10662,#10663),(#10664,#10665)),.SURF_OF_LINEAR_EXTRUSION.,.F.,.F.,.F.,
(4,4),(2,2),(0.,1.),(0.,1.),.PIECEWISE_BEZIER_KNOTS.);
#142=B_SPLINE_SURFACE_WITH_KNOTS('',3,1,((#10671,#10672),(#10673,#10674),
(#10675,#10676),(#10677,#10678)),.SURF_OF_LINEAR_EXTRUSION.,.F.,.F.,.F.,
(4,4),(2,2),(0.,1.),(0.,1.),.PIECEWISE_BEZIER_KNOTS.);
#143=B_SPLINE_SURFACE_WITH_KNOTS('',3,1,((#10684,#10685),(#10686,#10687),
(#10688,#10689),(#10690,#10691)),.SURF_OF_LINEAR_EXTRUSION.,.F.,.F.,.F.,
(4,4),(2,2),(0.,1.),(0.,1.),.PIECEWISE_BEZIER_KNOTS.);
#144=B_SPLINE_SURFACE_WITH_KNOTS('',3,1,((#10697,#10698),(#10699,#10700),
(#10701,#10702),(#10703,#10704)),.SURF_OF_LINEAR_EXTRUSION.,.F.,.F.,.F.,
(4,4),(2,2),(0.,1.),(0.,1.),.PIECEWISE_BEZIER_KNOTS.);
#145=B_SPLINE_SURFACE_WITH_KNOTS('',3,1,((#10710,#10711),(#10712,#10713),
(#10714,#10715),(#10716,#10717)),.SURF_OF_LINEAR_EXTRUSION.,.F.,.F.,.F.,
(4,4),(2,2),(0.,1.),(0.,1.),.PIECEWISE_BEZIER_KNOTS.);
#146=B_SPLINE_SURFACE_WITH_KNOTS('',3,1,((#10723,#10724),(#10725,#10726),
(#10727,#10728),(#10729,#10730)),.SURF_OF_LINEAR_EXTRUSION.,.F.,.F.,.F.,
(4,4),(2,2),(0.,1.),(0.,1.),.PIECEWISE_BEZIER_KNOTS.);
#147=B_SPLINE_SURFACE_WITH_KNOTS('',3,1,((#10736,#10737),(#10738,#10739),
(#10740,#10741),(#10742,#10743)),.SURF_OF_LINEAR_EXTRUSION.,.F.,.F.,.F.,
(4,4),(2,2),(0.,1.),(0.,1.),.PIECEWISE_BEZIER_KNOTS.);
#148=B_SPLINE_SURFACE_WITH_KNOTS('',3,1,((#10753,#10754),(#10755,#10756),
(#10757,#10758),(#10759,#10760)),.SURF_OF_LINEAR_EXTRUSION.,.F.,.F.,.F.,
(4,4),(2,2),(0.,1.),(0.,1.),.PIECEWISE_BEZIER_KNOTS.);
#149=B_SPLINE_SURFACE_WITH_KNOTS('',3,1,((#10766,#10767),(#10768,#10769),
(#10770,#10771),(#10772,#10773)),.SURF_OF_LINEAR_EXTRUSION.,.F.,.F.,.F.,
(4,4),(2,2),(0.,1.),(0.,1.),.PIECEWISE_BEZIER_KNOTS.);
#150=B_SPLINE_SURFACE_WITH_KNOTS('',3,1,((#10779,#10780),(#10781,#10782),
(#10783,#10784),(#10785,#10786)),.SURF_OF_LINEAR_EXTRUSION.,.F.,.F.,.F.,
(4,4),(2,2),(0.,1.),(0.,1.),.PIECEWISE_BEZIER_KNOTS.);
#151=B_SPLINE_SURFACE_WITH_KNOTS('',3,1,((#10792,#10793),(#10794,#10795),
(#10796,#10797),(#10798,#10799)),.SURF_OF_LINEAR_EXTRUSION.,.F.,.F.,.F.,
(4,4),(2,2),(0.,1.),(0.,1.),.PIECEWISE_BEZIER_KNOTS.);
#152=B_SPLINE_SURFACE_WITH_KNOTS('',3,1,((#10805,#10806),(#10807,#10808),
(#10809,#10810),(#10811,#10812)),.SURF_OF_LINEAR_EXTRUSION.,.F.,.F.,.F.,
(4,4),(2,2),(0.,1.),(0.,1.),.PIECEWISE_BEZIER_KNOTS.);
#153=B_SPLINE_SURFACE_WITH_KNOTS('',3,1,((#10818,#10819),(#10820,#10821),
(#10822,#10823),(#10824,#10825)),.SURF_OF_LINEAR_EXTRUSION.,.F.,.F.,.F.,
(4,4),(2,2),(0.,1.),(0.,1.),.PIECEWISE_BEZIER_KNOTS.);
#154=B_SPLINE_SURFACE_WITH_KNOTS('',3,1,((#10831,#10832),(#10833,#10834),
(#10835,#10836),(#10837,#10838)),.SURF_OF_LINEAR_EXTRUSION.,.F.,.F.,.F.,
(4,4),(2,2),(0.,1.),(0.,1.),.PIECEWISE_BEZIER_KNOTS.);
#155=B_SPLINE_SURFACE_WITH_KNOTS('',3,1,((#10846,#10847),(#10848,#10849),
(#10850,#10851),(#10852,#10853)),.SURF_OF_LINEAR_EXTRUSION.,.F.,.F.,.F.,
(4,4),(2,2),(0.,1.),(0.,1.),.PIECEWISE_BEZIER_KNOTS.);
#156=B_SPLINE_SURFACE_WITH_KNOTS('',3,1,((#10866,#10867),(#10868,#10869),
(#10870,#10871),(#10872,#10873)),.SURF_OF_LINEAR_EXTRUSION.,.F.,.F.,.F.,
(4,4),(2,2),(0.,1.),(0.,1.),.PIECEWISE_BEZIER_KNOTS.);
#157=B_SPLINE_SURFACE_WITH_KNOTS('',3,1,((#10883,#10884),(#10885,#10886),
(#10887,#10888),(#10889,#10890)),.SURF_OF_LINEAR_EXTRUSION.,.F.,.F.,.F.,
(4,4),(2,2),(0.,1.),(0.,1.),.PIECEWISE_BEZIER_KNOTS.);
#158=B_SPLINE_SURFACE_WITH_KNOTS('',3,1,((#10900,#10901),(#10902,#10903),
(#10904,#10905),(#10906,#10907)),.SURF_OF_LINEAR_EXTRUSION.,.F.,.F.,.F.,
(4,4),(2,2),(0.,1.),(0.,1.),.PIECEWISE_BEZIER_KNOTS.);
#159=B_SPLINE_SURFACE_WITH_KNOTS('',3,1,((#10917,#10918),(#10919,#10920),
(#10921,#10922),(#10923,#10924)),.SURF_OF_LINEAR_EXTRUSION.,.F.,.F.,.F.,
(4,4),(2,2),(0.,1.),(0.,1.),.PIECEWISE_BEZIER_KNOTS.);
#160=B_SPLINE_SURFACE_WITH_KNOTS('',3,1,((#10934,#10935),(#10936,#10937),
(#10938,#10939),(#10940,#10941)),.SURF_OF_LINEAR_EXTRUSION.,.F.,.F.,.F.,
(4,4),(2,2),(0.,1.),(0.,1.),.PIECEWISE_BEZIER_KNOTS.);
#161=B_SPLINE_SURFACE_WITH_KNOTS('',3,1,((#10951,#10952),(#10953,#10954),
(#10955,#10956),(#10957,#10958)),.SURF_OF_LINEAR_EXTRUSION.,.F.,.F.,.F.,
(4,4),(2,2),(0.,1.),(0.,1.),.PIECEWISE_BEZIER_KNOTS.);
#162=B_SPLINE_SURFACE_WITH_KNOTS('',3,1,((#10968,#10969),(#10970,#10971),
(#10972,#10973),(#10974,#10975)),.SURF_OF_LINEAR_EXTRUSION.,.F.,.F.,.F.,
(4,4),(2,2),(0.,1.),(0.,1.),.PIECEWISE_BEZIER_KNOTS.);
#163=B_SPLINE_SURFACE_WITH_KNOTS('',3,1,((#10985,#10986),(#10987,#10988),
(#10989,#10990),(#10991,#10992)),.SURF_OF_LINEAR_EXTRUSION.,.F.,.F.,.F.,
(4,4),(2,2),(0.,1.),(0.,1.),.PIECEWISE_BEZIER_KNOTS.);
#164=B_SPLINE_SURFACE_WITH_KNOTS('',3,1,((#11002,#11003),(#11004,#11005),
(#11006,#11007),(#11008,#11009)),.SURF_OF_LINEAR_EXTRUSION.,.F.,.F.,.F.,
(4,4),(2,2),(0.,1.),(0.,1.),.PIECEWISE_BEZIER_KNOTS.);
#165=B_SPLINE_SURFACE_WITH_KNOTS('',3,1,((#11019,#11020),(#11021,#11022),
(#11023,#11024),(#11025,#11026)),.SURF_OF_LINEAR_EXTRUSION.,.F.,.F.,.F.,
(4,4),(2,2),(0.,1.),(0.,1.),.PIECEWISE_BEZIER_KNOTS.);
#166=B_SPLINE_SURFACE_WITH_KNOTS('',3,1,((#11036,#11037),(#11038,#11039),
(#11040,#11041),(#11042,#11043)),.SURF_OF_LINEAR_EXTRUSION.,.F.,.F.,.F.,
(4,4),(2,2),(0.,1.),(0.,1.),.PIECEWISE_BEZIER_KNOTS.);
#167=B_SPLINE_SURFACE_WITH_KNOTS('',3,1,((#11051,#11052),(#11053,#11054),
(#11055,#11056),(#11057,#11058)),.SURF_OF_LINEAR_EXTRUSION.,.F.,.F.,.F.,
(4,4),(2,2),(0.,1.),(0.,1.),.PIECEWISE_BEZIER_KNOTS.);
#168=B_SPLINE_SURFACE_WITH_KNOTS('',3,1,((#11064,#11065),(#11066,#11067),
(#11068,#11069),(#11070,#11071)),.SURF_OF_LINEAR_EXTRUSION.,.F.,.F.,.F.,
(4,4),(2,2),(0.,1.),(0.,1.),.PIECEWISE_BEZIER_KNOTS.);
#169=B_SPLINE_SURFACE_WITH_KNOTS('',3,1,((#11077,#11078),(#11079,#11080),
(#11081,#11082),(#11083,#11084)),.SURF_OF_LINEAR_EXTRUSION.,.F.,.F.,.F.,
(4,4),(2,2),(0.,1.),(0.,1.),.PIECEWISE_BEZIER_KNOTS.);
#170=B_SPLINE_SURFACE_WITH_KNOTS('',3,1,((#11090,#11091),(#11092,#11093),
(#11094,#11095),(#11096,#11097)),.SURF_OF_LINEAR_EXTRUSION.,.F.,.F.,.F.,
(4,4),(2,2),(0.,1.),(0.,1.),.PIECEWISE_BEZIER_KNOTS.);
#171=B_SPLINE_SURFACE_WITH_KNOTS('',3,1,((#11103,#11104),(#11105,#11106),
(#11107,#11108),(#11109,#11110)),.SURF_OF_LINEAR_EXTRUSION.,.F.,.F.,.F.,
(4,4),(2,2),(0.,1.),(0.,1.),.PIECEWISE_BEZIER_KNOTS.);
#172=B_SPLINE_SURFACE_WITH_KNOTS('',3,1,((#11116,#11117),(#11118,#11119),
(#11120,#11121),(#11122,#11123)),.SURF_OF_LINEAR_EXTRUSION.,.F.,.F.,.F.,
(4,4),(2,2),(0.,1.),(0.,1.),.PIECEWISE_BEZIER_KNOTS.);
#173=B_SPLINE_SURFACE_WITH_KNOTS('',3,1,((#11129,#11130),(#11131,#11132),
(#11133,#11134),(#11135,#11136)),.SURF_OF_LINEAR_EXTRUSION.,.F.,.F.,.F.,
(4,4),(2,2),(0.,1.),(0.,1.),.PIECEWISE_BEZIER_KNOTS.);
#174=B_SPLINE_SURFACE_WITH_KNOTS('',3,1,((#11140,#11141),(#11142,#11143),
(#11144,#11145),(#11146,#11147)),.SURF_OF_LINEAR_EXTRUSION.,.F.,.F.,.F.,
(4,4),(2,2),(0.,1.),(0.,1.),.PIECEWISE_BEZIER_KNOTS.);
#175=CONICAL_SURFACE('',#6410,0.0036,0.785398163397448);
#176=CONICAL_SURFACE('',#6412,0.00515,0.785398163397448);
#177=CONICAL_SURFACE('',#6415,0.00475,0.785398163397449);
#178=CONICAL_SURFACE('',#6416,0.00265,0.785398163397448);
#179=CONICAL_SURFACE('',#6559,0.0167333333333334,0.785398163397448);
#180=CONICAL_SURFACE('',#6560,0.0183666666666666,0.785398163397448);
#181=CONICAL_SURFACE('',#6564,0.0167333333333334,0.785398163397448);
#182=CONICAL_SURFACE('',#6565,0.0183666666666666,0.785398163397448);
#183=CONICAL_SURFACE('',#6569,0.0167333333333334,0.785398163397448);
#184=CONICAL_SURFACE('',#6570,0.0183666666666666,0.785398163397448);
#185=CONICAL_SURFACE('',#6574,0.0167333333333334,0.785398163397448);
#186=CONICAL_SURFACE('',#6575,0.0183666666666666,0.785398163397448);
#187=CONICAL_SURFACE('',#6579,0.0167333333333334,0.785398163397448);
#188=CONICAL_SURFACE('',#6580,0.0183666666666666,0.785398163397448);
#189=CONICAL_SURFACE('',#6584,0.0167333333333334,0.785398163397448);
#190=CONICAL_SURFACE('',#6585,0.0183666666666666,0.785398163397448);
#191=CONICAL_SURFACE('',#6589,0.0167333333333334,0.785398163397448);
#192=CONICAL_SURFACE('',#6590,0.0183666666666666,0.785398163397448);
#193=CONICAL_SURFACE('',#6594,0.0167333333333334,0.785398163397448);
#194=CONICAL_SURFACE('',#6595,0.0183666666666666,0.785398163397448);
#195=CONICAL_SURFACE('',#6599,0.0167333333333334,0.785398163397448);
#196=CONICAL_SURFACE('',#6600,0.0183666666666666,0.785398163397448);
#197=CONICAL_SURFACE('',#6601,0.0183666666666666,0.785398163397448);
#198=CONICAL_SURFACE('',#6603,0.0167333333333334,0.785398163397448);
#199=B_SPLINE_CURVE_WITH_KNOTS('',3,(#7839,#7840,#7841,#7842),
 .UNSPECIFIED.,.F.,.F.,(4,4),(2.91255482782738E-7,0.000545072449588057),
 .UNSPECIFIED.);
#200=B_SPLINE_CURVE_WITH_KNOTS('',3,(#7847,#7848,#7849,#7850),
 .UNSPECIFIED.,.F.,.F.,(4,4),(3.3760337836349E-7,0.000545118797483656),
 .UNSPECIFIED.);
#201=B_SPLINE_CURVE_WITH_KNOTS('',3,(#7854,#7855,#7856,#7857),
 .UNSPECIFIED.,.F.,.F.,(4,4),(2.91255482756192E-7,0.000545072449588057),
 .UNSPECIFIED.);
#202=B_SPLINE_CURVE_WITH_KNOTS('',3,(#7862,#7863,#7864,#7865),
 .UNSPECIFIED.,.F.,.F.,(4,4),(3.37603382433972E-7,0.000545118797486817),
 .UNSPECIFIED.);
#203=B_SPLINE_CURVE_WITH_KNOTS('',3,(#7869,#7870,#7871,#7872),
 .UNSPECIFIED.,.F.,.F.,(4,4),(2.91255484596493E-7,0.000545072449589885),
 .UNSPECIFIED.);
#204=B_SPLINE_CURVE_WITH_KNOTS('',3,(#7877,#7878,#7879,#7880),
 .UNSPECIFIED.,.F.,.F.,(4,4),(3.37603382901985E-7,0.000545118797488193),
 .UNSPECIFIED.);
#205=B_SPLINE_CURVE_WITH_KNOTS('',3,(#7884,#7885,#7886,#7887),
 .UNSPECIFIED.,.F.,.F.,(4,4),(2.91255482811446E-7,0.000545072449588088),
 .UNSPECIFIED.);
#206=B_SPLINE_CURVE_WITH_KNOTS('',3,(#7892,#7893,#7894,#7895),
 .UNSPECIFIED.,.F.,.F.,(4,4),(3.37603382922776E-7,0.000545118797487298),
 .UNSPECIFIED.);
#207=B_SPLINE_CURVE_WITH_KNOTS('',3,(#7899,#7900,#7901,#7902),
 .UNSPECIFIED.,.F.,.F.,(4,4),(2.91255482878643E-7,0.00054507244958816),
 .UNSPECIFIED.);
#208=B_SPLINE_CURVE_WITH_KNOTS('',3,(#7907,#7908,#7909,#7910),
 .UNSPECIFIED.,.F.,.F.,(4,4),(3.37603382343041E-7,0.000545118797486725),
 .UNSPECIFIED.);
#209=B_SPLINE_CURVE_WITH_KNOTS('',3,(#7914,#7915,#7916,#7917),
 .UNSPECIFIED.,.F.,.F.,(4,4),(2.91255482782738E-7,0.000545072449588057),
 .UNSPECIFIED.);
#210=B_SPLINE_CURVE_WITH_KNOTS('',3,(#7922,#7923,#7924,#7925),
 .UNSPECIFIED.,.F.,.F.,(4,4),(3.37603378377609E-7,0.000545118797482766),
 .UNSPECIFIED.);
#211=B_SPLINE_CURVE_WITH_KNOTS('',3,(#7929,#7930,#7931,#7932),
 .UNSPECIFIED.,.F.,.F.,(4,4),(2.91255483138411E-7,0.000545072449588437),
 .UNSPECIFIED.);
#212=B_SPLINE_CURVE_WITH_KNOTS('',3,(#7937,#7938,#7939,#7940),
 .UNSPECIFIED.,.F.,.F.,(4,4),(3.37603382433833E-7,0.000545118797486816),
 .UNSPECIFIED.);
#213=B_SPLINE_CURVE_WITH_KNOTS('',3,(#7944,#7945,#7946,#7947),
 .UNSPECIFIED.,.F.,.F.,(4,4),(2.91255484599438E-7,0.000545072449589888),
 .UNSPECIFIED.);
#214=B_SPLINE_CURVE_WITH_KNOTS('',3,(#7952,#7953,#7954,#7955),
 .UNSPECIFIED.,.F.,.F.,(4,4),(3.37603382894948E-7,0.000545118797487281),
 .UNSPECIFIED.);
#215=B_SPLINE_CURVE_WITH_KNOTS('',3,(#7959,#7960,#7961,#7962),
 .UNSPECIFIED.,.F.,.F.,(4,4),(2.9125548301358E-7,0.00054507244958829),
 .UNSPECIFIED.);
#216=B_SPLINE_CURVE_WITH_KNOTS('',3,(#7967,#7968,#7969,#7970),
 .UNSPECIFIED.,.F.,.F.,(4,4),(3.37603382922776E-7,0.000545118797487298),
 .UNSPECIFIED.);
#217=B_SPLINE_CURVE_WITH_KNOTS('',3,(#7974,#7975,#7976,#7977),
 .UNSPECIFIED.,.F.,.F.,(4,4),(2.91255482877894E-7,0.00054507244958816),
 .UNSPECIFIED.);
#218=B_SPLINE_CURVE_WITH_KNOTS('',3,(#7982,#7983,#7984,#7985),
 .UNSPECIFIED.,.F.,.F.,(4,4),(3.37603382898478E-7,0.000545118797487281),
 .UNSPECIFIED.);
#219=B_SPLINE_CURVE_WITH_KNOTS('',2,(#7992,#7993,#7994),.UNSPECIFIED.,.F.,
 .F.,(3,3),(0.,1.),.PIECEWISE_BEZIER_KNOTS.);
#220=B_SPLINE_CURVE_WITH_KNOTS('',2,(#7996,#7997,#7998),.UNSPECIFIED.,.F.,
 .F.,(3,3),(0.,1.),.PIECEWISE_BEZIER_KNOTS.);
#221=B_SPLINE_CURVE_WITH_KNOTS('',2,(#8000,#8001,#8002),.UNSPECIFIED.,.F.,
 .F.,(3,3),(0.,1.),.PIECEWISE_BEZIER_KNOTS.);
#222=B_SPLINE_CURVE_WITH_KNOTS('',2,(#8004,#8005,#8006),.UNSPECIFIED.,.F.,
 .F.,(3,3),(0.,1.),.PIECEWISE_BEZIER_KNOTS.);
#223=B_SPLINE_CURVE_WITH_KNOTS('',2,(#8008,#8009,#8010),.UNSPECIFIED.,.F.,
 .F.,(3,3),(0.,1.),.PIECEWISE_BEZIER_KNOTS.);
#224=B_SPLINE_CURVE_WITH_KNOTS('',2,(#8012,#8013,#8014),.UNSPECIFIED.,.F.,
 .F.,(3,3),(0.,1.),.PIECEWISE_BEZIER_KNOTS.);
#225=B_SPLINE_CURVE_WITH_KNOTS('',2,(#8016,#8017,#8018),.UNSPECIFIED.,.F.,
 .F.,(3,3),(0.,1.),.PIECEWISE_BEZIER_KNOTS.);
#226=B_SPLINE_CURVE_WITH_KNOTS('',2,(#8020,#8021,#8022),.UNSPECIFIED.,.F.,
 .F.,(3,3),(0.,1.),.PIECEWISE_BEZIER_KNOTS.);
#227=B_SPLINE_CURVE_WITH_KNOTS('',2,(#8026,#8027,#8028),.UNSPECIFIED.,.F.,
 .F.,(3,3),(0.,1.),.PIECEWISE_BEZIER_KNOTS.);
#228=B_SPLINE_CURVE_WITH_KNOTS('',2,(#8030,#8031,#8032),.UNSPECIFIED.,.F.,
 .F.,(3,3),(0.,1.),.PIECEWISE_BEZIER_KNOTS.);
#229=B_SPLINE_CURVE_WITH_KNOTS('',2,(#8034,#8035,#8036),.UNSPECIFIED.,.F.,
 .F.,(3,3),(0.,1.),.PIECEWISE_BEZIER_KNOTS.);
#230=B_SPLINE_CURVE_WITH_KNOTS('',2,(#8038,#8039,#8040),.UNSPECIFIED.,.F.,
 .F.,(3,3),(0.,1.),.PIECEWISE_BEZIER_KNOTS.);
#231=B_SPLINE_CURVE_WITH_KNOTS('',2,(#8042,#8043,#8044),.UNSPECIFIED.,.F.,
 .F.,(3,3),(0.,1.),.PIECEWISE_BEZIER_KNOTS.);
#232=B_SPLINE_CURVE_WITH_KNOTS('',2,(#8046,#8047,#8048),.UNSPECIFIED.,.F.,
 .F.,(3,3),(0.,1.),.PIECEWISE_BEZIER_KNOTS.);
#233=B_SPLINE_CURVE_WITH_KNOTS('',2,(#8050,#8051,#8052),.UNSPECIFIED.,.F.,
 .F.,(3,3),(0.,1.),.PIECEWISE_BEZIER_KNOTS.);
#234=B_SPLINE_CURVE_WITH_KNOTS('',2,(#8169,#8170,#8171),.UNSPECIFIED.,.F.,
 .F.,(3,3),(0.,1.),.PIECEWISE_BEZIER_KNOTS.);
#235=B_SPLINE_CURVE_WITH_KNOTS('',2,(#8174,#8175,#8176),.UNSPECIFIED.,.F.,
 .F.,(3,3),(0.,1.),.PIECEWISE_BEZIER_KNOTS.);
#236=B_SPLINE_CURVE_WITH_KNOTS('',2,(#8178,#8179,#8180),.UNSPECIFIED.,.F.,
 .F.,(3,3),(0.,1.),.PIECEWISE_BEZIER_KNOTS.);
#237=B_SPLINE_CURVE_WITH_KNOTS('',2,(#8184,#8185,#8186),.UNSPECIFIED.,.F.,
 .F.,(3,3),(0.,1.),.PIECEWISE_BEZIER_KNOTS.);
#238=B_SPLINE_CURVE_WITH_KNOTS('',2,(#8188,#8189,#8190),.UNSPECIFIED.,.F.,
 .F.,(3,3),(0.,1.),.PIECEWISE_BEZIER_KNOTS.);
#239=B_SPLINE_CURVE_WITH_KNOTS('',2,(#8192,#8193,#8194),.UNSPECIFIED.,.F.,
 .F.,(3,3),(0.,1.),.PIECEWISE_BEZIER_KNOTS.);
#240=B_SPLINE_CURVE_WITH_KNOTS('',2,(#8196,#8197,#8198),.UNSPECIFIED.,.F.,
 .F.,(3,3),(0.,1.),.PIECEWISE_BEZIER_KNOTS.);
#241=B_SPLINE_CURVE_WITH_KNOTS('',2,(#8202,#8203,#8204),.UNSPECIFIED.,.F.,
 .F.,(3,3),(0.,1.),.PIECEWISE_BEZIER_KNOTS.);
#242=B_SPLINE_CURVE_WITH_KNOTS('',2,(#8206,#8207,#8208),.UNSPECIFIED.,.F.,
 .F.,(3,3),(0.,1.),.PIECEWISE_BEZIER_KNOTS.);
#243=B_SPLINE_CURVE_WITH_KNOTS('',2,(#8210,#8211,#8212),.UNSPECIFIED.,.F.,
 .F.,(3,3),(0.,1.),.PIECEWISE_BEZIER_KNOTS.);
#244=B_SPLINE_CURVE_WITH_KNOTS('',2,(#8214,#8215,#8216),.UNSPECIFIED.,.F.,
 .F.,(3,3),(0.,1.),.PIECEWISE_BEZIER_KNOTS.);
#245=B_SPLINE_CURVE_WITH_KNOTS('',2,(#8218,#8219,#8220),.UNSPECIFIED.,.F.,
 .F.,(3,3),(0.,1.),.PIECEWISE_BEZIER_KNOTS.);
#246=B_SPLINE_CURVE_WITH_KNOTS('',2,(#8222,#8223,#8224),.UNSPECIFIED.,.F.,
 .F.,(3,3),(0.,1.),.PIECEWISE_BEZIER_KNOTS.);
#247=B_SPLINE_CURVE_WITH_KNOTS('',2,(#8226,#8227,#8228),.UNSPECIFIED.,.F.,
 .F.,(3,3),(0.,1.),.PIECEWISE_BEZIER_KNOTS.);
#248=B_SPLINE_CURVE_WITH_KNOTS('',2,(#8230,#8231,#8232),.UNSPECIFIED.,.F.,
 .F.,(3,3),(0.,1.),.PIECEWISE_BEZIER_KNOTS.);
#249=B_SPLINE_CURVE_WITH_KNOTS('',2,(#8234,#8235,#8236),.UNSPECIFIED.,.F.,
 .F.,(3,3),(0.,1.),.PIECEWISE_BEZIER_KNOTS.);
#250=B_SPLINE_CURVE_WITH_KNOTS('',2,(#8238,#8239,#8240),.UNSPECIFIED.,.F.,
 .F.,(3,3),(0.,1.),.PIECEWISE_BEZIER_KNOTS.);
#251=B_SPLINE_CURVE_WITH_KNOTS('',2,(#8242,#8243,#8244),.UNSPECIFIED.,.F.,
 .F.,(3,3),(0.,1.),.PIECEWISE_BEZIER_KNOTS.);
#252=B_SPLINE_CURVE_WITH_KNOTS('',2,(#8248,#8249,#8250),.UNSPECIFIED.,.F.,
 .F.,(3,3),(0.,1.),.PIECEWISE_BEZIER_KNOTS.);
#253=B_SPLINE_CURVE_WITH_KNOTS('',2,(#8252,#8253,#8254),.UNSPECIFIED.,.F.,
 .F.,(3,3),(0.,1.),.PIECEWISE_BEZIER_KNOTS.);
#254=B_SPLINE_CURVE_WITH_KNOTS('',2,(#8256,#8257,#8258),.UNSPECIFIED.,.F.,
 .F.,(3,3),(0.,1.),.PIECEWISE_BEZIER_KNOTS.);
#255=B_SPLINE_CURVE_WITH_KNOTS('',2,(#8260,#8261,#8262),.UNSPECIFIED.,.F.,
 .F.,(3,3),(0.,1.),.PIECEWISE_BEZIER_KNOTS.);
#256=B_SPLINE_CURVE_WITH_KNOTS('',2,(#8264,#8265,#8266),.UNSPECIFIED.,.F.,
 .F.,(3,3),(0.,1.),.PIECEWISE_BEZIER_KNOTS.);
#257=B_SPLINE_CURVE_WITH_KNOTS('',2,(#8268,#8269,#8270),.UNSPECIFIED.,.F.,
 .F.,(3,3),(0.,1.),.PIECEWISE_BEZIER_KNOTS.);
#258=B_SPLINE_CURVE_WITH_KNOTS('',2,(#8272,#8273,#8274),.UNSPECIFIED.,.F.,
 .F.,(3,3),(0.,1.),.PIECEWISE_BEZIER_KNOTS.);
#259=B_SPLINE_CURVE_WITH_KNOTS('',2,(#8278,#8279,#8280),.UNSPECIFIED.,.F.,
 .F.,(3,3),(0.,1.),.PIECEWISE_BEZIER_KNOTS.);
#260=B_SPLINE_CURVE_WITH_KNOTS('',2,(#8282,#8283,#8284),.UNSPECIFIED.,.F.,
 .F.,(3,3),(0.,1.),.PIECEWISE_BEZIER_KNOTS.);
#261=B_SPLINE_CURVE_WITH_KNOTS('',2,(#8286,#8287,#8288),.UNSPECIFIED.,.F.,
 .F.,(3,3),(0.,1.),.PIECEWISE_BEZIER_KNOTS.);
#262=B_SPLINE_CURVE_WITH_KNOTS('',2,(#8290,#8291,#8292),.UNSPECIFIED.,.F.,
 .F.,(3,3),(0.,1.),.PIECEWISE_BEZIER_KNOTS.);
#263=B_SPLINE_CURVE_WITH_KNOTS('',2,(#8294,#8295,#8296),.UNSPECIFIED.,.F.,
 .F.,(3,3),(0.,1.),.PIECEWISE_BEZIER_KNOTS.);
#264=B_SPLINE_CURVE_WITH_KNOTS('',2,(#8300,#8301,#8302),.UNSPECIFIED.,.F.,
 .F.,(3,3),(0.,1.),.PIECEWISE_BEZIER_KNOTS.);
#265=B_SPLINE_CURVE_WITH_KNOTS('',2,(#8312,#8313,#8314),.UNSPECIFIED.,.F.,
 .F.,(3,3),(0.,1.),.PIECEWISE_BEZIER_KNOTS.);
#266=B_SPLINE_CURVE_WITH_KNOTS('',2,(#8316,#8317,#8318),.UNSPECIFIED.,.F.,
 .F.,(3,3),(0.,1.),.PIECEWISE_BEZIER_KNOTS.);
#267=B_SPLINE_CURVE_WITH_KNOTS('',2,(#8320,#8321,#8322),.UNSPECIFIED.,.F.,
 .F.,(3,3),(0.,1.),.PIECEWISE_BEZIER_KNOTS.);
#268=B_SPLINE_CURVE_WITH_KNOTS('',2,(#8324,#8325,#8326),.UNSPECIFIED.,.F.,
 .F.,(3,3),(0.,1.),.PIECEWISE_BEZIER_KNOTS.);
#269=B_SPLINE_CURVE_WITH_KNOTS('',2,(#8328,#8329,#8330),.UNSPECIFIED.,.F.,
 .F.,(3,3),(0.,1.),.PIECEWISE_BEZIER_KNOTS.);
#270=B_SPLINE_CURVE_WITH_KNOTS('',2,(#8332,#8333,#8334),.UNSPECIFIED.,.F.,
 .F.,(3,3),(0.,1.),.PIECEWISE_BEZIER_KNOTS.);
#271=B_SPLINE_CURVE_WITH_KNOTS('',2,(#8340,#8341,#8342),.UNSPECIFIED.,.F.,
 .F.,(3,3),(0.,1.),.PIECEWISE_BEZIER_KNOTS.);
#272=B_SPLINE_CURVE_WITH_KNOTS('',2,(#8344,#8345,#8346),.UNSPECIFIED.,.F.,
 .F.,(3,3),(0.,1.),.PIECEWISE_BEZIER_KNOTS.);
#273=B_SPLINE_CURVE_WITH_KNOTS('',2,(#8348,#8349,#8350),.UNSPECIFIED.,.F.,
 .F.,(3,3),(0.,1.),.PIECEWISE_BEZIER_KNOTS.);
#274=B_SPLINE_CURVE_WITH_KNOTS('',2,(#8352,#8353,#8354),.UNSPECIFIED.,.F.,
 .F.,(3,3),(0.,1.),.PIECEWISE_BEZIER_KNOTS.);
#275=B_SPLINE_CURVE_WITH_KNOTS('',2,(#8356,#8357,#8358),.UNSPECIFIED.,.F.,
 .F.,(3,3),(0.,1.),.PIECEWISE_BEZIER_KNOTS.);
#276=B_SPLINE_CURVE_WITH_KNOTS('',2,(#8360,#8361,#8362),.UNSPECIFIED.,.F.,
 .F.,(3,3),(0.,1.),.PIECEWISE_BEZIER_KNOTS.);
#277=B_SPLINE_CURVE_WITH_KNOTS('',2,(#8364,#8365,#8366),.UNSPECIFIED.,.F.,
 .F.,(3,3),(0.,1.),.PIECEWISE_BEZIER_KNOTS.);
#278=B_SPLINE_CURVE_WITH_KNOTS('',2,(#8370,#8371,#8372),.UNSPECIFIED.,.F.,
 .F.,(3,3),(0.,1.),.PIECEWISE_BEZIER_KNOTS.);
#279=B_SPLINE_CURVE_WITH_KNOTS('',2,(#8374,#8375,#8376),.UNSPECIFIED.,.F.,
 .F.,(3,3),(0.,1.),.PIECEWISE_BEZIER_KNOTS.);
#280=B_SPLINE_CURVE_WITH_KNOTS('',2,(#8378,#8379,#8380),.UNSPECIFIED.,.F.,
 .F.,(3,3),(0.,1.),.PIECEWISE_BEZIER_KNOTS.);
#281=B_SPLINE_CURVE_WITH_KNOTS('',2,(#8382,#8383,#8384),.UNSPECIFIED.,.F.,
 .F.,(3,3),(0.,1.),.PIECEWISE_BEZIER_KNOTS.);
#282=B_SPLINE_CURVE_WITH_KNOTS('',2,(#8386,#8387,#8388),.UNSPECIFIED.,.F.,
 .F.,(3,3),(0.,1.),.PIECEWISE_BEZIER_KNOTS.);
#283=B_SPLINE_CURVE_WITH_KNOTS('',2,(#8390,#8391,#8392),.UNSPECIFIED.,.F.,
 .F.,(3,3),(0.,1.),.PIECEWISE_BEZIER_KNOTS.);
#284=B_SPLINE_CURVE_WITH_KNOTS('',2,(#8400,#8401,#8402),.UNSPECIFIED.,.F.,
 .F.,(3,3),(0.,1.),.PIECEWISE_BEZIER_KNOTS.);
#285=B_SPLINE_CURVE_WITH_KNOTS('',2,(#8404,#8405,#8406),.UNSPECIFIED.,.F.,
 .F.,(3,3),(0.,1.),.PIECEWISE_BEZIER_KNOTS.);
#286=B_SPLINE_CURVE_WITH_KNOTS('',2,(#8408,#8409,#8410),.UNSPECIFIED.,.F.,
 .F.,(3,3),(0.,1.),.PIECEWISE_BEZIER_KNOTS.);
#287=B_SPLINE_CURVE_WITH_KNOTS('',2,(#8412,#8413,#8414),.UNSPECIFIED.,.F.,
 .F.,(3,3),(0.,1.),.PIECEWISE_BEZIER_KNOTS.);
#288=B_SPLINE_CURVE_WITH_KNOTS('',2,(#8416,#8417,#8418),.UNSPECIFIED.,.F.,
 .F.,(3,3),(0.,1.),.PIECEWISE_BEZIER_KNOTS.);
#289=B_SPLINE_CURVE_WITH_KNOTS('',2,(#8420,#8421,#8422),.UNSPECIFIED.,.F.,
 .F.,(3,3),(0.,1.),.PIECEWISE_BEZIER_KNOTS.);
#290=B_SPLINE_CURVE_WITH_KNOTS('',2,(#8444,#8445,#8446),.UNSPECIFIED.,.F.,
 .F.,(3,3),(0.,1.),.PIECEWISE_BEZIER_KNOTS.);
#291=B_SPLINE_CURVE_WITH_KNOTS('',2,(#8450,#8451,#8452),.UNSPECIFIED.,.F.,
 .F.,(3,3),(0.,1.),.PIECEWISE_BEZIER_KNOTS.);
#292=B_SPLINE_CURVE_WITH_KNOTS('',2,(#8454,#8455,#8456),.UNSPECIFIED.,.F.,
 .F.,(3,3),(0.,1.),.PIECEWISE_BEZIER_KNOTS.);
#293=B_SPLINE_CURVE_WITH_KNOTS('',2,(#8460,#8461,#8462),.UNSPECIFIED.,.F.,
 .F.,(3,3),(0.,1.),.PIECEWISE_BEZIER_KNOTS.);
#294=B_SPLINE_CURVE_WITH_KNOTS('',2,(#8466,#8467,#8468),.UNSPECIFIED.,.F.,
 .F.,(3,3),(0.,1.),.PIECEWISE_BEZIER_KNOTS.);
#295=B_SPLINE_CURVE_WITH_KNOTS('',2,(#8470,#8471,#8472),.UNSPECIFIED.,.F.,
 .F.,(3,3),(0.,1.),.PIECEWISE_BEZIER_KNOTS.);
#296=B_SPLINE_CURVE_WITH_KNOTS('',2,(#8474,#8475,#8476),.UNSPECIFIED.,.F.,
 .F.,(3,3),(0.,1.),.PIECEWISE_BEZIER_KNOTS.);
#297=B_SPLINE_CURVE_WITH_KNOTS('',2,(#8480,#8481,#8482),.UNSPECIFIED.,.F.,
 .F.,(3,3),(0.,1.),.PIECEWISE_BEZIER_KNOTS.);
#298=B_SPLINE_CURVE_WITH_KNOTS('',2,(#8484,#8485,#8486),.UNSPECIFIED.,.F.,
 .F.,(3,3),(0.,1.),.PIECEWISE_BEZIER_KNOTS.);
#299=B_SPLINE_CURVE_WITH_KNOTS('',2,(#8488,#8489,#8490),.UNSPECIFIED.,.F.,
 .F.,(3,3),(0.,1.),.PIECEWISE_BEZIER_KNOTS.);
#300=B_SPLINE_CURVE_WITH_KNOTS('',2,(#8492,#8493,#8494),.UNSPECIFIED.,.F.,
 .F.,(3,3),(0.,1.),.PIECEWISE_BEZIER_KNOTS.);
#301=B_SPLINE_CURVE_WITH_KNOTS('',2,(#8496,#8497,#8498),.UNSPECIFIED.,.F.,
 .F.,(3,3),(0.,1.),.PIECEWISE_BEZIER_KNOTS.);
#302=B_SPLINE_CURVE_WITH_KNOTS('',2,(#8500,#8501,#8502),.UNSPECIFIED.,.F.,
 .F.,(3,3),(0.,1.),.PIECEWISE_BEZIER_KNOTS.);
#303=B_SPLINE_CURVE_WITH_KNOTS('',2,(#8504,#8505,#8506),.UNSPECIFIED.,.F.,
 .F.,(3,3),(0.,1.),.PIECEWISE_BEZIER_KNOTS.);
#304=B_SPLINE_CURVE_WITH_KNOTS('',2,(#8518,#8519,#8520),.UNSPECIFIED.,.F.,
 .F.,(3,3),(0.,1.),.PIECEWISE_BEZIER_KNOTS.);
#305=B_SPLINE_CURVE_WITH_KNOTS('',2,(#8522,#8523,#8524),.UNSPECIFIED.,.F.,
 .F.,(3,3),(0.,1.),.PIECEWISE_BEZIER_KNOTS.);
#306=B_SPLINE_CURVE_WITH_KNOTS('',2,(#8526,#8527,#8528),.UNSPECIFIED.,.F.,
 .F.,(3,3),(0.,1.),.PIECEWISE_BEZIER_KNOTS.);
#307=B_SPLINE_CURVE_WITH_KNOTS('',2,(#8530,#8531,#8532),.UNSPECIFIED.,.F.,
 .F.,(3,3),(0.,1.),.PIECEWISE_BEZIER_KNOTS.);
#308=B_SPLINE_CURVE_WITH_KNOTS('',2,(#8534,#8535,#8536),.UNSPECIFIED.,.F.,
 .F.,(3,3),(0.,1.),.PIECEWISE_BEZIER_KNOTS.);
#309=B_SPLINE_CURVE_WITH_KNOTS('',2,(#8538,#8539,#8540),.UNSPECIFIED.,.F.,
 .F.,(3,3),(0.,1.),.PIECEWISE_BEZIER_KNOTS.);
#310=B_SPLINE_CURVE_WITH_KNOTS('',2,(#8542,#8543,#8544),.UNSPECIFIED.,.F.,
 .F.,(3,3),(0.,1.),.PIECEWISE_BEZIER_KNOTS.);
#311=B_SPLINE_CURVE_WITH_KNOTS('',2,(#8548,#8549,#8550),.UNSPECIFIED.,.F.,
 .F.,(3,3),(0.,1.),.PIECEWISE_BEZIER_KNOTS.);
#312=B_SPLINE_CURVE_WITH_KNOTS('',2,(#8552,#8553,#8554),.UNSPECIFIED.,.F.,
 .F.,(3,3),(0.,1.),.PIECEWISE_BEZIER_KNOTS.);
#313=B_SPLINE_CURVE_WITH_KNOTS('',2,(#8556,#8557,#8558),.UNSPECIFIED.,.F.,
 .F.,(3,3),(0.,1.),.PIECEWISE_BEZIER_KNOTS.);
#314=B_SPLINE_CURVE_WITH_KNOTS('',2,(#8560,#8561,#8562),.UNSPECIFIED.,.F.,
 .F.,(3,3),(0.,1.),.PIECEWISE_BEZIER_KNOTS.);
#315=B_SPLINE_CURVE_WITH_KNOTS('',2,(#8564,#8565,#8566),.UNSPECIFIED.,.F.,
 .F.,(3,3),(0.,1.),.PIECEWISE_BEZIER_KNOTS.);
#316=B_SPLINE_CURVE_WITH_KNOTS('',2,(#8568,#8569,#8570),.UNSPECIFIED.,.F.,
 .F.,(3,3),(0.,1.),.PIECEWISE_BEZIER_KNOTS.);
#317=B_SPLINE_CURVE_WITH_KNOTS('',2,(#8572,#8573,#8574),.UNSPECIFIED.,.F.,
 .F.,(3,3),(0.,1.),.PIECEWISE_BEZIER_KNOTS.);
#318=B_SPLINE_CURVE_WITH_KNOTS('',2,(#8576,#8577,#8578),.UNSPECIFIED.,.F.,
 .F.,(3,3),(0.,1.),.PIECEWISE_BEZIER_KNOTS.);
#319=B_SPLINE_CURVE_WITH_KNOTS('',2,(#8580,#8581,#8582),.UNSPECIFIED.,.F.,
 .F.,(3,3),(0.,1.),.PIECEWISE_BEZIER_KNOTS.);
#320=B_SPLINE_CURVE_WITH_KNOTS('',2,(#8584,#8585,#8586),.UNSPECIFIED.,.F.,
 .F.,(3,3),(0.,1.),.PIECEWISE_BEZIER_KNOTS.);
#321=B_SPLINE_CURVE_WITH_KNOTS('',2,(#8587,#8588,#8589),.UNSPECIFIED.,.F.,
 .F.,(3,3),(0.,1.),.PIECEWISE_BEZIER_KNOTS.);
#322=B_SPLINE_CURVE_WITH_KNOTS('',2,(#8592,#8593,#8594),.UNSPECIFIED.,.F.,
 .F.,(3,3),(0.,1.),.PIECEWISE_BEZIER_KNOTS.);
#323=B_SPLINE_CURVE_WITH_KNOTS('',2,(#8596,#8597,#8598),.UNSPECIFIED.,.F.,
 .F.,(3,3),(0.,1.),.PIECEWISE_BEZIER_KNOTS.);
#324=B_SPLINE_CURVE_WITH_KNOTS('',2,(#8600,#8601,#8602),.UNSPECIFIED.,.F.,
 .F.,(3,3),(0.,1.),.PIECEWISE_BEZIER_KNOTS.);
#325=B_SPLINE_CURVE_WITH_KNOTS('',2,(#8604,#8605,#8606),.UNSPECIFIED.,.F.,
 .F.,(3,3),(0.,1.),.PIECEWISE_BEZIER_KNOTS.);
#326=B_SPLINE_CURVE_WITH_KNOTS('',2,(#8608,#8609,#8610),.UNSPECIFIED.,.F.,
 .F.,(3,3),(0.,1.),.PIECEWISE_BEZIER_KNOTS.);
#327=B_SPLINE_CURVE_WITH_KNOTS('',2,(#8612,#8613,#8614),.UNSPECIFIED.,.F.,
 .F.,(3,3),(0.,1.),.PIECEWISE_BEZIER_KNOTS.);
#328=B_SPLINE_CURVE_WITH_KNOTS('',2,(#8616,#8617,#8618),.UNSPECIFIED.,.F.,
 .F.,(3,3),(0.,1.),.PIECEWISE_BEZIER_KNOTS.);
#329=B_SPLINE_CURVE_WITH_KNOTS('',2,(#8770,#8771,#8772),.UNSPECIFIED.,.F.,
 .F.,(3,3),(0.,1.),.PIECEWISE_BEZIER_KNOTS.);
#330=B_SPLINE_CURVE_WITH_KNOTS('',2,(#8777,#8778,#8779),.UNSPECIFIED.,.F.,
 .F.,(3,3),(0.,1.),.PIECEWISE_BEZIER_KNOTS.);
#331=B_SPLINE_CURVE_WITH_KNOTS('',2,(#8790,#8791,#8792),.UNSPECIFIED.,.F.,
 .F.,(3,3),(0.,1.),.PIECEWISE_BEZIER_KNOTS.);
#332=B_SPLINE_CURVE_WITH_KNOTS('',2,(#8796,#8797,#8798),.UNSPECIFIED.,.F.,
 .F.,(3,3),(0.,1.),.PIECEWISE_BEZIER_KNOTS.);
#333=B_SPLINE_CURVE_WITH_KNOTS('',2,(#8807,#8808,#8809),.UNSPECIFIED.,.F.,
 .F.,(3,3),(0.,1.),.PIECEWISE_BEZIER_KNOTS.);
#334=B_SPLINE_CURVE_WITH_KNOTS('',2,(#8813,#8814,#8815),.UNSPECIFIED.,.F.,
 .F.,(3,3),(0.,1.),.PIECEWISE_BEZIER_KNOTS.);
#335=B_SPLINE_CURVE_WITH_KNOTS('',2,(#8824,#8825,#8826),.UNSPECIFIED.,.F.,
 .F.,(3,3),(0.,1.),.PIECEWISE_BEZIER_KNOTS.);
#336=B_SPLINE_CURVE_WITH_KNOTS('',2,(#8830,#8831,#8832),.UNSPECIFIED.,.F.,
 .F.,(3,3),(0.,1.),.PIECEWISE_BEZIER_KNOTS.);
#337=B_SPLINE_CURVE_WITH_KNOTS('',2,(#8841,#8842,#8843),.UNSPECIFIED.,.F.,
 .F.,(3,3),(0.,1.),.PIECEWISE_BEZIER_KNOTS.);
#338=B_SPLINE_CURVE_WITH_KNOTS('',2,(#8847,#8848,#8849),.UNSPECIFIED.,.F.,
 .F.,(3,3),(0.,1.),.PIECEWISE_BEZIER_KNOTS.);
#339=B_SPLINE_CURVE_WITH_KNOTS('',2,(#8858,#8859,#8860),.UNSPECIFIED.,.F.,
 .F.,(3,3),(0.,1.),.PIECEWISE_BEZIER_KNOTS.);
#340=B_SPLINE_CURVE_WITH_KNOTS('',2,(#8864,#8865,#8866),.UNSPECIFIED.,.F.,
 .F.,(3,3),(0.,1.),.PIECEWISE_BEZIER_KNOTS.);
#341=B_SPLINE_CURVE_WITH_KNOTS('',2,(#8875,#8876,#8877),.UNSPECIFIED.,.F.,
 .F.,(3,3),(0.,1.),.PIECEWISE_BEZIER_KNOTS.);
#342=B_SPLINE_CURVE_WITH_KNOTS('',2,(#8881,#8882,#8883),.UNSPECIFIED.,.F.,
 .F.,(3,3),(0.,1.),.PIECEWISE_BEZIER_KNOTS.);
#343=B_SPLINE_CURVE_WITH_KNOTS('',2,(#8892,#8893,#8894),.UNSPECIFIED.,.F.,
 .F.,(3,3),(0.,1.),.PIECEWISE_BEZIER_KNOTS.);
#344=B_SPLINE_CURVE_WITH_KNOTS('',2,(#8899,#8900,#8901),.UNSPECIFIED.,.F.,
 .F.,(3,3),(0.,1.),.PIECEWISE_BEZIER_KNOTS.);
#345=B_SPLINE_CURVE_WITH_KNOTS('',2,(#8912,#8913,#8914),.UNSPECIFIED.,.F.,
 .F.,(3,3),(0.,1.),.PIECEWISE_BEZIER_KNOTS.);
#346=B_SPLINE_CURVE_WITH_KNOTS('',2,(#8918,#8919,#8920),.UNSPECIFIED.,.F.,
 .F.,(3,3),(0.,1.),.PIECEWISE_BEZIER_KNOTS.);
#347=B_SPLINE_CURVE_WITH_KNOTS('',2,(#8929,#8930,#8931),.UNSPECIFIED.,.F.,
 .F.,(3,3),(0.,1.),.PIECEWISE_BEZIER_KNOTS.);
#348=B_SPLINE_CURVE_WITH_KNOTS('',2,(#8935,#8936,#8937),.UNSPECIFIED.,.F.,
 .F.,(3,3),(0.,1.),.PIECEWISE_BEZIER_KNOTS.);
#349=B_SPLINE_CURVE_WITH_KNOTS('',2,(#8946,#8947,#8948),.UNSPECIFIED.,.F.,
 .F.,(3,3),(0.,1.),.PIECEWISE_BEZIER_KNOTS.);
#350=B_SPLINE_CURVE_WITH_KNOTS('',2,(#8952,#8953,#8954),.UNSPECIFIED.,.F.,
 .F.,(3,3),(0.,1.),.PIECEWISE_BEZIER_KNOTS.);
#351=B_SPLINE_CURVE_WITH_KNOTS('',2,(#8963,#8964,#8965),.UNSPECIFIED.,.F.,
 .F.,(3,3),(0.,1.),.PIECEWISE_BEZIER_KNOTS.);
#352=B_SPLINE_CURVE_WITH_KNOTS('',2,(#8969,#8970,#8971),.UNSPECIFIED.,.F.,
 .F.,(3,3),(0.,1.),.PIECEWISE_BEZIER_KNOTS.);
#353=B_SPLINE_CURVE_WITH_KNOTS('',2,(#8980,#8981,#8982),.UNSPECIFIED.,.F.,
 .F.,(3,3),(0.,1.),.PIECEWISE_BEZIER_KNOTS.);
#354=B_SPLINE_CURVE_WITH_KNOTS('',2,(#8986,#8987,#8988),.UNSPECIFIED.,.F.,
 .F.,(3,3),(0.,1.),.PIECEWISE_BEZIER_KNOTS.);
#355=B_SPLINE_CURVE_WITH_KNOTS('',2,(#8997,#8998,#8999),.UNSPECIFIED.,.F.,
 .F.,(3,3),(0.,1.),.PIECEWISE_BEZIER_KNOTS.);
#356=B_SPLINE_CURVE_WITH_KNOTS('',2,(#9003,#9004,#9005),.UNSPECIFIED.,.F.,
 .F.,(3,3),(0.,1.),.PIECEWISE_BEZIER_KNOTS.);
#357=B_SPLINE_CURVE_WITH_KNOTS('',2,(#9016,#9017,#9018),.UNSPECIFIED.,.F.,
 .F.,(3,3),(0.,1.),.PIECEWISE_BEZIER_KNOTS.);
#358=B_SPLINE_CURVE_WITH_KNOTS('',2,(#9031,#9032,#9033),.UNSPECIFIED.,.F.,
 .F.,(3,3),(0.,1.),.PIECEWISE_BEZIER_KNOTS.);
#359=B_SPLINE_CURVE_WITH_KNOTS('',2,(#9044,#9045,#9046),.UNSPECIFIED.,.F.,
 .F.,(3,3),(0.,1.),.PIECEWISE_BEZIER_KNOTS.);
#360=B_SPLINE_CURVE_WITH_KNOTS('',2,(#9057,#9058,#9059),.UNSPECIFIED.,.F.,
 .F.,(3,3),(0.,1.),.PIECEWISE_BEZIER_KNOTS.);
#361=B_SPLINE_CURVE_WITH_KNOTS('',2,(#9070,#9071,#9072),.UNSPECIFIED.,.F.,
 .F.,(3,3),(0.,1.),.PIECEWISE_BEZIER_KNOTS.);
#362=B_SPLINE_CURVE_WITH_KNOTS('',2,(#9083,#9084,#9085),.UNSPECIFIED.,.F.,
 .F.,(3,3),(0.,1.),.PIECEWISE_BEZIER_KNOTS.);
#363=B_SPLINE_CURVE_WITH_KNOTS('',2,(#9096,#9097,#9098),.UNSPECIFIED.,.F.,
 .F.,(3,3),(0.,1.),.PIECEWISE_BEZIER_KNOTS.);
#364=B_SPLINE_CURVE_WITH_KNOTS('',2,(#9109,#9110,#9111),.UNSPECIFIED.,.F.,
 .F.,(3,3),(0.,1.),.PIECEWISE_BEZIER_KNOTS.);
#365=B_SPLINE_CURVE_WITH_KNOTS('',2,(#9122,#9123,#9124),.UNSPECIFIED.,.F.,
 .F.,(3,3),(0.,1.),.PIECEWISE_BEZIER_KNOTS.);
#366=B_SPLINE_CURVE_WITH_KNOTS('',2,(#9135,#9136,#9137),.UNSPECIFIED.,.F.,
 .F.,(3,3),(0.,1.),.PIECEWISE_BEZIER_KNOTS.);
#367=B_SPLINE_CURVE_WITH_KNOTS('',2,(#9148,#9149,#9150),.UNSPECIFIED.,.F.,
 .F.,(3,3),(0.,1.),.PIECEWISE_BEZIER_KNOTS.);
#368=B_SPLINE_CURVE_WITH_KNOTS('',2,(#9161,#9162,#9163),.UNSPECIFIED.,.F.,
 .F.,(3,3),(0.,1.),.PIECEWISE_BEZIER_KNOTS.);
#369=B_SPLINE_CURVE_WITH_KNOTS('',2,(#9174,#9175,#9176),.UNSPECIFIED.,.F.,
 .F.,(3,3),(0.,1.),.PIECEWISE_BEZIER_KNOTS.);
#370=B_SPLINE_CURVE_WITH_KNOTS('',2,(#9191,#9192,#9193),.UNSPECIFIED.,.F.,
 .F.,(3,3),(0.,1.),.PIECEWISE_BEZIER_KNOTS.);
#371=B_SPLINE_CURVE_WITH_KNOTS('',2,(#9204,#9205,#9206),.UNSPECIFIED.,.F.,
 .F.,(3,3),(0.,1.),.PIECEWISE_BEZIER_KNOTS.);
#372=B_SPLINE_CURVE_WITH_KNOTS('',2,(#9217,#9218,#9219),.UNSPECIFIED.,.F.,
 .F.,(3,3),(0.,1.),.PIECEWISE_BEZIER_KNOTS.);
#373=B_SPLINE_CURVE_WITH_KNOTS('',2,(#9230,#9231,#9232),.UNSPECIFIED.,.F.,
 .F.,(3,3),(0.,1.),.PIECEWISE_BEZIER_KNOTS.);
#374=B_SPLINE_CURVE_WITH_KNOTS('',2,(#9245,#9246,#9247),.UNSPECIFIED.,.F.,
 .F.,(3,3),(0.,1.),.PIECEWISE_BEZIER_KNOTS.);
#375=B_SPLINE_CURVE_WITH_KNOTS('',2,(#9248,#9249,#9250),.UNSPECIFIED.,.F.,
 .F.,(3,3),(0.,1.),.PIECEWISE_BEZIER_KNOTS.);
#376=B_SPLINE_CURVE_WITH_KNOTS('',2,(#9259,#9260,#9261),.UNSPECIFIED.,.F.,
 .F.,(3,3),(0.,1.),.PIECEWISE_BEZIER_KNOTS.);
#377=B_SPLINE_CURVE_WITH_KNOTS('',2,(#9270,#9271,#9272),.UNSPECIFIED.,.F.,
 .F.,(3,3),(0.,1.),.PIECEWISE_BEZIER_KNOTS.);
#378=B_SPLINE_CURVE_WITH_KNOTS('',2,(#9273,#9274,#9275),.UNSPECIFIED.,.F.,
 .F.,(3,3),(0.,1.),.PIECEWISE_BEZIER_KNOTS.);
#379=B_SPLINE_CURVE_WITH_KNOTS('',2,(#9288,#9289,#9290),.UNSPECIFIED.,.F.,
 .F.,(3,3),(0.,1.),.PIECEWISE_BEZIER_KNOTS.);
#380=B_SPLINE_CURVE_WITH_KNOTS('',2,(#9319,#9320,#9321),.UNSPECIFIED.,.F.,
 .F.,(3,3),(0.,1.),.PIECEWISE_BEZIER_KNOTS.);
#381=B_SPLINE_CURVE_WITH_KNOTS('',2,(#9336,#9337,#9338),.UNSPECIFIED.,.F.,
 .F.,(3,3),(0.,1.),.PIECEWISE_BEZIER_KNOTS.);
#382=B_SPLINE_CURVE_WITH_KNOTS('',2,(#9349,#9350,#9351),.UNSPECIFIED.,.F.,
 .F.,(3,3),(0.,1.),.PIECEWISE_BEZIER_KNOTS.);
#383=B_SPLINE_CURVE_WITH_KNOTS('',2,(#9362,#9363,#9364),.UNSPECIFIED.,.F.,
 .F.,(3,3),(0.,1.),.PIECEWISE_BEZIER_KNOTS.);
#384=B_SPLINE_CURVE_WITH_KNOTS('',2,(#9375,#9376,#9377),.UNSPECIFIED.,.F.,
 .F.,(3,3),(0.,1.),.PIECEWISE_BEZIER_KNOTS.);
#385=B_SPLINE_CURVE_WITH_KNOTS('',2,(#9388,#9389,#9390),.UNSPECIFIED.,.F.,
 .F.,(3,3),(0.,1.),.PIECEWISE_BEZIER_KNOTS.);
#386=B_SPLINE_CURVE_WITH_KNOTS('',2,(#9405,#9406,#9407),.UNSPECIFIED.,.F.,
 .F.,(3,3),(0.,1.),.PIECEWISE_BEZIER_KNOTS.);
#387=B_SPLINE_CURVE_WITH_KNOTS('',2,(#9418,#9419,#9420),.UNSPECIFIED.,.F.,
 .F.,(3,3),(0.,1.),.PIECEWISE_BEZIER_KNOTS.);
#388=B_SPLINE_CURVE_WITH_KNOTS('',2,(#9431,#9432,#9433),.UNSPECIFIED.,.F.,
 .F.,(3,3),(0.,1.),.PIECEWISE_BEZIER_KNOTS.);
#389=B_SPLINE_CURVE_WITH_KNOTS('',2,(#9444,#9445,#9446),.UNSPECIFIED.,.F.,
 .F.,(3,3),(0.,1.),.PIECEWISE_BEZIER_KNOTS.);
#390=B_SPLINE_CURVE_WITH_KNOTS('',2,(#9457,#9458,#9459),.UNSPECIFIED.,.F.,
 .F.,(3,3),(0.,1.),.PIECEWISE_BEZIER_KNOTS.);
#391=B_SPLINE_CURVE_WITH_KNOTS('',2,(#9468,#9469,#9470),.UNSPECIFIED.,.F.,
 .F.,(3,3),(0.,1.),.PIECEWISE_BEZIER_KNOTS.);
#392=B_SPLINE_CURVE_WITH_KNOTS('',2,(#9482,#9483,#9484),.UNSPECIFIED.,.F.,
 .F.,(3,3),(0.,1.),.PIECEWISE_BEZIER_KNOTS.);
#393=B_SPLINE_CURVE_WITH_KNOTS('',2,(#9501,#9502,#9503),.UNSPECIFIED.,.F.,
 .F.,(3,3),(0.,1.),.PIECEWISE_BEZIER_KNOTS.);
#394=B_SPLINE_CURVE_WITH_KNOTS('',2,(#9514,#9515,#9516),.UNSPECIFIED.,.F.,
 .F.,(3,3),(0.,1.),.PIECEWISE_BEZIER_KNOTS.);
#395=B_SPLINE_CURVE_WITH_KNOTS('',2,(#9527,#9528,#9529),.UNSPECIFIED.,.F.,
 .F.,(3,3),(0.,1.),.PIECEWISE_BEZIER_KNOTS.);
#396=B_SPLINE_CURVE_WITH_KNOTS('',2,(#9540,#9541,#9542),.UNSPECIFIED.,.F.,
 .F.,(3,3),(0.,1.),.PIECEWISE_BEZIER_KNOTS.);
#397=B_SPLINE_CURVE_WITH_KNOTS('',2,(#9553,#9554,#9555),.UNSPECIFIED.,.F.,
 .F.,(3,3),(0.,1.),.PIECEWISE_BEZIER_KNOTS.);
#398=B_SPLINE_CURVE_WITH_KNOTS('',2,(#9566,#9567,#9568),.UNSPECIFIED.,.F.,
 .F.,(3,3),(0.,1.),.PIECEWISE_BEZIER_KNOTS.);
#399=B_SPLINE_CURVE_WITH_KNOTS('',2,(#9591,#9592,#9593),.UNSPECIFIED.,.F.,
 .F.,(3,3),(0.,1.),.PIECEWISE_BEZIER_KNOTS.);
#400=B_SPLINE_CURVE_WITH_KNOTS('',2,(#9604,#9605,#9606),.UNSPECIFIED.,.F.,
 .F.,(3,3),(0.,1.),.PIECEWISE_BEZIER_KNOTS.);
#401=B_SPLINE_CURVE_WITH_KNOTS('',2,(#9617,#9618,#9619),.UNSPECIFIED.,.F.,
 .F.,(3,3),(0.,1.),.PIECEWISE_BEZIER_KNOTS.);
#402=B_SPLINE_CURVE_WITH_KNOTS('',2,(#9630,#9631,#9632),.UNSPECIFIED.,.F.,
 .F.,(3,3),(0.,1.),.PIECEWISE_BEZIER_KNOTS.);
#403=B_SPLINE_CURVE_WITH_KNOTS('',2,(#9643,#9644,#9645),.UNSPECIFIED.,.F.,
 .F.,(3,3),(0.,1.),.PIECEWISE_BEZIER_KNOTS.);
#404=B_SPLINE_CURVE_WITH_KNOTS('',2,(#9656,#9657,#9658),.UNSPECIFIED.,.F.,
 .F.,(3,3),(0.,1.),.PIECEWISE_BEZIER_KNOTS.);
#405=B_SPLINE_CURVE_WITH_KNOTS('',2,(#9673,#9674,#9675),.UNSPECIFIED.,.F.,
 .F.,(3,3),(0.,1.),.PIECEWISE_BEZIER_KNOTS.);
#406=B_SPLINE_CURVE_WITH_KNOTS('',2,(#9686,#9687,#9688),.UNSPECIFIED.,.F.,
 .F.,(3,3),(0.,1.),.PIECEWISE_BEZIER_KNOTS.);
#407=B_SPLINE_CURVE_WITH_KNOTS('',2,(#9699,#9700,#9701),.UNSPECIFIED.,.F.,
 .F.,(3,3),(0.,1.),.PIECEWISE_BEZIER_KNOTS.);
#408=B_SPLINE_CURVE_WITH_KNOTS('',2,(#9712,#9713,#9714),.UNSPECIFIED.,.F.,
 .F.,(3,3),(0.,1.),.PIECEWISE_BEZIER_KNOTS.);
#409=B_SPLINE_CURVE_WITH_KNOTS('',2,(#9725,#9726,#9727),.UNSPECIFIED.,.F.,
 .F.,(3,3),(0.,1.),.PIECEWISE_BEZIER_KNOTS.);
#410=B_SPLINE_CURVE_WITH_KNOTS('',2,(#9738,#9739,#9740),.UNSPECIFIED.,.F.,
 .F.,(3,3),(0.,1.),.PIECEWISE_BEZIER_KNOTS.);
#411=B_SPLINE_CURVE_WITH_KNOTS('',2,(#9751,#9752,#9753),.UNSPECIFIED.,.F.,
 .F.,(3,3),(0.,1.),.PIECEWISE_BEZIER_KNOTS.);
#412=B_SPLINE_CURVE_WITH_KNOTS('',2,(#9772,#9773,#9774),.UNSPECIFIED.,.F.,
 .F.,(3,3),(0.,1.),.PIECEWISE_BEZIER_KNOTS.);
#413=B_SPLINE_CURVE_WITH_KNOTS('',2,(#9785,#9786,#9787),.UNSPECIFIED.,.F.,
 .F.,(3,3),(0.,1.),.PIECEWISE_BEZIER_KNOTS.);
#414=B_SPLINE_CURVE_WITH_KNOTS('',2,(#9798,#9799,#9800),.UNSPECIFIED.,.F.,
 .F.,(3,3),(0.,1.),.PIECEWISE_BEZIER_KNOTS.);
#415=B_SPLINE_CURVE_WITH_KNOTS('',2,(#9811,#9812,#9813),.UNSPECIFIED.,.F.,
 .F.,(3,3),(0.,1.),.PIECEWISE_BEZIER_KNOTS.);
#416=B_SPLINE_CURVE_WITH_KNOTS('',2,(#9822,#9823,#9824),.UNSPECIFIED.,.F.,
 .F.,(3,3),(0.,1.),.PIECEWISE_BEZIER_KNOTS.);
#417=B_SPLINE_CURVE_WITH_KNOTS('',2,(#9891,#9892,#9893),.UNSPECIFIED.,.F.,
 .F.,(3,3),(0.,1.),.PIECEWISE_BEZIER_KNOTS.);
#418=B_SPLINE_CURVE_WITH_KNOTS('',2,(#9904,#9905,#9906),.UNSPECIFIED.,.F.,
 .F.,(3,3),(0.,1.),.PIECEWISE_BEZIER_KNOTS.);
#419=B_SPLINE_CURVE_WITH_KNOTS('',2,(#9917,#9918,#9919),.UNSPECIFIED.,.F.,
 .F.,(3,3),(0.,1.),.PIECEWISE_BEZIER_KNOTS.);
#420=B_SPLINE_CURVE_WITH_KNOTS('',2,(#9930,#9931,#9932),.UNSPECIFIED.,.F.,
 .F.,(3,3),(0.,1.),.PIECEWISE_BEZIER_KNOTS.);
#421=B_SPLINE_CURVE_WITH_KNOTS('',2,(#9943,#9944,#9945),.UNSPECIFIED.,.F.,
 .F.,(3,3),(0.,1.),.PIECEWISE_BEZIER_KNOTS.);
#422=B_SPLINE_CURVE_WITH_KNOTS('',2,(#9956,#9957,#9958),.UNSPECIFIED.,.F.,
 .F.,(3,3),(0.,1.),.PIECEWISE_BEZIER_KNOTS.);
#423=B_SPLINE_CURVE_WITH_KNOTS('',2,(#9969,#9970,#9971),.UNSPECIFIED.,.F.,
 .F.,(3,3),(0.,1.),.PIECEWISE_BEZIER_KNOTS.);
#424=B_SPLINE_CURVE_WITH_KNOTS('',2,(#9986,#9987,#9988),.UNSPECIFIED.,.F.,
 .F.,(3,3),(0.,1.),.PIECEWISE_BEZIER_KNOTS.);
#425=B_SPLINE_CURVE_WITH_KNOTS('',2,(#9999,#10000,#10001),.UNSPECIFIED.,
 .F.,.F.,(3,3),(0.,1.),.PIECEWISE_BEZIER_KNOTS.);
#426=B_SPLINE_CURVE_WITH_KNOTS('',2,(#10012,#10013,#10014),
 .UNSPECIFIED.,.F.,.F.,(3,3),(0.,1.),.PIECEWISE_BEZIER_KNOTS.);
#427=B_SPLINE_CURVE_WITH_KNOTS('',2,(#10029,#10030,#10031),
 .UNSPECIFIED.,.F.,.F.,(3,3),(0.,1.),.PIECEWISE_BEZIER_KNOTS.);
#428=B_SPLINE_CURVE_WITH_KNOTS('',2,(#10046,#10047,#10048),
 .UNSPECIFIED.,.F.,.F.,(3,3),(0.,1.),.PIECEWISE_BEZIER_KNOTS.);
#429=B_SPLINE_CURVE_WITH_KNOTS('',2,(#10059,#10060,#10061),
 .UNSPECIFIED.,.F.,.F.,(3,3),(0.,1.),.PIECEWISE_BEZIER_KNOTS.);
#430=B_SPLINE_CURVE_WITH_KNOTS('',2,(#10076,#10077,#10078),
 .UNSPECIFIED.,.F.,.F.,(3,3),(0.,1.),.PIECEWISE_BEZIER_KNOTS.);
#431=B_SPLINE_CURVE_WITH_KNOTS('',2,(#10153,#10154,#10155),
 .UNSPECIFIED.,.F.,.F.,(3,3),(0.,1.),.PIECEWISE_BEZIER_KNOTS.);
#432=B_SPLINE_CURVE_WITH_KNOTS('',2,(#10160,#10161,#10162),
 .UNSPECIFIED.,.F.,.F.,(3,3),(0.,1.),.PIECEWISE_BEZIER_KNOTS.);
#433=B_SPLINE_CURVE_WITH_KNOTS('',2,(#10173,#10174,#10175),
 .UNSPECIFIED.,.F.,.F.,(3,3),(0.,1.),.PIECEWISE_BEZIER_KNOTS.);
#434=B_SPLINE_CURVE_WITH_KNOTS('',2,(#10179,#10180,#10181),
 .UNSPECIFIED.,.F.,.F.,(3,3),(0.,1.),.PIECEWISE_BEZIER_KNOTS.);
#435=B_SPLINE_CURVE_WITH_KNOTS('',2,(#10190,#10191,#10192),
 .UNSPECIFIED.,.F.,.F.,(3,3),(0.,1.),.PIECEWISE_BEZIER_KNOTS.);
#436=B_SPLINE_CURVE_WITH_KNOTS('',2,(#10196,#10197,#10198),
 .UNSPECIFIED.,.F.,.F.,(3,3),(0.,1.),.PIECEWISE_BEZIER_KNOTS.);
#437=B_SPLINE_CURVE_WITH_KNOTS('',2,(#10207,#10208,#10209),
 .UNSPECIFIED.,.F.,.F.,(3,3),(0.,1.),.PIECEWISE_BEZIER_KNOTS.);
#438=B_SPLINE_CURVE_WITH_KNOTS('',2,(#10213,#10214,#10215),
 .UNSPECIFIED.,.F.,.F.,(3,3),(0.,1.),.PIECEWISE_BEZIER_KNOTS.);
#439=B_SPLINE_CURVE_WITH_KNOTS('',2,(#10224,#10225,#10226),
 .UNSPECIFIED.,.F.,.F.,(3,3),(0.,1.),.PIECEWISE_BEZIER_KNOTS.);
#440=B_SPLINE_CURVE_WITH_KNOTS('',2,(#10230,#10231,#10232),
 .UNSPECIFIED.,.F.,.F.,(3,3),(0.,1.),.PIECEWISE_BEZIER_KNOTS.);
#441=B_SPLINE_CURVE_WITH_KNOTS('',2,(#10241,#10242,#10243),
 .UNSPECIFIED.,.F.,.F.,(3,3),(0.,1.),.PIECEWISE_BEZIER_KNOTS.);
#442=B_SPLINE_CURVE_WITH_KNOTS('',2,(#10247,#10248,#10249),
 .UNSPECIFIED.,.F.,.F.,(3,3),(0.,1.),.PIECEWISE_BEZIER_KNOTS.);
#443=B_SPLINE_CURVE_WITH_KNOTS('',2,(#10258,#10259,#10260),
 .UNSPECIFIED.,.F.,.F.,(3,3),(0.,1.),.PIECEWISE_BEZIER_KNOTS.);
#444=B_SPLINE_CURVE_WITH_KNOTS('',2,(#10264,#10265,#10266),
 .UNSPECIFIED.,.F.,.F.,(3,3),(0.,1.),.PIECEWISE_BEZIER_KNOTS.);
#445=B_SPLINE_CURVE_WITH_KNOTS('',2,(#10277,#10278,#10279),
 .UNSPECIFIED.,.F.,.F.,(3,3),(0.,1.),.PIECEWISE_BEZIER_KNOTS.);
#446=B_SPLINE_CURVE_WITH_KNOTS('',2,(#10296,#10297,#10298),
 .UNSPECIFIED.,.F.,.F.,(3,3),(0.,1.),.PIECEWISE_BEZIER_KNOTS.);
#447=B_SPLINE_CURVE_WITH_KNOTS('',2,(#10309,#10310,#10311),
 .UNSPECIFIED.,.F.,.F.,(3,3),(0.,1.),.PIECEWISE_BEZIER_KNOTS.);
#448=B_SPLINE_CURVE_WITH_KNOTS('',2,(#10322,#10323,#10324),
 .UNSPECIFIED.,.F.,.F.,(3,3),(0.,1.),.PIECEWISE_BEZIER_KNOTS.);
#449=B_SPLINE_CURVE_WITH_KNOTS('',2,(#10335,#10336,#10337),
 .UNSPECIFIED.,.F.,.F.,(3,3),(0.,1.),.PIECEWISE_BEZIER_KNOTS.);
#450=B_SPLINE_CURVE_WITH_KNOTS('',2,(#10348,#10349,#10350),
 .UNSPECIFIED.,.F.,.F.,(3,3),(0.,1.),.PIECEWISE_BEZIER_KNOTS.);
#451=B_SPLINE_CURVE_WITH_KNOTS('',2,(#10361,#10362,#10363),
 .UNSPECIFIED.,.F.,.F.,(3,3),(0.,1.),.PIECEWISE_BEZIER_KNOTS.);
#452=B_SPLINE_CURVE_WITH_KNOTS('',2,(#10374,#10375,#10376),
 .UNSPECIFIED.,.F.,.F.,(3,3),(0.,1.),.PIECEWISE_BEZIER_KNOTS.);
#453=B_SPLINE_CURVE_WITH_KNOTS('',2,(#10387,#10388,#10389),
 .UNSPECIFIED.,.F.,.F.,(3,3),(0.,1.),.PIECEWISE_BEZIER_KNOTS.);
#454=B_SPLINE_CURVE_WITH_KNOTS('',2,(#10400,#10401,#10402),
 .UNSPECIFIED.,.F.,.F.,(3,3),(0.,1.),.PIECEWISE_BEZIER_KNOTS.);
#455=B_SPLINE_CURVE_WITH_KNOTS('',2,(#10413,#10414,#10415),
 .UNSPECIFIED.,.F.,.F.,(3,3),(0.,1.),.PIECEWISE_BEZIER_KNOTS.);
#456=B_SPLINE_CURVE_WITH_KNOTS('',2,(#10430,#10431,#10432),
 .UNSPECIFIED.,.F.,.F.,(3,3),(0.,1.),.PIECEWISE_BEZIER_KNOTS.);
#457=B_SPLINE_CURVE_WITH_KNOTS('',2,(#10443,#10444,#10445),
 .UNSPECIFIED.,.F.,.F.,(3,3),(0.,1.),.PIECEWISE_BEZIER_KNOTS.);
#458=B_SPLINE_CURVE_WITH_KNOTS('',2,(#10456,#10457,#10458),
 .UNSPECIFIED.,.F.,.F.,(3,3),(0.,1.),.PIECEWISE_BEZIER_KNOTS.);
#459=B_SPLINE_CURVE_WITH_KNOTS('',2,(#10469,#10470,#10471),
 .UNSPECIFIED.,.F.,.F.,(3,3),(0.,1.),.PIECEWISE_BEZIER_KNOTS.);
#460=B_SPLINE_CURVE_WITH_KNOTS('',2,(#10482,#10483,#10484),
 .UNSPECIFIED.,.F.,.F.,(3,3),(0.,1.),.PIECEWISE_BEZIER_KNOTS.);
#461=B_SPLINE_CURVE_WITH_KNOTS('',2,(#10493,#10494,#10495),
 .UNSPECIFIED.,.F.,.F.,(3,3),(0.,1.),.PIECEWISE_BEZIER_KNOTS.);
#462=B_SPLINE_CURVE_WITH_KNOTS('',2,(#10504,#10505,#10506),
 .UNSPECIFIED.,.F.,.F.,(3,3),(0.,1.),.PIECEWISE_BEZIER_KNOTS.);
#463=B_SPLINE_CURVE_WITH_KNOTS('',2,(#10507,#10508,#10509),
 .UNSPECIFIED.,.F.,.F.,(3,3),(0.,1.),.PIECEWISE_BEZIER_KNOTS.);
#464=B_SPLINE_CURVE_WITH_KNOTS('',2,(#10528,#10529,#10530),
 .UNSPECIFIED.,.F.,.F.,(3,3),(0.,1.),.PIECEWISE_BEZIER_KNOTS.);
#465=B_SPLINE_CURVE_WITH_KNOTS('',2,(#10534,#10535,#10536),
 .UNSPECIFIED.,.F.,.F.,(3,3),(0.,1.),.PIECEWISE_BEZIER_KNOTS.);
#466=B_SPLINE_CURVE_WITH_KNOTS('',2,(#10545,#10546,#10547),
 .UNSPECIFIED.,.F.,.F.,(3,3),(0.,1.),.PIECEWISE_BEZIER_KNOTS.);
#467=B_SPLINE_CURVE_WITH_KNOTS('',2,(#10551,#10552,#10553),
 .UNSPECIFIED.,.F.,.F.,(3,3),(0.,1.),.PIECEWISE_BEZIER_KNOTS.);
#468=B_SPLINE_CURVE_WITH_KNOTS('',2,(#10562,#10563,#10564),
 .UNSPECIFIED.,.F.,.F.,(3,3),(0.,1.),.PIECEWISE_BEZIER_KNOTS.);
#469=B_SPLINE_CURVE_WITH_KNOTS('',2,(#10568,#10569,#10570),
 .UNSPECIFIED.,.F.,.F.,(3,3),(0.,1.),.PIECEWISE_BEZIER_KNOTS.);
#470=B_SPLINE_CURVE_WITH_KNOTS('',2,(#10579,#10580,#10581),
 .UNSPECIFIED.,.F.,.F.,(3,3),(0.,1.),.PIECEWISE_BEZIER_KNOTS.);
#471=B_SPLINE_CURVE_WITH_KNOTS('',2,(#10585,#10586,#10587),
 .UNSPECIFIED.,.F.,.F.,(3,3),(0.,1.),.PIECEWISE_BEZIER_KNOTS.);
#472=B_SPLINE_CURVE_WITH_KNOTS('',2,(#10596,#10597,#10598),
 .UNSPECIFIED.,.F.,.F.,(3,3),(0.,1.),.PIECEWISE_BEZIER_KNOTS.);
#473=B_SPLINE_CURVE_WITH_KNOTS('',2,(#10602,#10603,#10604),
 .UNSPECIFIED.,.F.,.F.,(3,3),(0.,1.),.PIECEWISE_BEZIER_KNOTS.);
#474=B_SPLINE_CURVE_WITH_KNOTS('',2,(#10613,#10614,#10615),
 .UNSPECIFIED.,.F.,.F.,(3,3),(0.,1.),.PIECEWISE_BEZIER_KNOTS.);
#475=B_SPLINE_CURVE_WITH_KNOTS('',2,(#10619,#10620,#10621),
 .UNSPECIFIED.,.F.,.F.,(3,3),(0.,1.),.PIECEWISE_BEZIER_KNOTS.);
#476=B_SPLINE_CURVE_WITH_KNOTS('',2,(#10630,#10631,#10632),
 .UNSPECIFIED.,.F.,.F.,(3,3),(0.,1.),.PIECEWISE_BEZIER_KNOTS.);
#477=B_SPLINE_CURVE_WITH_KNOTS('',2,(#10636,#10637,#10638),
 .UNSPECIFIED.,.F.,.F.,(3,3),(0.,1.),.PIECEWISE_BEZIER_KNOTS.);
#478=B_SPLINE_CURVE_WITH_KNOTS('',2,(#10649,#10650,#10651),
 .UNSPECIFIED.,.F.,.F.,(3,3),(0.,1.),.PIECEWISE_BEZIER_KNOTS.);
#479=B_SPLINE_CURVE_WITH_KNOTS('',2,(#10668,#10669,#10670),
 .UNSPECIFIED.,.F.,.F.,(3,3),(0.,1.),.PIECEWISE_BEZIER_KNOTS.);
#480=B_SPLINE_CURVE_WITH_KNOTS('',2,(#10681,#10682,#10683),
 .UNSPECIFIED.,.F.,.F.,(3,3),(0.,1.),.PIECEWISE_BEZIER_KNOTS.);
#481=B_SPLINE_CURVE_WITH_KNOTS('',2,(#10694,#10695,#10696),
 .UNSPECIFIED.,.F.,.F.,(3,3),(0.,1.),.PIECEWISE_BEZIER_KNOTS.);
#482=B_SPLINE_CURVE_WITH_KNOTS('',2,(#10707,#10708,#10709),
 .UNSPECIFIED.,.F.,.F.,(3,3),(0.,1.),.PIECEWISE_BEZIER_KNOTS.);
#483=B_SPLINE_CURVE_WITH_KNOTS('',2,(#10720,#10721,#10722),
 .UNSPECIFIED.,.F.,.F.,(3,3),(0.,1.),.PIECEWISE_BEZIER_KNOTS.);
#484=B_SPLINE_CURVE_WITH_KNOTS('',2,(#10733,#10734,#10735),
 .UNSPECIFIED.,.F.,.F.,(3,3),(0.,1.),.PIECEWISE_BEZIER_KNOTS.);
#485=B_SPLINE_CURVE_WITH_KNOTS('',2,(#10746,#10747,#10748),
 .UNSPECIFIED.,.F.,.F.,(3,3),(0.,1.),.PIECEWISE_BEZIER_KNOTS.);
#486=B_SPLINE_CURVE_WITH_KNOTS('',2,(#10763,#10764,#10765),
 .UNSPECIFIED.,.F.,.F.,(3,3),(0.,1.),.PIECEWISE_BEZIER_KNOTS.);
#487=B_SPLINE_CURVE_WITH_KNOTS('',2,(#10776,#10777,#10778),
 .UNSPECIFIED.,.F.,.F.,(3,3),(0.,1.),.PIECEWISE_BEZIER_KNOTS.);
#488=B_SPLINE_CURVE_WITH_KNOTS('',2,(#10789,#10790,#10791),
 .UNSPECIFIED.,.F.,.F.,(3,3),(0.,1.),.PIECEWISE_BEZIER_KNOTS.);
#489=B_SPLINE_CURVE_WITH_KNOTS('',2,(#10802,#10803,#10804),
 .UNSPECIFIED.,.F.,.F.,(3,3),(0.,1.),.PIECEWISE_BEZIER_KNOTS.);
#490=B_SPLINE_CURVE_WITH_KNOTS('',2,(#10815,#10816,#10817),
 .UNSPECIFIED.,.F.,.F.,(3,3),(0.,1.),.PIECEWISE_BEZIER_KNOTS.);
#491=B_SPLINE_CURVE_WITH_KNOTS('',2,(#10828,#10829,#10830),
 .UNSPECIFIED.,.F.,.F.,(3,3),(0.,1.),.PIECEWISE_BEZIER_KNOTS.);
#492=B_SPLINE_CURVE_WITH_KNOTS('',2,(#10839,#10840,#10841),
 .UNSPECIFIED.,.F.,.F.,(3,3),(0.,1.),.PIECEWISE_BEZIER_KNOTS.);
#493=B_SPLINE_CURVE_WITH_KNOTS('',2,(#10854,#10855,#10856),
 .UNSPECIFIED.,.F.,.F.,(3,3),(0.,1.),.PIECEWISE_BEZIER_KNOTS.);
#494=B_SPLINE_CURVE_WITH_KNOTS('',2,(#10861,#10862,#10863),
 .UNSPECIFIED.,.F.,.F.,(3,3),(0.,1.),.PIECEWISE_BEZIER_KNOTS.);
#495=B_SPLINE_CURVE_WITH_KNOTS('',2,(#10874,#10875,#10876),
 .UNSPECIFIED.,.F.,.F.,(3,3),(0.,1.),.PIECEWISE_BEZIER_KNOTS.);
#496=B_SPLINE_CURVE_WITH_KNOTS('',2,(#10880,#10881,#10882),
 .UNSPECIFIED.,.F.,.F.,(3,3),(0.,1.),.PIECEWISE_BEZIER_KNOTS.);
#497=B_SPLINE_CURVE_WITH_KNOTS('',2,(#10891,#10892,#10893),
 .UNSPECIFIED.,.F.,.F.,(3,3),(0.,1.),.PIECEWISE_BEZIER_KNOTS.);
#498=B_SPLINE_CURVE_WITH_KNOTS('',2,(#10897,#10898,#10899),
 .UNSPECIFIED.,.F.,.F.,(3,3),(0.,1.),.PIECEWISE_BEZIER_KNOTS.);
#499=B_SPLINE_CURVE_WITH_KNOTS('',2,(#10908,#10909,#10910),
 .UNSPECIFIED.,.F.,.F.,(3,3),(0.,1.),.PIECEWISE_BEZIER_KNOTS.);
#500=B_SPLINE_CURVE_WITH_KNOTS('',2,(#10914,#10915,#10916),
 .UNSPECIFIED.,.F.,.F.,(3,3),(0.,1.),.PIECEWISE_BEZIER_KNOTS.);
#501=B_SPLINE_CURVE_WITH_KNOTS('',2,(#10925,#10926,#10927),
 .UNSPECIFIED.,.F.,.F.,(3,3),(0.,1.),.PIECEWISE_BEZIER_KNOTS.);
#502=B_SPLINE_CURVE_WITH_KNOTS('',2,(#10931,#10932,#10933),
 .UNSPECIFIED.,.F.,.F.,(3,3),(0.,1.),.PIECEWISE_BEZIER_KNOTS.);
#503=B_SPLINE_CURVE_WITH_KNOTS('',2,(#10942,#10943,#10944),
 .UNSPECIFIED.,.F.,.F.,(3,3),(0.,1.),.PIECEWISE_BEZIER_KNOTS.);
#504=B_SPLINE_CURVE_WITH_KNOTS('',2,(#10948,#10949,#10950),
 .UNSPECIFIED.,.F.,.F.,(3,3),(0.,1.),.PIECEWISE_BEZIER_KNOTS.);
#505=B_SPLINE_CURVE_WITH_KNOTS('',2,(#10959,#10960,#10961),
 .UNSPECIFIED.,.F.,.F.,(3,3),(0.,1.),.PIECEWISE_BEZIER_KNOTS.);
#506=B_SPLINE_CURVE_WITH_KNOTS('',2,(#10965,#10966,#10967),
 .UNSPECIFIED.,.F.,.F.,(3,3),(0.,1.),.PIECEWISE_BEZIER_KNOTS.);
#507=B_SPLINE_CURVE_WITH_KNOTS('',2,(#10976,#10977,#10978),
 .UNSPECIFIED.,.F.,.F.,(3,3),(0.,1.),.PIECEWISE_BEZIER_KNOTS.);
#508=B_SPLINE_CURVE_WITH_KNOTS('',2,(#10982,#10983,#10984),
 .UNSPECIFIED.,.F.,.F.,(3,3),(0.,1.),.PIECEWISE_BEZIER_KNOTS.);
#509=B_SPLINE_CURVE_WITH_KNOTS('',2,(#10993,#10994,#10995),
 .UNSPECIFIED.,.F.,.F.,(3,3),(0.,1.),.PIECEWISE_BEZIER_KNOTS.);
#510=B_SPLINE_CURVE_WITH_KNOTS('',2,(#10999,#11000,#11001),
 .UNSPECIFIED.,.F.,.F.,(3,3),(0.,1.),.PIECEWISE_BEZIER_KNOTS.);
#511=B_SPLINE_CURVE_WITH_KNOTS('',2,(#11010,#11011,#11012),
 .UNSPECIFIED.,.F.,.F.,(3,3),(0.,1.),.PIECEWISE_BEZIER_KNOTS.);
#512=B_SPLINE_CURVE_WITH_KNOTS('',2,(#11016,#11017,#11018),
 .UNSPECIFIED.,.F.,.F.,(3,3),(0.,1.),.PIECEWISE_BEZIER_KNOTS.);
#513=B_SPLINE_CURVE_WITH_KNOTS('',2,(#11027,#11028,#11029),
 .UNSPECIFIED.,.F.,.F.,(3,3),(0.,1.),.PIECEWISE_BEZIER_KNOTS.);
#514=B_SPLINE_CURVE_WITH_KNOTS('',2,(#11033,#11034,#11035),
 .UNSPECIFIED.,.F.,.F.,(3,3),(0.,1.),.PIECEWISE_BEZIER_KNOTS.);
#515=B_SPLINE_CURVE_WITH_KNOTS('',2,(#11046,#11047,#11048),
 .UNSPECIFIED.,.F.,.F.,(3,3),(0.,1.),.PIECEWISE_BEZIER_KNOTS.);
#516=B_SPLINE_CURVE_WITH_KNOTS('',2,(#11061,#11062,#11063),
 .UNSPECIFIED.,.F.,.F.,(3,3),(0.,1.),.PIECEWISE_BEZIER_KNOTS.);
#517=B_SPLINE_CURVE_WITH_KNOTS('',2,(#11074,#11075,#11076),
 .UNSPECIFIED.,.F.,.F.,(3,3),(0.,1.),.PIECEWISE_BEZIER_KNOTS.);
#518=B_SPLINE_CURVE_WITH_KNOTS('',2,(#11087,#11088,#11089),
 .UNSPECIFIED.,.F.,.F.,(3,3),(0.,1.),.PIECEWISE_BEZIER_KNOTS.);
#519=B_SPLINE_CURVE_WITH_KNOTS('',2,(#11100,#11101,#11102),
 .UNSPECIFIED.,.F.,.F.,(3,3),(0.,1.),.PIECEWISE_BEZIER_KNOTS.);
#520=B_SPLINE_CURVE_WITH_KNOTS('',2,(#11113,#11114,#11115),
 .UNSPECIFIED.,.F.,.F.,(3,3),(0.,1.),.PIECEWISE_BEZIER_KNOTS.);
#521=B_SPLINE_CURVE_WITH_KNOTS('',2,(#11126,#11127,#11128),
 .UNSPECIFIED.,.F.,.F.,(3,3),(0.,1.),.PIECEWISE_BEZIER_KNOTS.);
#522=B_SPLINE_CURVE_WITH_KNOTS('',2,(#11137,#11138,#11139),
 .UNSPECIFIED.,.F.,.F.,(3,3),(0.,1.),.PIECEWISE_BEZIER_KNOTS.);
#523=B_SPLINE_CURVE_WITH_KNOTS('',2,(#11148,#11149,#11150),
 .UNSPECIFIED.,.F.,.F.,(3,3),(0.,1.),.PIECEWISE_BEZIER_KNOTS.);
#524=B_SPLINE_CURVE_WITH_KNOTS('',2,(#11151,#11152,#11153),
 .UNSPECIFIED.,.F.,.F.,(3,3),(0.,1.),.PIECEWISE_BEZIER_KNOTS.);
#525=B_SPLINE_CURVE_WITH_KNOTS('',3,(#11164,#11165,#11166,#11167),
 .UNSPECIFIED.,.F.,.F.,(4,4),(2.95134903269527E-7,0.000557076342304703),
 .UNSPECIFIED.);
#526=B_SPLINE_CURVE_WITH_KNOTS('',3,(#11168,#11169,#11170,#11171),
 .UNSPECIFIED.,.F.,.F.,(4,4),(3.47768904531376E-7,0.000557128976304337),
 .UNSPECIFIED.);
#527=B_SPLINE_CURVE_WITH_KNOTS('',3,(#11176,#11177,#11178,#11179),
 .UNSPECIFIED.,.F.,.F.,(4,4),(2.95134904315436E-7,0.00055707634230577),
 .UNSPECIFIED.);
#528=B_SPLINE_CURVE_WITH_KNOTS('',3,(#11180,#11181,#11182,#11183),
 .UNSPECIFIED.,.F.,.F.,(4,4),(3.4776890265854E-7,0.000557128976302471),
 .UNSPECIFIED.);
#529=B_SPLINE_CURVE_WITH_KNOTS('',3,(#11188,#11189,#11190,#11191),
 .UNSPECIFIED.,.F.,.F.,(4,4),(2.95134901906928E-7,0.000557076342303342),
 .UNSPECIFIED.);
#530=B_SPLINE_CURVE_WITH_KNOTS('',3,(#11192,#11193,#11194,#11195),
 .UNSPECIFIED.,.F.,.F.,(4,4),(3.4776890451067E-7,0.000557128976305964),
 .UNSPECIFIED.);
#531=B_SPLINE_CURVE_WITH_KNOTS('',3,(#11200,#11201,#11202,#11203),
 .UNSPECIFIED.,.F.,.F.,(4,4),(2.95134901906278E-7,0.000557076342303327),
 .UNSPECIFIED.);
#532=B_SPLINE_CURVE_WITH_KNOTS('',3,(#11204,#11205,#11206,#11207),
 .UNSPECIFIED.,.F.,.F.,(4,4),(3.47768903320011E-7,0.000557128976303136),
 .UNSPECIFIED.);
#533=B_SPLINE_CURVE_WITH_KNOTS('',3,(#11212,#11213,#11214,#11215),
 .UNSPECIFIED.,.F.,.F.,(4,4),(2.95134901904573E-7,0.000557076342303335),
 .UNSPECIFIED.);
#534=B_SPLINE_CURVE_WITH_KNOTS('',3,(#11216,#11217,#11218,#11219),
 .UNSPECIFIED.,.F.,.F.,(4,4),(3.47768904520346E-7,0.000557128976304352),
 .UNSPECIFIED.);
#535=B_SPLINE_CURVE_WITH_KNOTS('',3,(#11224,#11225,#11226,#11227),
 .UNSPECIFIED.,.F.,.F.,(4,4),(2.95134901903418E-7,0.000557076342303338),
 .UNSPECIFIED.);
#536=B_SPLINE_CURVE_WITH_KNOTS('',3,(#11228,#11229,#11230,#11231),
 .UNSPECIFIED.,.F.,.F.,(4,4),(3.47768904531376E-7,0.000557128976304337),
 .UNSPECIFIED.);
#537=B_SPLINE_CURVE_WITH_KNOTS('',3,(#11236,#11237,#11238,#11239),
 .UNSPECIFIED.,.F.,.F.,(4,4),(2.95134904315436E-7,0.00055707634230577),
 .UNSPECIFIED.);
#538=B_SPLINE_CURVE_WITH_KNOTS('',3,(#11240,#11241,#11242,#11243),
 .UNSPECIFIED.,.F.,.F.,(4,4),(3.47768904534573E-7,0.000557128976304345),
 .UNSPECIFIED.);
#539=B_SPLINE_CURVE_WITH_KNOTS('',3,(#11248,#11249,#11250,#11251),
 .UNSPECIFIED.,.F.,.F.,(4,4),(2.9513490190654E-7,0.000557076342303342),
 .UNSPECIFIED.);
#540=B_SPLINE_CURVE_WITH_KNOTS('',3,(#11252,#11253,#11254,#11255),
 .UNSPECIFIED.,.F.,.F.,(4,4),(3.47768903652523E-7,0.000557128976305108),
 .UNSPECIFIED.);
#541=B_SPLINE_CURVE_WITH_KNOTS('',3,(#11260,#11261,#11262,#11263),
 .UNSPECIFIED.,.F.,.F.,(4,4),(2.95134901906278E-7,0.000557076342303328),
 .UNSPECIFIED.);
#542=B_SPLINE_CURVE_WITH_KNOTS('',3,(#11264,#11265,#11266,#11267),
 .UNSPECIFIED.,.F.,.F.,(4,4),(3.47768903320011E-7,0.000557128976303137),
 .UNSPECIFIED.);
#543=B_SPLINE_CURVE_WITH_KNOTS('',3,(#11272,#11273,#11274,#11275),
 .UNSPECIFIED.,.F.,.F.,(4,4),(2.95134901904072E-7,0.000557076342303332),
 .UNSPECIFIED.);
#544=B_SPLINE_CURVE_WITH_KNOTS('',3,(#11276,#11277,#11278,#11279),
 .UNSPECIFIED.,.F.,.F.,(4,4),(3.47768904520346E-7,0.000557128976304352),
 .UNSPECIFIED.);
#545=B_SPLINE_CURVE_WITH_KNOTS('',3,(#11284,#11285,#11286,#11287),
 .UNSPECIFIED.,.F.,.F.,(4,4),(2.87639294079771E-7,0.000146661953792647),
 .UNSPECIFIED.);
#546=B_SPLINE_CURVE_WITH_KNOTS('',3,(#11288,#11289,#11290,#11291),
 .UNSPECIFIED.,.F.,.F.,(4,4),(2.980106114505E-7,0.000146672325110003),
 .UNSPECIFIED.);
#547=B_SPLINE_CURVE_WITH_KNOTS('',3,(#11295,#11296,#11297,#11298),
 .UNSPECIFIED.,.F.,.F.,(4,4),(2.93752041474069E-7,0.000145040752968094),
 .UNSPECIFIED.);
#548=B_SPLINE_CURVE_WITH_KNOTS('',3,(#11299,#11300,#11301,#11302),
 .UNSPECIFIED.,.F.,.F.,(4,4),(2.85383101606228E-7,0.000145032384028196),
 .UNSPECIFIED.);
#549=B_SPLINE_CURVE_WITH_KNOTS('',3,(#11307,#11308,#11309,#11310),
 .UNSPECIFIED.,.F.,.F.,(4,4),(2.87639294074229E-7,0.000146661953792626),
 .UNSPECIFIED.);
#550=B_SPLINE_CURVE_WITH_KNOTS('',3,(#11311,#11312,#11313,#11314),
 .UNSPECIFIED.,.F.,.F.,(4,4),(2.98010612240477E-7,0.000146672325112419),
 .UNSPECIFIED.);
#551=B_SPLINE_CURVE_WITH_KNOTS('',3,(#11318,#11319,#11320,#11321),
 .UNSPECIFIED.,.F.,.F.,(4,4),(2.93752039051138E-7,0.000145040752966569),
 .UNSPECIFIED.);
#552=B_SPLINE_CURVE_WITH_KNOTS('',3,(#11322,#11323,#11324,#11325),
 .UNSPECIFIED.,.F.,.F.,(4,4),(2.85383101499336E-7,0.000145032384028124),
 .UNSPECIFIED.);
#553=B_SPLINE_CURVE_WITH_KNOTS('',3,(#11327,#11328,#11329,#11330),
 .UNSPECIFIED.,.F.,.F.,(4,4),(2.9801061221866E-7,0.00014667232511243),
 .UNSPECIFIED.);
#554=B_SPLINE_CURVE_WITH_KNOTS('',3,(#11334,#11335,#11336,#11337),
 .UNSPECIFIED.,.F.,.F.,(4,4),(2.9375204180053E-7,0.000145040752968424),
 .UNSPECIFIED.);
#555=B_SPLINE_CURVE_WITH_KNOTS('',3,(#11338,#11339,#11340,#11341),
 .UNSPECIFIED.,.F.,.F.,(4,4),(2.85383101490905E-7,0.000145032384028111),
 .UNSPECIFIED.);
#556=B_SPLINE_CURVE_WITH_KNOTS('',3,(#11345,#11346,#11347,#11348),
 .UNSPECIFIED.,.F.,.F.,(4,4),(2.87639294073034E-7,0.000146661953792647),
 .UNSPECIFIED.);
#557=B_SPLINE_CURVE_WITH_KNOTS('',3,(#11350,#11351,#11352,#11353),
 .UNSPECIFIED.,.F.,.F.,(4,4),(2.9801061223329E-7,0.000146672325112425),
 .UNSPECIFIED.);
#558=B_SPLINE_CURVE_WITH_KNOTS('',3,(#11357,#11358,#11359,#11360),
 .UNSPECIFIED.,.F.,.F.,(4,4),(2.93752040834514E-7,0.000145040752968345),
 .UNSPECIFIED.);
#559=B_SPLINE_CURVE_WITH_KNOTS('',3,(#11361,#11362,#11363,#11364),
 .UNSPECIFIED.,.F.,.F.,(4,4),(2.8538310150786E-7,0.000145032384028114),
 .UNSPECIFIED.);
#560=B_SPLINE_CURVE_WITH_KNOTS('',3,(#11368,#11369,#11370,#11371),
 .UNSPECIFIED.,.F.,.F.,(4,4),(2.87639294235331E-7,0.000146661953792812),
 .UNSPECIFIED.);
#561=B_SPLINE_CURVE_WITH_KNOTS('',3,(#11373,#11374,#11375,#11376),
 .UNSPECIFIED.,.F.,.F.,(4,4),(2.98010612213868E-7,0.000146672325112399),
 .UNSPECIFIED.);
#562=B_SPLINE_CURVE_WITH_KNOTS('',3,(#11380,#11381,#11382,#11383),
 .UNSPECIFIED.,.F.,.F.,(4,4),(2.93752040941688E-7,0.000145040752968458),
 .UNSPECIFIED.);
#563=B_SPLINE_CURVE_WITH_KNOTS('',3,(#11384,#11385,#11386,#11387),
 .UNSPECIFIED.,.F.,.F.,(4,4),(2.85383103493932E-7,0.000145032384030109),
 .UNSPECIFIED.);
#564=B_SPLINE_CURVE_WITH_KNOTS('',3,(#11391,#11392,#11393,#11394),
 .UNSPECIFIED.,.F.,.F.,(4,4),(2.87639294061178E-7,0.000146661953792636),
 .UNSPECIFIED.);
#565=B_SPLINE_CURVE_WITH_KNOTS('',3,(#11399,#11400,#11401,#11402),
 .UNSPECIFIED.,.F.,.F.,(4,4),(2.87639294061178E-7,0.000146661953792636),
 .UNSPECIFIED.);
#566=B_SPLINE_CURVE_WITH_KNOTS('',3,(#11403,#11404,#11405,#11406),
 .UNSPECIFIED.,.F.,.F.,(4,4),(2.98010610870207E-7,0.000146672325111062),
 .UNSPECIFIED.);
#567=B_SPLINE_CURVE_WITH_KNOTS('',3,(#11410,#11411,#11412,#11413),
 .UNSPECIFIED.,.F.,.F.,(4,4),(2.93752040941688E-7,0.000145040752968458),
 .UNSPECIFIED.);
#568=B_SPLINE_CURVE_WITH_KNOTS('',3,(#11414,#11415,#11416,#11417),
 .UNSPECIFIED.,.F.,.F.,(4,4),(2.85383101502303E-7,0.000145032384028127),
 .UNSPECIFIED.);
#569=B_SPLINE_CURVE_WITH_KNOTS('',3,(#11422,#11423,#11424,#11425),
 .UNSPECIFIED.,.F.,.F.,(4,4),(2.87639294238437E-7,0.000146661953792814),
 .UNSPECIFIED.);
#570=B_SPLINE_CURVE_WITH_KNOTS('',3,(#11426,#11427,#11428,#11429),
 .UNSPECIFIED.,.F.,.F.,(4,4),(2.98010612233782E-7,0.000146672325112423),
 .UNSPECIFIED.);
#571=B_SPLINE_CURVE_WITH_KNOTS('',3,(#11433,#11434,#11435,#11436),
 .UNSPECIFIED.,.F.,.F.,(4,4),(2.93752040834514E-7,0.000145040752968344),
 .UNSPECIFIED.);
#572=B_SPLINE_CURVE_WITH_KNOTS('',3,(#11437,#11438,#11439,#11440),
 .UNSPECIFIED.,.F.,.F.,(4,4),(2.85383101507225E-7,0.000145032384028113),
 .UNSPECIFIED.);
#573=B_SPLINE_CURVE_WITH_KNOTS('',3,(#11445,#11446,#11447,#11448),
 .UNSPECIFIED.,.F.,.F.,(4,4),(2.87639294073034E-7,0.000146661953792646),
 .UNSPECIFIED.);
#574=B_SPLINE_CURVE_WITH_KNOTS('',3,(#11449,#11450,#11451,#11452),
 .UNSPECIFIED.,.F.,.F.,(4,4),(2.9801061221866E-7,0.00014667232511243),
 .UNSPECIFIED.);
#575=B_SPLINE_CURVE_WITH_KNOTS('',3,(#11456,#11457,#11458,#11459),
 .UNSPECIFIED.,.F.,.F.,(4,4),(2.93752040699856E-7,0.000145040752968218),
 .UNSPECIFIED.);
#576=B_SPLINE_CURVE_WITH_KNOTS('',3,(#11460,#11461,#11462,#11463),
 .UNSPECIFIED.,.F.,.F.,(4,4),(2.85383101490905E-7,0.000145032384028111),
 .UNSPECIFIED.);
#577=B_SPLINE_CURVE_WITH_KNOTS('',3,(#11468,#11469,#11470,#11471),
 .UNSPECIFIED.,.F.,.F.,(4,4),(2.87639295067175E-7,0.000146661953793621),
 .UNSPECIFIED.);
#578=B_SPLINE_CURVE_WITH_KNOTS('',3,(#11472,#11473,#11474,#11475),
 .UNSPECIFIED.,.F.,.F.,(4,4),(2.98010612239737E-7,0.000146672325112417),
 .UNSPECIFIED.);
#579=B_SPLINE_CURVE_WITH_KNOTS('',3,(#11479,#11480,#11481,#11482),
 .UNSPECIFIED.,.F.,.F.,(4,4),(2.93752039051738E-7,0.000145040752966571),
 .UNSPECIFIED.);
#580=B_SPLINE_CURVE_WITH_KNOTS('',3,(#11483,#11484,#11485,#11486),
 .UNSPECIFIED.,.F.,.F.,(4,4),(2.85383101510997E-7,0.000145032384028134),
 .UNSPECIFIED.);
#581=B_SPLINE_CURVE_WITH_KNOTS('',3,(#11488,#11489,#11490,#11491),
 .UNSPECIFIED.,.F.,.F.,(4,4),(2.98010611450508E-7,0.000146672325110003),
 .UNSPECIFIED.);
#582=B_SPLINE_CURVE_WITH_KNOTS('',3,(#11495,#11496,#11497,#11498),
 .UNSPECIFIED.,.F.,.F.,(4,4),(2.93752040958028E-7,0.000145040752968491),
 .UNSPECIFIED.);
#583=B_SPLINE_CURVE_WITH_KNOTS('',3,(#11499,#11500,#11501,#11502),
 .UNSPECIFIED.,.F.,.F.,(4,4),(2.85383101606228E-7,0.000145032384028196),
 .UNSPECIFIED.);
#584=B_SPLINE_CURVE_WITH_KNOTS('',3,(#11506,#11507,#11508,#11509),
 .UNSPECIFIED.,.F.,.F.,(4,4),(2.87639294678948E-7,0.000146661953793246),
 .UNSPECIFIED.);
#585=CYLINDRICAL_SURFACE('',#6286,0.00115);
#586=CYLINDRICAL_SURFACE('',#6289,0.00115);
#587=CYLINDRICAL_SURFACE('',#6292,0.00115);
#588=CYLINDRICAL_SURFACE('',#6295,0.00115);
#589=CYLINDRICAL_SURFACE('',#6298,0.00115);
#590=CYLINDRICAL_SURFACE('',#6301,0.00115);
#591=CYLINDRICAL_SURFACE('',#6304,0.00115);
#592=CYLINDRICAL_SURFACE('',#6307,0.00115);
#593=CYLINDRICAL_SURFACE('',#6310,0.00115);
#594=CYLINDRICAL_SURFACE('',#6313,0.00115);
#595=CYLINDRICAL_SURFACE('',#6371,0.00265);
#596=CYLINDRICAL_SURFACE('',#6385,0.005);
#597=CYLINDRICAL_SURFACE('',#6386,0.005);
#598=CYLINDRICAL_SURFACE('',#6387,0.005);
#599=CYLINDRICAL_SURFACE('',#6388,0.005);
#600=CYLINDRICAL_SURFACE('',#6389,0.005);
#601=CYLINDRICAL_SURFACE('',#6390,0.005);
#602=CYLINDRICAL_SURFACE('',#6391,0.005);
#603=CYLINDRICAL_SURFACE('',#6392,0.005);
#604=CYLINDRICAL_SURFACE('',#6393,0.005);
#605=CYLINDRICAL_SURFACE('',#6394,0.005);
#606=CYLINDRICAL_SURFACE('',#6395,0.002);
#607=CYLINDRICAL_SURFACE('',#6396,0.002);
#608=CYLINDRICAL_SURFACE('',#6397,0.002);
#609=CYLINDRICAL_SURFACE('',#6398,0.002);
#610=CYLINDRICAL_SURFACE('',#6399,0.002);
#611=CYLINDRICAL_SURFACE('',#6400,0.002);
#612=CYLINDRICAL_SURFACE('',#6401,0.002);
#613=CYLINDRICAL_SURFACE('',#6402,0.002);
#614=CYLINDRICAL_SURFACE('',#6403,0.002);
#615=CYLINDRICAL_SURFACE('',#6404,0.002);
#616=CYLINDRICAL_SURFACE('',#6405,0.00515);
#617=CYLINDRICAL_SURFACE('',#6424,0.00190772419056009);
#618=CYLINDRICAL_SURFACE('',#6426,0.00193251925299872);
#619=CYLINDRICAL_SURFACE('',#6434,0.00755638621082309);
#620=CYLINDRICAL_SURFACE('',#6444,0.00170740679637817);
#621=CYLINDRICAL_SURFACE('',#6460,0.00156635308885916);
#622=CYLINDRICAL_SURFACE('',#6463,0.00219398768569321);
#623=CYLINDRICAL_SURFACE('',#6465,0.00320408504156558);
#624=CYLINDRICAL_SURFACE('',#6467,0.00246737480787078);
#625=CYLINDRICAL_SURFACE('',#6487,0.00213356612205912);
#626=CYLINDRICAL_SURFACE('',#6490,0.00204566947285347);
#627=CYLINDRICAL_SURFACE('',#6494,0.00217414197261158);
#628=CYLINDRICAL_SURFACE('',#6496,0.00155505498903033);
#629=CYLINDRICAL_SURFACE('',#6506,0.00115);
#630=CYLINDRICAL_SURFACE('',#6508,0.00115);
#631=CYLINDRICAL_SURFACE('',#6510,0.00115);
#632=CYLINDRICAL_SURFACE('',#6512,0.00115);
#633=CYLINDRICAL_SURFACE('',#6514,0.00115);
#634=CYLINDRICAL_SURFACE('',#6516,0.00115);
#635=CYLINDRICAL_SURFACE('',#6518,0.00115);
#636=CYLINDRICAL_SURFACE('',#6520,0.00115);
#637=CYLINDRICAL_SURFACE('',#6522,0.00115);
#638=CYLINDRICAL_SURFACE('',#6524,0.00115);
#639=CIRCLE('',#6246,0.002);
#640=CIRCLE('',#6247,0.005);
#641=CIRCLE('',#6248,0.002);
#642=CIRCLE('',#6249,0.005);
#643=CIRCLE('',#6250,0.002);
#644=CIRCLE('',#6251,0.005);
#645=CIRCLE('',#6252,0.002);
#646=CIRCLE('',#6253,0.005);
#647=CIRCLE('',#6254,0.002);
#648=CIRCLE('',#6255,0.005);
#649=CIRCLE('',#6256,0.002);
#650=CIRCLE('',#6257,0.005);
#651=CIRCLE('',#6258,0.002);
#652=CIRCLE('',#6259,0.005);
#653=CIRCLE('',#6260,0.002);
#654=CIRCLE('',#6261,0.005);
#655=CIRCLE('',#6262,0.002);
#656=CIRCLE('',#6263,0.005);
#657=CIRCLE('',#6264,0.002);
#658=CIRCLE('',#6265,0.005);
#659=CIRCLE('',#6266,0.0183666666666666);
#660=CIRCLE('',#6267,0.00115);
#661=CIRCLE('',#6268,0.0183666666666666);
#662=CIRCLE('',#6269,0.00115);
#663=CIRCLE('',#6270,0.0183666666666666);
#664=CIRCLE('',#6271,0.00115);
#665=CIRCLE('',#6272,0.0183666666666666);
#666=CIRCLE('',#6273,0.00115);
#667=CIRCLE('',#6274,0.0183666666666666);
#668=CIRCLE('',#6275,0.00115);
#669=CIRCLE('',#6276,0.0183666666666666);
#670=CIRCLE('',#6277,0.00115);
#671=CIRCLE('',#6278,0.0183666666666666);
#672=CIRCLE('',#6279,0.00115);
#673=CIRCLE('',#6280,0.0183666666666666);
#674=CIRCLE('',#6281,0.00115);
#675=CIRCLE('',#6282,0.0183666666666666);
#676=CIRCLE('',#6283,0.00115);
#677=CIRCLE('',#6284,0.0183666666666666);
#678=CIRCLE('',#6285,0.00115);
#679=CIRCLE('',#6287,0.00115);
#680=CIRCLE('',#6288,0.00115);
#681=CIRCLE('',#6290,0.00115);
#682=CIRCLE('',#6291,0.00115);
#683=CIRCLE('',#6293,0.00115);
#684=CIRCLE('',#6294,0.00115);
#685=CIRCLE('',#6296,0.00115);
#686=CIRCLE('',#6297,0.00115);
#687=CIRCLE('',#6299,0.00115);
#688=CIRCLE('',#6300,0.00115);
#689=CIRCLE('',#6302,0.00115);
#690=CIRCLE('',#6303,0.00115);
#691=CIRCLE('',#6305,0.00115);
#692=CIRCLE('',#6306,0.00115);
#693=CIRCLE('',#6308,0.00115);
#694=CIRCLE('',#6309,0.00115);
#695=CIRCLE('',#6311,0.00115);
#696=CIRCLE('',#6312,0.00115);
#697=CIRCLE('',#6314,0.00115);
#698=CIRCLE('',#6315,0.00115);
#699=CIRCLE('',#6317,0.00217414197261158);
#700=CIRCLE('',#6318,0.002);
#701=CIRCLE('',#6319,0.005);
#702=CIRCLE('',#6320,0.002);
#703=CIRCLE('',#6321,0.005);
#704=CIRCLE('',#6322,0.002);
#705=CIRCLE('',#6323,0.005);
#706=CIRCLE('',#6324,0.002);
#707=CIRCLE('',#6325,0.005);
#708=CIRCLE('',#6326,0.002);
#709=CIRCLE('',#6327,0.005);
#710=CIRCLE('',#6328,0.002);
#711=CIRCLE('',#6329,0.005);
#712=CIRCLE('',#6330,0.002);
#713=CIRCLE('',#6331,0.005);
#714=CIRCLE('',#6332,0.002);
#715=CIRCLE('',#6333,0.005);
#716=CIRCLE('',#6334,0.002);
#717=CIRCLE('',#6335,0.005);
#718=CIRCLE('',#6336,0.002);
#719=CIRCLE('',#6337,0.005);
#720=CIRCLE('',#6338,0.00515);
#721=CIRCLE('',#6339,0.00193251925299872);
#722=CIRCLE('',#6340,0.00190772419056009);
#723=CIRCLE('',#6341,0.00755638621082309);
#724=CIRCLE('',#6342,0.00170740679637817);
#725=CIRCLE('',#6343,0.00246737480787078);
#726=CIRCLE('',#6344,0.00320408504156558);
#727=CIRCLE('',#6345,0.00219398768569321);
#728=CIRCLE('',#6346,0.00156635308885916);
#729=CIRCLE('',#6347,0.00213356612205912);
#730=CIRCLE('',#6349,0.00265);
#731=CIRCLE('',#6350,0.0036);
#732=CIRCLE('',#6372,0.00265);
#733=CIRCLE('',#6374,0.0167333333333334);
#734=CIRCLE('',#6375,0.0167333333333334);
#735=CIRCLE('',#6376,0.0167333333333334);
#736=CIRCLE('',#6377,0.0167333333333334);
#737=CIRCLE('',#6378,0.0167333333333334);
#738=CIRCLE('',#6379,0.0167333333333334);
#739=CIRCLE('',#6380,0.0167333333333334);
#740=CIRCLE('',#6381,0.0167333333333334);
#741=CIRCLE('',#6382,0.0167333333333334);
#742=CIRCLE('',#6383,0.0167333333333334);
#743=CIRCLE('',#6384,0.00515);
#744=CIRCLE('',#6406,0.00515);
#745=CIRCLE('',#6408,0.00475);
#746=CIRCLE('',#6409,0.00305);
#747=CIRCLE('',#6411,0.00435);
#748=CIRCLE('',#6413,0.0044);
#749=CIRCLE('',#6425,0.00190772419056009);
#750=CIRCLE('',#6427,0.00193251925299872);
#751=CIRCLE('',#6435,0.00755638621082309);
#752=CIRCLE('',#6445,0.00170740679637817);
#753=CIRCLE('',#6461,0.00156635308885916);
#754=CIRCLE('',#6464,0.00219398768569321);
#755=CIRCLE('',#6466,0.00320408504156558);
#756=CIRCLE('',#6468,0.00246737480787078);
#757=CIRCLE('',#6488,0.00213356612205912);
#758=CIRCLE('',#6491,0.00204566947285347);
#759=CIRCLE('',#6492,0.00204566947285347);
#760=CIRCLE('',#6495,0.00217414197261158);
#761=CIRCLE('',#6497,0.00155505498903033);
#762=CIRCLE('',#6498,0.00155505498903033);
#763=CIRCLE('',#6507,0.00115);
#764=CIRCLE('',#6509,0.00115);
#765=CIRCLE('',#6511,0.00115);
#766=CIRCLE('',#6513,0.00115);
#767=CIRCLE('',#6515,0.00115);
#768=CIRCLE('',#6517,0.00115);
#769=CIRCLE('',#6519,0.00115);
#770=CIRCLE('',#6521,0.00115);
#771=CIRCLE('',#6523,0.00115);
#772=CIRCLE('',#6525,0.00115);
#773=CIRCLE('',#6527,0.00114564392373896);
#774=CIRCLE('',#6528,0.00114564392373896);
#775=CIRCLE('',#6530,0.00114564392373896);
#776=CIRCLE('',#6531,0.00114564392373896);
#777=CIRCLE('',#6533,0.00114564392373896);
#778=CIRCLE('',#6534,0.00114564392373896);
#779=CIRCLE('',#6536,0.00114564392373896);
#780=CIRCLE('',#6537,0.00114564392373896);
#781=CIRCLE('',#6539,0.00114564392373896);
#782=CIRCLE('',#6540,0.00114564392373896);
#783=CIRCLE('',#6542,0.00114564392373896);
#784=CIRCLE('',#6543,0.00114564392373896);
#785=CIRCLE('',#6545,0.00114564392373896);
#786=CIRCLE('',#6546,0.00114564392373896);
#787=CIRCLE('',#6548,0.00114564392373896);
#788=CIRCLE('',#6549,0.00114564392373896);
#789=CIRCLE('',#6551,0.00114564392373896);
#790=CIRCLE('',#6552,0.00114564392373896);
#791=CIRCLE('',#6554,0.00114564392373896);
#792=CIRCLE('',#6555,0.00114564392373896);
#793=CIRCLE('',#6557,0.0179166666666667);
#794=CIRCLE('',#6558,0.0171833333333334);
#795=CIRCLE('',#6562,0.0171833333333334);
#796=CIRCLE('',#6563,0.0179166666666667);
#797=CIRCLE('',#6567,0.0179166666666667);
#798=CIRCLE('',#6568,0.0171833333333334);
#799=CIRCLE('',#6572,0.0179166666666667);
#800=CIRCLE('',#6573,0.0171833333333334);
#801=CIRCLE('',#6577,0.0179166666666667);
#802=CIRCLE('',#6578,0.0171833333333334);
#803=CIRCLE('',#6582,0.0179166666666667);
#804=CIRCLE('',#6583,0.0171833333333334);
#805=CIRCLE('',#6587,0.0171833333333334);
#806=CIRCLE('',#6588,0.0179166666666667);
#807=CIRCLE('',#6592,0.0171833333333334);
#808=CIRCLE('',#6593,0.0179166666666667);
#809=CIRCLE('',#6597,0.0171833333333334);
#810=CIRCLE('',#6598,0.0179166666666667);
#811=CIRCLE('',#6602,0.0179166666666667);
#812=CIRCLE('',#6604,0.0171833333333334);
#813=ORIENTED_EDGE('',*,*,#2705,.F.);
#814=ORIENTED_EDGE('',*,*,#2706,.T.);
#815=ORIENTED_EDGE('',*,*,#2707,.F.);
#816=ORIENTED_EDGE('',*,*,#2708,.T.);
#817=ORIENTED_EDGE('',*,*,#2709,.F.);
#818=ORIENTED_EDGE('',*,*,#2710,.T.);
#819=ORIENTED_EDGE('',*,*,#2711,.F.);
#820=ORIENTED_EDGE('',*,*,#2712,.T.);
#821=ORIENTED_EDGE('',*,*,#2713,.F.);
#822=ORIENTED_EDGE('',*,*,#2714,.T.);
#823=ORIENTED_EDGE('',*,*,#2715,.F.);
#824=ORIENTED_EDGE('',*,*,#2716,.T.);
#825=ORIENTED_EDGE('',*,*,#2717,.F.);
#826=ORIENTED_EDGE('',*,*,#2718,.T.);
#827=ORIENTED_EDGE('',*,*,#2719,.F.);
#828=ORIENTED_EDGE('',*,*,#2720,.T.);
#829=ORIENTED_EDGE('',*,*,#2721,.F.);
#830=ORIENTED_EDGE('',*,*,#2722,.T.);
#831=ORIENTED_EDGE('',*,*,#2723,.F.);
#832=ORIENTED_EDGE('',*,*,#2724,.T.);
#833=ORIENTED_EDGE('',*,*,#2725,.F.);
#834=ORIENTED_EDGE('',*,*,#2726,.T.);
#835=ORIENTED_EDGE('',*,*,#2727,.F.);
#836=ORIENTED_EDGE('',*,*,#2728,.T.);
#837=ORIENTED_EDGE('',*,*,#2729,.F.);
#838=ORIENTED_EDGE('',*,*,#2730,.T.);
#839=ORIENTED_EDGE('',*,*,#2731,.F.);
#840=ORIENTED_EDGE('',*,*,#2732,.T.);
#841=ORIENTED_EDGE('',*,*,#2733,.F.);
#842=ORIENTED_EDGE('',*,*,#2734,.T.);
#843=ORIENTED_EDGE('',*,*,#2735,.F.);
#844=ORIENTED_EDGE('',*,*,#2736,.T.);
#845=ORIENTED_EDGE('',*,*,#2737,.F.);
#846=ORIENTED_EDGE('',*,*,#2738,.T.);
#847=ORIENTED_EDGE('',*,*,#2739,.F.);
#848=ORIENTED_EDGE('',*,*,#2740,.T.);
#849=ORIENTED_EDGE('',*,*,#2741,.F.);
#850=ORIENTED_EDGE('',*,*,#2742,.T.);
#851=ORIENTED_EDGE('',*,*,#2743,.F.);
#852=ORIENTED_EDGE('',*,*,#2744,.T.);
#853=ORIENTED_EDGE('',*,*,#2745,.F.);
#854=ORIENTED_EDGE('',*,*,#2746,.F.);
#855=ORIENTED_EDGE('',*,*,#2747,.F.);
#856=ORIENTED_EDGE('',*,*,#2748,.F.);
#857=ORIENTED_EDGE('',*,*,#2749,.F.);
#858=ORIENTED_EDGE('',*,*,#2750,.F.);
#859=ORIENTED_EDGE('',*,*,#2751,.F.);
#860=ORIENTED_EDGE('',*,*,#2752,.F.);
#861=ORIENTED_EDGE('',*,*,#2753,.F.);
#862=ORIENTED_EDGE('',*,*,#2754,.F.);
#863=ORIENTED_EDGE('',*,*,#2755,.F.);
#864=ORIENTED_EDGE('',*,*,#2756,.F.);
#865=ORIENTED_EDGE('',*,*,#2757,.F.);
#866=ORIENTED_EDGE('',*,*,#2758,.F.);
#867=ORIENTED_EDGE('',*,*,#2759,.F.);
#868=ORIENTED_EDGE('',*,*,#2760,.F.);
#869=ORIENTED_EDGE('',*,*,#2761,.F.);
#870=ORIENTED_EDGE('',*,*,#2762,.F.);
#871=ORIENTED_EDGE('',*,*,#2763,.F.);
#872=ORIENTED_EDGE('',*,*,#2764,.F.);
#873=ORIENTED_EDGE('',*,*,#2765,.F.);
#874=ORIENTED_EDGE('',*,*,#2766,.T.);
#875=ORIENTED_EDGE('',*,*,#2767,.F.);
#876=ORIENTED_EDGE('',*,*,#2768,.T.);
#877=ORIENTED_EDGE('',*,*,#2769,.F.);
#878=ORIENTED_EDGE('',*,*,#2770,.T.);
#879=ORIENTED_EDGE('',*,*,#2771,.F.);
#880=ORIENTED_EDGE('',*,*,#2772,.T.);
#881=ORIENTED_EDGE('',*,*,#2773,.F.);
#882=ORIENTED_EDGE('',*,*,#2774,.T.);
#883=ORIENTED_EDGE('',*,*,#2775,.F.);
#884=ORIENTED_EDGE('',*,*,#2776,.T.);
#885=ORIENTED_EDGE('',*,*,#2777,.F.);
#886=ORIENTED_EDGE('',*,*,#2778,.T.);
#887=ORIENTED_EDGE('',*,*,#2779,.F.);
#888=ORIENTED_EDGE('',*,*,#2780,.T.);
#889=ORIENTED_EDGE('',*,*,#2781,.F.);
#890=ORIENTED_EDGE('',*,*,#2782,.T.);
#891=ORIENTED_EDGE('',*,*,#2783,.F.);
#892=ORIENTED_EDGE('',*,*,#2784,.T.);
#893=ORIENTED_EDGE('',*,*,#2785,.F.);
#894=ORIENTED_EDGE('',*,*,#2786,.T.);
#895=ORIENTED_EDGE('',*,*,#2787,.F.);
#896=ORIENTED_EDGE('',*,*,#2788,.T.);
#897=ORIENTED_EDGE('',*,*,#2789,.F.);
#898=ORIENTED_EDGE('',*,*,#2790,.T.);
#899=ORIENTED_EDGE('',*,*,#2791,.F.);
#900=ORIENTED_EDGE('',*,*,#2792,.T.);
#901=ORIENTED_EDGE('',*,*,#2793,.F.);
#902=ORIENTED_EDGE('',*,*,#2794,.T.);
#903=ORIENTED_EDGE('',*,*,#2795,.F.);
#904=ORIENTED_EDGE('',*,*,#2796,.T.);
#905=ORIENTED_EDGE('',*,*,#2797,.F.);
#906=ORIENTED_EDGE('',*,*,#2798,.T.);
#907=ORIENTED_EDGE('',*,*,#2799,.F.);
#908=ORIENTED_EDGE('',*,*,#2800,.T.);
#909=ORIENTED_EDGE('',*,*,#2801,.F.);
#910=ORIENTED_EDGE('',*,*,#2802,.T.);
#911=ORIENTED_EDGE('',*,*,#2803,.F.);
#912=ORIENTED_EDGE('',*,*,#2804,.T.);
#913=ORIENTED_EDGE('',*,*,#2805,.T.);
#914=ORIENTED_EDGE('',*,*,#2806,.T.);
#915=ORIENTED_EDGE('',*,*,#2807,.T.);
#916=ORIENTED_EDGE('',*,*,#2808,.T.);
#917=ORIENTED_EDGE('',*,*,#2809,.T.);
#918=ORIENTED_EDGE('',*,*,#2810,.T.);
#919=ORIENTED_EDGE('',*,*,#2811,.T.);
#920=ORIENTED_EDGE('',*,*,#2812,.T.);
#921=ORIENTED_EDGE('',*,*,#2813,.T.);
#922=ORIENTED_EDGE('',*,*,#2814,.T.);
#923=ORIENTED_EDGE('',*,*,#2815,.T.);
#924=ORIENTED_EDGE('',*,*,#2816,.T.);
#925=ORIENTED_EDGE('',*,*,#2817,.T.);
#926=ORIENTED_EDGE('',*,*,#2818,.T.);
#927=ORIENTED_EDGE('',*,*,#2819,.T.);
#928=ORIENTED_EDGE('',*,*,#2820,.T.);
#929=ORIENTED_EDGE('',*,*,#2821,.T.);
#930=ORIENTED_EDGE('',*,*,#2822,.T.);
#931=ORIENTED_EDGE('',*,*,#2823,.T.);
#932=ORIENTED_EDGE('',*,*,#2824,.T.);
#933=ORIENTED_EDGE('',*,*,#2825,.T.);
#934=ORIENTED_EDGE('',*,*,#2826,.T.);
#935=ORIENTED_EDGE('',*,*,#2827,.T.);
#936=ORIENTED_EDGE('',*,*,#2828,.T.);
#937=ORIENTED_EDGE('',*,*,#2829,.T.);
#938=ORIENTED_EDGE('',*,*,#2830,.T.);
#939=ORIENTED_EDGE('',*,*,#2831,.T.);
#940=ORIENTED_EDGE('',*,*,#2832,.T.);
#941=ORIENTED_EDGE('',*,*,#2833,.T.);
#942=ORIENTED_EDGE('',*,*,#2834,.T.);
#943=ORIENTED_EDGE('',*,*,#2835,.T.);
#944=ORIENTED_EDGE('',*,*,#2836,.T.);
#945=ORIENTED_EDGE('',*,*,#2837,.T.);
#946=ORIENTED_EDGE('',*,*,#2838,.T.);
#947=ORIENTED_EDGE('',*,*,#2839,.T.);
#948=ORIENTED_EDGE('',*,*,#2840,.T.);
#949=ORIENTED_EDGE('',*,*,#2841,.T.);
#950=ORIENTED_EDGE('',*,*,#2842,.T.);
#951=ORIENTED_EDGE('',*,*,#2843,.T.);
#952=ORIENTED_EDGE('',*,*,#2844,.T.);
#953=ORIENTED_EDGE('',*,*,#2845,.T.);
#954=ORIENTED_EDGE('',*,*,#2846,.T.);
#955=ORIENTED_EDGE('',*,*,#2847,.T.);
#956=ORIENTED_EDGE('',*,*,#2848,.T.);
#957=ORIENTED_EDGE('',*,*,#2849,.T.);
#958=ORIENTED_EDGE('',*,*,#2850,.T.);
#959=ORIENTED_EDGE('',*,*,#2851,.T.);
#960=ORIENTED_EDGE('',*,*,#2852,.T.);
#961=ORIENTED_EDGE('',*,*,#2853,.T.);
#962=ORIENTED_EDGE('',*,*,#2854,.T.);
#963=ORIENTED_EDGE('',*,*,#2855,.T.);
#964=ORIENTED_EDGE('',*,*,#2856,.T.);
#965=ORIENTED_EDGE('',*,*,#2857,.T.);
#966=ORIENTED_EDGE('',*,*,#2858,.T.);
#967=ORIENTED_EDGE('',*,*,#2859,.T.);
#968=ORIENTED_EDGE('',*,*,#2860,.T.);
#969=ORIENTED_EDGE('',*,*,#2861,.T.);
#970=ORIENTED_EDGE('',*,*,#2862,.T.);
#971=ORIENTED_EDGE('',*,*,#2863,.T.);
#972=ORIENTED_EDGE('',*,*,#2864,.T.);
#973=ORIENTED_EDGE('',*,*,#2865,.T.);
#974=ORIENTED_EDGE('',*,*,#2866,.T.);
#975=ORIENTED_EDGE('',*,*,#2867,.T.);
#976=ORIENTED_EDGE('',*,*,#2868,.T.);
#977=ORIENTED_EDGE('',*,*,#2869,.T.);
#978=ORIENTED_EDGE('',*,*,#2870,.T.);
#979=ORIENTED_EDGE('',*,*,#2871,.T.);
#980=ORIENTED_EDGE('',*,*,#2872,.T.);
#981=ORIENTED_EDGE('',*,*,#2873,.T.);
#982=ORIENTED_EDGE('',*,*,#2874,.T.);
#983=ORIENTED_EDGE('',*,*,#2875,.T.);
#984=ORIENTED_EDGE('',*,*,#2876,.T.);
#985=ORIENTED_EDGE('',*,*,#2877,.T.);
#986=ORIENTED_EDGE('',*,*,#2878,.T.);
#987=ORIENTED_EDGE('',*,*,#2879,.F.);
#988=ORIENTED_EDGE('',*,*,#2880,.T.);
#989=ORIENTED_EDGE('',*,*,#2881,.T.);
#990=ORIENTED_EDGE('',*,*,#2882,.T.);
#991=ORIENTED_EDGE('',*,*,#2883,.T.);
#992=ORIENTED_EDGE('',*,*,#2884,.T.);
#993=ORIENTED_EDGE('',*,*,#2885,.T.);
#994=ORIENTED_EDGE('',*,*,#2886,.T.);
#995=ORIENTED_EDGE('',*,*,#2887,.T.);
#996=ORIENTED_EDGE('',*,*,#2888,.T.);
#997=ORIENTED_EDGE('',*,*,#2889,.T.);
#998=ORIENTED_EDGE('',*,*,#2890,.T.);
#999=ORIENTED_EDGE('',*,*,#2891,.T.);
#1000=ORIENTED_EDGE('',*,*,#2892,.T.);
#1001=ORIENTED_EDGE('',*,*,#2893,.T.);
#1002=ORIENTED_EDGE('',*,*,#2894,.T.);
#1003=ORIENTED_EDGE('',*,*,#2895,.T.);
#1004=ORIENTED_EDGE('',*,*,#2896,.T.);
#1005=ORIENTED_EDGE('',*,*,#2897,.T.);
#1006=ORIENTED_EDGE('',*,*,#2898,.T.);
#1007=ORIENTED_EDGE('',*,*,#2899,.T.);
#1008=ORIENTED_EDGE('',*,*,#2900,.T.);
#1009=ORIENTED_EDGE('',*,*,#2901,.T.);
#1010=ORIENTED_EDGE('',*,*,#2902,.T.);
#1011=ORIENTED_EDGE('',*,*,#2903,.T.);
#1012=ORIENTED_EDGE('',*,*,#2904,.T.);
#1013=ORIENTED_EDGE('',*,*,#2905,.T.);
#1014=ORIENTED_EDGE('',*,*,#2906,.T.);
#1015=ORIENTED_EDGE('',*,*,#2907,.T.);
#1016=ORIENTED_EDGE('',*,*,#2908,.T.);
#1017=ORIENTED_EDGE('',*,*,#2909,.T.);
#1018=ORIENTED_EDGE('',*,*,#2910,.T.);
#1019=ORIENTED_EDGE('',*,*,#2911,.T.);
#1020=ORIENTED_EDGE('',*,*,#2912,.T.);
#1021=ORIENTED_EDGE('',*,*,#2913,.T.);
#1022=ORIENTED_EDGE('',*,*,#2914,.T.);
#1023=ORIENTED_EDGE('',*,*,#2915,.T.);
#1024=ORIENTED_EDGE('',*,*,#2916,.T.);
#1025=ORIENTED_EDGE('',*,*,#2917,.T.);
#1026=ORIENTED_EDGE('',*,*,#2918,.T.);
#1027=ORIENTED_EDGE('',*,*,#2919,.T.);
#1028=ORIENTED_EDGE('',*,*,#2920,.T.);
#1029=ORIENTED_EDGE('',*,*,#2921,.T.);
#1030=ORIENTED_EDGE('',*,*,#2922,.T.);
#1031=ORIENTED_EDGE('',*,*,#2923,.T.);
#1032=ORIENTED_EDGE('',*,*,#2924,.T.);
#1033=ORIENTED_EDGE('',*,*,#2925,.T.);
#1034=ORIENTED_EDGE('',*,*,#2926,.T.);
#1035=ORIENTED_EDGE('',*,*,#2927,.T.);
#1036=ORIENTED_EDGE('',*,*,#2928,.T.);
#1037=ORIENTED_EDGE('',*,*,#2929,.T.);
#1038=ORIENTED_EDGE('',*,*,#2930,.T.);
#1039=ORIENTED_EDGE('',*,*,#2931,.T.);
#1040=ORIENTED_EDGE('',*,*,#2932,.T.);
#1041=ORIENTED_EDGE('',*,*,#2933,.T.);
#1042=ORIENTED_EDGE('',*,*,#2934,.T.);
#1043=ORIENTED_EDGE('',*,*,#2935,.T.);
#1044=ORIENTED_EDGE('',*,*,#2936,.T.);
#1045=ORIENTED_EDGE('',*,*,#2937,.T.);
#1046=ORIENTED_EDGE('',*,*,#2938,.T.);
#1047=ORIENTED_EDGE('',*,*,#2939,.T.);
#1048=ORIENTED_EDGE('',*,*,#2940,.T.);
#1049=ORIENTED_EDGE('',*,*,#2941,.T.);
#1050=ORIENTED_EDGE('',*,*,#2942,.T.);
#1051=ORIENTED_EDGE('',*,*,#2943,.T.);
#1052=ORIENTED_EDGE('',*,*,#2944,.T.);
#1053=ORIENTED_EDGE('',*,*,#2945,.T.);
#1054=ORIENTED_EDGE('',*,*,#2946,.T.);
#1055=ORIENTED_EDGE('',*,*,#2947,.T.);
#1056=ORIENTED_EDGE('',*,*,#2948,.T.);
#1057=ORIENTED_EDGE('',*,*,#2949,.T.);
#1058=ORIENTED_EDGE('',*,*,#2950,.T.);
#1059=ORIENTED_EDGE('',*,*,#2951,.T.);
#1060=ORIENTED_EDGE('',*,*,#2952,.T.);
#1061=ORIENTED_EDGE('',*,*,#2953,.T.);
#1062=ORIENTED_EDGE('',*,*,#2954,.T.);
#1063=ORIENTED_EDGE('',*,*,#2955,.T.);
#1064=ORIENTED_EDGE('',*,*,#2956,.T.);
#1065=ORIENTED_EDGE('',*,*,#2957,.T.);
#1066=ORIENTED_EDGE('',*,*,#2958,.T.);
#1067=ORIENTED_EDGE('',*,*,#2959,.T.);
#1068=ORIENTED_EDGE('',*,*,#2960,.T.);
#1069=ORIENTED_EDGE('',*,*,#2961,.T.);
#1070=ORIENTED_EDGE('',*,*,#2962,.T.);
#1071=ORIENTED_EDGE('',*,*,#2963,.T.);
#1072=ORIENTED_EDGE('',*,*,#2964,.T.);
#1073=ORIENTED_EDGE('',*,*,#2965,.T.);
#1074=ORIENTED_EDGE('',*,*,#2966,.T.);
#1075=ORIENTED_EDGE('',*,*,#2967,.T.);
#1076=ORIENTED_EDGE('',*,*,#2968,.T.);
#1077=ORIENTED_EDGE('',*,*,#2969,.T.);
#1078=ORIENTED_EDGE('',*,*,#2970,.T.);
#1079=ORIENTED_EDGE('',*,*,#2971,.T.);
#1080=ORIENTED_EDGE('',*,*,#2972,.T.);
#1081=ORIENTED_EDGE('',*,*,#2973,.T.);
#1082=ORIENTED_EDGE('',*,*,#2974,.T.);
#1083=ORIENTED_EDGE('',*,*,#2975,.T.);
#1084=ORIENTED_EDGE('',*,*,#2976,.T.);
#1085=ORIENTED_EDGE('',*,*,#2977,.T.);
#1086=ORIENTED_EDGE('',*,*,#2978,.T.);
#1087=ORIENTED_EDGE('',*,*,#2979,.T.);
#1088=ORIENTED_EDGE('',*,*,#2980,.T.);
#1089=ORIENTED_EDGE('',*,*,#2981,.T.);
#1090=ORIENTED_EDGE('',*,*,#2982,.T.);
#1091=ORIENTED_EDGE('',*,*,#2983,.T.);
#1092=ORIENTED_EDGE('',*,*,#2984,.T.);
#1093=ORIENTED_EDGE('',*,*,#2985,.T.);
#1094=ORIENTED_EDGE('',*,*,#2986,.T.);
#1095=ORIENTED_EDGE('',*,*,#2987,.T.);
#1096=ORIENTED_EDGE('',*,*,#2988,.T.);
#1097=ORIENTED_EDGE('',*,*,#2989,.T.);
#1098=ORIENTED_EDGE('',*,*,#2990,.T.);
#1099=ORIENTED_EDGE('',*,*,#2991,.T.);
#1100=ORIENTED_EDGE('',*,*,#2992,.T.);
#1101=ORIENTED_EDGE('',*,*,#2993,.T.);
#1102=ORIENTED_EDGE('',*,*,#2994,.T.);
#1103=ORIENTED_EDGE('',*,*,#2995,.T.);
#1104=ORIENTED_EDGE('',*,*,#2996,.T.);
#1105=ORIENTED_EDGE('',*,*,#2997,.T.);
#1106=ORIENTED_EDGE('',*,*,#2998,.T.);
#1107=ORIENTED_EDGE('',*,*,#2999,.T.);
#1108=ORIENTED_EDGE('',*,*,#3000,.T.);
#1109=ORIENTED_EDGE('',*,*,#3001,.T.);
#1110=ORIENTED_EDGE('',*,*,#3002,.T.);
#1111=ORIENTED_EDGE('',*,*,#3003,.T.);
#1112=ORIENTED_EDGE('',*,*,#3004,.T.);
#1113=ORIENTED_EDGE('',*,*,#3005,.T.);
#1114=ORIENTED_EDGE('',*,*,#3006,.T.);
#1115=ORIENTED_EDGE('',*,*,#3007,.T.);
#1116=ORIENTED_EDGE('',*,*,#3008,.T.);
#1117=ORIENTED_EDGE('',*,*,#3009,.T.);
#1118=ORIENTED_EDGE('',*,*,#3010,.T.);
#1119=ORIENTED_EDGE('',*,*,#3011,.F.);
#1120=ORIENTED_EDGE('',*,*,#2727,.T.);
#1121=ORIENTED_EDGE('',*,*,#3012,.T.);
#1122=ORIENTED_EDGE('',*,*,#2859,.F.);
#1123=ORIENTED_EDGE('',*,*,#3013,.T.);
#1124=ORIENTED_EDGE('',*,*,#2861,.F.);
#1125=ORIENTED_EDGE('',*,*,#3014,.T.);
#1126=ORIENTED_EDGE('',*,*,#2725,.T.);
#1127=ORIENTED_EDGE('',*,*,#3015,.T.);
#1128=ORIENTED_EDGE('',*,*,#2723,.T.);
#1129=ORIENTED_EDGE('',*,*,#3016,.T.);
#1130=ORIENTED_EDGE('',*,*,#2863,.F.);
#1131=ORIENTED_EDGE('',*,*,#3017,.T.);
#1132=ORIENTED_EDGE('',*,*,#2865,.F.);
#1133=ORIENTED_EDGE('',*,*,#3018,.T.);
#1134=ORIENTED_EDGE('',*,*,#2721,.T.);
#1135=ORIENTED_EDGE('',*,*,#3019,.T.);
#1136=ORIENTED_EDGE('',*,*,#2719,.T.);
#1137=ORIENTED_EDGE('',*,*,#3020,.T.);
#1138=ORIENTED_EDGE('',*,*,#2867,.F.);
#1139=ORIENTED_EDGE('',*,*,#3021,.T.);
#1140=ORIENTED_EDGE('',*,*,#2869,.F.);
#1141=ORIENTED_EDGE('',*,*,#3022,.T.);
#1142=ORIENTED_EDGE('',*,*,#2717,.T.);
#1143=ORIENTED_EDGE('',*,*,#3023,.T.);
#1144=ORIENTED_EDGE('',*,*,#2715,.T.);
#1145=ORIENTED_EDGE('',*,*,#3024,.T.);
#1146=ORIENTED_EDGE('',*,*,#2871,.F.);
#1147=ORIENTED_EDGE('',*,*,#3025,.T.);
#1148=ORIENTED_EDGE('',*,*,#2873,.F.);
#1149=ORIENTED_EDGE('',*,*,#3026,.T.);
#1150=ORIENTED_EDGE('',*,*,#2713,.T.);
#1151=ORIENTED_EDGE('',*,*,#3027,.T.);
#1152=ORIENTED_EDGE('',*,*,#2711,.T.);
#1153=ORIENTED_EDGE('',*,*,#3028,.T.);
#1154=ORIENTED_EDGE('',*,*,#2875,.F.);
#1155=ORIENTED_EDGE('',*,*,#3029,.T.);
#1156=ORIENTED_EDGE('',*,*,#2877,.F.);
#1157=ORIENTED_EDGE('',*,*,#3030,.T.);
#1158=ORIENTED_EDGE('',*,*,#2709,.T.);
#1159=ORIENTED_EDGE('',*,*,#3031,.T.);
#1160=ORIENTED_EDGE('',*,*,#2707,.T.);
#1161=ORIENTED_EDGE('',*,*,#3032,.T.);
#1162=ORIENTED_EDGE('',*,*,#2839,.F.);
#1163=ORIENTED_EDGE('',*,*,#3033,.T.);
#1164=ORIENTED_EDGE('',*,*,#2841,.F.);
#1165=ORIENTED_EDGE('',*,*,#3034,.T.);
#1166=ORIENTED_EDGE('',*,*,#2705,.T.);
#1167=ORIENTED_EDGE('',*,*,#3035,.T.);
#1168=ORIENTED_EDGE('',*,*,#2743,.T.);
#1169=ORIENTED_EDGE('',*,*,#3036,.T.);
#1170=ORIENTED_EDGE('',*,*,#2843,.F.);
#1171=ORIENTED_EDGE('',*,*,#3037,.T.);
#1172=ORIENTED_EDGE('',*,*,#2845,.F.);
#1173=ORIENTED_EDGE('',*,*,#3038,.T.);
#1174=ORIENTED_EDGE('',*,*,#2741,.T.);
#1175=ORIENTED_EDGE('',*,*,#3039,.T.);
#1176=ORIENTED_EDGE('',*,*,#2739,.T.);
#1177=ORIENTED_EDGE('',*,*,#3040,.T.);
#1178=ORIENTED_EDGE('',*,*,#2847,.F.);
#1179=ORIENTED_EDGE('',*,*,#3041,.T.);
#1180=ORIENTED_EDGE('',*,*,#2849,.F.);
#1181=ORIENTED_EDGE('',*,*,#3042,.T.);
#1182=ORIENTED_EDGE('',*,*,#2737,.T.);
#1183=ORIENTED_EDGE('',*,*,#3043,.T.);
#1184=ORIENTED_EDGE('',*,*,#2735,.T.);
#1185=ORIENTED_EDGE('',*,*,#3044,.T.);
#1186=ORIENTED_EDGE('',*,*,#2851,.F.);
#1187=ORIENTED_EDGE('',*,*,#3045,.T.);
#1188=ORIENTED_EDGE('',*,*,#2853,.F.);
#1189=ORIENTED_EDGE('',*,*,#3046,.T.);
#1190=ORIENTED_EDGE('',*,*,#2733,.T.);
#1191=ORIENTED_EDGE('',*,*,#3047,.T.);
#1192=ORIENTED_EDGE('',*,*,#2731,.T.);
#1193=ORIENTED_EDGE('',*,*,#3048,.T.);
#1194=ORIENTED_EDGE('',*,*,#2855,.F.);
#1195=ORIENTED_EDGE('',*,*,#3049,.T.);
#1196=ORIENTED_EDGE('',*,*,#2857,.F.);
#1197=ORIENTED_EDGE('',*,*,#3050,.T.);
#1198=ORIENTED_EDGE('',*,*,#2729,.T.);
#1199=ORIENTED_EDGE('',*,*,#3051,.T.);
#1200=ORIENTED_EDGE('',*,*,#3052,.T.);
#1201=ORIENTED_EDGE('',*,*,#3010,.F.);
#1202=ORIENTED_EDGE('',*,*,#2784,.F.);
#1203=ORIENTED_EDGE('',*,*,#3053,.T.);
#1204=ORIENTED_EDGE('',*,*,#2788,.F.);
#1205=ORIENTED_EDGE('',*,*,#3054,.T.);
#1206=ORIENTED_EDGE('',*,*,#2792,.F.);
#1207=ORIENTED_EDGE('',*,*,#3055,.T.);
#1208=ORIENTED_EDGE('',*,*,#2796,.F.);
#1209=ORIENTED_EDGE('',*,*,#3056,.T.);
#1210=ORIENTED_EDGE('',*,*,#2800,.F.);
#1211=ORIENTED_EDGE('',*,*,#3057,.T.);
#1212=ORIENTED_EDGE('',*,*,#2804,.F.);
#1213=ORIENTED_EDGE('',*,*,#3058,.T.);
#1214=ORIENTED_EDGE('',*,*,#2768,.F.);
#1215=ORIENTED_EDGE('',*,*,#3059,.T.);
#1216=ORIENTED_EDGE('',*,*,#2772,.F.);
#1217=ORIENTED_EDGE('',*,*,#3060,.T.);
#1218=ORIENTED_EDGE('',*,*,#2776,.F.);
#1219=ORIENTED_EDGE('',*,*,#3061,.T.);
#1220=ORIENTED_EDGE('',*,*,#2780,.F.);
#1221=ORIENTED_EDGE('',*,*,#3062,.T.);
#1222=ORIENTED_EDGE('',*,*,#3063,.T.);
#1223=ORIENTED_EDGE('',*,*,#2874,.F.);
#1224=ORIENTED_EDGE('',*,*,#3027,.F.);
#1225=ORIENTED_EDGE('',*,*,#2712,.F.);
#1226=ORIENTED_EDGE('',*,*,#3029,.F.);
#1227=ORIENTED_EDGE('',*,*,#2878,.F.);
#1228=ORIENTED_EDGE('',*,*,#3031,.F.);
#1229=ORIENTED_EDGE('',*,*,#2708,.F.);
#1230=ORIENTED_EDGE('',*,*,#3033,.F.);
#1231=ORIENTED_EDGE('',*,*,#2842,.F.);
#1232=ORIENTED_EDGE('',*,*,#3035,.F.);
#1233=ORIENTED_EDGE('',*,*,#2744,.F.);
#1234=ORIENTED_EDGE('',*,*,#3037,.F.);
#1235=ORIENTED_EDGE('',*,*,#2846,.F.);
#1236=ORIENTED_EDGE('',*,*,#3039,.F.);
#1237=ORIENTED_EDGE('',*,*,#2740,.F.);
#1238=ORIENTED_EDGE('',*,*,#3041,.F.);
#1239=ORIENTED_EDGE('',*,*,#2850,.F.);
#1240=ORIENTED_EDGE('',*,*,#3043,.F.);
#1241=ORIENTED_EDGE('',*,*,#2736,.F.);
#1242=ORIENTED_EDGE('',*,*,#3045,.F.);
#1243=ORIENTED_EDGE('',*,*,#2854,.F.);
#1244=ORIENTED_EDGE('',*,*,#3047,.F.);
#1245=ORIENTED_EDGE('',*,*,#2732,.F.);
#1246=ORIENTED_EDGE('',*,*,#3049,.F.);
#1247=ORIENTED_EDGE('',*,*,#2858,.F.);
#1248=ORIENTED_EDGE('',*,*,#3051,.F.);
#1249=ORIENTED_EDGE('',*,*,#2728,.F.);
#1250=ORIENTED_EDGE('',*,*,#3013,.F.);
#1251=ORIENTED_EDGE('',*,*,#2862,.F.);
#1252=ORIENTED_EDGE('',*,*,#3015,.F.);
#1253=ORIENTED_EDGE('',*,*,#2724,.F.);
#1254=ORIENTED_EDGE('',*,*,#3017,.F.);
#1255=ORIENTED_EDGE('',*,*,#2866,.F.);
#1256=ORIENTED_EDGE('',*,*,#3019,.F.);
#1257=ORIENTED_EDGE('',*,*,#2720,.F.);
#1258=ORIENTED_EDGE('',*,*,#3021,.F.);
#1259=ORIENTED_EDGE('',*,*,#2870,.F.);
#1260=ORIENTED_EDGE('',*,*,#3023,.F.);
#1261=ORIENTED_EDGE('',*,*,#2716,.F.);
#1262=ORIENTED_EDGE('',*,*,#3025,.F.);
#1263=ORIENTED_EDGE('',*,*,#2840,.F.);
#1264=ORIENTED_EDGE('',*,*,#3032,.F.);
#1265=ORIENTED_EDGE('',*,*,#2706,.F.);
#1266=ORIENTED_EDGE('',*,*,#3034,.F.);
#1267=ORIENTED_EDGE('',*,*,#2844,.F.);
#1268=ORIENTED_EDGE('',*,*,#3036,.F.);
#1269=ORIENTED_EDGE('',*,*,#2742,.F.);
#1270=ORIENTED_EDGE('',*,*,#3038,.F.);
#1271=ORIENTED_EDGE('',*,*,#2848,.F.);
#1272=ORIENTED_EDGE('',*,*,#3040,.F.);
#1273=ORIENTED_EDGE('',*,*,#2738,.F.);
#1274=ORIENTED_EDGE('',*,*,#3042,.F.);
#1275=ORIENTED_EDGE('',*,*,#2852,.F.);
#1276=ORIENTED_EDGE('',*,*,#3044,.F.);
#1277=ORIENTED_EDGE('',*,*,#2734,.F.);
#1278=ORIENTED_EDGE('',*,*,#3046,.F.);
#1279=ORIENTED_EDGE('',*,*,#2856,.F.);
#1280=ORIENTED_EDGE('',*,*,#3048,.F.);
#1281=ORIENTED_EDGE('',*,*,#2730,.F.);
#1282=ORIENTED_EDGE('',*,*,#3050,.F.);
#1283=ORIENTED_EDGE('',*,*,#2860,.F.);
#1284=ORIENTED_EDGE('',*,*,#3012,.F.);
#1285=ORIENTED_EDGE('',*,*,#2726,.F.);
#1286=ORIENTED_EDGE('',*,*,#3014,.F.);
#1287=ORIENTED_EDGE('',*,*,#2864,.F.);
#1288=ORIENTED_EDGE('',*,*,#3016,.F.);
#1289=ORIENTED_EDGE('',*,*,#2722,.F.);
#1290=ORIENTED_EDGE('',*,*,#3018,.F.);
#1291=ORIENTED_EDGE('',*,*,#2876,.F.);
#1292=ORIENTED_EDGE('',*,*,#3028,.F.);
#1293=ORIENTED_EDGE('',*,*,#2710,.F.);
#1294=ORIENTED_EDGE('',*,*,#3030,.F.);
#1295=ORIENTED_EDGE('',*,*,#2872,.F.);
#1296=ORIENTED_EDGE('',*,*,#3024,.F.);
#1297=ORIENTED_EDGE('',*,*,#2714,.F.);
#1298=ORIENTED_EDGE('',*,*,#3026,.F.);
#1299=ORIENTED_EDGE('',*,*,#2868,.F.);
#1300=ORIENTED_EDGE('',*,*,#3020,.F.);
#1301=ORIENTED_EDGE('',*,*,#2718,.F.);
#1302=ORIENTED_EDGE('',*,*,#3022,.F.);
#1303=ORIENTED_EDGE('',*,*,#3064,.T.);
#1304=ORIENTED_EDGE('',*,*,#2879,.T.);
#1305=ORIENTED_EDGE('',*,*,#3065,.T.);
#1306=ORIENTED_EDGE('',*,*,#3066,.T.);
#1307=ORIENTED_EDGE('',*,*,#3067,.F.);
#1308=ORIENTED_EDGE('',*,*,#3011,.T.);
#1309=ORIENTED_EDGE('',*,*,#3068,.T.);
#1310=ORIENTED_EDGE('',*,*,#3063,.F.);
#1311=ORIENTED_EDGE('',*,*,#3067,.T.);
#1312=ORIENTED_EDGE('',*,*,#3068,.F.);
#1313=ORIENTED_EDGE('',*,*,#3064,.F.);
#1314=ORIENTED_EDGE('',*,*,#3065,.F.);
#1315=ORIENTED_EDGE('',*,*,#3066,.F.);
#1316=ORIENTED_EDGE('',*,*,#3052,.F.);
#1317=ORIENTED_EDGE('',*,*,#2834,.F.);
#1318=ORIENTED_EDGE('',*,*,#3069,.F.);
#1319=ORIENTED_EDGE('',*,*,#3070,.T.);
#1320=ORIENTED_EDGE('',*,*,#3071,.T.);
#1321=ORIENTED_EDGE('',*,*,#2833,.F.);
#1322=ORIENTED_EDGE('',*,*,#3072,.F.);
#1323=ORIENTED_EDGE('',*,*,#3073,.T.);
#1324=ORIENTED_EDGE('',*,*,#3069,.T.);
#1325=ORIENTED_EDGE('',*,*,#2838,.F.);
#1326=ORIENTED_EDGE('',*,*,#3074,.F.);
#1327=ORIENTED_EDGE('',*,*,#3075,.T.);
#1328=ORIENTED_EDGE('',*,*,#3072,.T.);
#1329=ORIENTED_EDGE('',*,*,#2837,.F.);
#1330=ORIENTED_EDGE('',*,*,#3076,.F.);
#1331=ORIENTED_EDGE('',*,*,#3077,.T.);
#1332=ORIENTED_EDGE('',*,*,#3074,.T.);
#1333=ORIENTED_EDGE('',*,*,#2836,.F.);
#1334=ORIENTED_EDGE('',*,*,#3078,.F.);
#1335=ORIENTED_EDGE('',*,*,#3079,.T.);
#1336=ORIENTED_EDGE('',*,*,#3076,.T.);
#1337=ORIENTED_EDGE('',*,*,#2835,.F.);
#1338=ORIENTED_EDGE('',*,*,#3071,.F.);
#1339=ORIENTED_EDGE('',*,*,#3080,.T.);
#1340=ORIENTED_EDGE('',*,*,#3078,.T.);
#1341=ORIENTED_EDGE('',*,*,#3070,.F.);
#1342=ORIENTED_EDGE('',*,*,#3073,.F.);
#1343=ORIENTED_EDGE('',*,*,#3075,.F.);
#1344=ORIENTED_EDGE('',*,*,#3077,.F.);
#1345=ORIENTED_EDGE('',*,*,#3079,.F.);
#1346=ORIENTED_EDGE('',*,*,#3080,.F.);
#1347=ORIENTED_EDGE('',*,*,#3081,.F.);
#1348=ORIENTED_EDGE('',*,*,#3082,.F.);
#1349=ORIENTED_EDGE('',*,*,#3083,.T.);
#1350=ORIENTED_EDGE('',*,*,#3084,.T.);
#1351=ORIENTED_EDGE('',*,*,#3085,.F.);
#1352=ORIENTED_EDGE('',*,*,#3086,.F.);
#1353=ORIENTED_EDGE('',*,*,#3087,.T.);
#1354=ORIENTED_EDGE('',*,*,#3082,.T.);
#1355=ORIENTED_EDGE('',*,*,#3088,.F.);
#1356=ORIENTED_EDGE('',*,*,#3089,.F.);
#1357=ORIENTED_EDGE('',*,*,#3090,.T.);
#1358=ORIENTED_EDGE('',*,*,#3086,.T.);
#1359=ORIENTED_EDGE('',*,*,#3091,.F.);
#1360=ORIENTED_EDGE('',*,*,#3092,.F.);
#1361=ORIENTED_EDGE('',*,*,#3093,.T.);
#1362=ORIENTED_EDGE('',*,*,#3089,.T.);
#1363=ORIENTED_EDGE('',*,*,#3094,.F.);
#1364=ORIENTED_EDGE('',*,*,#3095,.F.);
#1365=ORIENTED_EDGE('',*,*,#3096,.T.);
#1366=ORIENTED_EDGE('',*,*,#3092,.T.);
#1367=ORIENTED_EDGE('',*,*,#3097,.F.);
#1368=ORIENTED_EDGE('',*,*,#3098,.F.);
#1369=ORIENTED_EDGE('',*,*,#3099,.T.);
#1370=ORIENTED_EDGE('',*,*,#3095,.T.);
#1371=ORIENTED_EDGE('',*,*,#3100,.F.);
#1372=ORIENTED_EDGE('',*,*,#3101,.F.);
#1373=ORIENTED_EDGE('',*,*,#3102,.T.);
#1374=ORIENTED_EDGE('',*,*,#3098,.T.);
#1375=ORIENTED_EDGE('',*,*,#3103,.F.);
#1376=ORIENTED_EDGE('',*,*,#3104,.F.);
#1377=ORIENTED_EDGE('',*,*,#3105,.T.);
#1378=ORIENTED_EDGE('',*,*,#3106,.T.);
#1379=ORIENTED_EDGE('',*,*,#3107,.F.);
#1380=ORIENTED_EDGE('',*,*,#3108,.F.);
#1381=ORIENTED_EDGE('',*,*,#3109,.T.);
#1382=ORIENTED_EDGE('',*,*,#3104,.T.);
#1383=ORIENTED_EDGE('',*,*,#3110,.F.);
#1384=ORIENTED_EDGE('',*,*,#3111,.F.);
#1385=ORIENTED_EDGE('',*,*,#3112,.T.);
#1386=ORIENTED_EDGE('',*,*,#3108,.T.);
#1387=ORIENTED_EDGE('',*,*,#3113,.F.);
#1388=ORIENTED_EDGE('',*,*,#3114,.F.);
#1389=ORIENTED_EDGE('',*,*,#3115,.T.);
#1390=ORIENTED_EDGE('',*,*,#3111,.T.);
#1391=ORIENTED_EDGE('',*,*,#3116,.F.);
#1392=ORIENTED_EDGE('',*,*,#3117,.F.);
#1393=ORIENTED_EDGE('',*,*,#3118,.T.);
#1394=ORIENTED_EDGE('',*,*,#3114,.T.);
#1395=ORIENTED_EDGE('',*,*,#3119,.F.);
#1396=ORIENTED_EDGE('',*,*,#3120,.F.);
#1397=ORIENTED_EDGE('',*,*,#3121,.T.);
#1398=ORIENTED_EDGE('',*,*,#3117,.T.);
#1399=ORIENTED_EDGE('',*,*,#3122,.F.);
#1400=ORIENTED_EDGE('',*,*,#3123,.F.);
#1401=ORIENTED_EDGE('',*,*,#3124,.T.);
#1402=ORIENTED_EDGE('',*,*,#3120,.T.);
#1403=ORIENTED_EDGE('',*,*,#2881,.F.);
#1404=ORIENTED_EDGE('',*,*,#3125,.F.);
#1405=ORIENTED_EDGE('',*,*,#3126,.T.);
#1406=ORIENTED_EDGE('',*,*,#3127,.T.);
#1407=ORIENTED_EDGE('',*,*,#2880,.F.);
#1408=ORIENTED_EDGE('',*,*,#3128,.F.);
#1409=ORIENTED_EDGE('',*,*,#3129,.T.);
#1410=ORIENTED_EDGE('',*,*,#3125,.T.);
#1411=ORIENTED_EDGE('',*,*,#2899,.F.);
#1412=ORIENTED_EDGE('',*,*,#3130,.F.);
#1413=ORIENTED_EDGE('',*,*,#3131,.T.);
#1414=ORIENTED_EDGE('',*,*,#3128,.T.);
#1415=ORIENTED_EDGE('',*,*,#2898,.F.);
#1416=ORIENTED_EDGE('',*,*,#3132,.F.);
#1417=ORIENTED_EDGE('',*,*,#3133,.T.);
#1418=ORIENTED_EDGE('',*,*,#3130,.T.);
#1419=ORIENTED_EDGE('',*,*,#2897,.F.);
#1420=ORIENTED_EDGE('',*,*,#3134,.F.);
#1421=ORIENTED_EDGE('',*,*,#3135,.T.);
#1422=ORIENTED_EDGE('',*,*,#3132,.T.);
#1423=ORIENTED_EDGE('',*,*,#2896,.F.);
#1424=ORIENTED_EDGE('',*,*,#3136,.F.);
#1425=ORIENTED_EDGE('',*,*,#3137,.T.);
#1426=ORIENTED_EDGE('',*,*,#3134,.T.);
#1427=ORIENTED_EDGE('',*,*,#2895,.F.);
#1428=ORIENTED_EDGE('',*,*,#3138,.F.);
#1429=ORIENTED_EDGE('',*,*,#3139,.T.);
#1430=ORIENTED_EDGE('',*,*,#3136,.T.);
#1431=ORIENTED_EDGE('',*,*,#2894,.F.);
#1432=ORIENTED_EDGE('',*,*,#3140,.F.);
#1433=ORIENTED_EDGE('',*,*,#3141,.T.);
#1434=ORIENTED_EDGE('',*,*,#3138,.T.);
#1435=ORIENTED_EDGE('',*,*,#2893,.F.);
#1436=ORIENTED_EDGE('',*,*,#3142,.F.);
#1437=ORIENTED_EDGE('',*,*,#3143,.T.);
#1438=ORIENTED_EDGE('',*,*,#3140,.T.);
#1439=ORIENTED_EDGE('',*,*,#2892,.F.);
#1440=ORIENTED_EDGE('',*,*,#3144,.F.);
#1441=ORIENTED_EDGE('',*,*,#3145,.T.);
#1442=ORIENTED_EDGE('',*,*,#3142,.T.);
#1443=ORIENTED_EDGE('',*,*,#2891,.F.);
#1444=ORIENTED_EDGE('',*,*,#3146,.F.);
#1445=ORIENTED_EDGE('',*,*,#3147,.T.);
#1446=ORIENTED_EDGE('',*,*,#3144,.T.);
#1447=ORIENTED_EDGE('',*,*,#2890,.F.);
#1448=ORIENTED_EDGE('',*,*,#3148,.F.);
#1449=ORIENTED_EDGE('',*,*,#3149,.T.);
#1450=ORIENTED_EDGE('',*,*,#3146,.T.);
#1451=ORIENTED_EDGE('',*,*,#2889,.F.);
#1452=ORIENTED_EDGE('',*,*,#3150,.F.);
#1453=ORIENTED_EDGE('',*,*,#3151,.T.);
#1454=ORIENTED_EDGE('',*,*,#3148,.T.);
#1455=ORIENTED_EDGE('',*,*,#2888,.F.);
#1456=ORIENTED_EDGE('',*,*,#3152,.F.);
#1457=ORIENTED_EDGE('',*,*,#3153,.T.);
#1458=ORIENTED_EDGE('',*,*,#3150,.T.);
#1459=ORIENTED_EDGE('',*,*,#2887,.F.);
#1460=ORIENTED_EDGE('',*,*,#3154,.F.);
#1461=ORIENTED_EDGE('',*,*,#3155,.T.);
#1462=ORIENTED_EDGE('',*,*,#3152,.T.);
#1463=ORIENTED_EDGE('',*,*,#2886,.F.);
#1464=ORIENTED_EDGE('',*,*,#3156,.F.);
#1465=ORIENTED_EDGE('',*,*,#3157,.T.);
#1466=ORIENTED_EDGE('',*,*,#3154,.T.);
#1467=ORIENTED_EDGE('',*,*,#2885,.F.);
#1468=ORIENTED_EDGE('',*,*,#3158,.F.);
#1469=ORIENTED_EDGE('',*,*,#3159,.T.);
#1470=ORIENTED_EDGE('',*,*,#3156,.T.);
#1471=ORIENTED_EDGE('',*,*,#2884,.F.);
#1472=ORIENTED_EDGE('',*,*,#3160,.F.);
#1473=ORIENTED_EDGE('',*,*,#3161,.T.);
#1474=ORIENTED_EDGE('',*,*,#3158,.T.);
#1475=ORIENTED_EDGE('',*,*,#2883,.F.);
#1476=ORIENTED_EDGE('',*,*,#3162,.F.);
#1477=ORIENTED_EDGE('',*,*,#3163,.T.);
#1478=ORIENTED_EDGE('',*,*,#3160,.T.);
#1479=ORIENTED_EDGE('',*,*,#3164,.F.);
#1480=ORIENTED_EDGE('',*,*,#3106,.F.);
#1481=ORIENTED_EDGE('',*,*,#3165,.T.);
#1482=ORIENTED_EDGE('',*,*,#3123,.T.);
#1483=ORIENTED_EDGE('',*,*,#2882,.F.);
#1484=ORIENTED_EDGE('',*,*,#3127,.F.);
#1485=ORIENTED_EDGE('',*,*,#3166,.T.);
#1486=ORIENTED_EDGE('',*,*,#3162,.T.);
#1487=ORIENTED_EDGE('',*,*,#3167,.F.);
#1488=ORIENTED_EDGE('',*,*,#3084,.F.);
#1489=ORIENTED_EDGE('',*,*,#3168,.T.);
#1490=ORIENTED_EDGE('',*,*,#3101,.T.);
#1491=ORIENTED_EDGE('',*,*,#3126,.F.);
#1492=ORIENTED_EDGE('',*,*,#3129,.F.);
#1493=ORIENTED_EDGE('',*,*,#3131,.F.);
#1494=ORIENTED_EDGE('',*,*,#3133,.F.);
#1495=ORIENTED_EDGE('',*,*,#3135,.F.);
#1496=ORIENTED_EDGE('',*,*,#3137,.F.);
#1497=ORIENTED_EDGE('',*,*,#3139,.F.);
#1498=ORIENTED_EDGE('',*,*,#3141,.F.);
#1499=ORIENTED_EDGE('',*,*,#3143,.F.);
#1500=ORIENTED_EDGE('',*,*,#3145,.F.);
#1501=ORIENTED_EDGE('',*,*,#3147,.F.);
#1502=ORIENTED_EDGE('',*,*,#3149,.F.);
#1503=ORIENTED_EDGE('',*,*,#3151,.F.);
#1504=ORIENTED_EDGE('',*,*,#3153,.F.);
#1505=ORIENTED_EDGE('',*,*,#3155,.F.);
#1506=ORIENTED_EDGE('',*,*,#3157,.F.);
#1507=ORIENTED_EDGE('',*,*,#3159,.F.);
#1508=ORIENTED_EDGE('',*,*,#3161,.F.);
#1509=ORIENTED_EDGE('',*,*,#3163,.F.);
#1510=ORIENTED_EDGE('',*,*,#3166,.F.);
#1511=ORIENTED_EDGE('',*,*,#3105,.F.);
#1512=ORIENTED_EDGE('',*,*,#3109,.F.);
#1513=ORIENTED_EDGE('',*,*,#3112,.F.);
#1514=ORIENTED_EDGE('',*,*,#3115,.F.);
#1515=ORIENTED_EDGE('',*,*,#3118,.F.);
#1516=ORIENTED_EDGE('',*,*,#3121,.F.);
#1517=ORIENTED_EDGE('',*,*,#3124,.F.);
#1518=ORIENTED_EDGE('',*,*,#3165,.F.);
#1519=ORIENTED_EDGE('',*,*,#3083,.F.);
#1520=ORIENTED_EDGE('',*,*,#3087,.F.);
#1521=ORIENTED_EDGE('',*,*,#3090,.F.);
#1522=ORIENTED_EDGE('',*,*,#3093,.F.);
#1523=ORIENTED_EDGE('',*,*,#3096,.F.);
#1524=ORIENTED_EDGE('',*,*,#3099,.F.);
#1525=ORIENTED_EDGE('',*,*,#3102,.F.);
#1526=ORIENTED_EDGE('',*,*,#3168,.F.);
#1527=ORIENTED_EDGE('',*,*,#3107,.T.);
#1528=ORIENTED_EDGE('',*,*,#3103,.T.);
#1529=ORIENTED_EDGE('',*,*,#3164,.T.);
#1530=ORIENTED_EDGE('',*,*,#3122,.T.);
#1531=ORIENTED_EDGE('',*,*,#3119,.T.);
#1532=ORIENTED_EDGE('',*,*,#3116,.T.);
#1533=ORIENTED_EDGE('',*,*,#3113,.T.);
#1534=ORIENTED_EDGE('',*,*,#3110,.T.);
#1535=ORIENTED_EDGE('',*,*,#2901,.F.);
#1536=ORIENTED_EDGE('',*,*,#3169,.F.);
#1537=ORIENTED_EDGE('',*,*,#3170,.T.);
#1538=ORIENTED_EDGE('',*,*,#3171,.T.);
#1539=ORIENTED_EDGE('',*,*,#2900,.F.);
#1540=ORIENTED_EDGE('',*,*,#3172,.F.);
#1541=ORIENTED_EDGE('',*,*,#3173,.T.);
#1542=ORIENTED_EDGE('',*,*,#3169,.T.);
#1543=ORIENTED_EDGE('',*,*,#2918,.F.);
#1544=ORIENTED_EDGE('',*,*,#3174,.F.);
#1545=ORIENTED_EDGE('',*,*,#3175,.T.);
#1546=ORIENTED_EDGE('',*,*,#3172,.T.);
#1547=ORIENTED_EDGE('',*,*,#2917,.F.);
#1548=ORIENTED_EDGE('',*,*,#3176,.F.);
#1549=ORIENTED_EDGE('',*,*,#3177,.T.);
#1550=ORIENTED_EDGE('',*,*,#3174,.T.);
#1551=ORIENTED_EDGE('',*,*,#2916,.F.);
#1552=ORIENTED_EDGE('',*,*,#3178,.F.);
#1553=ORIENTED_EDGE('',*,*,#3179,.T.);
#1554=ORIENTED_EDGE('',*,*,#3176,.T.);
#1555=ORIENTED_EDGE('',*,*,#2915,.F.);
#1556=ORIENTED_EDGE('',*,*,#3180,.F.);
#1557=ORIENTED_EDGE('',*,*,#3181,.T.);
#1558=ORIENTED_EDGE('',*,*,#3178,.T.);
#1559=ORIENTED_EDGE('',*,*,#2914,.F.);
#1560=ORIENTED_EDGE('',*,*,#3182,.F.);
#1561=ORIENTED_EDGE('',*,*,#3183,.T.);
#1562=ORIENTED_EDGE('',*,*,#3180,.T.);
#1563=ORIENTED_EDGE('',*,*,#2913,.F.);
#1564=ORIENTED_EDGE('',*,*,#3184,.F.);
#1565=ORIENTED_EDGE('',*,*,#3185,.T.);
#1566=ORIENTED_EDGE('',*,*,#3182,.T.);
#1567=ORIENTED_EDGE('',*,*,#2912,.F.);
#1568=ORIENTED_EDGE('',*,*,#3186,.F.);
#1569=ORIENTED_EDGE('',*,*,#3187,.T.);
#1570=ORIENTED_EDGE('',*,*,#3184,.T.);
#1571=ORIENTED_EDGE('',*,*,#2911,.F.);
#1572=ORIENTED_EDGE('',*,*,#3188,.F.);
#1573=ORIENTED_EDGE('',*,*,#3189,.T.);
#1574=ORIENTED_EDGE('',*,*,#3186,.T.);
#1575=ORIENTED_EDGE('',*,*,#2910,.F.);
#1576=ORIENTED_EDGE('',*,*,#3190,.F.);
#1577=ORIENTED_EDGE('',*,*,#3191,.T.);
#1578=ORIENTED_EDGE('',*,*,#3188,.T.);
#1579=ORIENTED_EDGE('',*,*,#2909,.F.);
#1580=ORIENTED_EDGE('',*,*,#3192,.F.);
#1581=ORIENTED_EDGE('',*,*,#3193,.T.);
#1582=ORIENTED_EDGE('',*,*,#3190,.T.);
#1583=ORIENTED_EDGE('',*,*,#2908,.F.);
#1584=ORIENTED_EDGE('',*,*,#3194,.F.);
#1585=ORIENTED_EDGE('',*,*,#3195,.T.);
#1586=ORIENTED_EDGE('',*,*,#3192,.T.);
#1587=ORIENTED_EDGE('',*,*,#2907,.F.);
#1588=ORIENTED_EDGE('',*,*,#3196,.F.);
#1589=ORIENTED_EDGE('',*,*,#3197,.T.);
#1590=ORIENTED_EDGE('',*,*,#3194,.T.);
#1591=ORIENTED_EDGE('',*,*,#2906,.F.);
#1592=ORIENTED_EDGE('',*,*,#3198,.F.);
#1593=ORIENTED_EDGE('',*,*,#3199,.T.);
#1594=ORIENTED_EDGE('',*,*,#3196,.T.);
#1595=ORIENTED_EDGE('',*,*,#2905,.F.);
#1596=ORIENTED_EDGE('',*,*,#3200,.F.);
#1597=ORIENTED_EDGE('',*,*,#3201,.T.);
#1598=ORIENTED_EDGE('',*,*,#3198,.T.);
#1599=ORIENTED_EDGE('',*,*,#2904,.F.);
#1600=ORIENTED_EDGE('',*,*,#3202,.F.);
#1601=ORIENTED_EDGE('',*,*,#3203,.T.);
#1602=ORIENTED_EDGE('',*,*,#3200,.T.);
#1603=ORIENTED_EDGE('',*,*,#2903,.F.);
#1604=ORIENTED_EDGE('',*,*,#3204,.F.);
#1605=ORIENTED_EDGE('',*,*,#3205,.T.);
#1606=ORIENTED_EDGE('',*,*,#3202,.T.);
#1607=ORIENTED_EDGE('',*,*,#2902,.F.);
#1608=ORIENTED_EDGE('',*,*,#3171,.F.);
#1609=ORIENTED_EDGE('',*,*,#3206,.T.);
#1610=ORIENTED_EDGE('',*,*,#3204,.T.);
#1611=ORIENTED_EDGE('',*,*,#3170,.F.);
#1612=ORIENTED_EDGE('',*,*,#3173,.F.);
#1613=ORIENTED_EDGE('',*,*,#3175,.F.);
#1614=ORIENTED_EDGE('',*,*,#3177,.F.);
#1615=ORIENTED_EDGE('',*,*,#3179,.F.);
#1616=ORIENTED_EDGE('',*,*,#3181,.F.);
#1617=ORIENTED_EDGE('',*,*,#3183,.F.);
#1618=ORIENTED_EDGE('',*,*,#3185,.F.);
#1619=ORIENTED_EDGE('',*,*,#3187,.F.);
#1620=ORIENTED_EDGE('',*,*,#3189,.F.);
#1621=ORIENTED_EDGE('',*,*,#3191,.F.);
#1622=ORIENTED_EDGE('',*,*,#3193,.F.);
#1623=ORIENTED_EDGE('',*,*,#3195,.F.);
#1624=ORIENTED_EDGE('',*,*,#3197,.F.);
#1625=ORIENTED_EDGE('',*,*,#3199,.F.);
#1626=ORIENTED_EDGE('',*,*,#3201,.F.);
#1627=ORIENTED_EDGE('',*,*,#3203,.F.);
#1628=ORIENTED_EDGE('',*,*,#3205,.F.);
#1629=ORIENTED_EDGE('',*,*,#3206,.F.);
#1630=ORIENTED_EDGE('',*,*,#2920,.F.);
#1631=ORIENTED_EDGE('',*,*,#3207,.F.);
#1632=ORIENTED_EDGE('',*,*,#3208,.T.);
#1633=ORIENTED_EDGE('',*,*,#3209,.T.);
#1634=ORIENTED_EDGE('',*,*,#2919,.F.);
#1635=ORIENTED_EDGE('',*,*,#3210,.F.);
#1636=ORIENTED_EDGE('',*,*,#3211,.T.);
#1637=ORIENTED_EDGE('',*,*,#3207,.T.);
#1638=ORIENTED_EDGE('',*,*,#2950,.F.);
#1639=ORIENTED_EDGE('',*,*,#3212,.F.);
#1640=ORIENTED_EDGE('',*,*,#3213,.T.);
#1641=ORIENTED_EDGE('',*,*,#3210,.T.);
#1642=ORIENTED_EDGE('',*,*,#2949,.F.);
#1643=ORIENTED_EDGE('',*,*,#3214,.F.);
#1644=ORIENTED_EDGE('',*,*,#3215,.T.);
#1645=ORIENTED_EDGE('',*,*,#3212,.T.);
#1646=ORIENTED_EDGE('',*,*,#2948,.F.);
#1647=ORIENTED_EDGE('',*,*,#3216,.F.);
#1648=ORIENTED_EDGE('',*,*,#3217,.T.);
#1649=ORIENTED_EDGE('',*,*,#3214,.T.);
#1650=ORIENTED_EDGE('',*,*,#2947,.F.);
#1651=ORIENTED_EDGE('',*,*,#3218,.F.);
#1652=ORIENTED_EDGE('',*,*,#3219,.T.);
#1653=ORIENTED_EDGE('',*,*,#3216,.T.);
#1654=ORIENTED_EDGE('',*,*,#2946,.F.);
#1655=ORIENTED_EDGE('',*,*,#3220,.F.);
#1656=ORIENTED_EDGE('',*,*,#3221,.T.);
#1657=ORIENTED_EDGE('',*,*,#3218,.T.);
#1658=ORIENTED_EDGE('',*,*,#2945,.F.);
#1659=ORIENTED_EDGE('',*,*,#3222,.F.);
#1660=ORIENTED_EDGE('',*,*,#3223,.T.);
#1661=ORIENTED_EDGE('',*,*,#3220,.T.);
#1662=ORIENTED_EDGE('',*,*,#2944,.F.);
#1663=ORIENTED_EDGE('',*,*,#3224,.F.);
#1664=ORIENTED_EDGE('',*,*,#3225,.T.);
#1665=ORIENTED_EDGE('',*,*,#3222,.T.);
#1666=ORIENTED_EDGE('',*,*,#2943,.F.);
#1667=ORIENTED_EDGE('',*,*,#3226,.F.);
#1668=ORIENTED_EDGE('',*,*,#3227,.T.);
#1669=ORIENTED_EDGE('',*,*,#3224,.T.);
#1670=ORIENTED_EDGE('',*,*,#2942,.F.);
#1671=ORIENTED_EDGE('',*,*,#3228,.F.);
#1672=ORIENTED_EDGE('',*,*,#3229,.T.);
#1673=ORIENTED_EDGE('',*,*,#3226,.T.);
#1674=ORIENTED_EDGE('',*,*,#2941,.F.);
#1675=ORIENTED_EDGE('',*,*,#3230,.F.);
#1676=ORIENTED_EDGE('',*,*,#3231,.T.);
#1677=ORIENTED_EDGE('',*,*,#3228,.T.);
#1678=ORIENTED_EDGE('',*,*,#2940,.F.);
#1679=ORIENTED_EDGE('',*,*,#3232,.F.);
#1680=ORIENTED_EDGE('',*,*,#3233,.T.);
#1681=ORIENTED_EDGE('',*,*,#3230,.T.);
#1682=ORIENTED_EDGE('',*,*,#2939,.F.);
#1683=ORIENTED_EDGE('',*,*,#3234,.F.);
#1684=ORIENTED_EDGE('',*,*,#3235,.T.);
#1685=ORIENTED_EDGE('',*,*,#3232,.T.);
#1686=ORIENTED_EDGE('',*,*,#2938,.F.);
#1687=ORIENTED_EDGE('',*,*,#3236,.F.);
#1688=ORIENTED_EDGE('',*,*,#3237,.T.);
#1689=ORIENTED_EDGE('',*,*,#3234,.T.);
#1690=ORIENTED_EDGE('',*,*,#2937,.F.);
#1691=ORIENTED_EDGE('',*,*,#3238,.F.);
#1692=ORIENTED_EDGE('',*,*,#3239,.T.);
#1693=ORIENTED_EDGE('',*,*,#3236,.T.);
#1694=ORIENTED_EDGE('',*,*,#2936,.F.);
#1695=ORIENTED_EDGE('',*,*,#3240,.F.);
#1696=ORIENTED_EDGE('',*,*,#3241,.T.);
#1697=ORIENTED_EDGE('',*,*,#3238,.T.);
#1698=ORIENTED_EDGE('',*,*,#2935,.F.);
#1699=ORIENTED_EDGE('',*,*,#3242,.F.);
#1700=ORIENTED_EDGE('',*,*,#3243,.T.);
#1701=ORIENTED_EDGE('',*,*,#3240,.T.);
#1702=ORIENTED_EDGE('',*,*,#2934,.F.);
#1703=ORIENTED_EDGE('',*,*,#3244,.F.);
#1704=ORIENTED_EDGE('',*,*,#3245,.T.);
#1705=ORIENTED_EDGE('',*,*,#3242,.T.);
#1706=ORIENTED_EDGE('',*,*,#2933,.F.);
#1707=ORIENTED_EDGE('',*,*,#3246,.F.);
#1708=ORIENTED_EDGE('',*,*,#3247,.T.);
#1709=ORIENTED_EDGE('',*,*,#3244,.T.);
#1710=ORIENTED_EDGE('',*,*,#2932,.F.);
#1711=ORIENTED_EDGE('',*,*,#3248,.F.);
#1712=ORIENTED_EDGE('',*,*,#3249,.T.);
#1713=ORIENTED_EDGE('',*,*,#3246,.T.);
#1714=ORIENTED_EDGE('',*,*,#2931,.F.);
#1715=ORIENTED_EDGE('',*,*,#3250,.F.);
#1716=ORIENTED_EDGE('',*,*,#3251,.T.);
#1717=ORIENTED_EDGE('',*,*,#3248,.T.);
#1718=ORIENTED_EDGE('',*,*,#2930,.F.);
#1719=ORIENTED_EDGE('',*,*,#3252,.F.);
#1720=ORIENTED_EDGE('',*,*,#3253,.T.);
#1721=ORIENTED_EDGE('',*,*,#3250,.T.);
#1722=ORIENTED_EDGE('',*,*,#2929,.F.);
#1723=ORIENTED_EDGE('',*,*,#3254,.F.);
#1724=ORIENTED_EDGE('',*,*,#3255,.T.);
#1725=ORIENTED_EDGE('',*,*,#3252,.T.);
#1726=ORIENTED_EDGE('',*,*,#2928,.F.);
#1727=ORIENTED_EDGE('',*,*,#3256,.F.);
#1728=ORIENTED_EDGE('',*,*,#3257,.T.);
#1729=ORIENTED_EDGE('',*,*,#3254,.T.);
#1730=ORIENTED_EDGE('',*,*,#2927,.F.);
#1731=ORIENTED_EDGE('',*,*,#3258,.F.);
#1732=ORIENTED_EDGE('',*,*,#3259,.T.);
#1733=ORIENTED_EDGE('',*,*,#3256,.T.);
#1734=ORIENTED_EDGE('',*,*,#2926,.F.);
#1735=ORIENTED_EDGE('',*,*,#3260,.F.);
#1736=ORIENTED_EDGE('',*,*,#3261,.T.);
#1737=ORIENTED_EDGE('',*,*,#3258,.T.);
#1738=ORIENTED_EDGE('',*,*,#2925,.F.);
#1739=ORIENTED_EDGE('',*,*,#3262,.F.);
#1740=ORIENTED_EDGE('',*,*,#3263,.T.);
#1741=ORIENTED_EDGE('',*,*,#3260,.T.);
#1742=ORIENTED_EDGE('',*,*,#2924,.F.);
#1743=ORIENTED_EDGE('',*,*,#3264,.F.);
#1744=ORIENTED_EDGE('',*,*,#3265,.T.);
#1745=ORIENTED_EDGE('',*,*,#3262,.T.);
#1746=ORIENTED_EDGE('',*,*,#2923,.F.);
#1747=ORIENTED_EDGE('',*,*,#3266,.F.);
#1748=ORIENTED_EDGE('',*,*,#3267,.T.);
#1749=ORIENTED_EDGE('',*,*,#3264,.T.);
#1750=ORIENTED_EDGE('',*,*,#2922,.F.);
#1751=ORIENTED_EDGE('',*,*,#3268,.F.);
#1752=ORIENTED_EDGE('',*,*,#3269,.T.);
#1753=ORIENTED_EDGE('',*,*,#3266,.T.);
#1754=ORIENTED_EDGE('',*,*,#2921,.F.);
#1755=ORIENTED_EDGE('',*,*,#3209,.F.);
#1756=ORIENTED_EDGE('',*,*,#3270,.T.);
#1757=ORIENTED_EDGE('',*,*,#3268,.T.);
#1758=ORIENTED_EDGE('',*,*,#3208,.F.);
#1759=ORIENTED_EDGE('',*,*,#3211,.F.);
#1760=ORIENTED_EDGE('',*,*,#3213,.F.);
#1761=ORIENTED_EDGE('',*,*,#3215,.F.);
#1762=ORIENTED_EDGE('',*,*,#3217,.F.);
#1763=ORIENTED_EDGE('',*,*,#3219,.F.);
#1764=ORIENTED_EDGE('',*,*,#3221,.F.);
#1765=ORIENTED_EDGE('',*,*,#3223,.F.);
#1766=ORIENTED_EDGE('',*,*,#3225,.F.);
#1767=ORIENTED_EDGE('',*,*,#3227,.F.);
#1768=ORIENTED_EDGE('',*,*,#3229,.F.);
#1769=ORIENTED_EDGE('',*,*,#3231,.F.);
#1770=ORIENTED_EDGE('',*,*,#3233,.F.);
#1771=ORIENTED_EDGE('',*,*,#3235,.F.);
#1772=ORIENTED_EDGE('',*,*,#3237,.F.);
#1773=ORIENTED_EDGE('',*,*,#3239,.F.);
#1774=ORIENTED_EDGE('',*,*,#3241,.F.);
#1775=ORIENTED_EDGE('',*,*,#3243,.F.);
#1776=ORIENTED_EDGE('',*,*,#3245,.F.);
#1777=ORIENTED_EDGE('',*,*,#3247,.F.);
#1778=ORIENTED_EDGE('',*,*,#3249,.F.);
#1779=ORIENTED_EDGE('',*,*,#3251,.F.);
#1780=ORIENTED_EDGE('',*,*,#3253,.F.);
#1781=ORIENTED_EDGE('',*,*,#3255,.F.);
#1782=ORIENTED_EDGE('',*,*,#3257,.F.);
#1783=ORIENTED_EDGE('',*,*,#3259,.F.);
#1784=ORIENTED_EDGE('',*,*,#3261,.F.);
#1785=ORIENTED_EDGE('',*,*,#3263,.F.);
#1786=ORIENTED_EDGE('',*,*,#3265,.F.);
#1787=ORIENTED_EDGE('',*,*,#3267,.F.);
#1788=ORIENTED_EDGE('',*,*,#3269,.F.);
#1789=ORIENTED_EDGE('',*,*,#3270,.F.);
#1790=ORIENTED_EDGE('',*,*,#2952,.F.);
#1791=ORIENTED_EDGE('',*,*,#3271,.F.);
#1792=ORIENTED_EDGE('',*,*,#3272,.T.);
#1793=ORIENTED_EDGE('',*,*,#3273,.T.);
#1794=ORIENTED_EDGE('',*,*,#2951,.F.);
#1795=ORIENTED_EDGE('',*,*,#3274,.F.);
#1796=ORIENTED_EDGE('',*,*,#3275,.T.);
#1797=ORIENTED_EDGE('',*,*,#3271,.T.);
#1798=ORIENTED_EDGE('',*,*,#2957,.F.);
#1799=ORIENTED_EDGE('',*,*,#3276,.F.);
#1800=ORIENTED_EDGE('',*,*,#3277,.T.);
#1801=ORIENTED_EDGE('',*,*,#3274,.T.);
#1802=ORIENTED_EDGE('',*,*,#2956,.F.);
#1803=ORIENTED_EDGE('',*,*,#3278,.F.);
#1804=ORIENTED_EDGE('',*,*,#3279,.T.);
#1805=ORIENTED_EDGE('',*,*,#3276,.T.);
#1806=ORIENTED_EDGE('',*,*,#2955,.F.);
#1807=ORIENTED_EDGE('',*,*,#3280,.F.);
#1808=ORIENTED_EDGE('',*,*,#3281,.T.);
#1809=ORIENTED_EDGE('',*,*,#3278,.T.);
#1810=ORIENTED_EDGE('',*,*,#2954,.F.);
#1811=ORIENTED_EDGE('',*,*,#3282,.F.);
#1812=ORIENTED_EDGE('',*,*,#3283,.T.);
#1813=ORIENTED_EDGE('',*,*,#3280,.T.);
#1814=ORIENTED_EDGE('',*,*,#2953,.F.);
#1815=ORIENTED_EDGE('',*,*,#3273,.F.);
#1816=ORIENTED_EDGE('',*,*,#3284,.T.);
#1817=ORIENTED_EDGE('',*,*,#3282,.T.);
#1818=ORIENTED_EDGE('',*,*,#3272,.F.);
#1819=ORIENTED_EDGE('',*,*,#3275,.F.);
#1820=ORIENTED_EDGE('',*,*,#3277,.F.);
#1821=ORIENTED_EDGE('',*,*,#3279,.F.);
#1822=ORIENTED_EDGE('',*,*,#3281,.F.);
#1823=ORIENTED_EDGE('',*,*,#3283,.F.);
#1824=ORIENTED_EDGE('',*,*,#3284,.F.);
#1825=ORIENTED_EDGE('',*,*,#2959,.F.);
#1826=ORIENTED_EDGE('',*,*,#3285,.F.);
#1827=ORIENTED_EDGE('',*,*,#3286,.T.);
#1828=ORIENTED_EDGE('',*,*,#3287,.T.);
#1829=ORIENTED_EDGE('',*,*,#2958,.F.);
#1830=ORIENTED_EDGE('',*,*,#3288,.F.);
#1831=ORIENTED_EDGE('',*,*,#3289,.T.);
#1832=ORIENTED_EDGE('',*,*,#3285,.T.);
#1833=ORIENTED_EDGE('',*,*,#2982,.F.);
#1834=ORIENTED_EDGE('',*,*,#3290,.F.);
#1835=ORIENTED_EDGE('',*,*,#3291,.T.);
#1836=ORIENTED_EDGE('',*,*,#3288,.T.);
#1837=ORIENTED_EDGE('',*,*,#2981,.F.);
#1838=ORIENTED_EDGE('',*,*,#3292,.F.);
#1839=ORIENTED_EDGE('',*,*,#3293,.T.);
#1840=ORIENTED_EDGE('',*,*,#3290,.T.);
#1841=ORIENTED_EDGE('',*,*,#2980,.F.);
#1842=ORIENTED_EDGE('',*,*,#3294,.F.);
#1843=ORIENTED_EDGE('',*,*,#3295,.T.);
#1844=ORIENTED_EDGE('',*,*,#3292,.T.);
#1845=ORIENTED_EDGE('',*,*,#2979,.F.);
#1846=ORIENTED_EDGE('',*,*,#3296,.F.);
#1847=ORIENTED_EDGE('',*,*,#3297,.T.);
#1848=ORIENTED_EDGE('',*,*,#3294,.T.);
#1849=ORIENTED_EDGE('',*,*,#2978,.F.);
#1850=ORIENTED_EDGE('',*,*,#3298,.F.);
#1851=ORIENTED_EDGE('',*,*,#3299,.T.);
#1852=ORIENTED_EDGE('',*,*,#3296,.T.);
#1853=ORIENTED_EDGE('',*,*,#2977,.F.);
#1854=ORIENTED_EDGE('',*,*,#3300,.F.);
#1855=ORIENTED_EDGE('',*,*,#3301,.T.);
#1856=ORIENTED_EDGE('',*,*,#3298,.T.);
#1857=ORIENTED_EDGE('',*,*,#2976,.F.);
#1858=ORIENTED_EDGE('',*,*,#3302,.F.);
#1859=ORIENTED_EDGE('',*,*,#3303,.T.);
#1860=ORIENTED_EDGE('',*,*,#3300,.T.);
#1861=ORIENTED_EDGE('',*,*,#2975,.F.);
#1862=ORIENTED_EDGE('',*,*,#3304,.F.);
#1863=ORIENTED_EDGE('',*,*,#3305,.T.);
#1864=ORIENTED_EDGE('',*,*,#3302,.T.);
#1865=ORIENTED_EDGE('',*,*,#2974,.F.);
#1866=ORIENTED_EDGE('',*,*,#3306,.F.);
#1867=ORIENTED_EDGE('',*,*,#3307,.T.);
#1868=ORIENTED_EDGE('',*,*,#3304,.T.);
#1869=ORIENTED_EDGE('',*,*,#2973,.F.);
#1870=ORIENTED_EDGE('',*,*,#3308,.F.);
#1871=ORIENTED_EDGE('',*,*,#3309,.T.);
#1872=ORIENTED_EDGE('',*,*,#3306,.T.);
#1873=ORIENTED_EDGE('',*,*,#2972,.F.);
#1874=ORIENTED_EDGE('',*,*,#3310,.F.);
#1875=ORIENTED_EDGE('',*,*,#3311,.T.);
#1876=ORIENTED_EDGE('',*,*,#3308,.T.);
#1877=ORIENTED_EDGE('',*,*,#2971,.F.);
#1878=ORIENTED_EDGE('',*,*,#3312,.F.);
#1879=ORIENTED_EDGE('',*,*,#3313,.T.);
#1880=ORIENTED_EDGE('',*,*,#3310,.T.);
#1881=ORIENTED_EDGE('',*,*,#2970,.F.);
#1882=ORIENTED_EDGE('',*,*,#3314,.F.);
#1883=ORIENTED_EDGE('',*,*,#3315,.T.);
#1884=ORIENTED_EDGE('',*,*,#3312,.T.);
#1885=ORIENTED_EDGE('',*,*,#2969,.F.);
#1886=ORIENTED_EDGE('',*,*,#3316,.F.);
#1887=ORIENTED_EDGE('',*,*,#3317,.T.);
#1888=ORIENTED_EDGE('',*,*,#3314,.T.);
#1889=ORIENTED_EDGE('',*,*,#2968,.F.);
#1890=ORIENTED_EDGE('',*,*,#3318,.F.);
#1891=ORIENTED_EDGE('',*,*,#3319,.T.);
#1892=ORIENTED_EDGE('',*,*,#3316,.T.);
#1893=ORIENTED_EDGE('',*,*,#2967,.F.);
#1894=ORIENTED_EDGE('',*,*,#3320,.F.);
#1895=ORIENTED_EDGE('',*,*,#3321,.T.);
#1896=ORIENTED_EDGE('',*,*,#3318,.T.);
#1897=ORIENTED_EDGE('',*,*,#2966,.F.);
#1898=ORIENTED_EDGE('',*,*,#3322,.F.);
#1899=ORIENTED_EDGE('',*,*,#3323,.T.);
#1900=ORIENTED_EDGE('',*,*,#3320,.T.);
#1901=ORIENTED_EDGE('',*,*,#2965,.F.);
#1902=ORIENTED_EDGE('',*,*,#3324,.F.);
#1903=ORIENTED_EDGE('',*,*,#3325,.T.);
#1904=ORIENTED_EDGE('',*,*,#3322,.T.);
#1905=ORIENTED_EDGE('',*,*,#2964,.F.);
#1906=ORIENTED_EDGE('',*,*,#3326,.F.);
#1907=ORIENTED_EDGE('',*,*,#3327,.T.);
#1908=ORIENTED_EDGE('',*,*,#3324,.T.);
#1909=ORIENTED_EDGE('',*,*,#2963,.F.);
#1910=ORIENTED_EDGE('',*,*,#3328,.F.);
#1911=ORIENTED_EDGE('',*,*,#3329,.T.);
#1912=ORIENTED_EDGE('',*,*,#3326,.T.);
#1913=ORIENTED_EDGE('',*,*,#2962,.F.);
#1914=ORIENTED_EDGE('',*,*,#3330,.F.);
#1915=ORIENTED_EDGE('',*,*,#3331,.T.);
#1916=ORIENTED_EDGE('',*,*,#3328,.T.);
#1917=ORIENTED_EDGE('',*,*,#2961,.F.);
#1918=ORIENTED_EDGE('',*,*,#3332,.F.);
#1919=ORIENTED_EDGE('',*,*,#3333,.T.);
#1920=ORIENTED_EDGE('',*,*,#3330,.T.);
#1921=ORIENTED_EDGE('',*,*,#2960,.F.);
#1922=ORIENTED_EDGE('',*,*,#3287,.F.);
#1923=ORIENTED_EDGE('',*,*,#3334,.T.);
#1924=ORIENTED_EDGE('',*,*,#3332,.T.);
#1925=ORIENTED_EDGE('',*,*,#3286,.F.);
#1926=ORIENTED_EDGE('',*,*,#3289,.F.);
#1927=ORIENTED_EDGE('',*,*,#3291,.F.);
#1928=ORIENTED_EDGE('',*,*,#3293,.F.);
#1929=ORIENTED_EDGE('',*,*,#3295,.F.);
#1930=ORIENTED_EDGE('',*,*,#3297,.F.);
#1931=ORIENTED_EDGE('',*,*,#3299,.F.);
#1932=ORIENTED_EDGE('',*,*,#3301,.F.);
#1933=ORIENTED_EDGE('',*,*,#3303,.F.);
#1934=ORIENTED_EDGE('',*,*,#3305,.F.);
#1935=ORIENTED_EDGE('',*,*,#3307,.F.);
#1936=ORIENTED_EDGE('',*,*,#3309,.F.);
#1937=ORIENTED_EDGE('',*,*,#3311,.F.);
#1938=ORIENTED_EDGE('',*,*,#3313,.F.);
#1939=ORIENTED_EDGE('',*,*,#3315,.F.);
#1940=ORIENTED_EDGE('',*,*,#3317,.F.);
#1941=ORIENTED_EDGE('',*,*,#3319,.F.);
#1942=ORIENTED_EDGE('',*,*,#3321,.F.);
#1943=ORIENTED_EDGE('',*,*,#3323,.F.);
#1944=ORIENTED_EDGE('',*,*,#3325,.F.);
#1945=ORIENTED_EDGE('',*,*,#3327,.F.);
#1946=ORIENTED_EDGE('',*,*,#3329,.F.);
#1947=ORIENTED_EDGE('',*,*,#3331,.F.);
#1948=ORIENTED_EDGE('',*,*,#3333,.F.);
#1949=ORIENTED_EDGE('',*,*,#3334,.F.);
#1950=ORIENTED_EDGE('',*,*,#3335,.F.);
#1951=ORIENTED_EDGE('',*,*,#3336,.F.);
#1952=ORIENTED_EDGE('',*,*,#3337,.T.);
#1953=ORIENTED_EDGE('',*,*,#3338,.T.);
#1954=ORIENTED_EDGE('',*,*,#3339,.F.);
#1955=ORIENTED_EDGE('',*,*,#3340,.F.);
#1956=ORIENTED_EDGE('',*,*,#3341,.T.);
#1957=ORIENTED_EDGE('',*,*,#3336,.T.);
#1958=ORIENTED_EDGE('',*,*,#2823,.F.);
#1959=ORIENTED_EDGE('',*,*,#3342,.F.);
#1960=ORIENTED_EDGE('',*,*,#3343,.T.);
#1961=ORIENTED_EDGE('',*,*,#3344,.T.);
#1962=ORIENTED_EDGE('',*,*,#2822,.F.);
#1963=ORIENTED_EDGE('',*,*,#3345,.F.);
#1964=ORIENTED_EDGE('',*,*,#3346,.T.);
#1965=ORIENTED_EDGE('',*,*,#3342,.T.);
#1966=ORIENTED_EDGE('',*,*,#2832,.F.);
#1967=ORIENTED_EDGE('',*,*,#3347,.F.);
#1968=ORIENTED_EDGE('',*,*,#3348,.T.);
#1969=ORIENTED_EDGE('',*,*,#3345,.T.);
#1970=ORIENTED_EDGE('',*,*,#2831,.F.);
#1971=ORIENTED_EDGE('',*,*,#3349,.F.);
#1972=ORIENTED_EDGE('',*,*,#3350,.T.);
#1973=ORIENTED_EDGE('',*,*,#3347,.T.);
#1974=ORIENTED_EDGE('',*,*,#2830,.F.);
#1975=ORIENTED_EDGE('',*,*,#3351,.F.);
#1976=ORIENTED_EDGE('',*,*,#3352,.T.);
#1977=ORIENTED_EDGE('',*,*,#3349,.T.);
#1978=ORIENTED_EDGE('',*,*,#2829,.F.);
#1979=ORIENTED_EDGE('',*,*,#3353,.F.);
#1980=ORIENTED_EDGE('',*,*,#3354,.T.);
#1981=ORIENTED_EDGE('',*,*,#3351,.T.);
#1982=ORIENTED_EDGE('',*,*,#2828,.F.);
#1983=ORIENTED_EDGE('',*,*,#3355,.F.);
#1984=ORIENTED_EDGE('',*,*,#3356,.T.);
#1985=ORIENTED_EDGE('',*,*,#3353,.T.);
#1986=ORIENTED_EDGE('',*,*,#2827,.F.);
#1987=ORIENTED_EDGE('',*,*,#3357,.F.);
#1988=ORIENTED_EDGE('',*,*,#3358,.T.);
#1989=ORIENTED_EDGE('',*,*,#3355,.T.);
#1990=ORIENTED_EDGE('',*,*,#2826,.F.);
#1991=ORIENTED_EDGE('',*,*,#3359,.F.);
#1992=ORIENTED_EDGE('',*,*,#3360,.T.);
#1993=ORIENTED_EDGE('',*,*,#3357,.T.);
#1994=ORIENTED_EDGE('',*,*,#2825,.F.);
#1995=ORIENTED_EDGE('',*,*,#3361,.F.);
#1996=ORIENTED_EDGE('',*,*,#3362,.T.);
#1997=ORIENTED_EDGE('',*,*,#3359,.T.);
#1998=ORIENTED_EDGE('',*,*,#2824,.F.);
#1999=ORIENTED_EDGE('',*,*,#3344,.F.);
#2000=ORIENTED_EDGE('',*,*,#3363,.T.);
#2001=ORIENTED_EDGE('',*,*,#3361,.T.);
#2002=ORIENTED_EDGE('',*,*,#3364,.F.);
#2003=ORIENTED_EDGE('',*,*,#3338,.F.);
#2004=ORIENTED_EDGE('',*,*,#3365,.T.);
#2005=ORIENTED_EDGE('',*,*,#3340,.T.);
#2006=ORIENTED_EDGE('',*,*,#3343,.F.);
#2007=ORIENTED_EDGE('',*,*,#3346,.F.);
#2008=ORIENTED_EDGE('',*,*,#3348,.F.);
#2009=ORIENTED_EDGE('',*,*,#3350,.F.);
#2010=ORIENTED_EDGE('',*,*,#3352,.F.);
#2011=ORIENTED_EDGE('',*,*,#3354,.F.);
#2012=ORIENTED_EDGE('',*,*,#3356,.F.);
#2013=ORIENTED_EDGE('',*,*,#3358,.F.);
#2014=ORIENTED_EDGE('',*,*,#3360,.F.);
#2015=ORIENTED_EDGE('',*,*,#3362,.F.);
#2016=ORIENTED_EDGE('',*,*,#3363,.F.);
#2017=ORIENTED_EDGE('',*,*,#3337,.F.);
#2018=ORIENTED_EDGE('',*,*,#3341,.F.);
#2019=ORIENTED_EDGE('',*,*,#3365,.F.);
#2020=ORIENTED_EDGE('',*,*,#3366,.F.);
#2021=ORIENTED_EDGE('',*,*,#3367,.F.);
#2022=ORIENTED_EDGE('',*,*,#3368,.T.);
#2023=ORIENTED_EDGE('',*,*,#3369,.T.);
#2024=ORIENTED_EDGE('',*,*,#3370,.F.);
#2025=ORIENTED_EDGE('',*,*,#3371,.F.);
#2026=ORIENTED_EDGE('',*,*,#3372,.T.);
#2027=ORIENTED_EDGE('',*,*,#3367,.T.);
#2028=ORIENTED_EDGE('',*,*,#3373,.F.);
#2029=ORIENTED_EDGE('',*,*,#3374,.F.);
#2030=ORIENTED_EDGE('',*,*,#3375,.T.);
#2031=ORIENTED_EDGE('',*,*,#3371,.T.);
#2032=ORIENTED_EDGE('',*,*,#3376,.F.);
#2033=ORIENTED_EDGE('',*,*,#3377,.F.);
#2034=ORIENTED_EDGE('',*,*,#3378,.T.);
#2035=ORIENTED_EDGE('',*,*,#3374,.T.);
#2036=ORIENTED_EDGE('',*,*,#3379,.F.);
#2037=ORIENTED_EDGE('',*,*,#3380,.F.);
#2038=ORIENTED_EDGE('',*,*,#3381,.T.);
#2039=ORIENTED_EDGE('',*,*,#3377,.T.);
#2040=ORIENTED_EDGE('',*,*,#3382,.F.);
#2041=ORIENTED_EDGE('',*,*,#3383,.F.);
#2042=ORIENTED_EDGE('',*,*,#3384,.T.);
#2043=ORIENTED_EDGE('',*,*,#3380,.T.);
#2044=ORIENTED_EDGE('',*,*,#3385,.F.);
#2045=ORIENTED_EDGE('',*,*,#3386,.F.);
#2046=ORIENTED_EDGE('',*,*,#3387,.T.);
#2047=ORIENTED_EDGE('',*,*,#3383,.T.);
#2048=ORIENTED_EDGE('',*,*,#2984,.F.);
#2049=ORIENTED_EDGE('',*,*,#3388,.F.);
#2050=ORIENTED_EDGE('',*,*,#3389,.T.);
#2051=ORIENTED_EDGE('',*,*,#3390,.T.);
#2052=ORIENTED_EDGE('',*,*,#2983,.F.);
#2053=ORIENTED_EDGE('',*,*,#3391,.F.);
#2054=ORIENTED_EDGE('',*,*,#3392,.T.);
#2055=ORIENTED_EDGE('',*,*,#3388,.T.);
#2056=ORIENTED_EDGE('',*,*,#3001,.F.);
#2057=ORIENTED_EDGE('',*,*,#3393,.F.);
#2058=ORIENTED_EDGE('',*,*,#3394,.T.);
#2059=ORIENTED_EDGE('',*,*,#3391,.T.);
#2060=ORIENTED_EDGE('',*,*,#3000,.F.);
#2061=ORIENTED_EDGE('',*,*,#3395,.F.);
#2062=ORIENTED_EDGE('',*,*,#3396,.T.);
#2063=ORIENTED_EDGE('',*,*,#3393,.T.);
#2064=ORIENTED_EDGE('',*,*,#2999,.F.);
#2065=ORIENTED_EDGE('',*,*,#3397,.F.);
#2066=ORIENTED_EDGE('',*,*,#3398,.T.);
#2067=ORIENTED_EDGE('',*,*,#3395,.T.);
#2068=ORIENTED_EDGE('',*,*,#2998,.F.);
#2069=ORIENTED_EDGE('',*,*,#3399,.F.);
#2070=ORIENTED_EDGE('',*,*,#3400,.T.);
#2071=ORIENTED_EDGE('',*,*,#3397,.T.);
#2072=ORIENTED_EDGE('',*,*,#2997,.F.);
#2073=ORIENTED_EDGE('',*,*,#3401,.F.);
#2074=ORIENTED_EDGE('',*,*,#3402,.T.);
#2075=ORIENTED_EDGE('',*,*,#3399,.T.);
#2076=ORIENTED_EDGE('',*,*,#2996,.F.);
#2077=ORIENTED_EDGE('',*,*,#3403,.F.);
#2078=ORIENTED_EDGE('',*,*,#3404,.T.);
#2079=ORIENTED_EDGE('',*,*,#3401,.T.);
#2080=ORIENTED_EDGE('',*,*,#2995,.F.);
#2081=ORIENTED_EDGE('',*,*,#3405,.F.);
#2082=ORIENTED_EDGE('',*,*,#3406,.T.);
#2083=ORIENTED_EDGE('',*,*,#3403,.T.);
#2084=ORIENTED_EDGE('',*,*,#2994,.F.);
#2085=ORIENTED_EDGE('',*,*,#3407,.F.);
#2086=ORIENTED_EDGE('',*,*,#3408,.T.);
#2087=ORIENTED_EDGE('',*,*,#3405,.T.);
#2088=ORIENTED_EDGE('',*,*,#2993,.F.);
#2089=ORIENTED_EDGE('',*,*,#3409,.F.);
#2090=ORIENTED_EDGE('',*,*,#3410,.T.);
#2091=ORIENTED_EDGE('',*,*,#3407,.T.);
#2092=ORIENTED_EDGE('',*,*,#2992,.F.);
#2093=ORIENTED_EDGE('',*,*,#3411,.F.);
#2094=ORIENTED_EDGE('',*,*,#3412,.T.);
#2095=ORIENTED_EDGE('',*,*,#3409,.T.);
#2096=ORIENTED_EDGE('',*,*,#2991,.F.);
#2097=ORIENTED_EDGE('',*,*,#3413,.F.);
#2098=ORIENTED_EDGE('',*,*,#3414,.T.);
#2099=ORIENTED_EDGE('',*,*,#3411,.T.);
#2100=ORIENTED_EDGE('',*,*,#2990,.F.);
#2101=ORIENTED_EDGE('',*,*,#3415,.F.);
#2102=ORIENTED_EDGE('',*,*,#3416,.T.);
#2103=ORIENTED_EDGE('',*,*,#3413,.T.);
#2104=ORIENTED_EDGE('',*,*,#2989,.F.);
#2105=ORIENTED_EDGE('',*,*,#3417,.F.);
#2106=ORIENTED_EDGE('',*,*,#3418,.T.);
#2107=ORIENTED_EDGE('',*,*,#3415,.T.);
#2108=ORIENTED_EDGE('',*,*,#2988,.F.);
#2109=ORIENTED_EDGE('',*,*,#3419,.F.);
#2110=ORIENTED_EDGE('',*,*,#3420,.T.);
#2111=ORIENTED_EDGE('',*,*,#3417,.T.);
#2112=ORIENTED_EDGE('',*,*,#2987,.F.);
#2113=ORIENTED_EDGE('',*,*,#3421,.F.);
#2114=ORIENTED_EDGE('',*,*,#3422,.T.);
#2115=ORIENTED_EDGE('',*,*,#3419,.T.);
#2116=ORIENTED_EDGE('',*,*,#2986,.F.);
#2117=ORIENTED_EDGE('',*,*,#3423,.F.);
#2118=ORIENTED_EDGE('',*,*,#3424,.T.);
#2119=ORIENTED_EDGE('',*,*,#3421,.T.);
#2120=ORIENTED_EDGE('',*,*,#2985,.F.);
#2121=ORIENTED_EDGE('',*,*,#3390,.F.);
#2122=ORIENTED_EDGE('',*,*,#3425,.T.);
#2123=ORIENTED_EDGE('',*,*,#3423,.T.);
#2124=ORIENTED_EDGE('',*,*,#3426,.F.);
#2125=ORIENTED_EDGE('',*,*,#3369,.F.);
#2126=ORIENTED_EDGE('',*,*,#3427,.T.);
#2127=ORIENTED_EDGE('',*,*,#3386,.T.);
#2128=ORIENTED_EDGE('',*,*,#3389,.F.);
#2129=ORIENTED_EDGE('',*,*,#3392,.F.);
#2130=ORIENTED_EDGE('',*,*,#3394,.F.);
#2131=ORIENTED_EDGE('',*,*,#3396,.F.);
#2132=ORIENTED_EDGE('',*,*,#3398,.F.);
#2133=ORIENTED_EDGE('',*,*,#3400,.F.);
#2134=ORIENTED_EDGE('',*,*,#3402,.F.);
#2135=ORIENTED_EDGE('',*,*,#3404,.F.);
#2136=ORIENTED_EDGE('',*,*,#3406,.F.);
#2137=ORIENTED_EDGE('',*,*,#3408,.F.);
#2138=ORIENTED_EDGE('',*,*,#3410,.F.);
#2139=ORIENTED_EDGE('',*,*,#3412,.F.);
#2140=ORIENTED_EDGE('',*,*,#3414,.F.);
#2141=ORIENTED_EDGE('',*,*,#3416,.F.);
#2142=ORIENTED_EDGE('',*,*,#3418,.F.);
#2143=ORIENTED_EDGE('',*,*,#3420,.F.);
#2144=ORIENTED_EDGE('',*,*,#3422,.F.);
#2145=ORIENTED_EDGE('',*,*,#3424,.F.);
#2146=ORIENTED_EDGE('',*,*,#3425,.F.);
#2147=ORIENTED_EDGE('',*,*,#3368,.F.);
#2148=ORIENTED_EDGE('',*,*,#3372,.F.);
#2149=ORIENTED_EDGE('',*,*,#3375,.F.);
#2150=ORIENTED_EDGE('',*,*,#3378,.F.);
#2151=ORIENTED_EDGE('',*,*,#3381,.F.);
#2152=ORIENTED_EDGE('',*,*,#3384,.F.);
#2153=ORIENTED_EDGE('',*,*,#3387,.F.);
#2154=ORIENTED_EDGE('',*,*,#3427,.F.);
#2155=ORIENTED_EDGE('',*,*,#3428,.F.);
#2156=ORIENTED_EDGE('',*,*,#3429,.F.);
#2157=ORIENTED_EDGE('',*,*,#3430,.T.);
#2158=ORIENTED_EDGE('',*,*,#3431,.T.);
#2159=ORIENTED_EDGE('',*,*,#3432,.F.);
#2160=ORIENTED_EDGE('',*,*,#3433,.F.);
#2161=ORIENTED_EDGE('',*,*,#3434,.T.);
#2162=ORIENTED_EDGE('',*,*,#3429,.T.);
#2163=ORIENTED_EDGE('',*,*,#3435,.F.);
#2164=ORIENTED_EDGE('',*,*,#3436,.F.);
#2165=ORIENTED_EDGE('',*,*,#3437,.T.);
#2166=ORIENTED_EDGE('',*,*,#3433,.T.);
#2167=ORIENTED_EDGE('',*,*,#3438,.F.);
#2168=ORIENTED_EDGE('',*,*,#3439,.F.);
#2169=ORIENTED_EDGE('',*,*,#3440,.T.);
#2170=ORIENTED_EDGE('',*,*,#3436,.T.);
#2171=ORIENTED_EDGE('',*,*,#3441,.F.);
#2172=ORIENTED_EDGE('',*,*,#3442,.F.);
#2173=ORIENTED_EDGE('',*,*,#3443,.T.);
#2174=ORIENTED_EDGE('',*,*,#3439,.T.);
#2175=ORIENTED_EDGE('',*,*,#3444,.F.);
#2176=ORIENTED_EDGE('',*,*,#3445,.F.);
#2177=ORIENTED_EDGE('',*,*,#3446,.T.);
#2178=ORIENTED_EDGE('',*,*,#3442,.T.);
#2179=ORIENTED_EDGE('',*,*,#3447,.F.);
#2180=ORIENTED_EDGE('',*,*,#3448,.F.);
#2181=ORIENTED_EDGE('',*,*,#3449,.T.);
#2182=ORIENTED_EDGE('',*,*,#3445,.T.);
#2183=ORIENTED_EDGE('',*,*,#3450,.F.);
#2184=ORIENTED_EDGE('',*,*,#3451,.F.);
#2185=ORIENTED_EDGE('',*,*,#3452,.T.);
#2186=ORIENTED_EDGE('',*,*,#3448,.T.);
#2187=ORIENTED_EDGE('',*,*,#2806,.F.);
#2188=ORIENTED_EDGE('',*,*,#3453,.F.);
#2189=ORIENTED_EDGE('',*,*,#3454,.T.);
#2190=ORIENTED_EDGE('',*,*,#3455,.T.);
#2191=ORIENTED_EDGE('',*,*,#2805,.F.);
#2192=ORIENTED_EDGE('',*,*,#3456,.F.);
#2193=ORIENTED_EDGE('',*,*,#3457,.T.);
#2194=ORIENTED_EDGE('',*,*,#3453,.T.);
#2195=ORIENTED_EDGE('',*,*,#2821,.F.);
#2196=ORIENTED_EDGE('',*,*,#3458,.F.);
#2197=ORIENTED_EDGE('',*,*,#3459,.T.);
#2198=ORIENTED_EDGE('',*,*,#3456,.T.);
#2199=ORIENTED_EDGE('',*,*,#2820,.F.);
#2200=ORIENTED_EDGE('',*,*,#3460,.F.);
#2201=ORIENTED_EDGE('',*,*,#3461,.T.);
#2202=ORIENTED_EDGE('',*,*,#3458,.T.);
#2203=ORIENTED_EDGE('',*,*,#2819,.F.);
#2204=ORIENTED_EDGE('',*,*,#3462,.F.);
#2205=ORIENTED_EDGE('',*,*,#3463,.T.);
#2206=ORIENTED_EDGE('',*,*,#3460,.T.);
#2207=ORIENTED_EDGE('',*,*,#2818,.F.);
#2208=ORIENTED_EDGE('',*,*,#3464,.F.);
#2209=ORIENTED_EDGE('',*,*,#3465,.T.);
#2210=ORIENTED_EDGE('',*,*,#3462,.T.);
#2211=ORIENTED_EDGE('',*,*,#2817,.F.);
#2212=ORIENTED_EDGE('',*,*,#3466,.F.);
#2213=ORIENTED_EDGE('',*,*,#3467,.T.);
#2214=ORIENTED_EDGE('',*,*,#3464,.T.);
#2215=ORIENTED_EDGE('',*,*,#2816,.F.);
#2216=ORIENTED_EDGE('',*,*,#3468,.F.);
#2217=ORIENTED_EDGE('',*,*,#3469,.T.);
#2218=ORIENTED_EDGE('',*,*,#3466,.T.);
#2219=ORIENTED_EDGE('',*,*,#2815,.F.);
#2220=ORIENTED_EDGE('',*,*,#3470,.F.);
#2221=ORIENTED_EDGE('',*,*,#3471,.T.);
#2222=ORIENTED_EDGE('',*,*,#3468,.T.);
#2223=ORIENTED_EDGE('',*,*,#2814,.F.);
#2224=ORIENTED_EDGE('',*,*,#3472,.F.);
#2225=ORIENTED_EDGE('',*,*,#3473,.T.);
#2226=ORIENTED_EDGE('',*,*,#3470,.T.);
#2227=ORIENTED_EDGE('',*,*,#2813,.F.);
#2228=ORIENTED_EDGE('',*,*,#3474,.F.);
#2229=ORIENTED_EDGE('',*,*,#3475,.T.);
#2230=ORIENTED_EDGE('',*,*,#3472,.T.);
#2231=ORIENTED_EDGE('',*,*,#2812,.F.);
#2232=ORIENTED_EDGE('',*,*,#3476,.F.);
#2233=ORIENTED_EDGE('',*,*,#3477,.T.);
#2234=ORIENTED_EDGE('',*,*,#3474,.T.);
#2235=ORIENTED_EDGE('',*,*,#2811,.F.);
#2236=ORIENTED_EDGE('',*,*,#3478,.F.);
#2237=ORIENTED_EDGE('',*,*,#3479,.T.);
#2238=ORIENTED_EDGE('',*,*,#3476,.T.);
#2239=ORIENTED_EDGE('',*,*,#2810,.F.);
#2240=ORIENTED_EDGE('',*,*,#3480,.F.);
#2241=ORIENTED_EDGE('',*,*,#3481,.T.);
#2242=ORIENTED_EDGE('',*,*,#3478,.T.);
#2243=ORIENTED_EDGE('',*,*,#2809,.F.);
#2244=ORIENTED_EDGE('',*,*,#3482,.F.);
#2245=ORIENTED_EDGE('',*,*,#3483,.T.);
#2246=ORIENTED_EDGE('',*,*,#3480,.T.);
#2247=ORIENTED_EDGE('',*,*,#2808,.F.);
#2248=ORIENTED_EDGE('',*,*,#3484,.F.);
#2249=ORIENTED_EDGE('',*,*,#3485,.T.);
#2250=ORIENTED_EDGE('',*,*,#3482,.T.);
#2251=ORIENTED_EDGE('',*,*,#2807,.F.);
#2252=ORIENTED_EDGE('',*,*,#3455,.F.);
#2253=ORIENTED_EDGE('',*,*,#3486,.T.);
#2254=ORIENTED_EDGE('',*,*,#3484,.T.);
#2255=ORIENTED_EDGE('',*,*,#3487,.F.);
#2256=ORIENTED_EDGE('',*,*,#3431,.F.);
#2257=ORIENTED_EDGE('',*,*,#3488,.T.);
#2258=ORIENTED_EDGE('',*,*,#3451,.T.);
#2259=ORIENTED_EDGE('',*,*,#3454,.F.);
#2260=ORIENTED_EDGE('',*,*,#3457,.F.);
#2261=ORIENTED_EDGE('',*,*,#3459,.F.);
#2262=ORIENTED_EDGE('',*,*,#3461,.F.);
#2263=ORIENTED_EDGE('',*,*,#3463,.F.);
#2264=ORIENTED_EDGE('',*,*,#3465,.F.);
#2265=ORIENTED_EDGE('',*,*,#3467,.F.);
#2266=ORIENTED_EDGE('',*,*,#3469,.F.);
#2267=ORIENTED_EDGE('',*,*,#3471,.F.);
#2268=ORIENTED_EDGE('',*,*,#3473,.F.);
#2269=ORIENTED_EDGE('',*,*,#3475,.F.);
#2270=ORIENTED_EDGE('',*,*,#3477,.F.);
#2271=ORIENTED_EDGE('',*,*,#3479,.F.);
#2272=ORIENTED_EDGE('',*,*,#3481,.F.);
#2273=ORIENTED_EDGE('',*,*,#3483,.F.);
#2274=ORIENTED_EDGE('',*,*,#3485,.F.);
#2275=ORIENTED_EDGE('',*,*,#3486,.F.);
#2276=ORIENTED_EDGE('',*,*,#3430,.F.);
#2277=ORIENTED_EDGE('',*,*,#3434,.F.);
#2278=ORIENTED_EDGE('',*,*,#3437,.F.);
#2279=ORIENTED_EDGE('',*,*,#3440,.F.);
#2280=ORIENTED_EDGE('',*,*,#3443,.F.);
#2281=ORIENTED_EDGE('',*,*,#3446,.F.);
#2282=ORIENTED_EDGE('',*,*,#3449,.F.);
#2283=ORIENTED_EDGE('',*,*,#3452,.F.);
#2284=ORIENTED_EDGE('',*,*,#3488,.F.);
#2285=ORIENTED_EDGE('',*,*,#3489,.F.);
#2286=ORIENTED_EDGE('',*,*,#3490,.F.);
#2287=ORIENTED_EDGE('',*,*,#3491,.T.);
#2288=ORIENTED_EDGE('',*,*,#3492,.T.);
#2289=ORIENTED_EDGE('',*,*,#3493,.F.);
#2290=ORIENTED_EDGE('',*,*,#3494,.F.);
#2291=ORIENTED_EDGE('',*,*,#3495,.T.);
#2292=ORIENTED_EDGE('',*,*,#3490,.T.);
#2293=ORIENTED_EDGE('',*,*,#3496,.F.);
#2294=ORIENTED_EDGE('',*,*,#3497,.F.);
#2295=ORIENTED_EDGE('',*,*,#3498,.T.);
#2296=ORIENTED_EDGE('',*,*,#3494,.T.);
#2297=ORIENTED_EDGE('',*,*,#3499,.F.);
#2298=ORIENTED_EDGE('',*,*,#3500,.F.);
#2299=ORIENTED_EDGE('',*,*,#3501,.T.);
#2300=ORIENTED_EDGE('',*,*,#3497,.T.);
#2301=ORIENTED_EDGE('',*,*,#3502,.F.);
#2302=ORIENTED_EDGE('',*,*,#3503,.F.);
#2303=ORIENTED_EDGE('',*,*,#3504,.T.);
#2304=ORIENTED_EDGE('',*,*,#3500,.T.);
#2305=ORIENTED_EDGE('',*,*,#3505,.F.);
#2306=ORIENTED_EDGE('',*,*,#3506,.F.);
#2307=ORIENTED_EDGE('',*,*,#3507,.T.);
#2308=ORIENTED_EDGE('',*,*,#3503,.T.);
#2309=ORIENTED_EDGE('',*,*,#3508,.F.);
#2310=ORIENTED_EDGE('',*,*,#3509,.F.);
#2311=ORIENTED_EDGE('',*,*,#3510,.T.);
#2312=ORIENTED_EDGE('',*,*,#3506,.T.);
#2313=ORIENTED_EDGE('',*,*,#3511,.F.);
#2314=ORIENTED_EDGE('',*,*,#3512,.F.);
#2315=ORIENTED_EDGE('',*,*,#3513,.T.);
#2316=ORIENTED_EDGE('',*,*,#3509,.T.);
#2317=ORIENTED_EDGE('',*,*,#3514,.F.);
#2318=ORIENTED_EDGE('',*,*,#3515,.F.);
#2319=ORIENTED_EDGE('',*,*,#3516,.T.);
#2320=ORIENTED_EDGE('',*,*,#3512,.T.);
#2321=ORIENTED_EDGE('',*,*,#3517,.F.);
#2322=ORIENTED_EDGE('',*,*,#3518,.F.);
#2323=ORIENTED_EDGE('',*,*,#3519,.T.);
#2324=ORIENTED_EDGE('',*,*,#3515,.T.);
#2325=ORIENTED_EDGE('',*,*,#3520,.F.);
#2326=ORIENTED_EDGE('',*,*,#3521,.F.);
#2327=ORIENTED_EDGE('',*,*,#3522,.T.);
#2328=ORIENTED_EDGE('',*,*,#3518,.T.);
#2329=ORIENTED_EDGE('',*,*,#3003,.F.);
#2330=ORIENTED_EDGE('',*,*,#3523,.F.);
#2331=ORIENTED_EDGE('',*,*,#3524,.T.);
#2332=ORIENTED_EDGE('',*,*,#3525,.T.);
#2333=ORIENTED_EDGE('',*,*,#3002,.F.);
#2334=ORIENTED_EDGE('',*,*,#3526,.F.);
#2335=ORIENTED_EDGE('',*,*,#3527,.T.);
#2336=ORIENTED_EDGE('',*,*,#3523,.T.);
#2337=ORIENTED_EDGE('',*,*,#3009,.F.);
#2338=ORIENTED_EDGE('',*,*,#3528,.F.);
#2339=ORIENTED_EDGE('',*,*,#3529,.T.);
#2340=ORIENTED_EDGE('',*,*,#3526,.T.);
#2341=ORIENTED_EDGE('',*,*,#3008,.F.);
#2342=ORIENTED_EDGE('',*,*,#3530,.F.);
#2343=ORIENTED_EDGE('',*,*,#3531,.T.);
#2344=ORIENTED_EDGE('',*,*,#3528,.T.);
#2345=ORIENTED_EDGE('',*,*,#3007,.F.);
#2346=ORIENTED_EDGE('',*,*,#3532,.F.);
#2347=ORIENTED_EDGE('',*,*,#3533,.T.);
#2348=ORIENTED_EDGE('',*,*,#3530,.T.);
#2349=ORIENTED_EDGE('',*,*,#3006,.F.);
#2350=ORIENTED_EDGE('',*,*,#3534,.F.);
#2351=ORIENTED_EDGE('',*,*,#3535,.T.);
#2352=ORIENTED_EDGE('',*,*,#3532,.T.);
#2353=ORIENTED_EDGE('',*,*,#3005,.F.);
#2354=ORIENTED_EDGE('',*,*,#3536,.F.);
#2355=ORIENTED_EDGE('',*,*,#3537,.T.);
#2356=ORIENTED_EDGE('',*,*,#3534,.T.);
#2357=ORIENTED_EDGE('',*,*,#3004,.F.);
#2358=ORIENTED_EDGE('',*,*,#3525,.F.);
#2359=ORIENTED_EDGE('',*,*,#3538,.T.);
#2360=ORIENTED_EDGE('',*,*,#3536,.T.);
#2361=ORIENTED_EDGE('',*,*,#3539,.F.);
#2362=ORIENTED_EDGE('',*,*,#3492,.F.);
#2363=ORIENTED_EDGE('',*,*,#3540,.T.);
#2364=ORIENTED_EDGE('',*,*,#3521,.T.);
#2365=ORIENTED_EDGE('',*,*,#3524,.F.);
#2366=ORIENTED_EDGE('',*,*,#3527,.F.);
#2367=ORIENTED_EDGE('',*,*,#3529,.F.);
#2368=ORIENTED_EDGE('',*,*,#3531,.F.);
#2369=ORIENTED_EDGE('',*,*,#3533,.F.);
#2370=ORIENTED_EDGE('',*,*,#3535,.F.);
#2371=ORIENTED_EDGE('',*,*,#3537,.F.);
#2372=ORIENTED_EDGE('',*,*,#3538,.F.);
#2373=ORIENTED_EDGE('',*,*,#3491,.F.);
#2374=ORIENTED_EDGE('',*,*,#3495,.F.);
#2375=ORIENTED_EDGE('',*,*,#3498,.F.);
#2376=ORIENTED_EDGE('',*,*,#3501,.F.);
#2377=ORIENTED_EDGE('',*,*,#3504,.F.);
#2378=ORIENTED_EDGE('',*,*,#3507,.F.);
#2379=ORIENTED_EDGE('',*,*,#3510,.F.);
#2380=ORIENTED_EDGE('',*,*,#3513,.F.);
#2381=ORIENTED_EDGE('',*,*,#3516,.F.);
#2382=ORIENTED_EDGE('',*,*,#3519,.F.);
#2383=ORIENTED_EDGE('',*,*,#3522,.F.);
#2384=ORIENTED_EDGE('',*,*,#3540,.F.);
#2385=ORIENTED_EDGE('',*,*,#3085,.T.);
#2386=ORIENTED_EDGE('',*,*,#3081,.T.);
#2387=ORIENTED_EDGE('',*,*,#3167,.T.);
#2388=ORIENTED_EDGE('',*,*,#3100,.T.);
#2389=ORIENTED_EDGE('',*,*,#3097,.T.);
#2390=ORIENTED_EDGE('',*,*,#3094,.T.);
#2391=ORIENTED_EDGE('',*,*,#3091,.T.);
#2392=ORIENTED_EDGE('',*,*,#3088,.T.);
#2393=ORIENTED_EDGE('',*,*,#3339,.T.);
#2394=ORIENTED_EDGE('',*,*,#3335,.T.);
#2395=ORIENTED_EDGE('',*,*,#3364,.T.);
#2396=ORIENTED_EDGE('',*,*,#3370,.T.);
#2397=ORIENTED_EDGE('',*,*,#3366,.T.);
#2398=ORIENTED_EDGE('',*,*,#3426,.T.);
#2399=ORIENTED_EDGE('',*,*,#3385,.T.);
#2400=ORIENTED_EDGE('',*,*,#3382,.T.);
#2401=ORIENTED_EDGE('',*,*,#3379,.T.);
#2402=ORIENTED_EDGE('',*,*,#3376,.T.);
#2403=ORIENTED_EDGE('',*,*,#3373,.T.);
#2404=ORIENTED_EDGE('',*,*,#3432,.T.);
#2405=ORIENTED_EDGE('',*,*,#3428,.T.);
#2406=ORIENTED_EDGE('',*,*,#3487,.T.);
#2407=ORIENTED_EDGE('',*,*,#3450,.T.);
#2408=ORIENTED_EDGE('',*,*,#3447,.T.);
#2409=ORIENTED_EDGE('',*,*,#3444,.T.);
#2410=ORIENTED_EDGE('',*,*,#3441,.T.);
#2411=ORIENTED_EDGE('',*,*,#3438,.T.);
#2412=ORIENTED_EDGE('',*,*,#3435,.T.);
#2413=ORIENTED_EDGE('',*,*,#3493,.T.);
#2414=ORIENTED_EDGE('',*,*,#3489,.T.);
#2415=ORIENTED_EDGE('',*,*,#3539,.T.);
#2416=ORIENTED_EDGE('',*,*,#3520,.T.);
#2417=ORIENTED_EDGE('',*,*,#3517,.T.);
#2418=ORIENTED_EDGE('',*,*,#3514,.T.);
#2419=ORIENTED_EDGE('',*,*,#3511,.T.);
#2420=ORIENTED_EDGE('',*,*,#3508,.T.);
#2421=ORIENTED_EDGE('',*,*,#3505,.T.);
#2422=ORIENTED_EDGE('',*,*,#3502,.T.);
#2423=ORIENTED_EDGE('',*,*,#3499,.T.);
#2424=ORIENTED_EDGE('',*,*,#3496,.T.);
#2425=ORIENTED_EDGE('',*,*,#3541,.T.);
#2426=ORIENTED_EDGE('',*,*,#3542,.T.);
#2427=ORIENTED_EDGE('',*,*,#2754,.T.);
#2428=ORIENTED_EDGE('',*,*,#3543,.T.);
#2429=ORIENTED_EDGE('',*,*,#3544,.T.);
#2430=ORIENTED_EDGE('',*,*,#3545,.T.);
#2431=ORIENTED_EDGE('',*,*,#2752,.T.);
#2432=ORIENTED_EDGE('',*,*,#3546,.T.);
#2433=ORIENTED_EDGE('',*,*,#3547,.T.);
#2434=ORIENTED_EDGE('',*,*,#3548,.T.);
#2435=ORIENTED_EDGE('',*,*,#2750,.T.);
#2436=ORIENTED_EDGE('',*,*,#3549,.T.);
#2437=ORIENTED_EDGE('',*,*,#3550,.T.);
#2438=ORIENTED_EDGE('',*,*,#3551,.T.);
#2439=ORIENTED_EDGE('',*,*,#2748,.T.);
#2440=ORIENTED_EDGE('',*,*,#3552,.T.);
#2441=ORIENTED_EDGE('',*,*,#3553,.T.);
#2442=ORIENTED_EDGE('',*,*,#3554,.T.);
#2443=ORIENTED_EDGE('',*,*,#2746,.T.);
#2444=ORIENTED_EDGE('',*,*,#3555,.T.);
#2445=ORIENTED_EDGE('',*,*,#3556,.T.);
#2446=ORIENTED_EDGE('',*,*,#3557,.T.);
#2447=ORIENTED_EDGE('',*,*,#2764,.T.);
#2448=ORIENTED_EDGE('',*,*,#3558,.T.);
#2449=ORIENTED_EDGE('',*,*,#3559,.T.);
#2450=ORIENTED_EDGE('',*,*,#3560,.T.);
#2451=ORIENTED_EDGE('',*,*,#2762,.T.);
#2452=ORIENTED_EDGE('',*,*,#3561,.T.);
#2453=ORIENTED_EDGE('',*,*,#3562,.T.);
#2454=ORIENTED_EDGE('',*,*,#3563,.T.);
#2455=ORIENTED_EDGE('',*,*,#2760,.T.);
#2456=ORIENTED_EDGE('',*,*,#3564,.T.);
#2457=ORIENTED_EDGE('',*,*,#3565,.T.);
#2458=ORIENTED_EDGE('',*,*,#3566,.T.);
#2459=ORIENTED_EDGE('',*,*,#2758,.T.);
#2460=ORIENTED_EDGE('',*,*,#3567,.T.);
#2461=ORIENTED_EDGE('',*,*,#3568,.T.);
#2462=ORIENTED_EDGE('',*,*,#3569,.T.);
#2463=ORIENTED_EDGE('',*,*,#2756,.T.);
#2464=ORIENTED_EDGE('',*,*,#3570,.T.);
#2465=ORIENTED_EDGE('',*,*,#3571,.F.);
#2466=ORIENTED_EDGE('',*,*,#3572,.T.);
#2467=ORIENTED_EDGE('',*,*,#3547,.F.);
#2468=ORIENTED_EDGE('',*,*,#3573,.T.);
#2469=ORIENTED_EDGE('',*,*,#3574,.F.);
#2470=ORIENTED_EDGE('',*,*,#3575,.F.);
#2471=ORIENTED_EDGE('',*,*,#2774,.F.);
#2472=ORIENTED_EDGE('',*,*,#3576,.F.);
#2473=ORIENTED_EDGE('',*,*,#3577,.F.);
#2474=ORIENTED_EDGE('',*,*,#3578,.T.);
#2475=ORIENTED_EDGE('',*,*,#3544,.F.);
#2476=ORIENTED_EDGE('',*,*,#3579,.T.);
#2477=ORIENTED_EDGE('',*,*,#3580,.F.);
#2478=ORIENTED_EDGE('',*,*,#3581,.F.);
#2479=ORIENTED_EDGE('',*,*,#2770,.F.);
#2480=ORIENTED_EDGE('',*,*,#3582,.F.);
#2481=ORIENTED_EDGE('',*,*,#3541,.F.);
#2482=ORIENTED_EDGE('',*,*,#3583,.T.);
#2483=ORIENTED_EDGE('',*,*,#3584,.F.);
#2484=ORIENTED_EDGE('',*,*,#3585,.F.);
#2485=ORIENTED_EDGE('',*,*,#2766,.F.);
#2486=ORIENTED_EDGE('',*,*,#3586,.F.);
#2487=ORIENTED_EDGE('',*,*,#3587,.F.);
#2488=ORIENTED_EDGE('',*,*,#3588,.T.);
#2489=ORIENTED_EDGE('',*,*,#3568,.F.);
#2490=ORIENTED_EDGE('',*,*,#3589,.T.);
#2491=ORIENTED_EDGE('',*,*,#3590,.F.);
#2492=ORIENTED_EDGE('',*,*,#3591,.F.);
#2493=ORIENTED_EDGE('',*,*,#2802,.F.);
#2494=ORIENTED_EDGE('',*,*,#3592,.F.);
#2495=ORIENTED_EDGE('',*,*,#3593,.F.);
#2496=ORIENTED_EDGE('',*,*,#3594,.T.);
#2497=ORIENTED_EDGE('',*,*,#3565,.F.);
#2498=ORIENTED_EDGE('',*,*,#3595,.T.);
#2499=ORIENTED_EDGE('',*,*,#3596,.F.);
#2500=ORIENTED_EDGE('',*,*,#3597,.F.);
#2501=ORIENTED_EDGE('',*,*,#2798,.F.);
#2502=ORIENTED_EDGE('',*,*,#3598,.F.);
#2503=ORIENTED_EDGE('',*,*,#3599,.F.);
#2504=ORIENTED_EDGE('',*,*,#3600,.T.);
#2505=ORIENTED_EDGE('',*,*,#3601,.F.);
#2506=ORIENTED_EDGE('',*,*,#3602,.T.);
#2507=ORIENTED_EDGE('',*,*,#3550,.F.);
#2508=ORIENTED_EDGE('',*,*,#3603,.T.);
#2509=ORIENTED_EDGE('',*,*,#3604,.F.);
#2510=ORIENTED_EDGE('',*,*,#3605,.F.);
#2511=ORIENTED_EDGE('',*,*,#2778,.F.);
#2512=ORIENTED_EDGE('',*,*,#3606,.F.);
#2513=ORIENTED_EDGE('',*,*,#3607,.F.);
#2514=ORIENTED_EDGE('',*,*,#3608,.T.);
#2515=ORIENTED_EDGE('',*,*,#3553,.F.);
#2516=ORIENTED_EDGE('',*,*,#3609,.T.);
#2517=ORIENTED_EDGE('',*,*,#3610,.F.);
#2518=ORIENTED_EDGE('',*,*,#3611,.F.);
#2519=ORIENTED_EDGE('',*,*,#2782,.F.);
#2520=ORIENTED_EDGE('',*,*,#3612,.F.);
#2521=ORIENTED_EDGE('',*,*,#3613,.F.);
#2522=ORIENTED_EDGE('',*,*,#3614,.T.);
#2523=ORIENTED_EDGE('',*,*,#3556,.F.);
#2524=ORIENTED_EDGE('',*,*,#3615,.T.);
#2525=ORIENTED_EDGE('',*,*,#3616,.F.);
#2526=ORIENTED_EDGE('',*,*,#3617,.F.);
#2527=ORIENTED_EDGE('',*,*,#2786,.F.);
#2528=ORIENTED_EDGE('',*,*,#3618,.F.);
#2529=ORIENTED_EDGE('',*,*,#3619,.F.);
#2530=ORIENTED_EDGE('',*,*,#3620,.T.);
#2531=ORIENTED_EDGE('',*,*,#3559,.F.);
#2532=ORIENTED_EDGE('',*,*,#3621,.T.);
#2533=ORIENTED_EDGE('',*,*,#3622,.F.);
#2534=ORIENTED_EDGE('',*,*,#3623,.F.);
#2535=ORIENTED_EDGE('',*,*,#2790,.F.);
#2536=ORIENTED_EDGE('',*,*,#3624,.F.);
#2537=ORIENTED_EDGE('',*,*,#3562,.F.);
#2538=ORIENTED_EDGE('',*,*,#3625,.T.);
#2539=ORIENTED_EDGE('',*,*,#3626,.F.);
#2540=ORIENTED_EDGE('',*,*,#3627,.F.);
#2541=ORIENTED_EDGE('',*,*,#2794,.F.);
#2542=ORIENTED_EDGE('',*,*,#3628,.F.);
#2543=ORIENTED_EDGE('',*,*,#3629,.F.);
#2544=ORIENTED_EDGE('',*,*,#3630,.T.);
#2545=ORIENTED_EDGE('',*,*,#3622,.T.);
#2546=ORIENTED_EDGE('',*,*,#3631,.T.);
#2547=ORIENTED_EDGE('',*,*,#3629,.T.);
#2548=ORIENTED_EDGE('',*,*,#3632,.F.);
#2549=ORIENTED_EDGE('',*,*,#2791,.T.);
#2550=ORIENTED_EDGE('',*,*,#3623,.T.);
#2551=ORIENTED_EDGE('',*,*,#3632,.T.);
#2552=ORIENTED_EDGE('',*,*,#3628,.T.);
#2553=ORIENTED_EDGE('',*,*,#2793,.T.);
#2554=ORIENTED_EDGE('',*,*,#3055,.F.);
#2555=ORIENTED_EDGE('',*,*,#2761,.T.);
#2556=ORIENTED_EDGE('',*,*,#3563,.F.);
#2557=ORIENTED_EDGE('',*,*,#3630,.F.);
#2558=ORIENTED_EDGE('',*,*,#3631,.F.);
#2559=ORIENTED_EDGE('',*,*,#3621,.F.);
#2560=ORIENTED_EDGE('',*,*,#3561,.F.);
#2561=ORIENTED_EDGE('',*,*,#3599,.T.);
#2562=ORIENTED_EDGE('',*,*,#3633,.F.);
#2563=ORIENTED_EDGE('',*,*,#3626,.T.);
#2564=ORIENTED_EDGE('',*,*,#3634,.T.);
#2565=ORIENTED_EDGE('',*,*,#2797,.T.);
#2566=ORIENTED_EDGE('',*,*,#3056,.F.);
#2567=ORIENTED_EDGE('',*,*,#2795,.T.);
#2568=ORIENTED_EDGE('',*,*,#3627,.T.);
#2569=ORIENTED_EDGE('',*,*,#3633,.T.);
#2570=ORIENTED_EDGE('',*,*,#3598,.T.);
#2571=ORIENTED_EDGE('',*,*,#3600,.F.);
#2572=ORIENTED_EDGE('',*,*,#3634,.F.);
#2573=ORIENTED_EDGE('',*,*,#3625,.F.);
#2574=ORIENTED_EDGE('',*,*,#3564,.F.);
#2575=ORIENTED_EDGE('',*,*,#2759,.T.);
#2576=ORIENTED_EDGE('',*,*,#3566,.F.);
#2577=ORIENTED_EDGE('',*,*,#3616,.T.);
#2578=ORIENTED_EDGE('',*,*,#3635,.T.);
#2579=ORIENTED_EDGE('',*,*,#3619,.T.);
#2580=ORIENTED_EDGE('',*,*,#3636,.F.);
#2581=ORIENTED_EDGE('',*,*,#2787,.T.);
#2582=ORIENTED_EDGE('',*,*,#3617,.T.);
#2583=ORIENTED_EDGE('',*,*,#3636,.T.);
#2584=ORIENTED_EDGE('',*,*,#3624,.T.);
#2585=ORIENTED_EDGE('',*,*,#2789,.T.);
#2586=ORIENTED_EDGE('',*,*,#3054,.F.);
#2587=ORIENTED_EDGE('',*,*,#2763,.T.);
#2588=ORIENTED_EDGE('',*,*,#3560,.F.);
#2589=ORIENTED_EDGE('',*,*,#3620,.F.);
#2590=ORIENTED_EDGE('',*,*,#3635,.F.);
#2591=ORIENTED_EDGE('',*,*,#3615,.F.);
#2592=ORIENTED_EDGE('',*,*,#3558,.F.);
#2593=ORIENTED_EDGE('',*,*,#3610,.T.);
#2594=ORIENTED_EDGE('',*,*,#3637,.T.);
#2595=ORIENTED_EDGE('',*,*,#3613,.T.);
#2596=ORIENTED_EDGE('',*,*,#3638,.F.);
#2597=ORIENTED_EDGE('',*,*,#2783,.T.);
#2598=ORIENTED_EDGE('',*,*,#3611,.T.);
#2599=ORIENTED_EDGE('',*,*,#3638,.T.);
#2600=ORIENTED_EDGE('',*,*,#3618,.T.);
#2601=ORIENTED_EDGE('',*,*,#2785,.T.);
#2602=ORIENTED_EDGE('',*,*,#3053,.F.);
#2603=ORIENTED_EDGE('',*,*,#2745,.T.);
#2604=ORIENTED_EDGE('',*,*,#3557,.F.);
#2605=ORIENTED_EDGE('',*,*,#3614,.F.);
#2606=ORIENTED_EDGE('',*,*,#3637,.F.);
#2607=ORIENTED_EDGE('',*,*,#3609,.F.);
#2608=ORIENTED_EDGE('',*,*,#3555,.F.);
#2609=ORIENTED_EDGE('',*,*,#3604,.T.);
#2610=ORIENTED_EDGE('',*,*,#3639,.T.);
#2611=ORIENTED_EDGE('',*,*,#3607,.T.);
#2612=ORIENTED_EDGE('',*,*,#3640,.F.);
#2613=ORIENTED_EDGE('',*,*,#2779,.T.);
#2614=ORIENTED_EDGE('',*,*,#3605,.T.);
#2615=ORIENTED_EDGE('',*,*,#3640,.T.);
#2616=ORIENTED_EDGE('',*,*,#3612,.T.);
#2617=ORIENTED_EDGE('',*,*,#2781,.T.);
#2618=ORIENTED_EDGE('',*,*,#3062,.F.);
#2619=ORIENTED_EDGE('',*,*,#2747,.T.);
#2620=ORIENTED_EDGE('',*,*,#3554,.F.);
#2621=ORIENTED_EDGE('',*,*,#3608,.F.);
#2622=ORIENTED_EDGE('',*,*,#3639,.F.);
#2623=ORIENTED_EDGE('',*,*,#3603,.F.);
#2624=ORIENTED_EDGE('',*,*,#3552,.F.);
#2625=ORIENTED_EDGE('',*,*,#3574,.T.);
#2626=ORIENTED_EDGE('',*,*,#3641,.T.);
#2627=ORIENTED_EDGE('',*,*,#3601,.T.);
#2628=ORIENTED_EDGE('',*,*,#3642,.F.);
#2629=ORIENTED_EDGE('',*,*,#2775,.T.);
#2630=ORIENTED_EDGE('',*,*,#3575,.T.);
#2631=ORIENTED_EDGE('',*,*,#3642,.T.);
#2632=ORIENTED_EDGE('',*,*,#3606,.T.);
#2633=ORIENTED_EDGE('',*,*,#2777,.T.);
#2634=ORIENTED_EDGE('',*,*,#3061,.F.);
#2635=ORIENTED_EDGE('',*,*,#2749,.T.);
#2636=ORIENTED_EDGE('',*,*,#3551,.F.);
#2637=ORIENTED_EDGE('',*,*,#3602,.F.);
#2638=ORIENTED_EDGE('',*,*,#3641,.F.);
#2639=ORIENTED_EDGE('',*,*,#3573,.F.);
#2640=ORIENTED_EDGE('',*,*,#3549,.F.);
#2641=ORIENTED_EDGE('',*,*,#3593,.T.);
#2642=ORIENTED_EDGE('',*,*,#3643,.F.);
#2643=ORIENTED_EDGE('',*,*,#3596,.T.);
#2644=ORIENTED_EDGE('',*,*,#3644,.T.);
#2645=ORIENTED_EDGE('',*,*,#2801,.T.);
#2646=ORIENTED_EDGE('',*,*,#3057,.F.);
#2647=ORIENTED_EDGE('',*,*,#2799,.T.);
#2648=ORIENTED_EDGE('',*,*,#3597,.T.);
#2649=ORIENTED_EDGE('',*,*,#3643,.T.);
#2650=ORIENTED_EDGE('',*,*,#3592,.T.);
#2651=ORIENTED_EDGE('',*,*,#3594,.F.);
#2652=ORIENTED_EDGE('',*,*,#3644,.F.);
#2653=ORIENTED_EDGE('',*,*,#3595,.F.);
#2654=ORIENTED_EDGE('',*,*,#3567,.F.);
#2655=ORIENTED_EDGE('',*,*,#2757,.T.);
#2656=ORIENTED_EDGE('',*,*,#3569,.F.);
#2657=ORIENTED_EDGE('',*,*,#3587,.T.);
#2658=ORIENTED_EDGE('',*,*,#3645,.F.);
#2659=ORIENTED_EDGE('',*,*,#3590,.T.);
#2660=ORIENTED_EDGE('',*,*,#3646,.T.);
#2661=ORIENTED_EDGE('',*,*,#2765,.T.);
#2662=ORIENTED_EDGE('',*,*,#3058,.F.);
#2663=ORIENTED_EDGE('',*,*,#2803,.T.);
#2664=ORIENTED_EDGE('',*,*,#3591,.T.);
#2665=ORIENTED_EDGE('',*,*,#3645,.T.);
#2666=ORIENTED_EDGE('',*,*,#3586,.T.);
#2667=ORIENTED_EDGE('',*,*,#3588,.F.);
#2668=ORIENTED_EDGE('',*,*,#3646,.F.);
#2669=ORIENTED_EDGE('',*,*,#3589,.F.);
#2670=ORIENTED_EDGE('',*,*,#3570,.F.);
#2671=ORIENTED_EDGE('',*,*,#2755,.T.);
#2672=ORIENTED_EDGE('',*,*,#3542,.F.);
#2673=ORIENTED_EDGE('',*,*,#3577,.T.);
#2674=ORIENTED_EDGE('',*,*,#3647,.F.);
#2675=ORIENTED_EDGE('',*,*,#3584,.T.);
#2676=ORIENTED_EDGE('',*,*,#3648,.T.);
#2677=ORIENTED_EDGE('',*,*,#2769,.T.);
#2678=ORIENTED_EDGE('',*,*,#3059,.F.);
#2679=ORIENTED_EDGE('',*,*,#2767,.T.);
#2680=ORIENTED_EDGE('',*,*,#3585,.T.);
#2681=ORIENTED_EDGE('',*,*,#3647,.T.);
#2682=ORIENTED_EDGE('',*,*,#3582,.T.);
#2683=ORIENTED_EDGE('',*,*,#3578,.F.);
#2684=ORIENTED_EDGE('',*,*,#3648,.F.);
#2685=ORIENTED_EDGE('',*,*,#3583,.F.);
#2686=ORIENTED_EDGE('',*,*,#3543,.F.);
#2687=ORIENTED_EDGE('',*,*,#2753,.T.);
#2688=ORIENTED_EDGE('',*,*,#3545,.F.);
#2689=ORIENTED_EDGE('',*,*,#3572,.F.);
#2690=ORIENTED_EDGE('',*,*,#3649,.F.);
#2691=ORIENTED_EDGE('',*,*,#3579,.F.);
#2692=ORIENTED_EDGE('',*,*,#3546,.F.);
#2693=ORIENTED_EDGE('',*,*,#2751,.T.);
#2694=ORIENTED_EDGE('',*,*,#3548,.F.);
#2695=ORIENTED_EDGE('',*,*,#2773,.T.);
#2696=ORIENTED_EDGE('',*,*,#3060,.F.);
#2697=ORIENTED_EDGE('',*,*,#2771,.T.);
#2698=ORIENTED_EDGE('',*,*,#3581,.T.);
#2699=ORIENTED_EDGE('',*,*,#3650,.T.);
#2700=ORIENTED_EDGE('',*,*,#3576,.T.);
#2701=ORIENTED_EDGE('',*,*,#3571,.T.);
#2702=ORIENTED_EDGE('',*,*,#3650,.F.);
#2703=ORIENTED_EDGE('',*,*,#3580,.T.);
#2704=ORIENTED_EDGE('',*,*,#3649,.T.);
#2705=EDGE_CURVE('',#3651,#3652,#4285,.T.);
#2706=EDGE_CURVE('',#3651,#3653,#639,.F.);
#2707=EDGE_CURVE('',#3654,#3653,#4286,.T.);
#2708=EDGE_CURVE('',#3654,#3655,#640,.T.);
#2709=EDGE_CURVE('',#3656,#3655,#4287,.T.);
#2710=EDGE_CURVE('',#3656,#3657,#641,.F.);
#2711=EDGE_CURVE('',#3658,#3657,#4288,.T.);
#2712=EDGE_CURVE('',#3658,#3659,#642,.T.);
#2713=EDGE_CURVE('',#3660,#3659,#4289,.T.);
#2714=EDGE_CURVE('',#3660,#3661,#643,.F.);
#2715=EDGE_CURVE('',#3662,#3661,#4290,.T.);
#2716=EDGE_CURVE('',#3662,#3663,#644,.T.);
#2717=EDGE_CURVE('',#3664,#3663,#4291,.T.);
#2718=EDGE_CURVE('',#3664,#3665,#645,.F.);
#2719=EDGE_CURVE('',#3666,#3665,#4292,.T.);
#2720=EDGE_CURVE('',#3666,#3667,#646,.T.);
#2721=EDGE_CURVE('',#3668,#3667,#4293,.T.);
#2722=EDGE_CURVE('',#3668,#3669,#647,.F.);
#2723=EDGE_CURVE('',#3670,#3669,#4294,.T.);
#2724=EDGE_CURVE('',#3670,#3671,#648,.T.);
#2725=EDGE_CURVE('',#3672,#3671,#4295,.T.);
#2726=EDGE_CURVE('',#3672,#3673,#649,.F.);
#2727=EDGE_CURVE('',#3674,#3673,#4296,.T.);
#2728=EDGE_CURVE('',#3674,#3675,#650,.T.);
#2729=EDGE_CURVE('',#3676,#3675,#4297,.T.);
#2730=EDGE_CURVE('',#3676,#3677,#651,.F.);
#2731=EDGE_CURVE('',#3678,#3677,#4298,.T.);
#2732=EDGE_CURVE('',#3678,#3679,#652,.T.);
#2733=EDGE_CURVE('',#3680,#3679,#4299,.T.);
#2734=EDGE_CURVE('',#3680,#3681,#653,.F.);
#2735=EDGE_CURVE('',#3682,#3681,#4300,.T.);
#2736=EDGE_CURVE('',#3682,#3683,#654,.T.);
#2737=EDGE_CURVE('',#3684,#3683,#4301,.T.);
#2738=EDGE_CURVE('',#3684,#3685,#655,.F.);
#2739=EDGE_CURVE('',#3686,#3685,#4302,.T.);
#2740=EDGE_CURVE('',#3686,#3687,#656,.T.);
#2741=EDGE_CURVE('',#3688,#3687,#4303,.T.);
#2742=EDGE_CURVE('',#3688,#3689,#657,.F.);
#2743=EDGE_CURVE('',#3690,#3689,#4304,.T.);
#2744=EDGE_CURVE('',#3690,#3652,#658,.T.);
#2745=EDGE_CURVE('',#3691,#3692,#659,.T.);
#2746=EDGE_CURVE('',#3693,#3691,#660,.T.);
#2747=EDGE_CURVE('',#3694,#3693,#661,.T.);
#2748=EDGE_CURVE('',#3695,#3694,#662,.T.);
#2749=EDGE_CURVE('',#3696,#3695,#663,.T.);
#2750=EDGE_CURVE('',#3697,#3696,#664,.T.);
#2751=EDGE_CURVE('',#3698,#3697,#665,.T.);
#2752=EDGE_CURVE('',#3699,#3698,#666,.T.);
#2753=EDGE_CURVE('',#3700,#3699,#667,.T.);
#2754=EDGE_CURVE('',#3701,#3700,#668,.T.);
#2755=EDGE_CURVE('',#3702,#3701,#669,.T.);
#2756=EDGE_CURVE('',#3703,#3702,#670,.T.);
#2757=EDGE_CURVE('',#3704,#3703,#671,.T.);
#2758=EDGE_CURVE('',#3705,#3704,#672,.T.);
#2759=EDGE_CURVE('',#3706,#3705,#673,.T.);
#2760=EDGE_CURVE('',#3707,#3706,#674,.T.);
#2761=EDGE_CURVE('',#3708,#3707,#675,.T.);
#2762=EDGE_CURVE('',#3709,#3708,#676,.T.);
#2763=EDGE_CURVE('',#3710,#3709,#677,.T.);
#2764=EDGE_CURVE('',#3692,#3710,#678,.T.);
#2765=EDGE_CURVE('',#3711,#3712,#199,.T.);
#2766=EDGE_CURVE('',#3711,#3713,#679,.F.);
#2767=EDGE_CURVE('',#3714,#3713,#200,.T.);
#2768=EDGE_CURVE('',#3714,#3712,#680,.T.);
#2769=EDGE_CURVE('',#3715,#3716,#201,.T.);
#2770=EDGE_CURVE('',#3715,#3717,#681,.F.);
#2771=EDGE_CURVE('',#3718,#3717,#202,.T.);
#2772=EDGE_CURVE('',#3718,#3716,#682,.T.);
#2773=EDGE_CURVE('',#3719,#3720,#203,.T.);
#2774=EDGE_CURVE('',#3719,#3721,#683,.F.);
#2775=EDGE_CURVE('',#3722,#3721,#204,.T.);
#2776=EDGE_CURVE('',#3722,#3720,#684,.T.);
#2777=EDGE_CURVE('',#3723,#3724,#205,.T.);
#2778=EDGE_CURVE('',#3723,#3725,#685,.F.);
#2779=EDGE_CURVE('',#3726,#3725,#206,.T.);
#2780=EDGE_CURVE('',#3726,#3724,#686,.T.);
#2781=EDGE_CURVE('',#3727,#3728,#207,.T.);
#2782=EDGE_CURVE('',#3727,#3729,#687,.F.);
#2783=EDGE_CURVE('',#3730,#3729,#208,.T.);
#2784=EDGE_CURVE('',#3730,#3728,#688,.T.);
#2785=EDGE_CURVE('',#3731,#3732,#209,.T.);
#2786=EDGE_CURVE('',#3731,#3733,#689,.F.);
#2787=EDGE_CURVE('',#3734,#3733,#210,.T.);
#2788=EDGE_CURVE('',#3734,#3732,#690,.T.);
#2789=EDGE_CURVE('',#3735,#3736,#211,.T.);
#2790=EDGE_CURVE('',#3735,#3737,#691,.F.);
#2791=EDGE_CURVE('',#3738,#3737,#212,.T.);
#2792=EDGE_CURVE('',#3738,#3736,#692,.T.);
#2793=EDGE_CURVE('',#3739,#3740,#213,.T.);
#2794=EDGE_CURVE('',#3739,#3741,#693,.F.);
#2795=EDGE_CURVE('',#3742,#3741,#214,.T.);
#2796=EDGE_CURVE('',#3742,#3740,#694,.T.);
#2797=EDGE_CURVE('',#3743,#3744,#215,.T.);
#2798=EDGE_CURVE('',#3743,#3745,#695,.F.);
#2799=EDGE_CURVE('',#3746,#3745,#216,.T.);
#2800=EDGE_CURVE('',#3746,#3744,#696,.T.);
#2801=EDGE_CURVE('',#3747,#3748,#217,.T.);
#2802=EDGE_CURVE('',#3747,#3749,#697,.F.);
#2803=EDGE_CURVE('',#3750,#3749,#218,.T.);
#2804=EDGE_CURVE('',#3750,#3748,#698,.T.);
#2805=EDGE_CURVE('',#3751,#3752,#4305,.T.);
#2806=EDGE_CURVE('',#3752,#3753,#219,.T.);
#2807=EDGE_CURVE('',#3753,#3754,#220,.T.);
#2808=EDGE_CURVE('',#3754,#3755,#221,.T.);
#2809=EDGE_CURVE('',#3755,#3756,#222,.T.);
#2810=EDGE_CURVE('',#3756,#3757,#223,.T.);
#2811=EDGE_CURVE('',#3757,#3758,#224,.T.);
#2812=EDGE_CURVE('',#3758,#3759,#225,.T.);
#2813=EDGE_CURVE('',#3759,#3760,#226,.T.);
#2814=EDGE_CURVE('',#3760,#3761,#699,.F.);
#2815=EDGE_CURVE('',#3761,#3762,#227,.T.);
#2816=EDGE_CURVE('',#3762,#3763,#228,.T.);
#2817=EDGE_CURVE('',#3763,#3764,#229,.T.);
#2818=EDGE_CURVE('',#3764,#3765,#230,.T.);
#2819=EDGE_CURVE('',#3765,#3766,#231,.T.);
#2820=EDGE_CURVE('',#3766,#3767,#232,.T.);
#2821=EDGE_CURVE('',#3767,#3751,#233,.T.);
#2822=EDGE_CURVE('',#3768,#3769,#4306,.T.);
#2823=EDGE_CURVE('',#3769,#3770,#4307,.T.);
#2824=EDGE_CURVE('',#3770,#3771,#4308,.T.);
#2825=EDGE_CURVE('',#3771,#3772,#4309,.T.);
#2826=EDGE_CURVE('',#3772,#3773,#4310,.T.);
#2827=EDGE_CURVE('',#3773,#3774,#4311,.T.);
#2828=EDGE_CURVE('',#3774,#3775,#4312,.T.);
#2829=EDGE_CURVE('',#3775,#3776,#4313,.T.);
#2830=EDGE_CURVE('',#3776,#3777,#4314,.T.);
#2831=EDGE_CURVE('',#3777,#3778,#4315,.T.);
#2832=EDGE_CURVE('',#3778,#3768,#4316,.T.);
#2833=EDGE_CURVE('',#3779,#3780,#4317,.T.);
#2834=EDGE_CURVE('',#3780,#3781,#4318,.T.);
#2835=EDGE_CURVE('',#3781,#3782,#4319,.T.);
#2836=EDGE_CURVE('',#3782,#3783,#4320,.T.);
#2837=EDGE_CURVE('',#3783,#3784,#4321,.T.);
#2838=EDGE_CURVE('',#3784,#3779,#4322,.T.);
#2839=EDGE_CURVE('',#3785,#3786,#4323,.T.);
#2840=EDGE_CURVE('',#3786,#3787,#700,.T.);
#2841=EDGE_CURVE('',#3787,#3788,#4324,.T.);
#2842=EDGE_CURVE('',#3788,#3789,#701,.F.);
#2843=EDGE_CURVE('',#3789,#3790,#4325,.T.);
#2844=EDGE_CURVE('',#3790,#3791,#702,.T.);
#2845=EDGE_CURVE('',#3791,#3792,#4326,.T.);
#2846=EDGE_CURVE('',#3792,#3793,#703,.F.);
#2847=EDGE_CURVE('',#3793,#3794,#4327,.T.);
#2848=EDGE_CURVE('',#3794,#3795,#704,.T.);
#2849=EDGE_CURVE('',#3795,#3796,#4328,.T.);
#2850=EDGE_CURVE('',#3796,#3797,#705,.F.);
#2851=EDGE_CURVE('',#3797,#3798,#4329,.T.);
#2852=EDGE_CURVE('',#3798,#3799,#706,.T.);
#2853=EDGE_CURVE('',#3799,#3800,#4330,.T.);
#2854=EDGE_CURVE('',#3800,#3801,#707,.F.);
#2855=EDGE_CURVE('',#3801,#3802,#4331,.T.);
#2856=EDGE_CURVE('',#3802,#3803,#708,.T.);
#2857=EDGE_CURVE('',#3803,#3804,#4332,.T.);
#2858=EDGE_CURVE('',#3804,#3805,#709,.F.);
#2859=EDGE_CURVE('',#3805,#3806,#4333,.T.);
#2860=EDGE_CURVE('',#3806,#3807,#710,.T.);
#2861=EDGE_CURVE('',#3807,#3808,#4334,.T.);
#2862=EDGE_CURVE('',#3808,#3809,#711,.F.);
#2863=EDGE_CURVE('',#3809,#3810,#4335,.T.);
#2864=EDGE_CURVE('',#3810,#3811,#712,.T.);
#2865=EDGE_CURVE('',#3811,#3812,#4336,.T.);
#2866=EDGE_CURVE('',#3812,#3813,#713,.F.);
#2867=EDGE_CURVE('',#3813,#3814,#4337,.T.);
#2868=EDGE_CURVE('',#3814,#3815,#714,.T.);
#2869=EDGE_CURVE('',#3815,#3816,#4338,.T.);
#2870=EDGE_CURVE('',#3816,#3817,#715,.F.);
#2871=EDGE_CURVE('',#3817,#3818,#4339,.T.);
#2872=EDGE_CURVE('',#3818,#3819,#716,.T.);
#2873=EDGE_CURVE('',#3819,#3820,#4340,.T.);
#2874=EDGE_CURVE('',#3820,#3821,#717,.F.);
#2875=EDGE_CURVE('',#3821,#3822,#4341,.T.);
#2876=EDGE_CURVE('',#3822,#3823,#718,.T.);
#2877=EDGE_CURVE('',#3823,#3824,#4342,.T.);
#2878=EDGE_CURVE('',#3824,#3785,#719,.F.);
#2879=EDGE_CURVE('',#3825,#3825,#720,.T.);
#2880=EDGE_CURVE('',#3826,#3827,#234,.T.);
#2881=EDGE_CURVE('',#3827,#3828,#235,.T.);
#2882=EDGE_CURVE('',#3828,#3829,#236,.T.);
#2883=EDGE_CURVE('',#3829,#3830,#721,.F.);
#2884=EDGE_CURVE('',#3830,#3831,#237,.T.);
#2885=EDGE_CURVE('',#3831,#3832,#238,.T.);
#2886=EDGE_CURVE('',#3832,#3833,#239,.T.);
#2887=EDGE_CURVE('',#3833,#3834,#240,.T.);
#2888=EDGE_CURVE('',#3834,#3835,#722,.F.);
#2889=EDGE_CURVE('',#3835,#3836,#241,.T.);
#2890=EDGE_CURVE('',#3836,#3837,#242,.T.);
#2891=EDGE_CURVE('',#3837,#3838,#243,.T.);
#2892=EDGE_CURVE('',#3838,#3839,#244,.T.);
#2893=EDGE_CURVE('',#3839,#3840,#245,.T.);
#2894=EDGE_CURVE('',#3840,#3841,#246,.T.);
#2895=EDGE_CURVE('',#3841,#3842,#247,.T.);
#2896=EDGE_CURVE('',#3842,#3843,#248,.T.);
#2897=EDGE_CURVE('',#3843,#3844,#249,.T.);
#2898=EDGE_CURVE('',#3844,#3845,#250,.T.);
#2899=EDGE_CURVE('',#3845,#3826,#251,.T.);
#2900=EDGE_CURVE('',#3846,#3847,#4343,.T.);
#2901=EDGE_CURVE('',#3847,#3848,#252,.T.);
#2902=EDGE_CURVE('',#3848,#3849,#253,.T.);
#2903=EDGE_CURVE('',#3849,#3850,#254,.T.);
#2904=EDGE_CURVE('',#3850,#3851,#255,.T.);
#2905=EDGE_CURVE('',#3851,#3852,#256,.T.);
#2906=EDGE_CURVE('',#3852,#3853,#257,.T.);
#2907=EDGE_CURVE('',#3853,#3854,#258,.T.);
#2908=EDGE_CURVE('',#3854,#3855,#4344,.T.);
#2909=EDGE_CURVE('',#3855,#3856,#259,.T.);
#2910=EDGE_CURVE('',#3856,#3857,#260,.T.);
#2911=EDGE_CURVE('',#3857,#3858,#261,.T.);
#2912=EDGE_CURVE('',#3858,#3859,#262,.T.);
#2913=EDGE_CURVE('',#3859,#3860,#263,.T.);
#2914=EDGE_CURVE('',#3860,#3861,#723,.F.);
#2915=EDGE_CURVE('',#3861,#3862,#264,.T.);
#2916=EDGE_CURVE('',#3862,#3863,#4345,.T.);
#2917=EDGE_CURVE('',#3863,#3864,#4346,.T.);
#2918=EDGE_CURVE('',#3864,#3846,#4347,.T.);
#2919=EDGE_CURVE('',#3865,#3866,#4348,.T.);
#2920=EDGE_CURVE('',#3866,#3867,#265,.T.);
#2921=EDGE_CURVE('',#3867,#3868,#266,.T.);
#2922=EDGE_CURVE('',#3868,#3869,#267,.T.);
#2923=EDGE_CURVE('',#3869,#3870,#268,.T.);
#2924=EDGE_CURVE('',#3870,#3871,#269,.T.);
#2925=EDGE_CURVE('',#3871,#3872,#270,.T.);
#2926=EDGE_CURVE('',#3872,#3873,#724,.F.);
#2927=EDGE_CURVE('',#3873,#3874,#4349,.T.);
#2928=EDGE_CURVE('',#3874,#3875,#271,.T.);
#2929=EDGE_CURVE('',#3875,#3876,#272,.T.);
#2930=EDGE_CURVE('',#3876,#3877,#273,.T.);
#2931=EDGE_CURVE('',#3877,#3878,#274,.T.);
#2932=EDGE_CURVE('',#3878,#3879,#275,.T.);
#2933=EDGE_CURVE('',#3879,#3880,#276,.T.);
#2934=EDGE_CURVE('',#3880,#3881,#277,.T.);
#2935=EDGE_CURVE('',#3881,#3882,#4350,.T.);
#2936=EDGE_CURVE('',#3882,#3883,#278,.T.);
#2937=EDGE_CURVE('',#3883,#3884,#279,.T.);
#2938=EDGE_CURVE('',#3884,#3885,#280,.T.);
#2939=EDGE_CURVE('',#3885,#3886,#281,.T.);
#2940=EDGE_CURVE('',#3886,#3887,#282,.T.);
#2941=EDGE_CURVE('',#3887,#3888,#283,.T.);
#2942=EDGE_CURVE('',#3888,#3889,#4351,.T.);
#2943=EDGE_CURVE('',#3889,#3890,#4352,.T.);
#2944=EDGE_CURVE('',#3890,#3891,#4353,.T.);
#2945=EDGE_CURVE('',#3891,#3892,#284,.T.);
#2946=EDGE_CURVE('',#3892,#3893,#285,.T.);
#2947=EDGE_CURVE('',#3893,#3894,#286,.T.);
#2948=EDGE_CURVE('',#3894,#3895,#287,.T.);
#2949=EDGE_CURVE('',#3895,#3896,#288,.T.);
#2950=EDGE_CURVE('',#3896,#3865,#289,.T.);
#2951=EDGE_CURVE('',#3897,#3898,#4354,.T.);
#2952=EDGE_CURVE('',#3898,#3899,#4355,.T.);
#2953=EDGE_CURVE('',#3899,#3900,#4356,.T.);
#2954=EDGE_CURVE('',#3900,#3901,#4357,.T.);
#2955=EDGE_CURVE('',#3901,#3902,#4358,.T.);
#2956=EDGE_CURVE('',#3902,#3903,#4359,.T.);
#2957=EDGE_CURVE('',#3903,#3897,#4360,.T.);
#2958=EDGE_CURVE('',#3904,#3905,#4361,.T.);
#2959=EDGE_CURVE('',#3905,#3906,#4362,.T.);
#2960=EDGE_CURVE('',#3906,#3907,#4363,.T.);
#2961=EDGE_CURVE('',#3907,#3908,#290,.T.);
#2962=EDGE_CURVE('',#3908,#3909,#725,.F.);
#2963=EDGE_CURVE('',#3909,#3910,#291,.T.);
#2964=EDGE_CURVE('',#3910,#3911,#292,.T.);
#2965=EDGE_CURVE('',#3911,#3912,#726,.F.);
#2966=EDGE_CURVE('',#3912,#3913,#293,.T.);
#2967=EDGE_CURVE('',#3913,#3914,#727,.F.);
#2968=EDGE_CURVE('',#3914,#3915,#294,.T.);
#2969=EDGE_CURVE('',#3915,#3916,#295,.T.);
#2970=EDGE_CURVE('',#3916,#3917,#296,.T.);
#2971=EDGE_CURVE('',#3917,#3918,#4364,.T.);
#2972=EDGE_CURVE('',#3918,#3919,#297,.T.);
#2973=EDGE_CURVE('',#3919,#3920,#298,.T.);
#2974=EDGE_CURVE('',#3920,#3921,#299,.T.);
#2975=EDGE_CURVE('',#3921,#3922,#300,.T.);
#2976=EDGE_CURVE('',#3922,#3923,#301,.T.);
#2977=EDGE_CURVE('',#3923,#3924,#302,.T.);
#2978=EDGE_CURVE('',#3924,#3925,#303,.T.);
#2979=EDGE_CURVE('',#3925,#3926,#728,.T.);
#2980=EDGE_CURVE('',#3926,#3927,#4365,.T.);
#2981=EDGE_CURVE('',#3927,#3928,#4366,.T.);
#2982=EDGE_CURVE('',#3928,#3904,#4367,.T.);
#2983=EDGE_CURVE('',#3929,#3930,#4368,.T.);
#2984=EDGE_CURVE('',#3930,#3931,#304,.T.);
#2985=EDGE_CURVE('',#3931,#3932,#305,.T.);
#2986=EDGE_CURVE('',#3932,#3933,#306,.T.);
#2987=EDGE_CURVE('',#3933,#3934,#307,.T.);
#2988=EDGE_CURVE('',#3934,#3935,#308,.T.);
#2989=EDGE_CURVE('',#3935,#3936,#309,.T.);
#2990=EDGE_CURVE('',#3936,#3937,#310,.T.);
#2991=EDGE_CURVE('',#3937,#3938,#729,.F.);
#2992=EDGE_CURVE('',#3938,#3939,#311,.T.);
#2993=EDGE_CURVE('',#3939,#3940,#312,.T.);
#2994=EDGE_CURVE('',#3940,#3941,#313,.T.);
#2995=EDGE_CURVE('',#3941,#3942,#314,.T.);
#2996=EDGE_CURVE('',#3942,#3943,#315,.T.);
#2997=EDGE_CURVE('',#3943,#3944,#316,.T.);
#2998=EDGE_CURVE('',#3944,#3945,#317,.T.);
#2999=EDGE_CURVE('',#3945,#3946,#318,.T.);
#3000=EDGE_CURVE('',#3946,#3947,#319,.T.);
#3001=EDGE_CURVE('',#3947,#3929,#320,.T.);
#3002=EDGE_CURVE('',#3948,#3949,#321,.T.);
#3003=EDGE_CURVE('',#3949,#3950,#322,.T.);
#3004=EDGE_CURVE('',#3950,#3951,#323,.T.);
#3005=EDGE_CURVE('',#3951,#3952,#324,.T.);
#3006=EDGE_CURVE('',#3952,#3953,#325,.T.);
#3007=EDGE_CURVE('',#3953,#3954,#326,.T.);
#3008=EDGE_CURVE('',#3954,#3955,#327,.T.);
#3009=EDGE_CURVE('',#3955,#3948,#328,.T.);
#3010=EDGE_CURVE('',#3956,#3956,#730,.T.);
#3011=EDGE_CURVE('',#3957,#3957,#731,.T.);
#3012=EDGE_CURVE('',#3673,#3806,#4369,.F.);
#3013=EDGE_CURVE('',#3805,#3674,#4370,.T.);
#3014=EDGE_CURVE('',#3807,#3672,#4371,.T.);
#3015=EDGE_CURVE('',#3671,#3808,#4372,.F.);
#3016=EDGE_CURVE('',#3669,#3810,#4373,.F.);
#3017=EDGE_CURVE('',#3809,#3670,#4374,.T.);
#3018=EDGE_CURVE('',#3811,#3668,#4375,.T.);
#3019=EDGE_CURVE('',#3667,#3812,#4376,.F.);
#3020=EDGE_CURVE('',#3665,#3814,#4377,.F.);
#3021=EDGE_CURVE('',#3813,#3666,#4378,.T.);
#3022=EDGE_CURVE('',#3815,#3664,#4379,.T.);
#3023=EDGE_CURVE('',#3663,#3816,#4380,.F.);
#3024=EDGE_CURVE('',#3661,#3818,#4381,.F.);
#3025=EDGE_CURVE('',#3817,#3662,#4382,.T.);
#3026=EDGE_CURVE('',#3819,#3660,#4383,.T.);
#3027=EDGE_CURVE('',#3659,#3820,#4384,.F.);
#3028=EDGE_CURVE('',#3657,#3822,#4385,.F.);
#3029=EDGE_CURVE('',#3821,#3658,#4386,.T.);
#3030=EDGE_CURVE('',#3823,#3656,#4387,.T.);
#3031=EDGE_CURVE('',#3655,#3824,#4388,.F.);
#3032=EDGE_CURVE('',#3653,#3786,#4389,.F.);
#3033=EDGE_CURVE('',#3785,#3654,#4390,.T.);
#3034=EDGE_CURVE('',#3787,#3651,#4391,.T.);
#3035=EDGE_CURVE('',#3652,#3788,#4392,.F.);
#3036=EDGE_CURVE('',#3689,#3790,#4393,.F.);
#3037=EDGE_CURVE('',#3789,#3690,#4394,.T.);
#3038=EDGE_CURVE('',#3791,#3688,#4395,.T.);
#3039=EDGE_CURVE('',#3687,#3792,#4396,.F.);
#3040=EDGE_CURVE('',#3685,#3794,#4397,.F.);
#3041=EDGE_CURVE('',#3793,#3686,#4398,.T.);
#3042=EDGE_CURVE('',#3795,#3684,#4399,.T.);
#3043=EDGE_CURVE('',#3683,#3796,#4400,.F.);
#3044=EDGE_CURVE('',#3681,#3798,#4401,.F.);
#3045=EDGE_CURVE('',#3797,#3682,#4402,.T.);
#3046=EDGE_CURVE('',#3799,#3680,#4403,.T.);
#3047=EDGE_CURVE('',#3679,#3800,#4404,.F.);
#3048=EDGE_CURVE('',#3677,#3802,#4405,.F.);
#3049=EDGE_CURVE('',#3801,#3678,#4406,.T.);
#3050=EDGE_CURVE('',#3803,#3676,#4407,.T.);
#3051=EDGE_CURVE('',#3675,#3804,#4408,.F.);
#3052=EDGE_CURVE('',#3958,#3958,#732,.T.);
#3053=EDGE_CURVE('',#3730,#3732,#733,.T.);
#3054=EDGE_CURVE('',#3734,#3736,#734,.T.);
#3055=EDGE_CURVE('',#3738,#3740,#735,.T.);
#3056=EDGE_CURVE('',#3742,#3744,#736,.T.);
#3057=EDGE_CURVE('',#3746,#3748,#737,.T.);
#3058=EDGE_CURVE('',#3750,#3712,#738,.T.);
#3059=EDGE_CURVE('',#3714,#3716,#739,.T.);
#3060=EDGE_CURVE('',#3718,#3720,#740,.T.);
#3061=EDGE_CURVE('',#3722,#3724,#741,.T.);
#3062=EDGE_CURVE('',#3726,#3728,#742,.T.);
#3063=EDGE_CURVE('',#3959,#3959,#743,.T.);
#3064=EDGE_CURVE('',#3960,#3960,#744,.F.);
#3065=EDGE_CURVE('',#3961,#3961,#745,.T.);
#3066=EDGE_CURVE('',#3962,#3962,#746,.F.);
#3067=EDGE_CURVE('',#3963,#3963,#747,.T.);
#3068=EDGE_CURVE('',#3964,#3964,#748,.T.);
#3069=EDGE_CURVE('',#3965,#3780,#4409,.T.);
#3070=EDGE_CURVE('',#3965,#3966,#4410,.T.);
#3071=EDGE_CURVE('',#3966,#3781,#4411,.T.);
#3072=EDGE_CURVE('',#3967,#3779,#4412,.T.);
#3073=EDGE_CURVE('',#3967,#3965,#4413,.T.);
#3074=EDGE_CURVE('',#3968,#3784,#4414,.T.);
#3075=EDGE_CURVE('',#3968,#3967,#4415,.T.);
#3076=EDGE_CURVE('',#3969,#3783,#4416,.T.);
#3077=EDGE_CURVE('',#3969,#3968,#4417,.T.);
#3078=EDGE_CURVE('',#3970,#3782,#4418,.T.);
#3079=EDGE_CURVE('',#3970,#3969,#4419,.T.);
#3080=EDGE_CURVE('',#3966,#3970,#4420,.T.);
#3081=EDGE_CURVE('',#3971,#3972,#329,.T.);
#3082=EDGE_CURVE('',#3973,#3971,#4421,.T.);
#3083=EDGE_CURVE('',#3973,#3974,#330,.T.);
#3084=EDGE_CURVE('',#3974,#3972,#4422,.T.);
#3085=EDGE_CURVE('',#3975,#3971,#331,.T.);
#3086=EDGE_CURVE('',#3976,#3975,#4423,.T.);
#3087=EDGE_CURVE('',#3976,#3973,#332,.T.);
#3088=EDGE_CURVE('',#3977,#3975,#333,.T.);
#3089=EDGE_CURVE('',#3978,#3977,#4424,.T.);
#3090=EDGE_CURVE('',#3978,#3976,#334,.T.);
#3091=EDGE_CURVE('',#3979,#3977,#335,.T.);
#3092=EDGE_CURVE('',#3980,#3979,#4425,.T.);
#3093=EDGE_CURVE('',#3980,#3978,#336,.T.);
#3094=EDGE_CURVE('',#3981,#3979,#337,.T.);
#3095=EDGE_CURVE('',#3982,#3981,#4426,.T.);
#3096=EDGE_CURVE('',#3982,#3980,#338,.T.);
#3097=EDGE_CURVE('',#3983,#3981,#339,.T.);
#3098=EDGE_CURVE('',#3984,#3983,#4427,.T.);
#3099=EDGE_CURVE('',#3984,#3982,#340,.T.);
#3100=EDGE_CURVE('',#3985,#3983,#341,.T.);
#3101=EDGE_CURVE('',#3986,#3985,#4428,.T.);
#3102=EDGE_CURVE('',#3986,#3984,#342,.T.);
#3103=EDGE_CURVE('',#3987,#3988,#343,.T.);
#3104=EDGE_CURVE('',#3989,#3987,#4429,.T.);
#3105=EDGE_CURVE('',#3989,#3990,#344,.T.);
#3106=EDGE_CURVE('',#3990,#3988,#4430,.T.);
#3107=EDGE_CURVE('',#3991,#3987,#345,.T.);
#3108=EDGE_CURVE('',#3992,#3991,#4431,.T.);
#3109=EDGE_CURVE('',#3992,#3989,#346,.T.);
#3110=EDGE_CURVE('',#3993,#3991,#347,.T.);
#3111=EDGE_CURVE('',#3994,#3993,#4432,.T.);
#3112=EDGE_CURVE('',#3994,#3992,#348,.T.);
#3113=EDGE_CURVE('',#3995,#3993,#349,.T.);
#3114=EDGE_CURVE('',#3996,#3995,#4433,.T.);
#3115=EDGE_CURVE('',#3996,#3994,#350,.T.);
#3116=EDGE_CURVE('',#3997,#3995,#351,.T.);
#3117=EDGE_CURVE('',#3998,#3997,#4434,.T.);
#3118=EDGE_CURVE('',#3998,#3996,#352,.T.);
#3119=EDGE_CURVE('',#3999,#3997,#353,.T.);
#3120=EDGE_CURVE('',#4000,#3999,#4435,.T.);
#3121=EDGE_CURVE('',#4000,#3998,#354,.T.);
#3122=EDGE_CURVE('',#4001,#3999,#355,.T.);
#3123=EDGE_CURVE('',#4002,#4001,#4436,.T.);
#3124=EDGE_CURVE('',#4002,#4000,#356,.T.);
#3125=EDGE_CURVE('',#4003,#3827,#4437,.T.);
#3126=EDGE_CURVE('',#4003,#4004,#357,.T.);
#3127=EDGE_CURVE('',#4004,#3828,#4438,.T.);
#3128=EDGE_CURVE('',#4005,#3826,#4439,.T.);
#3129=EDGE_CURVE('',#4005,#4003,#358,.T.);
#3130=EDGE_CURVE('',#4006,#3845,#4440,.T.);
#3131=EDGE_CURVE('',#4006,#4005,#359,.T.);
#3132=EDGE_CURVE('',#4007,#3844,#4441,.T.);
#3133=EDGE_CURVE('',#4007,#4006,#360,.T.);
#3134=EDGE_CURVE('',#4008,#3843,#4442,.T.);
#3135=EDGE_CURVE('',#4008,#4007,#361,.T.);
#3136=EDGE_CURVE('',#4009,#3842,#4443,.T.);
#3137=EDGE_CURVE('',#4009,#4008,#362,.T.);
#3138=EDGE_CURVE('',#4010,#3841,#4444,.T.);
#3139=EDGE_CURVE('',#4010,#4009,#363,.T.);
#3140=EDGE_CURVE('',#4011,#3840,#4445,.T.);
#3141=EDGE_CURVE('',#4011,#4010,#364,.T.);
#3142=EDGE_CURVE('',#4012,#3839,#4446,.T.);
#3143=EDGE_CURVE('',#4012,#4011,#365,.T.);
#3144=EDGE_CURVE('',#4013,#3838,#4447,.T.);
#3145=EDGE_CURVE('',#4013,#4012,#366,.T.);
#3146=EDGE_CURVE('',#4014,#3837,#4448,.T.);
#3147=EDGE_CURVE('',#4014,#4013,#367,.T.);
#3148=EDGE_CURVE('',#4015,#3836,#4449,.T.);
#3149=EDGE_CURVE('',#4015,#4014,#368,.T.);
#3150=EDGE_CURVE('',#4016,#3835,#4450,.T.);
#3151=EDGE_CURVE('',#4016,#4015,#369,.T.);
#3152=EDGE_CURVE('',#4017,#3834,#4451,.T.);
#3153=EDGE_CURVE('',#4017,#4016,#749,.F.);
#3154=EDGE_CURVE('',#4018,#3833,#4452,.T.);
#3155=EDGE_CURVE('',#4018,#4017,#370,.T.);
#3156=EDGE_CURVE('',#4019,#3832,#4453,.T.);
#3157=EDGE_CURVE('',#4019,#4018,#371,.T.);
#3158=EDGE_CURVE('',#4020,#3831,#4454,.T.);
#3159=EDGE_CURVE('',#4020,#4019,#372,.T.);
#3160=EDGE_CURVE('',#4021,#3830,#4455,.T.);
#3161=EDGE_CURVE('',#4021,#4020,#373,.T.);
#3162=EDGE_CURVE('',#4022,#3829,#4456,.T.);
#3163=EDGE_CURVE('',#4022,#4021,#750,.F.);
#3164=EDGE_CURVE('',#3988,#4001,#374,.T.);
#3165=EDGE_CURVE('',#3990,#4002,#375,.T.);
#3166=EDGE_CURVE('',#4004,#4022,#376,.T.);
#3167=EDGE_CURVE('',#3972,#3985,#377,.T.);
#3168=EDGE_CURVE('',#3974,#3986,#378,.T.);
#3169=EDGE_CURVE('',#4023,#3847,#4457,.T.);
#3170=EDGE_CURVE('',#4023,#4024,#379,.T.);
#3171=EDGE_CURVE('',#4024,#3848,#4458,.T.);
#3172=EDGE_CURVE('',#4025,#3846,#4459,.T.);
#3173=EDGE_CURVE('',#4025,#4023,#4460,.T.);
#3174=EDGE_CURVE('',#4026,#3864,#4461,.T.);
#3175=EDGE_CURVE('',#4026,#4025,#4462,.T.);
#3176=EDGE_CURVE('',#4027,#3863,#4463,.T.);
#3177=EDGE_CURVE('',#4027,#4026,#4464,.T.);
#3178=EDGE_CURVE('',#4028,#3862,#4465,.T.);
#3179=EDGE_CURVE('',#4028,#4027,#4466,.T.);
#3180=EDGE_CURVE('',#4029,#3861,#4467,.T.);
#3181=EDGE_CURVE('',#4029,#4028,#380,.T.);
#3182=EDGE_CURVE('',#4030,#3860,#4468,.T.);
#3183=EDGE_CURVE('',#4030,#4029,#751,.F.);
#3184=EDGE_CURVE('',#4031,#3859,#4469,.T.);
#3185=EDGE_CURVE('',#4031,#4030,#381,.T.);
#3186=EDGE_CURVE('',#4032,#3858,#4470,.T.);
#3187=EDGE_CURVE('',#4032,#4031,#382,.T.);
#3188=EDGE_CURVE('',#4033,#3857,#4471,.T.);
#3189=EDGE_CURVE('',#4033,#4032,#383,.T.);
#3190=EDGE_CURVE('',#4034,#3856,#4472,.T.);
#3191=EDGE_CURVE('',#4034,#4033,#384,.T.);
#3192=EDGE_CURVE('',#4035,#3855,#4473,.T.);
#3193=EDGE_CURVE('',#4035,#4034,#385,.T.);
#3194=EDGE_CURVE('',#4036,#3854,#4474,.T.);
#3195=EDGE_CURVE('',#4036,#4035,#4475,.T.);
#3196=EDGE_CURVE('',#4037,#3853,#4476,.T.);
#3197=EDGE_CURVE('',#4037,#4036,#386,.T.);
#3198=EDGE_CURVE('',#4038,#3852,#4477,.T.);
#3199=EDGE_CURVE('',#4038,#4037,#387,.T.);
#3200=EDGE_CURVE('',#4039,#3851,#4478,.T.);
#3201=EDGE_CURVE('',#4039,#4038,#388,.T.);
#3202=EDGE_CURVE('',#4040,#3850,#4479,.T.);
#3203=EDGE_CURVE('',#4040,#4039,#389,.T.);
#3204=EDGE_CURVE('',#4041,#3849,#4480,.T.);
#3205=EDGE_CURVE('',#4041,#4040,#390,.T.);
#3206=EDGE_CURVE('',#4024,#4041,#391,.T.);
#3207=EDGE_CURVE('',#4042,#3866,#4481,.T.);
#3208=EDGE_CURVE('',#4042,#4043,#392,.T.);
#3209=EDGE_CURVE('',#4043,#3867,#4482,.T.);
#3210=EDGE_CURVE('',#4044,#3865,#4483,.T.);
#3211=EDGE_CURVE('',#4044,#4042,#4484,.T.);
#3212=EDGE_CURVE('',#4045,#3896,#4485,.T.);
#3213=EDGE_CURVE('',#4045,#4044,#393,.T.);
#3214=EDGE_CURVE('',#4046,#3895,#4486,.T.);
#3215=EDGE_CURVE('',#4046,#4045,#394,.T.);
#3216=EDGE_CURVE('',#4047,#3894,#4487,.T.);
#3217=EDGE_CURVE('',#4047,#4046,#395,.T.);
#3218=EDGE_CURVE('',#4048,#3893,#4488,.T.);
#3219=EDGE_CURVE('',#4048,#4047,#396,.T.);
#3220=EDGE_CURVE('',#4049,#3892,#4489,.T.);
#3221=EDGE_CURVE('',#4049,#4048,#397,.T.);
#3222=EDGE_CURVE('',#4050,#3891,#4490,.T.);
#3223=EDGE_CURVE('',#4050,#4049,#398,.T.);
#3224=EDGE_CURVE('',#4051,#3890,#4491,.T.);
#3225=EDGE_CURVE('',#4051,#4050,#4492,.T.);
#3226=EDGE_CURVE('',#4052,#3889,#4493,.T.);
#3227=EDGE_CURVE('',#4052,#4051,#4494,.T.);
#3228=EDGE_CURVE('',#4053,#3888,#4495,.T.);
#3229=EDGE_CURVE('',#4053,#4052,#4496,.T.);
#3230=EDGE_CURVE('',#4054,#3887,#4497,.T.);
#3231=EDGE_CURVE('',#4054,#4053,#399,.T.);
#3232=EDGE_CURVE('',#4055,#3886,#4498,.T.);
#3233=EDGE_CURVE('',#4055,#4054,#400,.T.);
#3234=EDGE_CURVE('',#4056,#3885,#4499,.T.);
#3235=EDGE_CURVE('',#4056,#4055,#401,.T.);
#3236=EDGE_CURVE('',#4057,#3884,#4500,.T.);
#3237=EDGE_CURVE('',#4057,#4056,#402,.T.);
#3238=EDGE_CURVE('',#4058,#3883,#4501,.T.);
#3239=EDGE_CURVE('',#4058,#4057,#403,.T.);
#3240=EDGE_CURVE('',#4059,#3882,#4502,.T.);
#3241=EDGE_CURVE('',#4059,#4058,#404,.T.);
#3242=EDGE_CURVE('',#4060,#3881,#4503,.T.);
#3243=EDGE_CURVE('',#4060,#4059,#4504,.T.);
#3244=EDGE_CURVE('',#4061,#3880,#4505,.T.);
#3245=EDGE_CURVE('',#4061,#4060,#405,.T.);
#3246=EDGE_CURVE('',#4062,#3879,#4506,.T.);
#3247=EDGE_CURVE('',#4062,#4061,#406,.T.);
#3248=EDGE_CURVE('',#4063,#3878,#4507,.T.);
#3249=EDGE_CURVE('',#4063,#4062,#407,.T.);
#3250=EDGE_CURVE('',#4064,#3877,#4508,.T.);
#3251=EDGE_CURVE('',#4064,#4063,#408,.T.);
#3252=EDGE_CURVE('',#4065,#3876,#4509,.T.);
#3253=EDGE_CURVE('',#4065,#4064,#409,.T.);
#3254=EDGE_CURVE('',#4066,#3875,#4510,.T.);
#3255=EDGE_CURVE('',#4066,#4065,#410,.T.);
#3256=EDGE_CURVE('',#4067,#3874,#4511,.T.);
#3257=EDGE_CURVE('',#4067,#4066,#411,.T.);
#3258=EDGE_CURVE('',#4068,#3873,#4512,.T.);
#3259=EDGE_CURVE('',#4068,#4067,#4513,.T.);
#3260=EDGE_CURVE('',#4069,#3872,#4514,.T.);
#3261=EDGE_CURVE('',#4069,#4068,#752,.F.);
#3262=EDGE_CURVE('',#4070,#3871,#4515,.T.);
#3263=EDGE_CURVE('',#4070,#4069,#412,.T.);
#3264=EDGE_CURVE('',#4071,#3870,#4516,.T.);
#3265=EDGE_CURVE('',#4071,#4070,#413,.T.);
#3266=EDGE_CURVE('',#4072,#3869,#4517,.T.);
#3267=EDGE_CURVE('',#4072,#4071,#414,.T.);
#3268=EDGE_CURVE('',#4073,#3868,#4518,.T.);
#3269=EDGE_CURVE('',#4073,#4072,#415,.T.);
#3270=EDGE_CURVE('',#4043,#4073,#416,.T.);
#3271=EDGE_CURVE('',#4074,#3898,#4519,.T.);
#3272=EDGE_CURVE('',#4074,#4075,#4520,.T.);
#3273=EDGE_CURVE('',#4075,#3899,#4521,.T.);
#3274=EDGE_CURVE('',#4076,#3897,#4522,.T.);
#3275=EDGE_CURVE('',#4076,#4074,#4523,.T.);
#3276=EDGE_CURVE('',#4077,#3903,#4524,.T.);
#3277=EDGE_CURVE('',#4077,#4076,#4525,.T.);
#3278=EDGE_CURVE('',#4078,#3902,#4526,.T.);
#3279=EDGE_CURVE('',#4078,#4077,#4527,.T.);
#3280=EDGE_CURVE('',#4079,#3901,#4528,.T.);
#3281=EDGE_CURVE('',#4079,#4078,#4529,.T.);
#3282=EDGE_CURVE('',#4080,#3900,#4530,.T.);
#3283=EDGE_CURVE('',#4080,#4079,#4531,.T.);
#3284=EDGE_CURVE('',#4075,#4080,#4532,.T.);
#3285=EDGE_CURVE('',#4081,#3905,#4533,.T.);
#3286=EDGE_CURVE('',#4081,#4082,#4534,.T.);
#3287=EDGE_CURVE('',#4082,#3906,#4535,.T.);
#3288=EDGE_CURVE('',#4083,#3904,#4536,.T.);
#3289=EDGE_CURVE('',#4083,#4081,#4537,.T.);
#3290=EDGE_CURVE('',#4084,#3928,#4538,.T.);
#3291=EDGE_CURVE('',#4084,#4083,#4539,.T.);
#3292=EDGE_CURVE('',#4085,#3927,#4540,.T.);
#3293=EDGE_CURVE('',#4085,#4084,#4541,.T.);
#3294=EDGE_CURVE('',#4086,#3926,#4542,.T.);
#3295=EDGE_CURVE('',#4086,#4085,#4543,.T.);
#3296=EDGE_CURVE('',#4087,#3925,#4544,.T.);
#3297=EDGE_CURVE('',#4087,#4086,#753,.T.);
#3298=EDGE_CURVE('',#4088,#3924,#4545,.T.);
#3299=EDGE_CURVE('',#4088,#4087,#417,.T.);
#3300=EDGE_CURVE('',#4089,#3923,#4546,.T.);
#3301=EDGE_CURVE('',#4089,#4088,#418,.T.);
#3302=EDGE_CURVE('',#4090,#3922,#4547,.T.);
#3303=EDGE_CURVE('',#4090,#4089,#419,.T.);
#3304=EDGE_CURVE('',#4091,#3921,#4548,.T.);
#3305=EDGE_CURVE('',#4091,#4090,#420,.T.);
#3306=EDGE_CURVE('',#4092,#3920,#4549,.T.);
#3307=EDGE_CURVE('',#4092,#4091,#421,.T.);
#3308=EDGE_CURVE('',#4093,#3919,#4550,.T.);
#3309=EDGE_CURVE('',#4093,#4092,#422,.T.);
#3310=EDGE_CURVE('',#4094,#3918,#4551,.T.);
#3311=EDGE_CURVE('',#4094,#4093,#423,.T.);
#3312=EDGE_CURVE('',#4095,#3917,#4552,.T.);
#3313=EDGE_CURVE('',#4095,#4094,#4553,.T.);
#3314=EDGE_CURVE('',#4096,#3916,#4554,.T.);
#3315=EDGE_CURVE('',#4096,#4095,#424,.T.);
#3316=EDGE_CURVE('',#4097,#3915,#4555,.T.);
#3317=EDGE_CURVE('',#4097,#4096,#425,.T.);
#3318=EDGE_CURVE('',#4098,#3914,#4556,.T.);
#3319=EDGE_CURVE('',#4098,#4097,#426,.T.);
#3320=EDGE_CURVE('',#4099,#3913,#4557,.T.);
#3321=EDGE_CURVE('',#4099,#4098,#754,.F.);
#3322=EDGE_CURVE('',#4100,#3912,#4558,.T.);
#3323=EDGE_CURVE('',#4100,#4099,#427,.T.);
#3324=EDGE_CURVE('',#4101,#3911,#4559,.T.);
#3325=EDGE_CURVE('',#4101,#4100,#755,.F.);
#3326=EDGE_CURVE('',#4102,#3910,#4560,.T.);
#3327=EDGE_CURVE('',#4102,#4101,#428,.T.);
#3328=EDGE_CURVE('',#4103,#3909,#4561,.T.);
#3329=EDGE_CURVE('',#4103,#4102,#429,.T.);
#3330=EDGE_CURVE('',#4104,#3908,#4562,.T.);
#3331=EDGE_CURVE('',#4104,#4103,#756,.F.);
#3332=EDGE_CURVE('',#4105,#3907,#4563,.T.);
#3333=EDGE_CURVE('',#4105,#4104,#430,.T.);
#3334=EDGE_CURVE('',#4082,#4105,#4564,.T.);
#3335=EDGE_CURVE('',#4106,#4107,#4565,.T.);
#3336=EDGE_CURVE('',#4108,#4106,#4566,.T.);
#3337=EDGE_CURVE('',#4108,#4109,#4567,.T.);
#3338=EDGE_CURVE('',#4109,#4107,#4568,.T.);
#3339=EDGE_CURVE('',#4110,#4106,#4569,.T.);
#3340=EDGE_CURVE('',#4111,#4110,#4570,.T.);
#3341=EDGE_CURVE('',#4111,#4108,#4571,.T.);
#3342=EDGE_CURVE('',#4112,#3769,#4572,.T.);
#3343=EDGE_CURVE('',#4112,#4113,#4573,.T.);
#3344=EDGE_CURVE('',#4113,#3770,#4574,.T.);
#3345=EDGE_CURVE('',#4114,#3768,#4575,.T.);
#3346=EDGE_CURVE('',#4114,#4112,#4576,.T.);
#3347=EDGE_CURVE('',#4115,#3778,#4577,.T.);
#3348=EDGE_CURVE('',#4115,#4114,#4578,.T.);
#3349=EDGE_CURVE('',#4116,#3777,#4579,.T.);
#3350=EDGE_CURVE('',#4116,#4115,#4580,.T.);
#3351=EDGE_CURVE('',#4117,#3776,#4581,.T.);
#3352=EDGE_CURVE('',#4117,#4116,#4582,.T.);
#3353=EDGE_CURVE('',#4118,#3775,#4583,.T.);
#3354=EDGE_CURVE('',#4118,#4117,#4584,.T.);
#3355=EDGE_CURVE('',#4119,#3774,#4585,.T.);
#3356=EDGE_CURVE('',#4119,#4118,#4586,.T.);
#3357=EDGE_CURVE('',#4120,#3773,#4587,.T.);
#3358=EDGE_CURVE('',#4120,#4119,#4588,.T.);
#3359=EDGE_CURVE('',#4121,#3772,#4589,.T.);
#3360=EDGE_CURVE('',#4121,#4120,#4590,.T.);
#3361=EDGE_CURVE('',#4122,#3771,#4591,.T.);
#3362=EDGE_CURVE('',#4122,#4121,#4592,.T.);
#3363=EDGE_CURVE('',#4113,#4122,#4593,.T.);
#3364=EDGE_CURVE('',#4107,#4110,#4594,.T.);
#3365=EDGE_CURVE('',#4109,#4111,#4595,.T.);
#3366=EDGE_CURVE('',#4123,#4124,#431,.T.);
#3367=EDGE_CURVE('',#4125,#4123,#4596,.T.);
#3368=EDGE_CURVE('',#4125,#4126,#432,.T.);
#3369=EDGE_CURVE('',#4126,#4124,#4597,.T.);
#3370=EDGE_CURVE('',#4127,#4123,#433,.T.);
#3371=EDGE_CURVE('',#4128,#4127,#4598,.T.);
#3372=EDGE_CURVE('',#4128,#4125,#434,.T.);
#3373=EDGE_CURVE('',#4129,#4127,#435,.T.);
#3374=EDGE_CURVE('',#4130,#4129,#4599,.T.);
#3375=EDGE_CURVE('',#4130,#4128,#436,.T.);
#3376=EDGE_CURVE('',#4131,#4129,#437,.T.);
#3377=EDGE_CURVE('',#4132,#4131,#4600,.T.);
#3378=EDGE_CURVE('',#4132,#4130,#438,.T.);
#3379=EDGE_CURVE('',#4133,#4131,#439,.T.);
#3380=EDGE_CURVE('',#4134,#4133,#4601,.T.);
#3381=EDGE_CURVE('',#4134,#4132,#440,.T.);
#3382=EDGE_CURVE('',#4135,#4133,#441,.T.);
#3383=EDGE_CURVE('',#4136,#4135,#4602,.T.);
#3384=EDGE_CURVE('',#4136,#4134,#442,.T.);
#3385=EDGE_CURVE('',#4137,#4135,#443,.T.);
#3386=EDGE_CURVE('',#4138,#4137,#4603,.T.);
#3387=EDGE_CURVE('',#4138,#4136,#444,.T.);
#3388=EDGE_CURVE('',#4139,#3930,#4604,.T.);
#3389=EDGE_CURVE('',#4139,#4140,#445,.T.);
#3390=EDGE_CURVE('',#4140,#3931,#4605,.T.);
#3391=EDGE_CURVE('',#4141,#3929,#4606,.T.);
#3392=EDGE_CURVE('',#4141,#4139,#4607,.T.);
#3393=EDGE_CURVE('',#4142,#3947,#4608,.T.);
#3394=EDGE_CURVE('',#4142,#4141,#446,.T.);
#3395=EDGE_CURVE('',#4143,#3946,#4609,.T.);
#3396=EDGE_CURVE('',#4143,#4142,#447,.T.);
#3397=EDGE_CURVE('',#4144,#3945,#4610,.T.);
#3398=EDGE_CURVE('',#4144,#4143,#448,.T.);
#3399=EDGE_CURVE('',#4145,#3944,#4611,.T.);
#3400=EDGE_CURVE('',#4145,#4144,#449,.T.);
#3401=EDGE_CURVE('',#4146,#3943,#4612,.T.);
#3402=EDGE_CURVE('',#4146,#4145,#450,.T.);
#3403=EDGE_CURVE('',#4147,#3942,#4613,.T.);
#3404=EDGE_CURVE('',#4147,#4146,#451,.T.);
#3405=EDGE_CURVE('',#4148,#3941,#4614,.T.);
#3406=EDGE_CURVE('',#4148,#4147,#452,.T.);
#3407=EDGE_CURVE('',#4149,#3940,#4615,.T.);
#3408=EDGE_CURVE('',#4149,#4148,#453,.T.);
#3409=EDGE_CURVE('',#4150,#3939,#4616,.T.);
#3410=EDGE_CURVE('',#4150,#4149,#454,.T.);
#3411=EDGE_CURVE('',#4151,#3938,#4617,.T.);
#3412=EDGE_CURVE('',#4151,#4150,#455,.T.);
#3413=EDGE_CURVE('',#4152,#3937,#4618,.T.);
#3414=EDGE_CURVE('',#4152,#4151,#757,.F.);
#3415=EDGE_CURVE('',#4153,#3936,#4619,.T.);
#3416=EDGE_CURVE('',#4153,#4152,#456,.T.);
#3417=EDGE_CURVE('',#4154,#3935,#4620,.T.);
#3418=EDGE_CURVE('',#4154,#4153,#457,.T.);
#3419=EDGE_CURVE('',#4155,#3934,#4621,.T.);
#3420=EDGE_CURVE('',#4155,#4154,#458,.T.);
#3421=EDGE_CURVE('',#4156,#3933,#4622,.T.);
#3422=EDGE_CURVE('',#4156,#4155,#459,.T.);
#3423=EDGE_CURVE('',#4157,#3932,#4623,.T.);
#3424=EDGE_CURVE('',#4157,#4156,#460,.T.);
#3425=EDGE_CURVE('',#4140,#4157,#461,.T.);
#3426=EDGE_CURVE('',#4124,#4137,#462,.T.);
#3427=EDGE_CURVE('',#4126,#4138,#463,.T.);
#3428=EDGE_CURVE('',#4158,#4159,#758,.T.);
#3429=EDGE_CURVE('',#4160,#4158,#4624,.T.);
#3430=EDGE_CURVE('',#4160,#4161,#759,.T.);
#3431=EDGE_CURVE('',#4161,#4159,#4625,.T.);
#3432=EDGE_CURVE('',#4162,#4158,#464,.T.);
#3433=EDGE_CURVE('',#4163,#4162,#4626,.T.);
#3434=EDGE_CURVE('',#4163,#4160,#465,.T.);
#3435=EDGE_CURVE('',#4164,#4162,#466,.T.);
#3436=EDGE_CURVE('',#4165,#4164,#4627,.T.);
#3437=EDGE_CURVE('',#4165,#4163,#467,.T.);
#3438=EDGE_CURVE('',#4166,#4164,#468,.T.);
#3439=EDGE_CURVE('',#4167,#4166,#4628,.T.);
#3440=EDGE_CURVE('',#4167,#4165,#469,.T.);
#3441=EDGE_CURVE('',#4168,#4166,#470,.T.);
#3442=EDGE_CURVE('',#4169,#4168,#4629,.T.);
#3443=EDGE_CURVE('',#4169,#4167,#471,.T.);
#3444=EDGE_CURVE('',#4170,#4168,#472,.T.);
#3445=EDGE_CURVE('',#4171,#4170,#4630,.T.);
#3446=EDGE_CURVE('',#4171,#4169,#473,.T.);
#3447=EDGE_CURVE('',#4172,#4170,#474,.T.);
#3448=EDGE_CURVE('',#4173,#4172,#4631,.T.);
#3449=EDGE_CURVE('',#4173,#4171,#475,.T.);
#3450=EDGE_CURVE('',#4174,#4172,#476,.T.);
#3451=EDGE_CURVE('',#4175,#4174,#4632,.T.);
#3452=EDGE_CURVE('',#4175,#4173,#477,.T.);
#3453=EDGE_CURVE('',#4176,#3752,#4633,.T.);
#3454=EDGE_CURVE('',#4176,#4177,#478,.T.);
#3455=EDGE_CURVE('',#4177,#3753,#4634,.T.);
#3456=EDGE_CURVE('',#4178,#3751,#4635,.T.);
#3457=EDGE_CURVE('',#4178,#4176,#4636,.T.);
#3458=EDGE_CURVE('',#4179,#3767,#4637,.T.);
#3459=EDGE_CURVE('',#4179,#4178,#479,.T.);
#3460=EDGE_CURVE('',#4180,#3766,#4638,.T.);
#3461=EDGE_CURVE('',#4180,#4179,#480,.T.);
#3462=EDGE_CURVE('',#4181,#3765,#4639,.T.);
#3463=EDGE_CURVE('',#4181,#4180,#481,.T.);
#3464=EDGE_CURVE('',#4182,#3764,#4640,.T.);
#3465=EDGE_CURVE('',#4182,#4181,#482,.T.);
#3466=EDGE_CURVE('',#4183,#3763,#4641,.T.);
#3467=EDGE_CURVE('',#4183,#4182,#483,.T.);
#3468=EDGE_CURVE('',#4184,#3762,#4642,.T.);
#3469=EDGE_CURVE('',#4184,#4183,#484,.T.);
#3470=EDGE_CURVE('',#4185,#3761,#4643,.T.);
#3471=EDGE_CURVE('',#4185,#4184,#485,.T.);
#3472=EDGE_CURVE('',#4186,#3760,#4644,.T.);
#3473=EDGE_CURVE('',#4186,#4185,#760,.F.);
#3474=EDGE_CURVE('',#4187,#3759,#4645,.T.);
#3475=EDGE_CURVE('',#4187,#4186,#486,.T.);
#3476=EDGE_CURVE('',#4188,#3758,#4646,.T.);
#3477=EDGE_CURVE('',#4188,#4187,#487,.T.);
#3478=EDGE_CURVE('',#4189,#3757,#4647,.T.);
#3479=EDGE_CURVE('',#4189,#4188,#488,.T.);
#3480=EDGE_CURVE('',#4190,#3756,#4648,.T.);
#3481=EDGE_CURVE('',#4190,#4189,#489,.T.);
#3482=EDGE_CURVE('',#4191,#3755,#4649,.T.);
#3483=EDGE_CURVE('',#4191,#4190,#490,.T.);
#3484=EDGE_CURVE('',#4192,#3754,#4650,.T.);
#3485=EDGE_CURVE('',#4192,#4191,#491,.T.);
#3486=EDGE_CURVE('',#4177,#4192,#492,.T.);
#3487=EDGE_CURVE('',#4159,#4174,#761,.T.);
#3488=EDGE_CURVE('',#4161,#4175,#762,.T.);
#3489=EDGE_CURVE('',#4193,#4194,#493,.T.);
#3490=EDGE_CURVE('',#4195,#4193,#4651,.T.);
#3491=EDGE_CURVE('',#4195,#4196,#494,.T.);
#3492=EDGE_CURVE('',#4196,#4194,#4652,.T.);
#3493=EDGE_CURVE('',#4197,#4193,#495,.T.);
#3494=EDGE_CURVE('',#4198,#4197,#4653,.T.);
#3495=EDGE_CURVE('',#4198,#4195,#496,.T.);
#3496=EDGE_CURVE('',#4199,#4197,#497,.T.);
#3497=EDGE_CURVE('',#4200,#4199,#4654,.T.);
#3498=EDGE_CURVE('',#4200,#4198,#498,.T.);
#3499=EDGE_CURVE('',#4201,#4199,#499,.T.);
#3500=EDGE_CURVE('',#4202,#4201,#4655,.T.);
#3501=EDGE_CURVE('',#4202,#4200,#500,.T.);
#3502=EDGE_CURVE('',#4203,#4201,#501,.T.);
#3503=EDGE_CURVE('',#4204,#4203,#4656,.T.);
#3504=EDGE_CURVE('',#4204,#4202,#502,.T.);
#3505=EDGE_CURVE('',#4205,#4203,#503,.T.);
#3506=EDGE_CURVE('',#4206,#4205,#4657,.T.);
#3507=EDGE_CURVE('',#4206,#4204,#504,.T.);
#3508=EDGE_CURVE('',#4207,#4205,#505,.T.);
#3509=EDGE_CURVE('',#4208,#4207,#4658,.T.);
#3510=EDGE_CURVE('',#4208,#4206,#506,.T.);
#3511=EDGE_CURVE('',#4209,#4207,#507,.T.);
#3512=EDGE_CURVE('',#4210,#4209,#4659,.T.);
#3513=EDGE_CURVE('',#4210,#4208,#508,.T.);
#3514=EDGE_CURVE('',#4211,#4209,#509,.T.);
#3515=EDGE_CURVE('',#4212,#4211,#4660,.T.);
#3516=EDGE_CURVE('',#4212,#4210,#510,.T.);
#3517=EDGE_CURVE('',#4213,#4211,#511,.T.);
#3518=EDGE_CURVE('',#4214,#4213,#4661,.T.);
#3519=EDGE_CURVE('',#4214,#4212,#512,.T.);
#3520=EDGE_CURVE('',#4215,#4213,#513,.T.);
#3521=EDGE_CURVE('',#4216,#4215,#4662,.T.);
#3522=EDGE_CURVE('',#4216,#4214,#514,.T.);
#3523=EDGE_CURVE('',#4217,#3949,#4663,.T.);
#3524=EDGE_CURVE('',#4217,#4218,#515,.T.);
#3525=EDGE_CURVE('',#4218,#3950,#4664,.T.);
#3526=EDGE_CURVE('',#4219,#3948,#4665,.T.);
#3527=EDGE_CURVE('',#4219,#4217,#516,.T.);
#3528=EDGE_CURVE('',#4220,#3955,#4666,.T.);
#3529=EDGE_CURVE('',#4220,#4219,#517,.T.);
#3530=EDGE_CURVE('',#4221,#3954,#4667,.T.);
#3531=EDGE_CURVE('',#4221,#4220,#518,.T.);
#3532=EDGE_CURVE('',#4222,#3953,#4668,.T.);
#3533=EDGE_CURVE('',#4222,#4221,#519,.T.);
#3534=EDGE_CURVE('',#4223,#3952,#4669,.T.);
#3535=EDGE_CURVE('',#4223,#4222,#520,.T.);
#3536=EDGE_CURVE('',#4224,#3951,#4670,.T.);
#3537=EDGE_CURVE('',#4224,#4223,#521,.T.);
#3538=EDGE_CURVE('',#4218,#4224,#522,.T.);
#3539=EDGE_CURVE('',#4194,#4215,#523,.T.);
#3540=EDGE_CURVE('',#4196,#4216,#524,.T.);
#3541=EDGE_CURVE('',#4225,#4226,#763,.F.);
#3542=EDGE_CURVE('',#4226,#3701,#525,.T.);
#3543=EDGE_CURVE('',#3700,#4225,#526,.T.);
#3544=EDGE_CURVE('',#4227,#4228,#764,.F.);
#3545=EDGE_CURVE('',#4228,#3699,#527,.T.);
#3546=EDGE_CURVE('',#3698,#4227,#528,.T.);
#3547=EDGE_CURVE('',#4229,#4230,#765,.F.);
#3548=EDGE_CURVE('',#4230,#3697,#529,.T.);
#3549=EDGE_CURVE('',#3696,#4229,#530,.T.);
#3550=EDGE_CURVE('',#4231,#4232,#766,.F.);
#3551=EDGE_CURVE('',#4232,#3695,#531,.T.);
#3552=EDGE_CURVE('',#3694,#4231,#532,.T.);
#3553=EDGE_CURVE('',#4233,#4234,#767,.F.);
#3554=EDGE_CURVE('',#4234,#3693,#533,.T.);
#3555=EDGE_CURVE('',#3691,#4233,#534,.T.);
#3556=EDGE_CURVE('',#4235,#4236,#768,.F.);
#3557=EDGE_CURVE('',#4236,#3692,#535,.T.);
#3558=EDGE_CURVE('',#3710,#4235,#536,.T.);
#3559=EDGE_CURVE('',#4237,#4238,#769,.F.);
#3560=EDGE_CURVE('',#4238,#3709,#537,.T.);
#3561=EDGE_CURVE('',#3708,#4237,#538,.T.);
#3562=EDGE_CURVE('',#4239,#4240,#770,.F.);
#3563=EDGE_CURVE('',#4240,#3707,#539,.T.);
#3564=EDGE_CURVE('',#3706,#4239,#540,.T.);
#3565=EDGE_CURVE('',#4241,#4242,#771,.F.);
#3566=EDGE_CURVE('',#4242,#3705,#541,.T.);
#3567=EDGE_CURVE('',#3704,#4241,#542,.T.);
#3568=EDGE_CURVE('',#4243,#4244,#772,.F.);
#3569=EDGE_CURVE('',#4244,#3703,#543,.T.);
#3570=EDGE_CURVE('',#3702,#4243,#544,.T.);
#3571=EDGE_CURVE('',#4245,#4246,#773,.F.);
#3572=EDGE_CURVE('',#4245,#4230,#545,.T.);
#3573=EDGE_CURVE('',#4229,#4247,#546,.T.);
#3574=EDGE_CURVE('',#4248,#4247,#774,.F.);
#3575=EDGE_CURVE('',#3721,#4248,#547,.T.);
#3576=EDGE_CURVE('',#4246,#3719,#548,.T.);
#3577=EDGE_CURVE('',#4249,#4250,#775,.F.);
#3578=EDGE_CURVE('',#4249,#4228,#549,.T.);
#3579=EDGE_CURVE('',#4227,#4251,#550,.T.);
#3580=EDGE_CURVE('',#4252,#4251,#776,.F.);
#3581=EDGE_CURVE('',#3717,#4252,#551,.T.);
#3582=EDGE_CURVE('',#4250,#3715,#552,.T.);
#3583=EDGE_CURVE('',#4225,#4253,#553,.T.);
#3584=EDGE_CURVE('',#4254,#4253,#777,.F.);
#3585=EDGE_CURVE('',#3713,#4254,#554,.T.);
#3586=EDGE_CURVE('',#4255,#3711,#555,.T.);
#3587=EDGE_CURVE('',#4256,#4255,#778,.F.);
#3588=EDGE_CURVE('',#4256,#4226,#556,.T.);
#3589=EDGE_CURVE('',#4243,#4257,#557,.T.);
#3590=EDGE_CURVE('',#4258,#4257,#779,.F.);
#3591=EDGE_CURVE('',#3749,#4258,#558,.T.);
#3592=EDGE_CURVE('',#4259,#3747,#559,.T.);
#3593=EDGE_CURVE('',#4260,#4259,#780,.F.);
#3594=EDGE_CURVE('',#4260,#4244,#560,.T.);
#3595=EDGE_CURVE('',#4241,#4261,#561,.T.);
#3596=EDGE_CURVE('',#4262,#4261,#781,.F.);
#3597=EDGE_CURVE('',#3745,#4262,#562,.T.);
#3598=EDGE_CURVE('',#4263,#3743,#563,.T.);
#3599=EDGE_CURVE('',#4264,#4263,#782,.F.);
#3600=EDGE_CURVE('',#4264,#4242,#564,.T.);
#3601=EDGE_CURVE('',#4265,#4266,#783,.F.);
#3602=EDGE_CURVE('',#4265,#4232,#565,.T.);
#3603=EDGE_CURVE('',#4231,#4267,#566,.T.);
#3604=EDGE_CURVE('',#4268,#4267,#784,.F.);
#3605=EDGE_CURVE('',#3725,#4268,#567,.T.);
#3606=EDGE_CURVE('',#4266,#3723,#568,.T.);
#3607=EDGE_CURVE('',#4269,#4270,#785,.F.);
#3608=EDGE_CURVE('',#4269,#4234,#569,.T.);
#3609=EDGE_CURVE('',#4233,#4271,#570,.T.);
#3610=EDGE_CURVE('',#4272,#4271,#786,.F.);
#3611=EDGE_CURVE('',#3729,#4272,#571,.T.);
#3612=EDGE_CURVE('',#4270,#3727,#572,.T.);
#3613=EDGE_CURVE('',#4273,#4274,#787,.F.);
#3614=EDGE_CURVE('',#4273,#4236,#573,.T.);
#3615=EDGE_CURVE('',#4235,#4275,#574,.T.);
#3616=EDGE_CURVE('',#4276,#4275,#788,.F.);
#3617=EDGE_CURVE('',#3733,#4276,#575,.T.);
#3618=EDGE_CURVE('',#4274,#3731,#576,.T.);
#3619=EDGE_CURVE('',#4277,#4278,#789,.F.);
#3620=EDGE_CURVE('',#4277,#4238,#577,.T.);
#3621=EDGE_CURVE('',#4237,#4279,#578,.T.);
#3622=EDGE_CURVE('',#4280,#4279,#790,.F.);
#3623=EDGE_CURVE('',#3737,#4280,#579,.T.);
#3624=EDGE_CURVE('',#4278,#3735,#580,.T.);
#3625=EDGE_CURVE('',#4239,#4281,#581,.T.);
#3626=EDGE_CURVE('',#4282,#4281,#791,.F.);
#3627=EDGE_CURVE('',#3741,#4282,#582,.T.);
#3628=EDGE_CURVE('',#4283,#3739,#583,.T.);
#3629=EDGE_CURVE('',#4284,#4283,#792,.F.);
#3630=EDGE_CURVE('',#4284,#4240,#584,.T.);
#3631=EDGE_CURVE('',#4279,#4284,#793,.T.);
#3632=EDGE_CURVE('',#4280,#4283,#794,.T.);
#3633=EDGE_CURVE('',#4282,#4263,#795,.T.);
#3634=EDGE_CURVE('',#4281,#4264,#796,.T.);
#3635=EDGE_CURVE('',#4275,#4277,#797,.T.);
#3636=EDGE_CURVE('',#4276,#4278,#798,.T.);
#3637=EDGE_CURVE('',#4271,#4273,#799,.T.);
#3638=EDGE_CURVE('',#4272,#4274,#800,.T.);
#3639=EDGE_CURVE('',#4267,#4269,#801,.T.);
#3640=EDGE_CURVE('',#4268,#4270,#802,.T.);
#3641=EDGE_CURVE('',#4247,#4265,#803,.T.);
#3642=EDGE_CURVE('',#4248,#4266,#804,.T.);
#3643=EDGE_CURVE('',#4262,#4259,#805,.T.);
#3644=EDGE_CURVE('',#4261,#4260,#806,.T.);
#3645=EDGE_CURVE('',#4258,#4255,#807,.T.);
#3646=EDGE_CURVE('',#4257,#4256,#808,.T.);
#3647=EDGE_CURVE('',#4254,#4250,#809,.T.);
#3648=EDGE_CURVE('',#4253,#4249,#810,.T.);
#3649=EDGE_CURVE('',#4251,#4245,#811,.T.);
#3650=EDGE_CURVE('',#4252,#4246,#812,.T.);
#3651=VERTEX_POINT('',#7719);
#3652=VERTEX_POINT('',#7720);
#3653=VERTEX_POINT('',#7722);
#3654=VERTEX_POINT('',#7724);
#3655=VERTEX_POINT('',#7726);
#3656=VERTEX_POINT('',#7728);
#3657=VERTEX_POINT('',#7730);
#3658=VERTEX_POINT('',#7732);
#3659=VERTEX_POINT('',#7734);
#3660=VERTEX_POINT('',#7736);
#3661=VERTEX_POINT('',#7738);
#3662=VERTEX_POINT('',#7740);
#3663=VERTEX_POINT('',#7742);
#3664=VERTEX_POINT('',#7744);
#3665=VERTEX_POINT('',#7746);
#3666=VERTEX_POINT('',#7748);
#3667=VERTEX_POINT('',#7750);
#3668=VERTEX_POINT('',#7752);
#3669=VERTEX_POINT('',#7754);
#3670=VERTEX_POINT('',#7756);
#3671=VERTEX_POINT('',#7758);
#3672=VERTEX_POINT('',#7760);
#3673=VERTEX_POINT('',#7762);
#3674=VERTEX_POINT('',#7764);
#3675=VERTEX_POINT('',#7766);
#3676=VERTEX_POINT('',#7768);
#3677=VERTEX_POINT('',#7770);
#3678=VERTEX_POINT('',#7772);
#3679=VERTEX_POINT('',#7774);
#3680=VERTEX_POINT('',#7776);
#3681=VERTEX_POINT('',#7778);
#3682=VERTEX_POINT('',#7780);
#3683=VERTEX_POINT('',#7782);
#3684=VERTEX_POINT('',#7784);
#3685=VERTEX_POINT('',#7786);
#3686=VERTEX_POINT('',#7788);
#3687=VERTEX_POINT('',#7790);
#3688=VERTEX_POINT('',#7792);
#3689=VERTEX_POINT('',#7794);
#3690=VERTEX_POINT('',#7796);
#3691=VERTEX_POINT('',#7799);
#3692=VERTEX_POINT('',#7800);
#3693=VERTEX_POINT('',#7802);
#3694=VERTEX_POINT('',#7804);
#3695=VERTEX_POINT('',#7806);
#3696=VERTEX_POINT('',#7808);
#3697=VERTEX_POINT('',#7810);
#3698=VERTEX_POINT('',#7812);
#3699=VERTEX_POINT('',#7814);
#3700=VERTEX_POINT('',#7816);
#3701=VERTEX_POINT('',#7818);
#3702=VERTEX_POINT('',#7820);
#3703=VERTEX_POINT('',#7822);
#3704=VERTEX_POINT('',#7824);
#3705=VERTEX_POINT('',#7826);
#3706=VERTEX_POINT('',#7828);
#3707=VERTEX_POINT('',#7830);
#3708=VERTEX_POINT('',#7832);
#3709=VERTEX_POINT('',#7834);
#3710=VERTEX_POINT('',#7836);
#3711=VERTEX_POINT('',#7843);
#3712=VERTEX_POINT('',#7844);
#3713=VERTEX_POINT('',#7846);
#3714=VERTEX_POINT('',#7851);
#3715=VERTEX_POINT('',#7858);
#3716=VERTEX_POINT('',#7859);
#3717=VERTEX_POINT('',#7861);
#3718=VERTEX_POINT('',#7866);
#3719=VERTEX_POINT('',#7873);
#3720=VERTEX_POINT('',#7874);
#3721=VERTEX_POINT('',#7876);
#3722=VERTEX_POINT('',#7881);
#3723=VERTEX_POINT('',#7888);
#3724=VERTEX_POINT('',#7889);
#3725=VERTEX_POINT('',#7891);
#3726=VERTEX_POINT('',#7896);
#3727=VERTEX_POINT('',#7903);
#3728=VERTEX_POINT('',#7904);
#3729=VERTEX_POINT('',#7906);
#3730=VERTEX_POINT('',#7911);
#3731=VERTEX_POINT('',#7918);
#3732=VERTEX_POINT('',#7919);
#3733=VERTEX_POINT('',#7921);
#3734=VERTEX_POINT('',#7926);
#3735=VERTEX_POINT('',#7933);
#3736=VERTEX_POINT('',#7934);
#3737=VERTEX_POINT('',#7936);
#3738=VERTEX_POINT('',#7941);
#3739=VERTEX_POINT('',#7948);
#3740=VERTEX_POINT('',#7949);
#3741=VERTEX_POINT('',#7951);
#3742=VERTEX_POINT('',#7956);
#3743=VERTEX_POINT('',#7963);
#3744=VERTEX_POINT('',#7964);
#3745=VERTEX_POINT('',#7966);
#3746=VERTEX_POINT('',#7971);
#3747=VERTEX_POINT('',#7978);
#3748=VERTEX_POINT('',#7979);
#3749=VERTEX_POINT('',#7981);
#3750=VERTEX_POINT('',#7986);
#3751=VERTEX_POINT('',#7990);
#3752=VERTEX_POINT('',#7991);
#3753=VERTEX_POINT('',#7995);
#3754=VERTEX_POINT('',#7999);
#3755=VERTEX_POINT('',#8003);
#3756=VERTEX_POINT('',#8007);
#3757=VERTEX_POINT('',#8011);
#3758=VERTEX_POINT('',#8015);
#3759=VERTEX_POINT('',#8019);
#3760=VERTEX_POINT('',#8023);
#3761=VERTEX_POINT('',#8025);
#3762=VERTEX_POINT('',#8029);
#3763=VERTEX_POINT('',#8033);
#3764=VERTEX_POINT('',#8037);
#3765=VERTEX_POINT('',#8041);
#3766=VERTEX_POINT('',#8045);
#3767=VERTEX_POINT('',#8049);
#3768=VERTEX_POINT('',#8054);
#3769=VERTEX_POINT('',#8055);
#3770=VERTEX_POINT('',#8057);
#3771=VERTEX_POINT('',#8059);
#3772=VERTEX_POINT('',#8061);
#3773=VERTEX_POINT('',#8063);
#3774=VERTEX_POINT('',#8065);
#3775=VERTEX_POINT('',#8067);
#3776=VERTEX_POINT('',#8069);
#3777=VERTEX_POINT('',#8071);
#3778=VERTEX_POINT('',#8073);
#3779=VERTEX_POINT('',#8076);
#3780=VERTEX_POINT('',#8077);
#3781=VERTEX_POINT('',#8079);
#3782=VERTEX_POINT('',#8081);
#3783=VERTEX_POINT('',#8083);
#3784=VERTEX_POINT('',#8085);
#3785=VERTEX_POINT('',#8088);
#3786=VERTEX_POINT('',#8089);
#3787=VERTEX_POINT('',#8091);
#3788=VERTEX_POINT('',#8093);
#3789=VERTEX_POINT('',#8095);
#3790=VERTEX_POINT('',#8097);
#3791=VERTEX_POINT('',#8099);
#3792=VERTEX_POINT('',#8101);
#3793=VERTEX_POINT('',#8103);
#3794=VERTEX_POINT('',#8105);
#3795=VERTEX_POINT('',#8107);
#3796=VERTEX_POINT('',#8109);
#3797=VERTEX_POINT('',#8111);
#3798=VERTEX_POINT('',#8113);
#3799=VERTEX_POINT('',#8115);
#3800=VERTEX_POINT('',#8117);
#3801=VERTEX_POINT('',#8119);
#3802=VERTEX_POINT('',#8121);
#3803=VERTEX_POINT('',#8123);
#3804=VERTEX_POINT('',#8125);
#3805=VERTEX_POINT('',#8127);
#3806=VERTEX_POINT('',#8129);
#3807=VERTEX_POINT('',#8131);
#3808=VERTEX_POINT('',#8133);
#3809=VERTEX_POINT('',#8135);
#3810=VERTEX_POINT('',#8137);
#3811=VERTEX_POINT('',#8139);
#3812=VERTEX_POINT('',#8141);
#3813=VERTEX_POINT('',#8143);
#3814=VERTEX_POINT('',#8145);
#3815=VERTEX_POINT('',#8147);
#3816=VERTEX_POINT('',#8149);
#3817=VERTEX_POINT('',#8151);
#3818=VERTEX_POINT('',#8153);
#3819=VERTEX_POINT('',#8155);
#3820=VERTEX_POINT('',#8157);
#3821=VERTEX_POINT('',#8159);
#3822=VERTEX_POINT('',#8161);
#3823=VERTEX_POINT('',#8163);
#3824=VERTEX_POINT('',#8165);
#3825=VERTEX_POINT('',#8168);
#3826=VERTEX_POINT('',#8172);
#3827=VERTEX_POINT('',#8173);
#3828=VERTEX_POINT('',#8177);
#3829=VERTEX_POINT('',#8181);
#3830=VERTEX_POINT('',#8183);
#3831=VERTEX_POINT('',#8187);
#3832=VERTEX_POINT('',#8191);
#3833=VERTEX_POINT('',#8195);
#3834=VERTEX_POINT('',#8199);
#3835=VERTEX_POINT('',#8201);
#3836=VERTEX_POINT('',#8205);
#3837=VERTEX_POINT('',#8209);
#3838=VERTEX_POINT('',#8213);
#3839=VERTEX_POINT('',#8217);
#3840=VERTEX_POINT('',#8221);
#3841=VERTEX_POINT('',#8225);
#3842=VERTEX_POINT('',#8229);
#3843=VERTEX_POINT('',#8233);
#3844=VERTEX_POINT('',#8237);
#3845=VERTEX_POINT('',#8241);
#3846=VERTEX_POINT('',#8246);
#3847=VERTEX_POINT('',#8247);
#3848=VERTEX_POINT('',#8251);
#3849=VERTEX_POINT('',#8255);
#3850=VERTEX_POINT('',#8259);
#3851=VERTEX_POINT('',#8263);
#3852=VERTEX_POINT('',#8267);
#3853=VERTEX_POINT('',#8271);
#3854=VERTEX_POINT('',#8275);
#3855=VERTEX_POINT('',#8277);
#3856=VERTEX_POINT('',#8281);
#3857=VERTEX_POINT('',#8285);
#3858=VERTEX_POINT('',#8289);
#3859=VERTEX_POINT('',#8293);
#3860=VERTEX_POINT('',#8297);
#3861=VERTEX_POINT('',#8299);
#3862=VERTEX_POINT('',#8303);
#3863=VERTEX_POINT('',#8305);
#3864=VERTEX_POINT('',#8307);
#3865=VERTEX_POINT('',#8310);
#3866=VERTEX_POINT('',#8311);
#3867=VERTEX_POINT('',#8315);
#3868=VERTEX_POINT('',#8319);
#3869=VERTEX_POINT('',#8323);
#3870=VERTEX_POINT('',#8327);
#3871=VERTEX_POINT('',#8331);
#3872=VERTEX_POINT('',#8335);
#3873=VERTEX_POINT('',#8337);
#3874=VERTEX_POINT('',#8339);
#3875=VERTEX_POINT('',#8343);
#3876=VERTEX_POINT('',#8347);
#3877=VERTEX_POINT('',#8351);
#3878=VERTEX_POINT('',#8355);
#3879=VERTEX_POINT('',#8359);
#3880=VERTEX_POINT('',#8363);
#3881=VERTEX_POINT('',#8367);
#3882=VERTEX_POINT('',#8369);
#3883=VERTEX_POINT('',#8373);
#3884=VERTEX_POINT('',#8377);
#3885=VERTEX_POINT('',#8381);
#3886=VERTEX_POINT('',#8385);
#3887=VERTEX_POINT('',#8389);
#3888=VERTEX_POINT('',#8393);
#3889=VERTEX_POINT('',#8395);
#3890=VERTEX_POINT('',#8397);
#3891=VERTEX_POINT('',#8399);
#3892=VERTEX_POINT('',#8403);
#3893=VERTEX_POINT('',#8407);
#3894=VERTEX_POINT('',#8411);
#3895=VERTEX_POINT('',#8415);
#3896=VERTEX_POINT('',#8419);
#3897=VERTEX_POINT('',#8424);
#3898=VERTEX_POINT('',#8425);
#3899=VERTEX_POINT('',#8427);
#3900=VERTEX_POINT('',#8429);
#3901=VERTEX_POINT('',#8431);
#3902=VERTEX_POINT('',#8433);
#3903=VERTEX_POINT('',#8435);
#3904=VERTEX_POINT('',#8438);
#3905=VERTEX_POINT('',#8439);
#3906=VERTEX_POINT('',#8441);
#3907=VERTEX_POINT('',#8443);
#3908=VERTEX_POINT('',#8447);
#3909=VERTEX_POINT('',#8449);
#3910=VERTEX_POINT('',#8453);
#3911=VERTEX_POINT('',#8457);
#3912=VERTEX_POINT('',#8459);
#3913=VERTEX_POINT('',#8463);
#3914=VERTEX_POINT('',#8465);
#3915=VERTEX_POINT('',#8469);
#3916=VERTEX_POINT('',#8473);
#3917=VERTEX_POINT('',#8477);
#3918=VERTEX_POINT('',#8479);
#3919=VERTEX_POINT('',#8483);
#3920=VERTEX_POINT('',#8487);
#3921=VERTEX_POINT('',#8491);
#3922=VERTEX_POINT('',#8495);
#3923=VERTEX_POINT('',#8499);
#3924=VERTEX_POINT('',#8503);
#3925=VERTEX_POINT('',#8507);
#3926=VERTEX_POINT('',#8509);
#3927=VERTEX_POINT('',#8511);
#3928=VERTEX_POINT('',#8513);
#3929=VERTEX_POINT('',#8516);
#3930=VERTEX_POINT('',#8517);
#3931=VERTEX_POINT('',#8521);
#3932=VERTEX_POINT('',#8525);
#3933=VERTEX_POINT('',#8529);
#3934=VERTEX_POINT('',#8533);
#3935=VERTEX_POINT('',#8537);
#3936=VERTEX_POINT('',#8541);
#3937=VERTEX_POINT('',#8545);
#3938=VERTEX_POINT('',#8547);
#3939=VERTEX_POINT('',#8551);
#3940=VERTEX_POINT('',#8555);
#3941=VERTEX_POINT('',#8559);
#3942=VERTEX_POINT('',#8563);
#3943=VERTEX_POINT('',#8567);
#3944=VERTEX_POINT('',#8571);
#3945=VERTEX_POINT('',#8575);
#3946=VERTEX_POINT('',#8579);
#3947=VERTEX_POINT('',#8583);
#3948=VERTEX_POINT('',#8590);
#3949=VERTEX_POINT('',#8591);
#3950=VERTEX_POINT('',#8595);
#3951=VERTEX_POINT('',#8599);
#3952=VERTEX_POINT('',#8603);
#3953=VERTEX_POINT('',#8607);
#3954=VERTEX_POINT('',#8611);
#3955=VERTEX_POINT('',#8615);
#3956=VERTEX_POINT('',#8621);
#3957=VERTEX_POINT('',#8623);
#3958=VERTEX_POINT('',#8686);
#3959=VERTEX_POINT('',#8699);
#3960=VERTEX_POINT('',#8722);
#3961=VERTEX_POINT('',#8725);
#3962=VERTEX_POINT('',#8727);
#3963=VERTEX_POINT('',#8730);
#3964=VERTEX_POINT('',#8733);
#3965=VERTEX_POINT('',#8739);
#3966=VERTEX_POINT('',#8741);
#3967=VERTEX_POINT('',#8745);
#3968=VERTEX_POINT('',#8749);
#3969=VERTEX_POINT('',#8753);
#3970=VERTEX_POINT('',#8757);
#3971=VERTEX_POINT('',#8773);
#3972=VERTEX_POINT('',#8774);
#3973=VERTEX_POINT('',#8776);
#3974=VERTEX_POINT('',#8780);
#3975=VERTEX_POINT('',#8793);
#3976=VERTEX_POINT('',#8795);
#3977=VERTEX_POINT('',#8810);
#3978=VERTEX_POINT('',#8812);
#3979=VERTEX_POINT('',#8827);
#3980=VERTEX_POINT('',#8829);
#3981=VERTEX_POINT('',#8844);
#3982=VERTEX_POINT('',#8846);
#3983=VERTEX_POINT('',#8861);
#3984=VERTEX_POINT('',#8863);
#3985=VERTEX_POINT('',#8878);
#3986=VERTEX_POINT('',#8880);
#3987=VERTEX_POINT('',#8895);
#3988=VERTEX_POINT('',#8896);
#3989=VERTEX_POINT('',#8898);
#3990=VERTEX_POINT('',#8902);
#3991=VERTEX_POINT('',#8915);
#3992=VERTEX_POINT('',#8917);
#3993=VERTEX_POINT('',#8932);
#3994=VERTEX_POINT('',#8934);
#3995=VERTEX_POINT('',#8949);
#3996=VERTEX_POINT('',#8951);
#3997=VERTEX_POINT('',#8966);
#3998=VERTEX_POINT('',#8968);
#3999=VERTEX_POINT('',#8983);
#4000=VERTEX_POINT('',#8985);
#4001=VERTEX_POINT('',#9000);
#4002=VERTEX_POINT('',#9002);
#4003=VERTEX_POINT('',#9015);
#4004=VERTEX_POINT('',#9019);
#4005=VERTEX_POINT('',#9030);
#4006=VERTEX_POINT('',#9043);
#4007=VERTEX_POINT('',#9056);
#4008=VERTEX_POINT('',#9069);
#4009=VERTEX_POINT('',#9082);
#4010=VERTEX_POINT('',#9095);
#4011=VERTEX_POINT('',#9108);
#4012=VERTEX_POINT('',#9121);
#4013=VERTEX_POINT('',#9134);
#4014=VERTEX_POINT('',#9147);
#4015=VERTEX_POINT('',#9160);
#4016=VERTEX_POINT('',#9173);
#4017=VERTEX_POINT('',#9179);
#4018=VERTEX_POINT('',#9190);
#4019=VERTEX_POINT('',#9203);
#4020=VERTEX_POINT('',#9216);
#4021=VERTEX_POINT('',#9229);
#4022=VERTEX_POINT('',#9235);
#4023=VERTEX_POINT('',#9287);
#4024=VERTEX_POINT('',#9291);
#4025=VERTEX_POINT('',#9295);
#4026=VERTEX_POINT('',#9299);
#4027=VERTEX_POINT('',#9303);
#4028=VERTEX_POINT('',#9307);
#4029=VERTEX_POINT('',#9318);
#4030=VERTEX_POINT('',#9324);
#4031=VERTEX_POINT('',#9335);
#4032=VERTEX_POINT('',#9348);
#4033=VERTEX_POINT('',#9361);
#4034=VERTEX_POINT('',#9374);
#4035=VERTEX_POINT('',#9387);
#4036=VERTEX_POINT('',#9393);
#4037=VERTEX_POINT('',#9404);
#4038=VERTEX_POINT('',#9417);
#4039=VERTEX_POINT('',#9430);
#4040=VERTEX_POINT('',#9443);
#4041=VERTEX_POINT('',#9456);
#4042=VERTEX_POINT('',#9481);
#4043=VERTEX_POINT('',#9485);
#4044=VERTEX_POINT('',#9489);
#4045=VERTEX_POINT('',#9500);
#4046=VERTEX_POINT('',#9513);
#4047=VERTEX_POINT('',#9526);
#4048=VERTEX_POINT('',#9539);
#4049=VERTEX_POINT('',#9552);
#4050=VERTEX_POINT('',#9565);
#4051=VERTEX_POINT('',#9571);
#4052=VERTEX_POINT('',#9575);
#4053=VERTEX_POINT('',#9579);
#4054=VERTEX_POINT('',#9590);
#4055=VERTEX_POINT('',#9603);
#4056=VERTEX_POINT('',#9616);
#4057=VERTEX_POINT('',#9629);
#4058=VERTEX_POINT('',#9642);
#4059=VERTEX_POINT('',#9655);
#4060=VERTEX_POINT('',#9661);
#4061=VERTEX_POINT('',#9672);
#4062=VERTEX_POINT('',#9685);
#4063=VERTEX_POINT('',#9698);
#4064=VERTEX_POINT('',#9711);
#4065=VERTEX_POINT('',#9724);
#4066=VERTEX_POINT('',#9737);
#4067=VERTEX_POINT('',#9750);
#4068=VERTEX_POINT('',#9756);
#4069=VERTEX_POINT('',#9760);
#4070=VERTEX_POINT('',#9771);
#4071=VERTEX_POINT('',#9784);
#4072=VERTEX_POINT('',#9797);
#4073=VERTEX_POINT('',#9810);
#4074=VERTEX_POINT('',#9828);
#4075=VERTEX_POINT('',#9830);
#4076=VERTEX_POINT('',#9834);
#4077=VERTEX_POINT('',#9838);
#4078=VERTEX_POINT('',#9842);
#4079=VERTEX_POINT('',#9846);
#4080=VERTEX_POINT('',#9850);
#4081=VERTEX_POINT('',#9857);
#4082=VERTEX_POINT('',#9859);
#4083=VERTEX_POINT('',#9863);
#4084=VERTEX_POINT('',#9867);
#4085=VERTEX_POINT('',#9871);
#4086=VERTEX_POINT('',#9875);
#4087=VERTEX_POINT('',#9879);
#4088=VERTEX_POINT('',#9890);
#4089=VERTEX_POINT('',#9903);
#4090=VERTEX_POINT('',#9916);
#4091=VERTEX_POINT('',#9929);
#4092=VERTEX_POINT('',#9942);
#4093=VERTEX_POINT('',#9955);
#4094=VERTEX_POINT('',#9968);
#4095=VERTEX_POINT('',#9974);
#4096=VERTEX_POINT('',#9985);
#4097=VERTEX_POINT('',#9998);
#4098=VERTEX_POINT('',#10011);
#4099=VERTEX_POINT('',#10017);
#4100=VERTEX_POINT('',#10028);
#4101=VERTEX_POINT('',#10034);
#4102=VERTEX_POINT('',#10045);
#4103=VERTEX_POINT('',#10058);
#4104=VERTEX_POINT('',#10064);
#4105=VERTEX_POINT('',#10075);
#4106=VERTEX_POINT('',#10084);
#4107=VERTEX_POINT('',#10085);
#4108=VERTEX_POINT('',#10087);
#4109=VERTEX_POINT('',#10089);
#4110=VERTEX_POINT('',#10093);
#4111=VERTEX_POINT('',#10095);
#4112=VERTEX_POINT('',#10099);
#4113=VERTEX_POINT('',#10101);
#4114=VERTEX_POINT('',#10105);
#4115=VERTEX_POINT('',#10109);
#4116=VERTEX_POINT('',#10113);
#4117=VERTEX_POINT('',#10117);
#4118=VERTEX_POINT('',#10121);
#4119=VERTEX_POINT('',#10125);
#4120=VERTEX_POINT('',#10129);
#4121=VERTEX_POINT('',#10133);
#4122=VERTEX_POINT('',#10137);
#4123=VERTEX_POINT('',#10156);
#4124=VERTEX_POINT('',#10157);
#4125=VERTEX_POINT('',#10159);
#4126=VERTEX_POINT('',#10163);
#4127=VERTEX_POINT('',#10176);
#4128=VERTEX_POINT('',#10178);
#4129=VERTEX_POINT('',#10193);
#4130=VERTEX_POINT('',#10195);
#4131=VERTEX_POINT('',#10210);
#4132=VERTEX_POINT('',#10212);
#4133=VERTEX_POINT('',#10227);
#4134=VERTEX_POINT('',#10229);
#4135=VERTEX_POINT('',#10244);
#4136=VERTEX_POINT('',#10246);
#4137=VERTEX_POINT('',#10261);
#4138=VERTEX_POINT('',#10263);
#4139=VERTEX_POINT('',#10276);
#4140=VERTEX_POINT('',#10280);
#4141=VERTEX_POINT('',#10284);
#4142=VERTEX_POINT('',#10295);
#4143=VERTEX_POINT('',#10308);
#4144=VERTEX_POINT('',#10321);
#4145=VERTEX_POINT('',#10334);
#4146=VERTEX_POINT('',#10347);
#4147=VERTEX_POINT('',#10360);
#4148=VERTEX_POINT('',#10373);
#4149=VERTEX_POINT('',#10386);
#4150=VERTEX_POINT('',#10399);
#4151=VERTEX_POINT('',#10412);
#4152=VERTEX_POINT('',#10418);
#4153=VERTEX_POINT('',#10429);
#4154=VERTEX_POINT('',#10442);
#4155=VERTEX_POINT('',#10455);
#4156=VERTEX_POINT('',#10468);
#4157=VERTEX_POINT('',#10481);
#4158=VERTEX_POINT('',#10513);
#4159=VERTEX_POINT('',#10514);
#4160=VERTEX_POINT('',#10516);
#4161=VERTEX_POINT('',#10518);
#4162=VERTEX_POINT('',#10531);
#4163=VERTEX_POINT('',#10533);
#4164=VERTEX_POINT('',#10548);
#4165=VERTEX_POINT('',#10550);
#4166=VERTEX_POINT('',#10565);
#4167=VERTEX_POINT('',#10567);
#4168=VERTEX_POINT('',#10582);
#4169=VERTEX_POINT('',#10584);
#4170=VERTEX_POINT('',#10599);
#4171=VERTEX_POINT('',#10601);
#4172=VERTEX_POINT('',#10616);
#4173=VERTEX_POINT('',#10618);
#4174=VERTEX_POINT('',#10633);
#4175=VERTEX_POINT('',#10635);
#4176=VERTEX_POINT('',#10648);
#4177=VERTEX_POINT('',#10652);
#4178=VERTEX_POINT('',#10656);
#4179=VERTEX_POINT('',#10667);
#4180=VERTEX_POINT('',#10680);
#4181=VERTEX_POINT('',#10693);
#4182=VERTEX_POINT('',#10706);
#4183=VERTEX_POINT('',#10719);
#4184=VERTEX_POINT('',#10732);
#4185=VERTEX_POINT('',#10745);
#4186=VERTEX_POINT('',#10751);
#4187=VERTEX_POINT('',#10762);
#4188=VERTEX_POINT('',#10775);
#4189=VERTEX_POINT('',#10788);
#4190=VERTEX_POINT('',#10801);
#4191=VERTEX_POINT('',#10814);
#4192=VERTEX_POINT('',#10827);
#4193=VERTEX_POINT('',#10857);
#4194=VERTEX_POINT('',#10858);
#4195=VERTEX_POINT('',#10860);
#4196=VERTEX_POINT('',#10864);
#4197=VERTEX_POINT('',#10877);
#4198=VERTEX_POINT('',#10879);
#4199=VERTEX_POINT('',#10894);
#4200=VERTEX_POINT('',#10896);
#4201=VERTEX_POINT('',#10911);
#4202=VERTEX_POINT('',#10913);
#4203=VERTEX_POINT('',#10928);
#4204=VERTEX_POINT('',#10930);
#4205=VERTEX_POINT('',#10945);
#4206=VERTEX_POINT('',#10947);
#4207=VERTEX_POINT('',#10962);
#4208=VERTEX_POINT('',#10964);
#4209=VERTEX_POINT('',#10979);
#4210=VERTEX_POINT('',#10981);
#4211=VERTEX_POINT('',#10996);
#4212=VERTEX_POINT('',#10998);
#4213=VERTEX_POINT('',#11013);
#4214=VERTEX_POINT('',#11015);
#4215=VERTEX_POINT('',#11030);
#4216=VERTEX_POINT('',#11032);
#4217=VERTEX_POINT('',#11045);
#4218=VERTEX_POINT('',#11049);
#4219=VERTEX_POINT('',#11060);
#4220=VERTEX_POINT('',#11073);
#4221=VERTEX_POINT('',#11086);
#4222=VERTEX_POINT('',#11099);
#4223=VERTEX_POINT('',#11112);
#4224=VERTEX_POINT('',#11125);
#4225=VERTEX_POINT('',#11162);
#4226=VERTEX_POINT('',#11163);
#4227=VERTEX_POINT('',#11174);
#4228=VERTEX_POINT('',#11175);
#4229=VERTEX_POINT('',#11186);
#4230=VERTEX_POINT('',#11187);
#4231=VERTEX_POINT('',#11198);
#4232=VERTEX_POINT('',#11199);
#4233=VERTEX_POINT('',#11210);
#4234=VERTEX_POINT('',#11211);
#4235=VERTEX_POINT('',#11222);
#4236=VERTEX_POINT('',#11223);
#4237=VERTEX_POINT('',#11234);
#4238=VERTEX_POINT('',#11235);
#4239=VERTEX_POINT('',#11246);
#4240=VERTEX_POINT('',#11247);
#4241=VERTEX_POINT('',#11258);
#4242=VERTEX_POINT('',#11259);
#4243=VERTEX_POINT('',#11270);
#4244=VERTEX_POINT('',#11271);
#4245=VERTEX_POINT('',#11282);
#4246=VERTEX_POINT('',#11283);
#4247=VERTEX_POINT('',#11292);
#4248=VERTEX_POINT('',#11294);
#4249=VERTEX_POINT('',#11305);
#4250=VERTEX_POINT('',#11306);
#4251=VERTEX_POINT('',#11315);
#4252=VERTEX_POINT('',#11317);
#4253=VERTEX_POINT('',#11331);
#4254=VERTEX_POINT('',#11333);
#4255=VERTEX_POINT('',#11342);
#4256=VERTEX_POINT('',#11344);
#4257=VERTEX_POINT('',#11354);
#4258=VERTEX_POINT('',#11356);
#4259=VERTEX_POINT('',#11365);
#4260=VERTEX_POINT('',#11367);
#4261=VERTEX_POINT('',#11377);
#4262=VERTEX_POINT('',#11379);
#4263=VERTEX_POINT('',#11388);
#4264=VERTEX_POINT('',#11390);
#4265=VERTEX_POINT('',#11397);
#4266=VERTEX_POINT('',#11398);
#4267=VERTEX_POINT('',#11407);
#4268=VERTEX_POINT('',#11409);
#4269=VERTEX_POINT('',#11420);
#4270=VERTEX_POINT('',#11421);
#4271=VERTEX_POINT('',#11430);
#4272=VERTEX_POINT('',#11432);
#4273=VERTEX_POINT('',#11443);
#4274=VERTEX_POINT('',#11444);
#4275=VERTEX_POINT('',#11453);
#4276=VERTEX_POINT('',#11455);
#4277=VERTEX_POINT('',#11466);
#4278=VERTEX_POINT('',#11467);
#4279=VERTEX_POINT('',#11476);
#4280=VERTEX_POINT('',#11478);
#4281=VERTEX_POINT('',#11492);
#4282=VERTEX_POINT('',#11494);
#4283=VERTEX_POINT('',#11503);
#4284=VERTEX_POINT('',#11505);
#4285=LINE('',#7718,#4671);
#4286=LINE('',#7723,#4672);
#4287=LINE('',#7727,#4673);
#4288=LINE('',#7731,#4674);
#4289=LINE('',#7735,#4675);
#4290=LINE('',#7739,#4676);
#4291=LINE('',#7743,#4677);
#4292=LINE('',#7747,#4678);
#4293=LINE('',#7751,#4679);
#4294=LINE('',#7755,#4680);
#4295=LINE('',#7759,#4681);
#4296=LINE('',#7763,#4682);
#4297=LINE('',#7767,#4683);
#4298=LINE('',#7771,#4684);
#4299=LINE('',#7775,#4685);
#4300=LINE('',#7779,#4686);
#4301=LINE('',#7783,#4687);
#4302=LINE('',#7787,#4688);
#4303=LINE('',#7791,#4689);
#4304=LINE('',#7795,#4690);
#4305=LINE('',#7989,#4691);
#4306=LINE('',#8053,#4692);
#4307=LINE('',#8056,#4693);
#4308=LINE('',#8058,#4694);
#4309=LINE('',#8060,#4695);
#4310=LINE('',#8062,#4696);
#4311=LINE('',#8064,#4697);
#4312=LINE('',#8066,#4698);
#4313=LINE('',#8068,#4699);
#4314=LINE('',#8070,#4700);
#4315=LINE('',#8072,#4701);
#4316=LINE('',#8074,#4702);
#4317=LINE('',#8075,#4703);
#4318=LINE('',#8078,#4704);
#4319=LINE('',#8080,#4705);
#4320=LINE('',#8082,#4706);
#4321=LINE('',#8084,#4707);
#4322=LINE('',#8086,#4708);
#4323=LINE('',#8087,#4709);
#4324=LINE('',#8092,#4710);
#4325=LINE('',#8096,#4711);
#4326=LINE('',#8100,#4712);
#4327=LINE('',#8104,#4713);
#4328=LINE('',#8108,#4714);
#4329=LINE('',#8112,#4715);
#4330=LINE('',#8116,#4716);
#4331=LINE('',#8120,#4717);
#4332=LINE('',#8124,#4718);
#4333=LINE('',#8128,#4719);
#4334=LINE('',#8132,#4720);
#4335=LINE('',#8136,#4721);
#4336=LINE('',#8140,#4722);
#4337=LINE('',#8144,#4723);
#4338=LINE('',#8148,#4724);
#4339=LINE('',#8152,#4725);
#4340=LINE('',#8156,#4726);
#4341=LINE('',#8160,#4727);
#4342=LINE('',#8164,#4728);
#4343=LINE('',#8245,#4729);
#4344=LINE('',#8276,#4730);
#4345=LINE('',#8304,#4731);
#4346=LINE('',#8306,#4732);
#4347=LINE('',#8308,#4733);
#4348=LINE('',#8309,#4734);
#4349=LINE('',#8338,#4735);
#4350=LINE('',#8368,#4736);
#4351=LINE('',#8394,#4737);
#4352=LINE('',#8396,#4738);
#4353=LINE('',#8398,#4739);
#4354=LINE('',#8423,#4740);
#4355=LINE('',#8426,#4741);
#4356=LINE('',#8428,#4742);
#4357=LINE('',#8430,#4743);
#4358=LINE('',#8432,#4744);
#4359=LINE('',#8434,#4745);
#4360=LINE('',#8436,#4746);
#4361=LINE('',#8437,#4747);
#4362=LINE('',#8440,#4748);
#4363=LINE('',#8442,#4749);
#4364=LINE('',#8478,#4750);
#4365=LINE('',#8510,#4751);
#4366=LINE('',#8512,#4752);
#4367=LINE('',#8514,#4753);
#4368=LINE('',#8515,#4754);
#4369=LINE('',#8625,#4755);
#4370=LINE('',#8626,#4756);
#4371=LINE('',#8628,#4757);
#4372=LINE('',#8629,#4758);
#4373=LINE('',#8631,#4759);
#4374=LINE('',#8632,#4760);
#4375=LINE('',#8634,#4761);
#4376=LINE('',#8635,#4762);
#4377=LINE('',#8637,#4763);
#4378=LINE('',#8638,#4764);
#4379=LINE('',#8640,#4765);
#4380=LINE('',#8641,#4766);
#4381=LINE('',#8643,#4767);
#4382=LINE('',#8644,#4768);
#4383=LINE('',#8646,#4769);
#4384=LINE('',#8647,#4770);
#4385=LINE('',#8649,#4771);
#4386=LINE('',#8650,#4772);
#4387=LINE('',#8652,#4773);
#4388=LINE('',#8653,#4774);
#4389=LINE('',#8655,#4775);
#4390=LINE('',#8656,#4776);
#4391=LINE('',#8658,#4777);
#4392=LINE('',#8659,#4778);
#4393=LINE('',#8661,#4779);
#4394=LINE('',#8662,#4780);
#4395=LINE('',#8664,#4781);
#4396=LINE('',#8665,#4782);
#4397=LINE('',#8667,#4783);
#4398=LINE('',#8668,#4784);
#4399=LINE('',#8670,#4785);
#4400=LINE('',#8671,#4786);
#4401=LINE('',#8673,#4787);
#4402=LINE('',#8674,#4788);
#4403=LINE('',#8676,#4789);
#4404=LINE('',#8677,#4790);
#4405=LINE('',#8679,#4791);
#4406=LINE('',#8680,#4792);
#4407=LINE('',#8682,#4793);
#4408=LINE('',#8683,#4794);
#4409=LINE('',#8738,#4795);
#4410=LINE('',#8740,#4796);
#4411=LINE('',#8742,#4797);
#4412=LINE('',#8744,#4798);
#4413=LINE('',#8746,#4799);
#4414=LINE('',#8748,#4800);
#4415=LINE('',#8750,#4801);
#4416=LINE('',#8752,#4802);
#4417=LINE('',#8754,#4803);
#4418=LINE('',#8756,#4804);
#4419=LINE('',#8758,#4805);
#4420=LINE('',#8760,#4806);
#4421=LINE('',#8775,#4807);
#4422=LINE('',#8781,#4808);
#4423=LINE('',#8794,#4809);
#4424=LINE('',#8811,#4810);
#4425=LINE('',#8828,#4811);
#4426=LINE('',#8845,#4812);
#4427=LINE('',#8862,#4813);
#4428=LINE('',#8879,#4814);
#4429=LINE('',#8897,#4815);
#4430=LINE('',#8903,#4816);
#4431=LINE('',#8916,#4817);
#4432=LINE('',#8933,#4818);
#4433=LINE('',#8950,#4819);
#4434=LINE('',#8967,#4820);
#4435=LINE('',#8984,#4821);
#4436=LINE('',#9001,#4822);
#4437=LINE('',#9014,#4823);
#4438=LINE('',#9020,#4824);
#4439=LINE('',#9029,#4825);
#4440=LINE('',#9042,#4826);
#4441=LINE('',#9055,#4827);
#4442=LINE('',#9068,#4828);
#4443=LINE('',#9081,#4829);
#4444=LINE('',#9094,#4830);
#4445=LINE('',#9107,#4831);
#4446=LINE('',#9120,#4832);
#4447=LINE('',#9133,#4833);
#4448=LINE('',#9146,#4834);
#4449=LINE('',#9159,#4835);
#4450=LINE('',#9172,#4836);
#4451=LINE('',#9178,#4837);
#4452=LINE('',#9189,#4838);
#4453=LINE('',#9202,#4839);
#4454=LINE('',#9215,#4840);
#4455=LINE('',#9228,#4841);
#4456=LINE('',#9234,#4842);
#4457=LINE('',#9286,#4843);
#4458=LINE('',#9292,#4844);
#4459=LINE('',#9294,#4845);
#4460=LINE('',#9296,#4846);
#4461=LINE('',#9298,#4847);
#4462=LINE('',#9300,#4848);
#4463=LINE('',#9302,#4849);
#4464=LINE('',#9304,#4850);
#4465=LINE('',#9306,#4851);
#4466=LINE('',#9308,#4852);
#4467=LINE('',#9317,#4853);
#4468=LINE('',#9323,#4854);
#4469=LINE('',#9334,#4855);
#4470=LINE('',#9347,#4856);
#4471=LINE('',#9360,#4857);
#4472=LINE('',#9373,#4858);
#4473=LINE('',#9386,#4859);
#4474=LINE('',#9392,#4860);
#4475=LINE('',#9394,#4861);
#4476=LINE('',#9403,#4862);
#4477=LINE('',#9416,#4863);
#4478=LINE('',#9429,#4864);
#4479=LINE('',#9442,#4865);
#4480=LINE('',#9455,#4866);
#4481=LINE('',#9480,#4867);
#4482=LINE('',#9486,#4868);
#4483=LINE('',#9488,#4869);
#4484=LINE('',#9490,#4870);
#4485=LINE('',#9499,#4871);
#4486=LINE('',#9512,#4872);
#4487=LINE('',#9525,#4873);
#4488=LINE('',#9538,#4874);
#4489=LINE('',#9551,#4875);
#4490=LINE('',#9564,#4876);
#4491=LINE('',#9570,#4877);
#4492=LINE('',#9572,#4878);
#4493=LINE('',#9574,#4879);
#4494=LINE('',#9576,#4880);
#4495=LINE('',#9578,#4881);
#4496=LINE('',#9580,#4882);
#4497=LINE('',#9589,#4883);
#4498=LINE('',#9602,#4884);
#4499=LINE('',#9615,#4885);
#4500=LINE('',#9628,#4886);
#4501=LINE('',#9641,#4887);
#4502=LINE('',#9654,#4888);
#4503=LINE('',#9660,#4889);
#4504=LINE('',#9662,#4890);
#4505=LINE('',#9671,#4891);
#4506=LINE('',#9684,#4892);
#4507=LINE('',#9697,#4893);
#4508=LINE('',#9710,#4894);
#4509=LINE('',#9723,#4895);
#4510=LINE('',#9736,#4896);
#4511=LINE('',#9749,#4897);
#4512=LINE('',#9755,#4898);
#4513=LINE('',#9757,#4899);
#4514=LINE('',#9759,#4900);
#4515=LINE('',#9770,#4901);
#4516=LINE('',#9783,#4902);
#4517=LINE('',#9796,#4903);
#4518=LINE('',#9809,#4904);
#4519=LINE('',#9827,#4905);
#4520=LINE('',#9829,#4906);
#4521=LINE('',#9831,#4907);
#4522=LINE('',#9833,#4908);
#4523=LINE('',#9835,#4909);
#4524=LINE('',#9837,#4910);
#4525=LINE('',#9839,#4911);
#4526=LINE('',#9841,#4912);
#4527=LINE('',#9843,#4913);
#4528=LINE('',#9845,#4914);
#4529=LINE('',#9847,#4915);
#4530=LINE('',#9849,#4916);
#4531=LINE('',#9851,#4917);
#4532=LINE('',#9853,#4918);
#4533=LINE('',#9856,#4919);
#4534=LINE('',#9858,#4920);
#4535=LINE('',#9860,#4921);
#4536=LINE('',#9862,#4922);
#4537=LINE('',#9864,#4923);
#4538=LINE('',#9866,#4924);
#4539=LINE('',#9868,#4925);
#4540=LINE('',#9870,#4926);
#4541=LINE('',#9872,#4927);
#4542=LINE('',#9874,#4928);
#4543=LINE('',#9876,#4929);
#4544=LINE('',#9878,#4930);
#4545=LINE('',#9889,#4931);
#4546=LINE('',#9902,#4932);
#4547=LINE('',#9915,#4933);
#4548=LINE('',#9928,#4934);
#4549=LINE('',#9941,#4935);
#4550=LINE('',#9954,#4936);
#4551=LINE('',#9967,#4937);
#4552=LINE('',#9973,#4938);
#4553=LINE('',#9975,#4939);
#4554=LINE('',#9984,#4940);
#4555=LINE('',#9997,#4941);
#4556=LINE('',#10010,#4942);
#4557=LINE('',#10016,#4943);
#4558=LINE('',#10027,#4944);
#4559=LINE('',#10033,#4945);
#4560=LINE('',#10044,#4946);
#4561=LINE('',#10057,#4947);
#4562=LINE('',#10063,#4948);
#4563=LINE('',#10074,#4949);
#4564=LINE('',#10080,#4950);
#4565=LINE('',#10083,#4951);
#4566=LINE('',#10086,#4952);
#4567=LINE('',#10088,#4953);
#4568=LINE('',#10090,#4954);
#4569=LINE('',#10092,#4955);
#4570=LINE('',#10094,#4956);
#4571=LINE('',#10096,#4957);
#4572=LINE('',#10098,#4958);
#4573=LINE('',#10100,#4959);
#4574=LINE('',#10102,#4960);
#4575=LINE('',#10104,#4961);
#4576=LINE('',#10106,#4962);
#4577=LINE('',#10108,#4963);
#4578=LINE('',#10110,#4964);
#4579=LINE('',#10112,#4965);
#4580=LINE('',#10114,#4966);
#4581=LINE('',#10116,#4967);
#4582=LINE('',#10118,#4968);
#4583=LINE('',#10120,#4969);
#4584=LINE('',#10122,#4970);
#4585=LINE('',#10124,#4971);
#4586=LINE('',#10126,#4972);
#4587=LINE('',#10128,#4973);
#4588=LINE('',#10130,#4974);
#4589=LINE('',#10132,#4975);
#4590=LINE('',#10134,#4976);
#4591=LINE('',#10136,#4977);
#4592=LINE('',#10138,#4978);
#4593=LINE('',#10140,#4979);
#4594=LINE('',#10142,#4980);
#4595=LINE('',#10143,#4981);
#4596=LINE('',#10158,#4982);
#4597=LINE('',#10164,#4983);
#4598=LINE('',#10177,#4984);
#4599=LINE('',#10194,#4985);
#4600=LINE('',#10211,#4986);
#4601=LINE('',#10228,#4987);
#4602=LINE('',#10245,#4988);
#4603=LINE('',#10262,#4989);
#4604=LINE('',#10275,#4990);
#4605=LINE('',#10281,#4991);
#4606=LINE('',#10283,#4992);
#4607=LINE('',#10285,#4993);
#4608=LINE('',#10294,#4994);
#4609=LINE('',#10307,#4995);
#4610=LINE('',#10320,#4996);
#4611=LINE('',#10333,#4997);
#4612=LINE('',#10346,#4998);
#4613=LINE('',#10359,#4999);
#4614=LINE('',#10372,#5000);
#4615=LINE('',#10385,#5001);
#4616=LINE('',#10398,#5002);
#4617=LINE('',#10411,#5003);
#4618=LINE('',#10417,#5004);
#4619=LINE('',#10428,#5005);
#4620=LINE('',#10441,#5006);
#4621=LINE('',#10454,#5007);
#4622=LINE('',#10467,#5008);
#4623=LINE('',#10480,#5009);
#4624=LINE('',#10515,#5010);
#4625=LINE('',#10519,#5011);
#4626=LINE('',#10532,#5012);
#4627=LINE('',#10549,#5013);
#4628=LINE('',#10566,#5014);
#4629=LINE('',#10583,#5015);
#4630=LINE('',#10600,#5016);
#4631=LINE('',#10617,#5017);
#4632=LINE('',#10634,#5018);
#4633=LINE('',#10647,#5019);
#4634=LINE('',#10653,#5020);
#4635=LINE('',#10655,#5021);
#4636=LINE('',#10657,#5022);
#4637=LINE('',#10666,#5023);
#4638=LINE('',#10679,#5024);
#4639=LINE('',#10692,#5025);
#4640=LINE('',#10705,#5026);
#4641=LINE('',#10718,#5027);
#4642=LINE('',#10731,#5028);
#4643=LINE('',#10744,#5029);
#4644=LINE('',#10750,#5030);
#4645=LINE('',#10761,#5031);
#4646=LINE('',#10774,#5032);
#4647=LINE('',#10787,#5033);
#4648=LINE('',#10800,#5034);
#4649=LINE('',#10813,#5035);
#4650=LINE('',#10826,#5036);
#4651=LINE('',#10859,#5037);
#4652=LINE('',#10865,#5038);
#4653=LINE('',#10878,#5039);
#4654=LINE('',#10895,#5040);
#4655=LINE('',#10912,#5041);
#4656=LINE('',#10929,#5042);
#4657=LINE('',#10946,#5043);
#4658=LINE('',#10963,#5044);
#4659=LINE('',#10980,#5045);
#4660=LINE('',#10997,#5046);
#4661=LINE('',#11014,#5047);
#4662=LINE('',#11031,#5048);
#4663=LINE('',#11044,#5049);
#4664=LINE('',#11050,#5050);
#4665=LINE('',#11059,#5051);
#4666=LINE('',#11072,#5052);
#4667=LINE('',#11085,#5053);
#4668=LINE('',#11098,#5054);
#4669=LINE('',#11111,#5055);
#4670=LINE('',#11124,#5056);
#4671=VECTOR('',#6610,1.);
#4672=VECTOR('',#6613,1.);
#4673=VECTOR('',#6616,1.);
#4674=VECTOR('',#6619,1.);
#4675=VECTOR('',#6622,1.);
#4676=VECTOR('',#6625,1.);
#4677=VECTOR('',#6628,1.);
#4678=VECTOR('',#6631,1.);
#4679=VECTOR('',#6634,1.);
#4680=VECTOR('',#6637,1.);
#4681=VECTOR('',#6640,1.);
#4682=VECTOR('',#6643,1.);
#4683=VECTOR('',#6646,1.);
#4684=VECTOR('',#6649,1.);
#4685=VECTOR('',#6652,1.);
#4686=VECTOR('',#6655,1.);
#4687=VECTOR('',#6658,1.);
#4688=VECTOR('',#6661,1.);
#4689=VECTOR('',#6664,1.);
#4690=VECTOR('',#6667,1.);
#4691=VECTOR('',#6772,1.);
#4692=VECTOR('',#6775,1.);
#4693=VECTOR('',#6776,1.);
#4694=VECTOR('',#6777,1.);
#4695=VECTOR('',#6778,1.);
#4696=VECTOR('',#6779,1.);
#4697=VECTOR('',#6780,1.);
#4698=VECTOR('',#6781,1.);
#4699=VECTOR('',#6782,1.);
#4700=VECTOR('',#6783,1.);
#4701=VECTOR('',#6784,1.);
#4702=VECTOR('',#6785,1.);
#4703=VECTOR('',#6786,1.);
#4704=VECTOR('',#6787,1.);
#4705=VECTOR('',#6788,1.);
#4706=VECTOR('',#6789,1.);
#4707=VECTOR('',#6790,1.);
#4708=VECTOR('',#6791,1.);
#4709=VECTOR('',#6792,1.);
#4710=VECTOR('',#6795,1.);
#4711=VECTOR('',#6798,1.);
#4712=VECTOR('',#6801,1.);
#4713=VECTOR('',#6804,1.);
#4714=VECTOR('',#6807,1.);
#4715=VECTOR('',#6810,1.);
#4716=VECTOR('',#6813,1.);
#4717=VECTOR('',#6816,1.);
#4718=VECTOR('',#6819,1.);
#4719=VECTOR('',#6822,1.);
#4720=VECTOR('',#6825,1.);
#4721=VECTOR('',#6828,1.);
#4722=VECTOR('',#6831,1.);
#4723=VECTOR('',#6834,1.);
#4724=VECTOR('',#6837,1.);
#4725=VECTOR('',#6840,1.);
#4726=VECTOR('',#6843,1.);
#4727=VECTOR('',#6846,1.);
#4728=VECTOR('',#6849,1.);
#4729=VECTOR('',#6858,1.);
#4730=VECTOR('',#6859,1.);
#4731=VECTOR('',#6862,1.);
#4732=VECTOR('',#6863,1.);
#4733=VECTOR('',#6864,1.);
#4734=VECTOR('',#6865,1.);
#4735=VECTOR('',#6868,1.);
#4736=VECTOR('',#6869,1.);
#4737=VECTOR('',#6870,1.);
#4738=VECTOR('',#6871,1.);
#4739=VECTOR('',#6872,1.);
#4740=VECTOR('',#6873,1.);
#4741=VECTOR('',#6874,1.);
#4742=VECTOR('',#6875,1.);
#4743=VECTOR('',#6876,1.);
#4744=VECTOR('',#6877,1.);
#4745=VECTOR('',#6878,1.);
#4746=VECTOR('',#6879,1.);
#4747=VECTOR('',#6880,1.);
#4748=VECTOR('',#6881,1.);
#4749=VECTOR('',#6882,1.);
#4750=VECTOR('',#6889,1.);
#4751=VECTOR('',#6892,1.);
#4752=VECTOR('',#6893,1.);
#4753=VECTOR('',#6894,1.);
#4754=VECTOR('',#6895,1.);
#4755=VECTOR('',#6906,1.);
#4756=VECTOR('',#6907,1.);
#4757=VECTOR('',#6910,1.);
#4758=VECTOR('',#6911,1.);
#4759=VECTOR('',#6914,1.);
#4760=VECTOR('',#6915,1.);
#4761=VECTOR('',#6918,1.);
#4762=VECTOR('',#6919,1.);
#4763=VECTOR('',#6922,1.);
#4764=VECTOR('',#6923,1.);
#4765=VECTOR('',#6926,1.);
#4766=VECTOR('',#6927,1.);
#4767=VECTOR('',#6930,1.);
#4768=VECTOR('',#6931,1.);
#4769=VECTOR('',#6934,1.);
#4770=VECTOR('',#6935,1.);
#4771=VECTOR('',#6938,1.);
#4772=VECTOR('',#6939,1.);
#4773=VECTOR('',#6942,1.);
#4774=VECTOR('',#6943,1.);
#4775=VECTOR('',#6946,1.);
#4776=VECTOR('',#6947,1.);
#4777=VECTOR('',#6950,1.);
#4778=VECTOR('',#6951,1.);
#4779=VECTOR('',#6954,1.);
#4780=VECTOR('',#6955,1.);
#4781=VECTOR('',#6958,1.);
#4782=VECTOR('',#6959,1.);
#4783=VECTOR('',#6962,1.);
#4784=VECTOR('',#6963,1.);
#4785=VECTOR('',#6966,1.);
#4786=VECTOR('',#6967,1.);
#4787=VECTOR('',#6970,1.);
#4788=VECTOR('',#6971,1.);
#4789=VECTOR('',#6974,1.);
#4790=VECTOR('',#6975,1.);
#4791=VECTOR('',#6978,1.);
#4792=VECTOR('',#6979,1.);
#4793=VECTOR('',#6982,1.);
#4794=VECTOR('',#6983,1.);
#4795=VECTOR('',#7078,1.);
#4796=VECTOR('',#7079,1.);
#4797=VECTOR('',#7080,1.);
#4798=VECTOR('',#7083,1.);
#4799=VECTOR('',#7084,1.);
#4800=VECTOR('',#7087,1.);
#4801=VECTOR('',#7088,1.);
#4802=VECTOR('',#7091,1.);
#4803=VECTOR('',#7092,1.);
#4804=VECTOR('',#7095,1.);
#4805=VECTOR('',#7096,1.);
#4806=VECTOR('',#7099,1.);
#4807=VECTOR('',#7102,1.);
#4808=VECTOR('',#7103,1.);
#4809=VECTOR('',#7104,1.);
#4810=VECTOR('',#7105,1.);
#4811=VECTOR('',#7106,1.);
#4812=VECTOR('',#7107,1.);
#4813=VECTOR('',#7108,1.);
#4814=VECTOR('',#7109,1.);
#4815=VECTOR('',#7110,1.);
#4816=VECTOR('',#7111,1.);
#4817=VECTOR('',#7112,1.);
#4818=VECTOR('',#7113,1.);
#4819=VECTOR('',#7114,1.);
#4820=VECTOR('',#7115,1.);
#4821=VECTOR('',#7116,1.);
#4822=VECTOR('',#7117,1.);
#4823=VECTOR('',#7118,1.);
#4824=VECTOR('',#7119,1.);
#4825=VECTOR('',#7120,1.);
#4826=VECTOR('',#7121,1.);
#4827=VECTOR('',#7122,1.);
#4828=VECTOR('',#7123,1.);
#4829=VECTOR('',#7124,1.);
#4830=VECTOR('',#7125,1.);
#4831=VECTOR('',#7126,1.);
#4832=VECTOR('',#7127,1.);
#4833=VECTOR('',#7128,1.);
#4834=VECTOR('',#7129,1.);
#4835=VECTOR('',#7130,1.);
#4836=VECTOR('',#7131,1.);
#4837=VECTOR('',#7134,1.);
#4838=VECTOR('',#7137,1.);
#4839=VECTOR('',#7138,1.);
#4840=VECTOR('',#7139,1.);
#4841=VECTOR('',#7140,1.);
#4842=VECTOR('',#7143,1.);
#4843=VECTOR('',#7150,1.);
#4844=VECTOR('',#7151,1.);
#4845=VECTOR('',#7154,1.);
#4846=VECTOR('',#7155,1.);
#4847=VECTOR('',#7158,1.);
#4848=VECTOR('',#7159,1.);
#4849=VECTOR('',#7162,1.);
#4850=VECTOR('',#7163,1.);
#4851=VECTOR('',#7166,1.);
#4852=VECTOR('',#7167,1.);
#4853=VECTOR('',#7168,1.);
#4854=VECTOR('',#7171,1.);
#4855=VECTOR('',#7174,1.);
#4856=VECTOR('',#7175,1.);
#4857=VECTOR('',#7176,1.);
#4858=VECTOR('',#7177,1.);
#4859=VECTOR('',#7178,1.);
#4860=VECTOR('',#7181,1.);
#4861=VECTOR('',#7182,1.);
#4862=VECTOR('',#7183,1.);
#4863=VECTOR('',#7184,1.);
#4864=VECTOR('',#7185,1.);
#4865=VECTOR('',#7186,1.);
#4866=VECTOR('',#7187,1.);
#4867=VECTOR('',#7190,1.);
#4868=VECTOR('',#7191,1.);
#4869=VECTOR('',#7194,1.);
#4870=VECTOR('',#7195,1.);
#4871=VECTOR('',#7196,1.);
#4872=VECTOR('',#7197,1.);
#4873=VECTOR('',#7198,1.);
#4874=VECTOR('',#7199,1.);
#4875=VECTOR('',#7200,1.);
#4876=VECTOR('',#7201,1.);
#4877=VECTOR('',#7204,1.);
#4878=VECTOR('',#7205,1.);
#4879=VECTOR('',#7208,1.);
#4880=VECTOR('',#7209,1.);
#4881=VECTOR('',#7212,1.);
#4882=VECTOR('',#7213,1.);
#4883=VECTOR('',#7214,1.);
#4884=VECTOR('',#7215,1.);
#4885=VECTOR('',#7216,1.);
#4886=VECTOR('',#7217,1.);
#4887=VECTOR('',#7218,1.);
#4888=VECTOR('',#7219,1.);
#4889=VECTOR('',#7222,1.);
#4890=VECTOR('',#7223,1.);
#4891=VECTOR('',#7224,1.);
#4892=VECTOR('',#7225,1.);
#4893=VECTOR('',#7226,1.);
#4894=VECTOR('',#7227,1.);
#4895=VECTOR('',#7228,1.);
#4896=VECTOR('',#7229,1.);
#4897=VECTOR('',#7230,1.);
#4898=VECTOR('',#7233,1.);
#4899=VECTOR('',#7234,1.);
#4900=VECTOR('',#7237,1.);
#4901=VECTOR('',#7240,1.);
#4902=VECTOR('',#7241,1.);
#4903=VECTOR('',#7242,1.);
#4904=VECTOR('',#7243,1.);
#4905=VECTOR('',#7248,1.);
#4906=VECTOR('',#7249,1.);
#4907=VECTOR('',#7250,1.);
#4908=VECTOR('',#7253,1.);
#4909=VECTOR('',#7254,1.);
#4910=VECTOR('',#7257,1.);
#4911=VECTOR('',#7258,1.);
#4912=VECTOR('',#7261,1.);
#4913=VECTOR('',#7262,1.);
#4914=VECTOR('',#7265,1.);
#4915=VECTOR('',#7266,1.);
#4916=VECTOR('',#7269,1.);
#4917=VECTOR('',#7270,1.);
#4918=VECTOR('',#7273,1.);
#4919=VECTOR('',#7278,1.);
#4920=VECTOR('',#7279,1.);
#4921=VECTOR('',#7280,1.);
#4922=VECTOR('',#7283,1.);
#4923=VECTOR('',#7284,1.);
#4924=VECTOR('',#7287,1.);
#4925=VECTOR('',#7288,1.);
#4926=VECTOR('',#7291,1.);
#4927=VECTOR('',#7292,1.);
#4928=VECTOR('',#7295,1.);
#4929=VECTOR('',#7296,1.);
#4930=VECTOR('',#7299,1.);
#4931=VECTOR('',#7302,1.);
#4932=VECTOR('',#7303,1.);
#4933=VECTOR('',#7304,1.);
#4934=VECTOR('',#7305,1.);
#4935=VECTOR('',#7306,1.);
#4936=VECTOR('',#7307,1.);
#4937=VECTOR('',#7308,1.);
#4938=VECTOR('',#7311,1.);
#4939=VECTOR('',#7312,1.);
#4940=VECTOR('',#7313,1.);
#4941=VECTOR('',#7314,1.);
#4942=VECTOR('',#7315,1.);
#4943=VECTOR('',#7318,1.);
#4944=VECTOR('',#7321,1.);
#4945=VECTOR('',#7324,1.);
#4946=VECTOR('',#7327,1.);
#4947=VECTOR('',#7328,1.);
#4948=VECTOR('',#7331,1.);
#4949=VECTOR('',#7334,1.);
#4950=VECTOR('',#7337,1.);
#4951=VECTOR('',#7342,1.);
#4952=VECTOR('',#7343,1.);
#4953=VECTOR('',#7344,1.);
#4954=VECTOR('',#7345,1.);
#4955=VECTOR('',#7348,1.);
#4956=VECTOR('',#7349,1.);
#4957=VECTOR('',#7350,1.);
#4958=VECTOR('',#7353,1.);
#4959=VECTOR('',#7354,1.);
#4960=VECTOR('',#7355,1.);
#4961=VECTOR('',#7358,1.);
#4962=VECTOR('',#7359,1.);
#4963=VECTOR('',#7362,1.);
#4964=VECTOR('',#7363,1.);
#4965=VECTOR('',#7366,1.);
#4966=VECTOR('',#7367,1.);
#4967=VECTOR('',#7370,1.);
#4968=VECTOR('',#7371,1.);
#4969=VECTOR('',#7374,1.);
#4970=VECTOR('',#7375,1.);
#4971=VECTOR('',#7378,1.);
#4972=VECTOR('',#7379,1.);
#4973=VECTOR('',#7382,1.);
#4974=VECTOR('',#7383,1.);
#4975=VECTOR('',#7386,1.);
#4976=VECTOR('',#7387,1.);
#4977=VECTOR('',#7390,1.);
#4978=VECTOR('',#7391,1.);
#4979=VECTOR('',#7394,1.);
#4980=VECTOR('',#7397,1.);
#4981=VECTOR('',#7398,1.);
#4982=VECTOR('',#7401,1.);
#4983=VECTOR('',#7402,1.);
#4984=VECTOR('',#7403,1.);
#4985=VECTOR('',#7404,1.);
#4986=VECTOR('',#7405,1.);
#4987=VECTOR('',#7406,1.);
#4988=VECTOR('',#7407,1.);
#4989=VECTOR('',#7408,1.);
#4990=VECTOR('',#7409,1.);
#4991=VECTOR('',#7410,1.);
#4992=VECTOR('',#7413,1.);
#4993=VECTOR('',#7414,1.);
#4994=VECTOR('',#7415,1.);
#4995=VECTOR('',#7416,1.);
#4996=VECTOR('',#7417,1.);
#4997=VECTOR('',#7418,1.);
#4998=VECTOR('',#7419,1.);
#4999=VECTOR('',#7420,1.);
#5000=VECTOR('',#7421,1.);
#5001=VECTOR('',#7422,1.);
#5002=VECTOR('',#7423,1.);
#5003=VECTOR('',#7424,1.);
#5004=VECTOR('',#7427,1.);
#5005=VECTOR('',#7430,1.);
#5006=VECTOR('',#7431,1.);
#5007=VECTOR('',#7432,1.);
#5008=VECTOR('',#7433,1.);
#5009=VECTOR('',#7434,1.);
#5010=VECTOR('',#7441,1.);
#5011=VECTOR('',#7444,1.);
#5012=VECTOR('',#7445,1.);
#5013=VECTOR('',#7446,1.);
#5014=VECTOR('',#7447,1.);
#5015=VECTOR('',#7448,1.);
#5016=VECTOR('',#7449,1.);
#5017=VECTOR('',#7450,1.);
#5018=VECTOR('',#7451,1.);
#5019=VECTOR('',#7452,1.);
#5020=VECTOR('',#7453,1.);
#5021=VECTOR('',#7456,1.);
#5022=VECTOR('',#7457,1.);
#5023=VECTOR('',#7458,1.);
#5024=VECTOR('',#7459,1.);
#5025=VECTOR('',#7460,1.);
#5026=VECTOR('',#7461,1.);
#5027=VECTOR('',#7462,1.);
#5028=VECTOR('',#7463,1.);
#5029=VECTOR('',#7464,1.);
#5030=VECTOR('',#7467,1.);
#5031=VECTOR('',#7470,1.);
#5032=VECTOR('',#7471,1.);
#5033=VECTOR('',#7472,1.);
#5034=VECTOR('',#7473,1.);
#5035=VECTOR('',#7474,1.);
#5036=VECTOR('',#7475,1.);
#5037=VECTOR('',#7484,1.);
#5038=VECTOR('',#7485,1.);
#5039=VECTOR('',#7486,1.);
#5040=VECTOR('',#7487,1.);
#5041=VECTOR('',#7488,1.);
#5042=VECTOR('',#7489,1.);
#5043=VECTOR('',#7490,1.);
#5044=VECTOR('',#7491,1.);
#5045=VECTOR('',#7492,1.);
#5046=VECTOR('',#7493,1.);
#5047=VECTOR('',#7494,1.);
#5048=VECTOR('',#7495,1.);
#5049=VECTOR('',#7496,1.);
#5050=VECTOR('',#7497,1.);
#5051=VECTOR('',#7498,1.);
#5052=VECTOR('',#7499,1.);
#5053=VECTOR('',#7500,1.);
#5054=VECTOR('',#7501,1.);
#5055=VECTOR('',#7502,1.);
#5056=VECTOR('',#7503,1.);
#5057=EDGE_LOOP('',(#813,#814,#815,#816,#817,#818,#819,#820,#821,#822,#823,
#824,#825,#826,#827,#828,#829,#830,#831,#832,#833,#834,#835,#836,#837,#838,
#839,#840,#841,#842,#843,#844,#845,#846,#847,#848,#849,#850,#851,#852));
#5058=EDGE_LOOP('',(#853,#854,#855,#856,#857,#858,#859,#860,#861,#862,#863,
#864,#865,#866,#867,#868,#869,#870,#871,#872));
#5059=EDGE_LOOP('',(#873,#874,#875,#876));
#5060=EDGE_LOOP('',(#877,#878,#879,#880));
#5061=EDGE_LOOP('',(#881,#882,#883,#884));
#5062=EDGE_LOOP('',(#885,#886,#887,#888));
#5063=EDGE_LOOP('',(#889,#890,#891,#892));
#5064=EDGE_LOOP('',(#893,#894,#895,#896));
#5065=EDGE_LOOP('',(#897,#898,#899,#900));
#5066=EDGE_LOOP('',(#901,#902,#903,#904));
#5067=EDGE_LOOP('',(#905,#906,#907,#908));
#5068=EDGE_LOOP('',(#909,#910,#911,#912));
#5069=EDGE_LOOP('',(#913,#914,#915,#916,#917,#918,#919,#920,#921,#922,#923,
#924,#925,#926,#927,#928,#929));
#5070=EDGE_LOOP('',(#930,#931,#932,#933,#934,#935,#936,#937,#938,#939,#940));
#5071=EDGE_LOOP('',(#941,#942,#943,#944,#945,#946));
#5072=EDGE_LOOP('',(#947,#948,#949,#950,#951,#952,#953,#954,#955,#956,#957,
#958,#959,#960,#961,#962,#963,#964,#965,#966,#967,#968,#969,#970,#971,#972,
#973,#974,#975,#976,#977,#978,#979,#980,#981,#982,#983,#984,#985,#986));
#5073=EDGE_LOOP('',(#987));
#5074=EDGE_LOOP('',(#988,#989,#990,#991,#992,#993,#994,#995,#996,#997,#998,
#999,#1000,#1001,#1002,#1003,#1004,#1005,#1006,#1007));
#5075=EDGE_LOOP('',(#1008,#1009,#1010,#1011,#1012,#1013,#1014,#1015,#1016,
#1017,#1018,#1019,#1020,#1021,#1022,#1023,#1024,#1025,#1026));
#5076=EDGE_LOOP('',(#1027,#1028,#1029,#1030,#1031,#1032,#1033,#1034,#1035,
#1036,#1037,#1038,#1039,#1040,#1041,#1042,#1043,#1044,#1045,#1046,#1047,
#1048,#1049,#1050,#1051,#1052,#1053,#1054,#1055,#1056,#1057,#1058));
#5077=EDGE_LOOP('',(#1059,#1060,#1061,#1062,#1063,#1064,#1065));
#5078=EDGE_LOOP('',(#1066,#1067,#1068,#1069,#1070,#1071,#1072,#1073,#1074,
#1075,#1076,#1077,#1078,#1079,#1080,#1081,#1082,#1083,#1084,#1085,#1086,
#1087,#1088,#1089,#1090));
#5079=EDGE_LOOP('',(#1091,#1092,#1093,#1094,#1095,#1096,#1097,#1098,#1099,
#1100,#1101,#1102,#1103,#1104,#1105,#1106,#1107,#1108,#1109));
#5080=EDGE_LOOP('',(#1110,#1111,#1112,#1113,#1114,#1115,#1116,#1117));
#5081=EDGE_LOOP('',(#1118));
#5082=EDGE_LOOP('',(#1119));
#5083=EDGE_LOOP('',(#1120,#1121,#1122,#1123));
#5084=EDGE_LOOP('',(#1124,#1125,#1126,#1127));
#5085=EDGE_LOOP('',(#1128,#1129,#1130,#1131));
#5086=EDGE_LOOP('',(#1132,#1133,#1134,#1135));
#5087=EDGE_LOOP('',(#1136,#1137,#1138,#1139));
#5088=EDGE_LOOP('',(#1140,#1141,#1142,#1143));
#5089=EDGE_LOOP('',(#1144,#1145,#1146,#1147));
#5090=EDGE_LOOP('',(#1148,#1149,#1150,#1151));
#5091=EDGE_LOOP('',(#1152,#1153,#1154,#1155));
#5092=EDGE_LOOP('',(#1156,#1157,#1158,#1159));
#5093=EDGE_LOOP('',(#1160,#1161,#1162,#1163));
#5094=EDGE_LOOP('',(#1164,#1165,#1166,#1167));
#5095=EDGE_LOOP('',(#1168,#1169,#1170,#1171));
#5096=EDGE_LOOP('',(#1172,#1173,#1174,#1175));
#5097=EDGE_LOOP('',(#1176,#1177,#1178,#1179));
#5098=EDGE_LOOP('',(#1180,#1181,#1182,#1183));
#5099=EDGE_LOOP('',(#1184,#1185,#1186,#1187));
#5100=EDGE_LOOP('',(#1188,#1189,#1190,#1191));
#5101=EDGE_LOOP('',(#1192,#1193,#1194,#1195));
#5102=EDGE_LOOP('',(#1196,#1197,#1198,#1199));
#5103=EDGE_LOOP('',(#1200));
#5104=EDGE_LOOP('',(#1201));
#5105=EDGE_LOOP('',(#1202,#1203,#1204,#1205,#1206,#1207,#1208,#1209,#1210,
#1211,#1212,#1213,#1214,#1215,#1216,#1217,#1218,#1219,#1220,#1221));
#5106=EDGE_LOOP('',(#1222));
#5107=EDGE_LOOP('',(#1223,#1224,#1225,#1226));
#5108=EDGE_LOOP('',(#1227,#1228,#1229,#1230));
#5109=EDGE_LOOP('',(#1231,#1232,#1233,#1234));
#5110=EDGE_LOOP('',(#1235,#1236,#1237,#1238));
#5111=EDGE_LOOP('',(#1239,#1240,#1241,#1242));
#5112=EDGE_LOOP('',(#1243,#1244,#1245,#1246));
#5113=EDGE_LOOP('',(#1247,#1248,#1249,#1250));
#5114=EDGE_LOOP('',(#1251,#1252,#1253,#1254));
#5115=EDGE_LOOP('',(#1255,#1256,#1257,#1258));
#5116=EDGE_LOOP('',(#1259,#1260,#1261,#1262));
#5117=EDGE_LOOP('',(#1263,#1264,#1265,#1266));
#5118=EDGE_LOOP('',(#1267,#1268,#1269,#1270));
#5119=EDGE_LOOP('',(#1271,#1272,#1273,#1274));
#5120=EDGE_LOOP('',(#1275,#1276,#1277,#1278));
#5121=EDGE_LOOP('',(#1279,#1280,#1281,#1282));
#5122=EDGE_LOOP('',(#1283,#1284,#1285,#1286));
#5123=EDGE_LOOP('',(#1287,#1288,#1289,#1290));
#5124=EDGE_LOOP('',(#1291,#1292,#1293,#1294));
#5125=EDGE_LOOP('',(#1295,#1296,#1297,#1298));
#5126=EDGE_LOOP('',(#1299,#1300,#1301,#1302));
#5127=EDGE_LOOP('',(#1303));
#5128=EDGE_LOOP('',(#1304));
#5129=EDGE_LOOP('',(#1305));
#5130=EDGE_LOOP('',(#1306));
#5131=EDGE_LOOP('',(#1307));
#5132=EDGE_LOOP('',(#1308));
#5133=EDGE_LOOP('',(#1309));
#5134=EDGE_LOOP('',(#1310));
#5135=EDGE_LOOP('',(#1311));
#5136=EDGE_LOOP('',(#1312));
#5137=EDGE_LOOP('',(#1313));
#5138=EDGE_LOOP('',(#1314));
#5139=EDGE_LOOP('',(#1315));
#5140=EDGE_LOOP('',(#1316));
#5141=EDGE_LOOP('',(#1317,#1318,#1319,#1320));
#5142=EDGE_LOOP('',(#1321,#1322,#1323,#1324));
#5143=EDGE_LOOP('',(#1325,#1326,#1327,#1328));
#5144=EDGE_LOOP('',(#1329,#1330,#1331,#1332));
#5145=EDGE_LOOP('',(#1333,#1334,#1335,#1336));
#5146=EDGE_LOOP('',(#1337,#1338,#1339,#1340));
#5147=EDGE_LOOP('',(#1341,#1342,#1343,#1344,#1345,#1346));
#5148=EDGE_LOOP('',(#1347,#1348,#1349,#1350));
#5149=EDGE_LOOP('',(#1351,#1352,#1353,#1354));
#5150=EDGE_LOOP('',(#1355,#1356,#1357,#1358));
#5151=EDGE_LOOP('',(#1359,#1360,#1361,#1362));
#5152=EDGE_LOOP('',(#1363,#1364,#1365,#1366));
#5153=EDGE_LOOP('',(#1367,#1368,#1369,#1370));
#5154=EDGE_LOOP('',(#1371,#1372,#1373,#1374));
#5155=EDGE_LOOP('',(#1375,#1376,#1377,#1378));
#5156=EDGE_LOOP('',(#1379,#1380,#1381,#1382));
#5157=EDGE_LOOP('',(#1383,#1384,#1385,#1386));
#5158=EDGE_LOOP('',(#1387,#1388,#1389,#1390));
#5159=EDGE_LOOP('',(#1391,#1392,#1393,#1394));
#5160=EDGE_LOOP('',(#1395,#1396,#1397,#1398));
#5161=EDGE_LOOP('',(#1399,#1400,#1401,#1402));
#5162=EDGE_LOOP('',(#1403,#1404,#1405,#1406));
#5163=EDGE_LOOP('',(#1407,#1408,#1409,#1410));
#5164=EDGE_LOOP('',(#1411,#1412,#1413,#1414));
#5165=EDGE_LOOP('',(#1415,#1416,#1417,#1418));
#5166=EDGE_LOOP('',(#1419,#1420,#1421,#1422));
#5167=EDGE_LOOP('',(#1423,#1424,#1425,#1426));
#5168=EDGE_LOOP('',(#1427,#1428,#1429,#1430));
#5169=EDGE_LOOP('',(#1431,#1432,#1433,#1434));
#5170=EDGE_LOOP('',(#1435,#1436,#1437,#1438));
#5171=EDGE_LOOP('',(#1439,#1440,#1441,#1442));
#5172=EDGE_LOOP('',(#1443,#1444,#1445,#1446));
#5173=EDGE_LOOP('',(#1447,#1448,#1449,#1450));
#5174=EDGE_LOOP('',(#1451,#1452,#1453,#1454));
#5175=EDGE_LOOP('',(#1455,#1456,#1457,#1458));
#5176=EDGE_LOOP('',(#1459,#1460,#1461,#1462));
#5177=EDGE_LOOP('',(#1463,#1464,#1465,#1466));
#5178=EDGE_LOOP('',(#1467,#1468,#1469,#1470));
#5179=EDGE_LOOP('',(#1471,#1472,#1473,#1474));
#5180=EDGE_LOOP('',(#1475,#1476,#1477,#1478));
#5181=EDGE_LOOP('',(#1479,#1480,#1481,#1482));
#5182=EDGE_LOOP('',(#1483,#1484,#1485,#1486));
#5183=EDGE_LOOP('',(#1487,#1488,#1489,#1490));
#5184=EDGE_LOOP('',(#1491,#1492,#1493,#1494,#1495,#1496,#1497,#1498,#1499,
#1500,#1501,#1502,#1503,#1504,#1505,#1506,#1507,#1508,#1509,#1510));
#5185=EDGE_LOOP('',(#1511,#1512,#1513,#1514,#1515,#1516,#1517,#1518));
#5186=EDGE_LOOP('',(#1519,#1520,#1521,#1522,#1523,#1524,#1525,#1526));
#5187=EDGE_LOOP('',(#1527,#1528,#1529,#1530,#1531,#1532,#1533,#1534));
#5188=EDGE_LOOP('',(#1535,#1536,#1537,#1538));
#5189=EDGE_LOOP('',(#1539,#1540,#1541,#1542));
#5190=EDGE_LOOP('',(#1543,#1544,#1545,#1546));
#5191=EDGE_LOOP('',(#1547,#1548,#1549,#1550));
#5192=EDGE_LOOP('',(#1551,#1552,#1553,#1554));
#5193=EDGE_LOOP('',(#1555,#1556,#1557,#1558));
#5194=EDGE_LOOP('',(#1559,#1560,#1561,#1562));
#5195=EDGE_LOOP('',(#1563,#1564,#1565,#1566));
#5196=EDGE_LOOP('',(#1567,#1568,#1569,#1570));
#5197=EDGE_LOOP('',(#1571,#1572,#1573,#1574));
#5198=EDGE_LOOP('',(#1575,#1576,#1577,#1578));
#5199=EDGE_LOOP('',(#1579,#1580,#1581,#1582));
#5200=EDGE_LOOP('',(#1583,#1584,#1585,#1586));
#5201=EDGE_LOOP('',(#1587,#1588,#1589,#1590));
#5202=EDGE_LOOP('',(#1591,#1592,#1593,#1594));
#5203=EDGE_LOOP('',(#1595,#1596,#1597,#1598));
#5204=EDGE_LOOP('',(#1599,#1600,#1601,#1602));
#5205=EDGE_LOOP('',(#1603,#1604,#1605,#1606));
#5206=EDGE_LOOP('',(#1607,#1608,#1609,#1610));
#5207=EDGE_LOOP('',(#1611,#1612,#1613,#1614,#1615,#1616,#1617,#1618,#1619,
#1620,#1621,#1622,#1623,#1624,#1625,#1626,#1627,#1628,#1629));
#5208=EDGE_LOOP('',(#1630,#1631,#1632,#1633));
#5209=EDGE_LOOP('',(#1634,#1635,#1636,#1637));
#5210=EDGE_LOOP('',(#1638,#1639,#1640,#1641));
#5211=EDGE_LOOP('',(#1642,#1643,#1644,#1645));
#5212=EDGE_LOOP('',(#1646,#1647,#1648,#1649));
#5213=EDGE_LOOP('',(#1650,#1651,#1652,#1653));
#5214=EDGE_LOOP('',(#1654,#1655,#1656,#1657));
#5215=EDGE_LOOP('',(#1658,#1659,#1660,#1661));
#5216=EDGE_LOOP('',(#1662,#1663,#1664,#1665));
#5217=EDGE_LOOP('',(#1666,#1667,#1668,#1669));
#5218=EDGE_LOOP('',(#1670,#1671,#1672,#1673));
#5219=EDGE_LOOP('',(#1674,#1675,#1676,#1677));
#5220=EDGE_LOOP('',(#1678,#1679,#1680,#1681));
#5221=EDGE_LOOP('',(#1682,#1683,#1684,#1685));
#5222=EDGE_LOOP('',(#1686,#1687,#1688,#1689));
#5223=EDGE_LOOP('',(#1690,#1691,#1692,#1693));
#5224=EDGE_LOOP('',(#1694,#1695,#1696,#1697));
#5225=EDGE_LOOP('',(#1698,#1699,#1700,#1701));
#5226=EDGE_LOOP('',(#1702,#1703,#1704,#1705));
#5227=EDGE_LOOP('',(#1706,#1707,#1708,#1709));
#5228=EDGE_LOOP('',(#1710,#1711,#1712,#1713));
#5229=EDGE_LOOP('',(#1714,#1715,#1716,#1717));
#5230=EDGE_LOOP('',(#1718,#1719,#1720,#1721));
#5231=EDGE_LOOP('',(#1722,#1723,#1724,#1725));
#5232=EDGE_LOOP('',(#1726,#1727,#1728,#1729));
#5233=EDGE_LOOP('',(#1730,#1731,#1732,#1733));
#5234=EDGE_LOOP('',(#1734,#1735,#1736,#1737));
#5235=EDGE_LOOP('',(#1738,#1739,#1740,#1741));
#5236=EDGE_LOOP('',(#1742,#1743,#1744,#1745));
#5237=EDGE_LOOP('',(#1746,#1747,#1748,#1749));
#5238=EDGE_LOOP('',(#1750,#1751,#1752,#1753));
#5239=EDGE_LOOP('',(#1754,#1755,#1756,#1757));
#5240=EDGE_LOOP('',(#1758,#1759,#1760,#1761,#1762,#1763,#1764,#1765,#1766,
#1767,#1768,#1769,#1770,#1771,#1772,#1773,#1774,#1775,#1776,#1777,#1778,
#1779,#1780,#1781,#1782,#1783,#1784,#1785,#1786,#1787,#1788,#1789));
#5241=EDGE_LOOP('',(#1790,#1791,#1792,#1793));
#5242=EDGE_LOOP('',(#1794,#1795,#1796,#1797));
#5243=EDGE_LOOP('',(#1798,#1799,#1800,#1801));
#5244=EDGE_LOOP('',(#1802,#1803,#1804,#1805));
#5245=EDGE_LOOP('',(#1806,#1807,#1808,#1809));
#5246=EDGE_LOOP('',(#1810,#1811,#1812,#1813));
#5247=EDGE_LOOP('',(#1814,#1815,#1816,#1817));
#5248=EDGE_LOOP('',(#1818,#1819,#1820,#1821,#1822,#1823,#1824));
#5249=EDGE_LOOP('',(#1825,#1826,#1827,#1828));
#5250=EDGE_LOOP('',(#1829,#1830,#1831,#1832));
#5251=EDGE_LOOP('',(#1833,#1834,#1835,#1836));
#5252=EDGE_LOOP('',(#1837,#1838,#1839,#1840));
#5253=EDGE_LOOP('',(#1841,#1842,#1843,#1844));
#5254=EDGE_LOOP('',(#1845,#1846,#1847,#1848));
#5255=EDGE_LOOP('',(#1849,#1850,#1851,#1852));
#5256=EDGE_LOOP('',(#1853,#1854,#1855,#1856));
#5257=EDGE_LOOP('',(#1857,#1858,#1859,#1860));
#5258=EDGE_LOOP('',(#1861,#1862,#1863,#1864));
#5259=EDGE_LOOP('',(#1865,#1866,#1867,#1868));
#5260=EDGE_LOOP('',(#1869,#1870,#1871,#1872));
#5261=EDGE_LOOP('',(#1873,#1874,#1875,#1876));
#5262=EDGE_LOOP('',(#1877,#1878,#1879,#1880));
#5263=EDGE_LOOP('',(#1881,#1882,#1883,#1884));
#5264=EDGE_LOOP('',(#1885,#1886,#1887,#1888));
#5265=EDGE_LOOP('',(#1889,#1890,#1891,#1892));
#5266=EDGE_LOOP('',(#1893,#1894,#1895,#1896));
#5267=EDGE_LOOP('',(#1897,#1898,#1899,#1900));
#5268=EDGE_LOOP('',(#1901,#1902,#1903,#1904));
#5269=EDGE_LOOP('',(#1905,#1906,#1907,#1908));
#5270=EDGE_LOOP('',(#1909,#1910,#1911,#1912));
#5271=EDGE_LOOP('',(#1913,#1914,#1915,#1916));
#5272=EDGE_LOOP('',(#1917,#1918,#1919,#1920));
#5273=EDGE_LOOP('',(#1921,#1922,#1923,#1924));
#5274=EDGE_LOOP('',(#1925,#1926,#1927,#1928,#1929,#1930,#1931,#1932,#1933,
#1934,#1935,#1936,#1937,#1938,#1939,#1940,#1941,#1942,#1943,#1944,#1945,
#1946,#1947,#1948,#1949));
#5275=EDGE_LOOP('',(#1950,#1951,#1952,#1953));
#5276=EDGE_LOOP('',(#1954,#1955,#1956,#1957));
#5277=EDGE_LOOP('',(#1958,#1959,#1960,#1961));
#5278=EDGE_LOOP('',(#1962,#1963,#1964,#1965));
#5279=EDGE_LOOP('',(#1966,#1967,#1968,#1969));
#5280=EDGE_LOOP('',(#1970,#1971,#1972,#1973));
#5281=EDGE_LOOP('',(#1974,#1975,#1976,#1977));
#5282=EDGE_LOOP('',(#1978,#1979,#1980,#1981));
#5283=EDGE_LOOP('',(#1982,#1983,#1984,#1985));
#5284=EDGE_LOOP('',(#1986,#1987,#1988,#1989));
#5285=EDGE_LOOP('',(#1990,#1991,#1992,#1993));
#5286=EDGE_LOOP('',(#1994,#1995,#1996,#1997));
#5287=EDGE_LOOP('',(#1998,#1999,#2000,#2001));
#5288=EDGE_LOOP('',(#2002,#2003,#2004,#2005));
#5289=EDGE_LOOP('',(#2006,#2007,#2008,#2009,#2010,#2011,#2012,#2013,#2014,
#2015,#2016));
#5290=EDGE_LOOP('',(#2017,#2018,#2019));
#5291=EDGE_LOOP('',(#2020,#2021,#2022,#2023));
#5292=EDGE_LOOP('',(#2024,#2025,#2026,#2027));
#5293=EDGE_LOOP('',(#2028,#2029,#2030,#2031));
#5294=EDGE_LOOP('',(#2032,#2033,#2034,#2035));
#5295=EDGE_LOOP('',(#2036,#2037,#2038,#2039));
#5296=EDGE_LOOP('',(#2040,#2041,#2042,#2043));
#5297=EDGE_LOOP('',(#2044,#2045,#2046,#2047));
#5298=EDGE_LOOP('',(#2048,#2049,#2050,#2051));
#5299=EDGE_LOOP('',(#2052,#2053,#2054,#2055));
#5300=EDGE_LOOP('',(#2056,#2057,#2058,#2059));
#5301=EDGE_LOOP('',(#2060,#2061,#2062,#2063));
#5302=EDGE_LOOP('',(#2064,#2065,#2066,#2067));
#5303=EDGE_LOOP('',(#2068,#2069,#2070,#2071));
#5304=EDGE_LOOP('',(#2072,#2073,#2074,#2075));
#5305=EDGE_LOOP('',(#2076,#2077,#2078,#2079));
#5306=EDGE_LOOP('',(#2080,#2081,#2082,#2083));
#5307=EDGE_LOOP('',(#2084,#2085,#2086,#2087));
#5308=EDGE_LOOP('',(#2088,#2089,#2090,#2091));
#5309=EDGE_LOOP('',(#2092,#2093,#2094,#2095));
#5310=EDGE_LOOP('',(#2096,#2097,#2098,#2099));
#5311=EDGE_LOOP('',(#2100,#2101,#2102,#2103));
#5312=EDGE_LOOP('',(#2104,#2105,#2106,#2107));
#5313=EDGE_LOOP('',(#2108,#2109,#2110,#2111));
#5314=EDGE_LOOP('',(#2112,#2113,#2114,#2115));
#5315=EDGE_LOOP('',(#2116,#2117,#2118,#2119));
#5316=EDGE_LOOP('',(#2120,#2121,#2122,#2123));
#5317=EDGE_LOOP('',(#2124,#2125,#2126,#2127));
#5318=EDGE_LOOP('',(#2128,#2129,#2130,#2131,#2132,#2133,#2134,#2135,#2136,
#2137,#2138,#2139,#2140,#2141,#2142,#2143,#2144,#2145,#2146));
#5319=EDGE_LOOP('',(#2147,#2148,#2149,#2150,#2151,#2152,#2153,#2154));
#5320=EDGE_LOOP('',(#2155,#2156,#2157,#2158));
#5321=EDGE_LOOP('',(#2159,#2160,#2161,#2162));
#5322=EDGE_LOOP('',(#2163,#2164,#2165,#2166));
#5323=EDGE_LOOP('',(#2167,#2168,#2169,#2170));
#5324=EDGE_LOOP('',(#2171,#2172,#2173,#2174));
#5325=EDGE_LOOP('',(#2175,#2176,#2177,#2178));
#5326=EDGE_LOOP('',(#2179,#2180,#2181,#2182));
#5327=EDGE_LOOP('',(#2183,#2184,#2185,#2186));
#5328=EDGE_LOOP('',(#2187,#2188,#2189,#2190));
#5329=EDGE_LOOP('',(#2191,#2192,#2193,#2194));
#5330=EDGE_LOOP('',(#2195,#2196,#2197,#2198));
#5331=EDGE_LOOP('',(#2199,#2200,#2201,#2202));
#5332=EDGE_LOOP('',(#2203,#2204,#2205,#2206));
#5333=EDGE_LOOP('',(#2207,#2208,#2209,#2210));
#5334=EDGE_LOOP('',(#2211,#2212,#2213,#2214));
#5335=EDGE_LOOP('',(#2215,#2216,#2217,#2218));
#5336=EDGE_LOOP('',(#2219,#2220,#2221,#2222));
#5337=EDGE_LOOP('',(#2223,#2224,#2225,#2226));
#5338=EDGE_LOOP('',(#2227,#2228,#2229,#2230));
#5339=EDGE_LOOP('',(#2231,#2232,#2233,#2234));
#5340=EDGE_LOOP('',(#2235,#2236,#2237,#2238));
#5341=EDGE_LOOP('',(#2239,#2240,#2241,#2242));
#5342=EDGE_LOOP('',(#2243,#2244,#2245,#2246));
#5343=EDGE_LOOP('',(#2247,#2248,#2249,#2250));
#5344=EDGE_LOOP('',(#2251,#2252,#2253,#2254));
#5345=EDGE_LOOP('',(#2255,#2256,#2257,#2258));
#5346=EDGE_LOOP('',(#2259,#2260,#2261,#2262,#2263,#2264,#2265,#2266,#2267,
#2268,#2269,#2270,#2271,#2272,#2273,#2274,#2275));
#5347=EDGE_LOOP('',(#2276,#2277,#2278,#2279,#2280,#2281,#2282,#2283,#2284));
#5348=EDGE_LOOP('',(#2285,#2286,#2287,#2288));
#5349=EDGE_LOOP('',(#2289,#2290,#2291,#2292));
#5350=EDGE_LOOP('',(#2293,#2294,#2295,#2296));
#5351=EDGE_LOOP('',(#2297,#2298,#2299,#2300));
#5352=EDGE_LOOP('',(#2301,#2302,#2303,#2304));
#5353=EDGE_LOOP('',(#2305,#2306,#2307,#2308));
#5354=EDGE_LOOP('',(#2309,#2310,#2311,#2312));
#5355=EDGE_LOOP('',(#2313,#2314,#2315,#2316));
#5356=EDGE_LOOP('',(#2317,#2318,#2319,#2320));
#5357=EDGE_LOOP('',(#2321,#2322,#2323,#2324));
#5358=EDGE_LOOP('',(#2325,#2326,#2327,#2328));
#5359=EDGE_LOOP('',(#2329,#2330,#2331,#2332));
#5360=EDGE_LOOP('',(#2333,#2334,#2335,#2336));
#5361=EDGE_LOOP('',(#2337,#2338,#2339,#2340));
#5362=EDGE_LOOP('',(#2341,#2342,#2343,#2344));
#5363=EDGE_LOOP('',(#2345,#2346,#2347,#2348));
#5364=EDGE_LOOP('',(#2349,#2350,#2351,#2352));
#5365=EDGE_LOOP('',(#2353,#2354,#2355,#2356));
#5366=EDGE_LOOP('',(#2357,#2358,#2359,#2360));
#5367=EDGE_LOOP('',(#2361,#2362,#2363,#2364));
#5368=EDGE_LOOP('',(#2365,#2366,#2367,#2368,#2369,#2370,#2371,#2372));
#5369=EDGE_LOOP('',(#2373,#2374,#2375,#2376,#2377,#2378,#2379,#2380,#2381,
#2382,#2383,#2384));
#5370=EDGE_LOOP('',(#2385,#2386,#2387,#2388,#2389,#2390,#2391,#2392));
#5371=EDGE_LOOP('',(#2393,#2394,#2395));
#5372=EDGE_LOOP('',(#2396,#2397,#2398,#2399,#2400,#2401,#2402,#2403));
#5373=EDGE_LOOP('',(#2404,#2405,#2406,#2407,#2408,#2409,#2410,#2411,#2412));
#5374=EDGE_LOOP('',(#2413,#2414,#2415,#2416,#2417,#2418,#2419,#2420,#2421,
#2422,#2423,#2424));
#5375=EDGE_LOOP('',(#2425,#2426,#2427,#2428));
#5376=EDGE_LOOP('',(#2429,#2430,#2431,#2432));
#5377=EDGE_LOOP('',(#2433,#2434,#2435,#2436));
#5378=EDGE_LOOP('',(#2437,#2438,#2439,#2440));
#5379=EDGE_LOOP('',(#2441,#2442,#2443,#2444));
#5380=EDGE_LOOP('',(#2445,#2446,#2447,#2448));
#5381=EDGE_LOOP('',(#2449,#2450,#2451,#2452));
#5382=EDGE_LOOP('',(#2453,#2454,#2455,#2456));
#5383=EDGE_LOOP('',(#2457,#2458,#2459,#2460));
#5384=EDGE_LOOP('',(#2461,#2462,#2463,#2464));
#5385=EDGE_LOOP('',(#2465,#2466,#2467,#2468,#2469,#2470,#2471,#2472));
#5386=EDGE_LOOP('',(#2473,#2474,#2475,#2476,#2477,#2478,#2479,#2480));
#5387=EDGE_LOOP('',(#2481,#2482,#2483,#2484,#2485,#2486,#2487,#2488));
#5388=EDGE_LOOP('',(#2489,#2490,#2491,#2492,#2493,#2494,#2495,#2496));
#5389=EDGE_LOOP('',(#2497,#2498,#2499,#2500,#2501,#2502,#2503,#2504));
#5390=EDGE_LOOP('',(#2505,#2506,#2507,#2508,#2509,#2510,#2511,#2512));
#5391=EDGE_LOOP('',(#2513,#2514,#2515,#2516,#2517,#2518,#2519,#2520));
#5392=EDGE_LOOP('',(#2521,#2522,#2523,#2524,#2525,#2526,#2527,#2528));
#5393=EDGE_LOOP('',(#2529,#2530,#2531,#2532,#2533,#2534,#2535,#2536));
#5394=EDGE_LOOP('',(#2537,#2538,#2539,#2540,#2541,#2542,#2543,#2544));
#5395=EDGE_LOOP('',(#2545,#2546,#2547,#2548));
#5396=EDGE_LOOP('',(#2549,#2550,#2551,#2552,#2553,#2554));
#5397=EDGE_LOOP('',(#2555,#2556,#2557,#2558,#2559,#2560));
#5398=EDGE_LOOP('',(#2561,#2562,#2563,#2564));
#5399=EDGE_LOOP('',(#2565,#2566,#2567,#2568,#2569,#2570));
#5400=EDGE_LOOP('',(#2571,#2572,#2573,#2574,#2575,#2576));
#5401=EDGE_LOOP('',(#2577,#2578,#2579,#2580));
#5402=EDGE_LOOP('',(#2581,#2582,#2583,#2584,#2585,#2586));
#5403=EDGE_LOOP('',(#2587,#2588,#2589,#2590,#2591,#2592));
#5404=EDGE_LOOP('',(#2593,#2594,#2595,#2596));
#5405=EDGE_LOOP('',(#2597,#2598,#2599,#2600,#2601,#2602));
#5406=EDGE_LOOP('',(#2603,#2604,#2605,#2606,#2607,#2608));
#5407=EDGE_LOOP('',(#2609,#2610,#2611,#2612));
#5408=EDGE_LOOP('',(#2613,#2614,#2615,#2616,#2617,#2618));
#5409=EDGE_LOOP('',(#2619,#2620,#2621,#2622,#2623,#2624));
#5410=EDGE_LOOP('',(#2625,#2626,#2627,#2628));
#5411=EDGE_LOOP('',(#2629,#2630,#2631,#2632,#2633,#2634));
#5412=EDGE_LOOP('',(#2635,#2636,#2637,#2638,#2639,#2640));
#5413=EDGE_LOOP('',(#2641,#2642,#2643,#2644));
#5414=EDGE_LOOP('',(#2645,#2646,#2647,#2648,#2649,#2650));
#5415=EDGE_LOOP('',(#2651,#2652,#2653,#2654,#2655,#2656));
#5416=EDGE_LOOP('',(#2657,#2658,#2659,#2660));
#5417=EDGE_LOOP('',(#2661,#2662,#2663,#2664,#2665,#2666));
#5418=EDGE_LOOP('',(#2667,#2668,#2669,#2670,#2671,#2672));
#5419=EDGE_LOOP('',(#2673,#2674,#2675,#2676));
#5420=EDGE_LOOP('',(#2677,#2678,#2679,#2680,#2681,#2682));
#5421=EDGE_LOOP('',(#2683,#2684,#2685,#2686,#2687,#2688));
#5422=EDGE_LOOP('',(#2689,#2690,#2691,#2692,#2693,#2694));
#5423=EDGE_LOOP('',(#2695,#2696,#2697,#2698,#2699,#2700));
#5424=EDGE_LOOP('',(#2701,#2702,#2703,#2704));
#5425=FACE_BOUND('',#5057,.T.);
#5426=FACE_BOUND('',#5058,.T.);
#5427=FACE_BOUND('',#5059,.T.);
#5428=FACE_BOUND('',#5060,.T.);
#5429=FACE_BOUND('',#5061,.T.);
#5430=FACE_BOUND('',#5062,.T.);
#5431=FACE_BOUND('',#5063,.T.);
#5432=FACE_BOUND('',#5064,.T.);
#5433=FACE_BOUND('',#5065,.T.);
#5434=FACE_BOUND('',#5066,.T.);
#5435=FACE_BOUND('',#5067,.T.);
#5436=FACE_BOUND('',#5068,.T.);
#5437=FACE_BOUND('',#5069,.T.);
#5438=FACE_BOUND('',#5070,.T.);
#5439=FACE_BOUND('',#5071,.T.);
#5440=FACE_BOUND('',#5072,.T.);
#5441=FACE_BOUND('',#5073,.T.);
#5442=FACE_BOUND('',#5074,.T.);
#5443=FACE_BOUND('',#5075,.T.);
#5444=FACE_BOUND('',#5076,.T.);
#5445=FACE_BOUND('',#5077,.T.);
#5446=FACE_BOUND('',#5078,.T.);
#5447=FACE_BOUND('',#5079,.T.);
#5448=FACE_BOUND('',#5080,.T.);
#5449=FACE_BOUND('',#5081,.T.);
#5450=FACE_BOUND('',#5082,.T.);
#5451=FACE_BOUND('',#5083,.T.);
#5452=FACE_BOUND('',#5084,.T.);
#5453=FACE_BOUND('',#5085,.T.);
#5454=FACE_BOUND('',#5086,.T.);
#5455=FACE_BOUND('',#5087,.T.);
#5456=FACE_BOUND('',#5088,.T.);
#5457=FACE_BOUND('',#5089,.T.);
#5458=FACE_BOUND('',#5090,.T.);
#5459=FACE_BOUND('',#5091,.T.);
#5460=FACE_BOUND('',#5092,.T.);
#5461=FACE_BOUND('',#5093,.T.);
#5462=FACE_BOUND('',#5094,.T.);
#5463=FACE_BOUND('',#5095,.T.);
#5464=FACE_BOUND('',#5096,.T.);
#5465=FACE_BOUND('',#5097,.T.);
#5466=FACE_BOUND('',#5098,.T.);
#5467=FACE_BOUND('',#5099,.T.);
#5468=FACE_BOUND('',#5100,.T.);
#5469=FACE_BOUND('',#5101,.T.);
#5470=FACE_BOUND('',#5102,.T.);
#5471=FACE_BOUND('',#5103,.T.);
#5472=FACE_BOUND('',#5104,.T.);
#5473=FACE_BOUND('',#5105,.T.);
#5474=FACE_BOUND('',#5106,.T.);
#5475=FACE_BOUND('',#5107,.T.);
#5476=FACE_BOUND('',#5108,.T.);
#5477=FACE_BOUND('',#5109,.T.);
#5478=FACE_BOUND('',#5110,.T.);
#5479=FACE_BOUND('',#5111,.T.);
#5480=FACE_BOUND('',#5112,.T.);
#5481=FACE_BOUND('',#5113,.T.);
#5482=FACE_BOUND('',#5114,.T.);
#5483=FACE_BOUND('',#5115,.T.);
#5484=FACE_BOUND('',#5116,.T.);
#5485=FACE_BOUND('',#5117,.T.);
#5486=FACE_BOUND('',#5118,.T.);
#5487=FACE_BOUND('',#5119,.T.);
#5488=FACE_BOUND('',#5120,.T.);
#5489=FACE_BOUND('',#5121,.T.);
#5490=FACE_BOUND('',#5122,.T.);
#5491=FACE_BOUND('',#5123,.T.);
#5492=FACE_BOUND('',#5124,.T.);
#5493=FACE_BOUND('',#5125,.T.);
#5494=FACE_BOUND('',#5126,.T.);
#5495=FACE_BOUND('',#5127,.T.);
#5496=FACE_BOUND('',#5128,.T.);
#5497=FACE_BOUND('',#5129,.T.);
#5498=FACE_BOUND('',#5130,.T.);
#5499=FACE_BOUND('',#5131,.T.);
#5500=FACE_BOUND('',#5132,.T.);
#5501=FACE_BOUND('',#5133,.T.);
#5502=FACE_BOUND('',#5134,.T.);
#5503=FACE_BOUND('',#5135,.T.);
#5504=FACE_BOUND('',#5136,.T.);
#5505=FACE_BOUND('',#5137,.T.);
#5506=FACE_BOUND('',#5138,.T.);
#5507=FACE_BOUND('',#5139,.T.);
#5508=FACE_BOUND('',#5140,.T.);
#5509=FACE_BOUND('',#5141,.T.);
#5510=FACE_BOUND('',#5142,.T.);
#5511=FACE_BOUND('',#5143,.T.);
#5512=FACE_BOUND('',#5144,.T.);
#5513=FACE_BOUND('',#5145,.T.);
#5514=FACE_BOUND('',#5146,.T.);
#5515=FACE_BOUND('',#5147,.T.);
#5516=FACE_BOUND('',#5148,.T.);
#5517=FACE_BOUND('',#5149,.T.);
#5518=FACE_BOUND('',#5150,.T.);
#5519=FACE_BOUND('',#5151,.T.);
#5520=FACE_BOUND('',#5152,.T.);
#5521=FACE_BOUND('',#5153,.T.);
#5522=FACE_BOUND('',#5154,.T.);
#5523=FACE_BOUND('',#5155,.T.);
#5524=FACE_BOUND('',#5156,.T.);
#5525=FACE_BOUND('',#5157,.T.);
#5526=FACE_BOUND('',#5158,.T.);
#5527=FACE_BOUND('',#5159,.T.);
#5528=FACE_BOUND('',#5160,.T.);
#5529=FACE_BOUND('',#5161,.T.);
#5530=FACE_BOUND('',#5162,.T.);
#5531=FACE_BOUND('',#5163,.T.);
#5532=FACE_BOUND('',#5164,.T.);
#5533=FACE_BOUND('',#5165,.T.);
#5534=FACE_BOUND('',#5166,.T.);
#5535=FACE_BOUND('',#5167,.T.);
#5536=FACE_BOUND('',#5168,.T.);
#5537=FACE_BOUND('',#5169,.T.);
#5538=FACE_BOUND('',#5170,.T.);
#5539=FACE_BOUND('',#5171,.T.);
#5540=FACE_BOUND('',#5172,.T.);
#5541=FACE_BOUND('',#5173,.T.);
#5542=FACE_BOUND('',#5174,.T.);
#5543=FACE_BOUND('',#5175,.T.);
#5544=FACE_BOUND('',#5176,.T.);
#5545=FACE_BOUND('',#5177,.T.);
#5546=FACE_BOUND('',#5178,.T.);
#5547=FACE_BOUND('',#5179,.T.);
#5548=FACE_BOUND('',#5180,.T.);
#5549=FACE_BOUND('',#5181,.T.);
#5550=FACE_BOUND('',#5182,.T.);
#5551=FACE_BOUND('',#5183,.T.);
#5552=FACE_BOUND('',#5184,.T.);
#5553=FACE_BOUND('',#5185,.T.);
#5554=FACE_BOUND('',#5186,.T.);
#5555=FACE_BOUND('',#5187,.T.);
#5556=FACE_BOUND('',#5188,.T.);
#5557=FACE_BOUND('',#5189,.T.);
#5558=FACE_BOUND('',#5190,.T.);
#5559=FACE_BOUND('',#5191,.T.);
#5560=FACE_BOUND('',#5192,.T.);
#5561=FACE_BOUND('',#5193,.T.);
#5562=FACE_BOUND('',#5194,.T.);
#5563=FACE_BOUND('',#5195,.T.);
#5564=FACE_BOUND('',#5196,.T.);
#5565=FACE_BOUND('',#5197,.T.);
#5566=FACE_BOUND('',#5198,.T.);
#5567=FACE_BOUND('',#5199,.T.);
#5568=FACE_BOUND('',#5200,.T.);
#5569=FACE_BOUND('',#5201,.T.);
#5570=FACE_BOUND('',#5202,.T.);
#5571=FACE_BOUND('',#5203,.T.);
#5572=FACE_BOUND('',#5204,.T.);
#5573=FACE_BOUND('',#5205,.T.);
#5574=FACE_BOUND('',#5206,.T.);
#5575=FACE_BOUND('',#5207,.T.);
#5576=FACE_BOUND('',#5208,.T.);
#5577=FACE_BOUND('',#5209,.T.);
#5578=FACE_BOUND('',#5210,.T.);
#5579=FACE_BOUND('',#5211,.T.);
#5580=FACE_BOUND('',#5212,.T.);
#5581=FACE_BOUND('',#5213,.T.);
#5582=FACE_BOUND('',#5214,.T.);
#5583=FACE_BOUND('',#5215,.T.);
#5584=FACE_BOUND('',#5216,.T.);
#5585=FACE_BOUND('',#5217,.T.);
#5586=FACE_BOUND('',#5218,.T.);
#5587=FACE_BOUND('',#5219,.T.);
#5588=FACE_BOUND('',#5220,.T.);
#5589=FACE_BOUND('',#5221,.T.);
#5590=FACE_BOUND('',#5222,.T.);
#5591=FACE_BOUND('',#5223,.T.);
#5592=FACE_BOUND('',#5224,.T.);
#5593=FACE_BOUND('',#5225,.T.);
#5594=FACE_BOUND('',#5226,.T.);
#5595=FACE_BOUND('',#5227,.T.);
#5596=FACE_BOUND('',#5228,.T.);
#5597=FACE_BOUND('',#5229,.T.);
#5598=FACE_BOUND('',#5230,.T.);
#5599=FACE_BOUND('',#5231,.T.);
#5600=FACE_BOUND('',#5232,.T.);
#5601=FACE_BOUND('',#5233,.T.);
#5602=FACE_BOUND('',#5234,.T.);
#5603=FACE_BOUND('',#5235,.T.);
#5604=FACE_BOUND('',#5236,.T.);
#5605=FACE_BOUND('',#5237,.T.);
#5606=FACE_BOUND('',#5238,.T.);
#5607=FACE_BOUND('',#5239,.T.);
#5608=FACE_BOUND('',#5240,.T.);
#5609=FACE_BOUND('',#5241,.T.);
#5610=FACE_BOUND('',#5242,.T.);
#5611=FACE_BOUND('',#5243,.T.);
#5612=FACE_BOUND('',#5244,.T.);
#5613=FACE_BOUND('',#5245,.T.);
#5614=FACE_BOUND('',#5246,.T.);
#5615=FACE_BOUND('',#5247,.T.);
#5616=FACE_BOUND('',#5248,.T.);
#5617=FACE_BOUND('',#5249,.T.);
#5618=FACE_BOUND('',#5250,.T.);
#5619=FACE_BOUND('',#5251,.T.);
#5620=FACE_BOUND('',#5252,.T.);
#5621=FACE_BOUND('',#5253,.T.);
#5622=FACE_BOUND('',#5254,.T.);
#5623=FACE_BOUND('',#5255,.T.);
#5624=FACE_BOUND('',#5256,.T.);
#5625=FACE_BOUND('',#5257,.T.);
#5626=FACE_BOUND('',#5258,.T.);
#5627=FACE_BOUND('',#5259,.T.);
#5628=FACE_BOUND('',#5260,.T.);
#5629=FACE_BOUND('',#5261,.T.);
#5630=FACE_BOUND('',#5262,.T.);
#5631=FACE_BOUND('',#5263,.T.);
#5632=FACE_BOUND('',#5264,.T.);
#5633=FACE_BOUND('',#5265,.T.);
#5634=FACE_BOUND('',#5266,.T.);
#5635=FACE_BOUND('',#5267,.T.);
#5636=FACE_BOUND('',#5268,.T.);
#5637=FACE_BOUND('',#5269,.T.);
#5638=FACE_BOUND('',#5270,.T.);
#5639=FACE_BOUND('',#5271,.T.);
#5640=FACE_BOUND('',#5272,.T.);
#5641=FACE_BOUND('',#5273,.T.);
#5642=FACE_BOUND('',#5274,.T.);
#5643=FACE_BOUND('',#5275,.T.);
#5644=FACE_BOUND('',#5276,.T.);
#5645=FACE_BOUND('',#5277,.T.);
#5646=FACE_BOUND('',#5278,.T.);
#5647=FACE_BOUND('',#5279,.T.);
#5648=FACE_BOUND('',#5280,.T.);
#5649=FACE_BOUND('',#5281,.T.);
#5650=FACE_BOUND('',#5282,.T.);
#5651=FACE_BOUND('',#5283,.T.);
#5652=FACE_BOUND('',#5284,.T.);
#5653=FACE_BOUND('',#5285,.T.);
#5654=FACE_BOUND('',#5286,.T.);
#5655=FACE_BOUND('',#5287,.T.);
#5656=FACE_BOUND('',#5288,.T.);
#5657=FACE_BOUND('',#5289,.T.);
#5658=FACE_BOUND('',#5290,.T.);
#5659=FACE_BOUND('',#5291,.T.);
#5660=FACE_BOUND('',#5292,.T.);
#5661=FACE_BOUND('',#5293,.T.);
#5662=FACE_BOUND('',#5294,.T.);
#5663=FACE_BOUND('',#5295,.T.);
#5664=FACE_BOUND('',#5296,.T.);
#5665=FACE_BOUND('',#5297,.T.);
#5666=FACE_BOUND('',#5298,.T.);
#5667=FACE_BOUND('',#5299,.T.);
#5668=FACE_BOUND('',#5300,.T.);
#5669=FACE_BOUND('',#5301,.T.);
#5670=FACE_BOUND('',#5302,.T.);
#5671=FACE_BOUND('',#5303,.T.);
#5672=FACE_BOUND('',#5304,.T.);
#5673=FACE_BOUND('',#5305,.T.);
#5674=FACE_BOUND('',#5306,.T.);
#5675=FACE_BOUND('',#5307,.T.);
#5676=FACE_BOUND('',#5308,.T.);
#5677=FACE_BOUND('',#5309,.T.);
#5678=FACE_BOUND('',#5310,.T.);
#5679=FACE_BOUND('',#5311,.T.);
#5680=FACE_BOUND('',#5312,.T.);
#5681=FACE_BOUND('',#5313,.T.);
#5682=FACE_BOUND('',#5314,.T.);
#5683=FACE_BOUND('',#5315,.T.);
#5684=FACE_BOUND('',#5316,.T.);
#5685=FACE_BOUND('',#5317,.T.);
#5686=FACE_BOUND('',#5318,.T.);
#5687=FACE_BOUND('',#5319,.T.);
#5688=FACE_BOUND('',#5320,.T.);
#5689=FACE_BOUND('',#5321,.T.);
#5690=FACE_BOUND('',#5322,.T.);
#5691=FACE_BOUND('',#5323,.T.);
#5692=FACE_BOUND('',#5324,.T.);
#5693=FACE_BOUND('',#5325,.T.);
#5694=FACE_BOUND('',#5326,.T.);
#5695=FACE_BOUND('',#5327,.T.);
#5696=FACE_BOUND('',#5328,.T.);
#5697=FACE_BOUND('',#5329,.T.);
#5698=FACE_BOUND('',#5330,.T.);
#5699=FACE_BOUND('',#5331,.T.);
#5700=FACE_BOUND('',#5332,.T.);
#5701=FACE_BOUND('',#5333,.T.);
#5702=FACE_BOUND('',#5334,.T.);
#5703=FACE_BOUND('',#5335,.T.);
#5704=FACE_BOUND('',#5336,.T.);
#5705=FACE_BOUND('',#5337,.T.);
#5706=FACE_BOUND('',#5338,.T.);
#5707=FACE_BOUND('',#5339,.T.);
#5708=FACE_BOUND('',#5340,.T.);
#5709=FACE_BOUND('',#5341,.T.);
#5710=FACE_BOUND('',#5342,.T.);
#5711=FACE_BOUND('',#5343,.T.);
#5712=FACE_BOUND('',#5344,.T.);
#5713=FACE_BOUND('',#5345,.T.);
#5714=FACE_BOUND('',#5346,.T.);
#5715=FACE_BOUND('',#5347,.T.);
#5716=FACE_BOUND('',#5348,.T.);
#5717=FACE_BOUND('',#5349,.T.);
#5718=FACE_BOUND('',#5350,.T.);
#5719=FACE_BOUND('',#5351,.T.);
#5720=FACE_BOUND('',#5352,.T.);
#5721=FACE_BOUND('',#5353,.T.);
#5722=FACE_BOUND('',#5354,.T.);
#5723=FACE_BOUND('',#5355,.T.);
#5724=FACE_BOUND('',#5356,.T.);
#5725=FACE_BOUND('',#5357,.T.);
#5726=FACE_BOUND('',#5358,.T.);
#5727=FACE_BOUND('',#5359,.T.);
#5728=FACE_BOUND('',#5360,.T.);
#5729=FACE_BOUND('',#5361,.T.);
#5730=FACE_BOUND('',#5362,.T.);
#5731=FACE_BOUND('',#5363,.T.);
#5732=FACE_BOUND('',#5364,.T.);
#5733=FACE_BOUND('',#5365,.T.);
#5734=FACE_BOUND('',#5366,.T.);
#5735=FACE_BOUND('',#5367,.T.);
#5736=FACE_BOUND('',#5368,.T.);
#5737=FACE_BOUND('',#5369,.T.);
#5738=FACE_BOUND('',#5370,.T.);
#5739=FACE_BOUND('',#5371,.T.);
#5740=FACE_BOUND('',#5372,.T.);
#5741=FACE_BOUND('',#5373,.T.);
#5742=FACE_BOUND('',#5374,.T.);
#5743=FACE_BOUND('',#5375,.T.);
#5744=FACE_BOUND('',#5376,.T.);
#5745=FACE_BOUND('',#5377,.T.);
#5746=FACE_BOUND('',#5378,.T.);
#5747=FACE_BOUND('',#5379,.T.);
#5748=FACE_BOUND('',#5380,.T.);
#5749=FACE_BOUND('',#5381,.T.);
#5750=FACE_BOUND('',#5382,.T.);
#5751=FACE_BOUND('',#5383,.T.);
#5752=FACE_BOUND('',#5384,.T.);
#5753=FACE_BOUND('',#5385,.T.);
#5754=FACE_BOUND('',#5386,.T.);
#5755=FACE_BOUND('',#5387,.T.);
#5756=FACE_BOUND('',#5388,.T.);
#5757=FACE_BOUND('',#5389,.T.);
#5758=FACE_BOUND('',#5390,.T.);
#5759=FACE_BOUND('',#5391,.T.);
#5760=FACE_BOUND('',#5392,.T.);
#5761=FACE_BOUND('',#5393,.T.);
#5762=FACE_BOUND('',#5394,.T.);
#5763=FACE_BOUND('',#5395,.T.);
#5764=FACE_BOUND('',#5396,.T.);
#5765=FACE_BOUND('',#5397,.T.);
#5766=FACE_BOUND('',#5398,.T.);
#5767=FACE_BOUND('',#5399,.T.);
#5768=FACE_BOUND('',#5400,.T.);
#5769=FACE_BOUND('',#5401,.T.);
#5770=FACE_BOUND('',#5402,.T.);
#5771=FACE_BOUND('',#5403,.T.);
#5772=FACE_BOUND('',#5404,.T.);
#5773=FACE_BOUND('',#5405,.T.);
#5774=FACE_BOUND('',#5406,.T.);
#5775=FACE_BOUND('',#5407,.T.);
#5776=FACE_BOUND('',#5408,.T.);
#5777=FACE_BOUND('',#5409,.T.);
#5778=FACE_BOUND('',#5410,.T.);
#5779=FACE_BOUND('',#5411,.T.);
#5780=FACE_BOUND('',#5412,.T.);
#5781=FACE_BOUND('',#5413,.T.);
#5782=FACE_BOUND('',#5414,.T.);
#5783=FACE_BOUND('',#5415,.T.);
#5784=FACE_BOUND('',#5416,.T.);
#5785=FACE_BOUND('',#5417,.T.);
#5786=FACE_BOUND('',#5418,.T.);
#5787=FACE_BOUND('',#5419,.T.);
#5788=FACE_BOUND('',#5420,.T.);
#5789=FACE_BOUND('',#5421,.T.);
#5790=FACE_BOUND('',#5422,.T.);
#5791=FACE_BOUND('',#5423,.T.);
#5792=FACE_BOUND('',#5424,.T.);
#5793=PLANE('',#6245);
#5794=PLANE('',#6316);
#5795=PLANE('',#6348);
#5796=PLANE('',#6351);
#5797=PLANE('',#6352);
#5798=PLANE('',#6353);
#5799=PLANE('',#6354);
#5800=PLANE('',#6355);
#5801=PLANE('',#6356);
#5802=PLANE('',#6357);
#5803=PLANE('',#6358);
#5804=PLANE('',#6359);
#5805=PLANE('',#6360);
#5806=PLANE('',#6361);
#5807=PLANE('',#6362);
#5808=PLANE('',#6363);
#5809=PLANE('',#6364);
#5810=PLANE('',#6365);
#5811=PLANE('',#6366);
#5812=PLANE('',#6367);
#5813=PLANE('',#6368);
#5814=PLANE('',#6369);
#5815=PLANE('',#6370);
#5816=PLANE('',#6373);
#5817=PLANE('',#6407);
#5818=PLANE('',#6414);
#5819=PLANE('',#6417);
#5820=PLANE('',#6418);
#5821=PLANE('',#6419);
#5822=PLANE('',#6420);
#5823=PLANE('',#6421);
#5824=PLANE('',#6422);
#5825=PLANE('',#6423);
#5826=PLANE('',#6428);
#5827=PLANE('',#6429);
#5828=PLANE('',#6430);
#5829=PLANE('',#6431);
#5830=PLANE('',#6432);
#5831=PLANE('',#6433);
#5832=PLANE('',#6436);
#5833=PLANE('',#6437);
#5834=PLANE('',#6438);
#5835=PLANE('',#6439);
#5836=PLANE('',#6440);
#5837=PLANE('',#6441);
#5838=PLANE('',#6442);
#5839=PLANE('',#6443);
#5840=PLANE('',#6446);
#5841=PLANE('',#6447);
#5842=PLANE('',#6448);
#5843=PLANE('',#6449);
#5844=PLANE('',#6450);
#5845=PLANE('',#6451);
#5846=PLANE('',#6452);
#5847=PLANE('',#6453);
#5848=PLANE('',#6454);
#5849=PLANE('',#6455);
#5850=PLANE('',#6456);
#5851=PLANE('',#6457);
#5852=PLANE('',#6458);
#5853=PLANE('',#6459);
#5854=PLANE('',#6462);
#5855=PLANE('',#6469);
#5856=PLANE('',#6470);
#5857=PLANE('',#6471);
#5858=PLANE('',#6472);
#5859=PLANE('',#6473);
#5860=PLANE('',#6474);
#5861=PLANE('',#6475);
#5862=PLANE('',#6476);
#5863=PLANE('',#6477);
#5864=PLANE('',#6478);
#5865=PLANE('',#6479);
#5866=PLANE('',#6480);
#5867=PLANE('',#6481);
#5868=PLANE('',#6482);
#5869=PLANE('',#6483);
#5870=PLANE('',#6484);
#5871=PLANE('',#6485);
#5872=PLANE('',#6486);
#5873=PLANE('',#6489);
#5874=PLANE('',#6493);
#5875=PLANE('',#6499);
#5876=PLANE('',#6500);
#5877=PLANE('',#6501);
#5878=PLANE('',#6502);
#5879=PLANE('',#6503);
#5880=PLANE('',#6504);
#5881=PLANE('',#6505);
#5882=PLANE('',#6556);
#5883=PLANE('',#6561);
#5884=PLANE('',#6566);
#5885=PLANE('',#6571);
#5886=PLANE('',#6576);
#5887=PLANE('',#6581);
#5888=PLANE('',#6586);
#5889=PLANE('',#6591);
#5890=PLANE('',#6596);
#5891=PLANE('',#6605);
#5892=ADVANCED_FACE('',(#5425,#5426),#5793,.F.);
#5893=ADVANCED_FACE('',(#5427),#585,.F.);
#5894=ADVANCED_FACE('',(#5428),#586,.F.);
#5895=ADVANCED_FACE('',(#5429),#587,.F.);
#5896=ADVANCED_FACE('',(#5430),#588,.F.);
#5897=ADVANCED_FACE('',(#5431),#589,.F.);
#5898=ADVANCED_FACE('',(#5432),#590,.F.);
#5899=ADVANCED_FACE('',(#5433),#591,.F.);
#5900=ADVANCED_FACE('',(#5434),#592,.F.);
#5901=ADVANCED_FACE('',(#5435),#593,.F.);
#5902=ADVANCED_FACE('',(#5436),#594,.F.);
#5903=ADVANCED_FACE('',(#5437,#5438,#5439,#5440,#5441,#5442,#5443,#5444,
#5445,#5446,#5447,#5448),#5794,.T.);
#5904=ADVANCED_FACE('',(#5449,#5450),#5795,.F.);
#5905=ADVANCED_FACE('',(#5451),#5796,.F.);
#5906=ADVANCED_FACE('',(#5452),#5797,.F.);
#5907=ADVANCED_FACE('',(#5453),#5798,.F.);
#5908=ADVANCED_FACE('',(#5454),#5799,.F.);
#5909=ADVANCED_FACE('',(#5455),#5800,.F.);
#5910=ADVANCED_FACE('',(#5456),#5801,.F.);
#5911=ADVANCED_FACE('',(#5457),#5802,.F.);
#5912=ADVANCED_FACE('',(#5458),#5803,.F.);
#5913=ADVANCED_FACE('',(#5459),#5804,.F.);
#5914=ADVANCED_FACE('',(#5460),#5805,.F.);
#5915=ADVANCED_FACE('',(#5461),#5806,.F.);
#5916=ADVANCED_FACE('',(#5462),#5807,.F.);
#5917=ADVANCED_FACE('',(#5463),#5808,.F.);
#5918=ADVANCED_FACE('',(#5464),#5809,.F.);
#5919=ADVANCED_FACE('',(#5465),#5810,.F.);
#5920=ADVANCED_FACE('',(#5466),#5811,.F.);
#5921=ADVANCED_FACE('',(#5467),#5812,.F.);
#5922=ADVANCED_FACE('',(#5468),#5813,.F.);
#5923=ADVANCED_FACE('',(#5469),#5814,.F.);
#5924=ADVANCED_FACE('',(#5470),#5815,.F.);
#5925=ADVANCED_FACE('',(#5471,#5472),#595,.F.);
#5926=ADVANCED_FACE('',(#5473,#5474),#5816,.F.);
#5927=ADVANCED_FACE('',(#5475),#596,.F.);
#5928=ADVANCED_FACE('',(#5476),#597,.F.);
#5929=ADVANCED_FACE('',(#5477),#598,.F.);
#5930=ADVANCED_FACE('',(#5478),#599,.F.);
#5931=ADVANCED_FACE('',(#5479),#600,.F.);
#5932=ADVANCED_FACE('',(#5480),#601,.F.);
#5933=ADVANCED_FACE('',(#5481),#602,.F.);
#5934=ADVANCED_FACE('',(#5482),#603,.F.);
#5935=ADVANCED_FACE('',(#5483),#604,.F.);
#5936=ADVANCED_FACE('',(#5484),#605,.F.);
#5937=ADVANCED_FACE('',(#5485),#606,.T.);
#5938=ADVANCED_FACE('',(#5486),#607,.T.);
#5939=ADVANCED_FACE('',(#5487),#608,.T.);
#5940=ADVANCED_FACE('',(#5488),#609,.T.);
#5941=ADVANCED_FACE('',(#5489),#610,.T.);
#5942=ADVANCED_FACE('',(#5490),#611,.T.);
#5943=ADVANCED_FACE('',(#5491),#612,.T.);
#5944=ADVANCED_FACE('',(#5492),#613,.T.);
#5945=ADVANCED_FACE('',(#5493),#614,.T.);
#5946=ADVANCED_FACE('',(#5494),#615,.T.);
#5947=ADVANCED_FACE('',(#5495,#5496),#616,.T.);
#5948=ADVANCED_FACE('',(#5497,#5498),#5817,.T.);
#5949=ADVANCED_FACE('',(#5499,#5500),#175,.T.);
#5950=ADVANCED_FACE('',(#5501,#5502),#176,.F.);
#5951=ADVANCED_FACE('',(#5503,#5504),#5818,.F.);
#5952=ADVANCED_FACE('',(#5505,#5506),#177,.T.);
#5953=ADVANCED_FACE('',(#5507,#5508),#178,.F.);
#5954=ADVANCED_FACE('',(#5509),#5819,.T.);
#5955=ADVANCED_FACE('',(#5510),#5820,.T.);
#5956=ADVANCED_FACE('',(#5511),#5821,.T.);
#5957=ADVANCED_FACE('',(#5512),#5822,.T.);
#5958=ADVANCED_FACE('',(#5513),#5823,.T.);
#5959=ADVANCED_FACE('',(#5514),#5824,.T.);
#5960=ADVANCED_FACE('',(#5515),#5825,.T.);
#5961=ADVANCED_FACE('',(#5516),#22,.T.);
#5962=ADVANCED_FACE('',(#5517),#23,.T.);
#5963=ADVANCED_FACE('',(#5518),#24,.T.);
#5964=ADVANCED_FACE('',(#5519),#25,.T.);
#5965=ADVANCED_FACE('',(#5520),#26,.T.);
#5966=ADVANCED_FACE('',(#5521),#27,.T.);
#5967=ADVANCED_FACE('',(#5522),#28,.T.);
#5968=ADVANCED_FACE('',(#5523),#29,.T.);
#5969=ADVANCED_FACE('',(#5524),#30,.T.);
#5970=ADVANCED_FACE('',(#5525),#31,.T.);
#5971=ADVANCED_FACE('',(#5526),#32,.T.);
#5972=ADVANCED_FACE('',(#5527),#33,.T.);
#5973=ADVANCED_FACE('',(#5528),#34,.T.);
#5974=ADVANCED_FACE('',(#5529),#35,.T.);
#5975=ADVANCED_FACE('',(#5530),#36,.T.);
#5976=ADVANCED_FACE('',(#5531),#37,.T.);
#5977=ADVANCED_FACE('',(#5532),#38,.T.);
#5978=ADVANCED_FACE('',(#5533),#39,.T.);
#5979=ADVANCED_FACE('',(#5534),#40,.T.);
#5980=ADVANCED_FACE('',(#5535),#41,.T.);
#5981=ADVANCED_FACE('',(#5536),#42,.T.);
#5982=ADVANCED_FACE('',(#5537),#43,.T.);
#5983=ADVANCED_FACE('',(#5538),#44,.T.);
#5984=ADVANCED_FACE('',(#5539),#45,.T.);
#5985=ADVANCED_FACE('',(#5540),#46,.T.);
#5986=ADVANCED_FACE('',(#5541),#47,.T.);
#5987=ADVANCED_FACE('',(#5542),#48,.T.);
#5988=ADVANCED_FACE('',(#5543),#617,.F.);
#5989=ADVANCED_FACE('',(#5544),#49,.T.);
#5990=ADVANCED_FACE('',(#5545),#50,.T.);
#5991=ADVANCED_FACE('',(#5546),#51,.T.);
#5992=ADVANCED_FACE('',(#5547),#52,.T.);
#5993=ADVANCED_FACE('',(#5548),#618,.F.);
#5994=ADVANCED_FACE('',(#5549),#53,.T.);
#5995=ADVANCED_FACE('',(#5550),#54,.T.);
#5996=ADVANCED_FACE('',(#5551),#55,.T.);
#5997=ADVANCED_FACE('',(#5552,#5553,#5554),#5826,.T.);
#5998=ADVANCED_FACE('',(#5555),#5827,.T.);
#5999=ADVANCED_FACE('',(#5556),#56,.T.);
#6000=ADVANCED_FACE('',(#5557),#5828,.T.);
#6001=ADVANCED_FACE('',(#5558),#5829,.T.);
#6002=ADVANCED_FACE('',(#5559),#5830,.T.);
#6003=ADVANCED_FACE('',(#5560),#5831,.T.);
#6004=ADVANCED_FACE('',(#5561),#57,.T.);
#6005=ADVANCED_FACE('',(#5562),#619,.F.);
#6006=ADVANCED_FACE('',(#5563),#58,.T.);
#6007=ADVANCED_FACE('',(#5564),#59,.T.);
#6008=ADVANCED_FACE('',(#5565),#60,.T.);
#6009=ADVANCED_FACE('',(#5566),#61,.T.);
#6010=ADVANCED_FACE('',(#5567),#62,.T.);
#6011=ADVANCED_FACE('',(#5568),#5832,.T.);
#6012=ADVANCED_FACE('',(#5569),#63,.T.);
#6013=ADVANCED_FACE('',(#5570),#64,.T.);
#6014=ADVANCED_FACE('',(#5571),#65,.T.);
#6015=ADVANCED_FACE('',(#5572),#66,.T.);
#6016=ADVANCED_FACE('',(#5573),#67,.T.);
#6017=ADVANCED_FACE('',(#5574),#68,.T.);
#6018=ADVANCED_FACE('',(#5575),#5833,.T.);
#6019=ADVANCED_FACE('',(#5576),#69,.T.);
#6020=ADVANCED_FACE('',(#5577),#5834,.T.);
#6021=ADVANCED_FACE('',(#5578),#70,.T.);
#6022=ADVANCED_FACE('',(#5579),#71,.T.);
#6023=ADVANCED_FACE('',(#5580),#72,.T.);
#6024=ADVANCED_FACE('',(#5581),#73,.T.);
#6025=ADVANCED_FACE('',(#5582),#74,.T.);
#6026=ADVANCED_FACE('',(#5583),#75,.T.);
#6027=ADVANCED_FACE('',(#5584),#5835,.T.);
#6028=ADVANCED_FACE('',(#5585),#5836,.T.);
#6029=ADVANCED_FACE('',(#5586),#5837,.T.);
#6030=ADVANCED_FACE('',(#5587),#76,.T.);
#6031=ADVANCED_FACE('',(#5588),#77,.T.);
#6032=ADVANCED_FACE('',(#5589),#78,.T.);
#6033=ADVANCED_FACE('',(#5590),#79,.T.);
#6034=ADVANCED_FACE('',(#5591),#80,.T.);
#6035=ADVANCED_FACE('',(#5592),#81,.T.);
#6036=ADVANCED_FACE('',(#5593),#5838,.T.);
#6037=ADVANCED_FACE('',(#5594),#82,.T.);
#6038=ADVANCED_FACE('',(#5595),#83,.T.);
#6039=ADVANCED_FACE('',(#5596),#84,.T.);
#6040=ADVANCED_FACE('',(#5597),#85,.T.);
#6041=ADVANCED_FACE('',(#5598),#86,.T.);
#6042=ADVANCED_FACE('',(#5599),#87,.T.);
#6043=ADVANCED_FACE('',(#5600),#88,.T.);
#6044=ADVANCED_FACE('',(#5601),#5839,.T.);
#6045=ADVANCED_FACE('',(#5602),#620,.F.);
#6046=ADVANCED_FACE('',(#5603),#89,.T.);
#6047=ADVANCED_FACE('',(#5604),#90,.T.);
#6048=ADVANCED_FACE('',(#5605),#91,.T.);
#6049=ADVANCED_FACE('',(#5606),#92,.T.);
#6050=ADVANCED_FACE('',(#5607),#93,.T.);
#6051=ADVANCED_FACE('',(#5608),#5840,.T.);
#6052=ADVANCED_FACE('',(#5609),#5841,.T.);
#6053=ADVANCED_FACE('',(#5610),#5842,.T.);
#6054=ADVANCED_FACE('',(#5611),#5843,.T.);
#6055=ADVANCED_FACE('',(#5612),#5844,.T.);
#6056=ADVANCED_FACE('',(#5613),#5845,.T.);
#6057=ADVANCED_FACE('',(#5614),#5846,.T.);
#6058=ADVANCED_FACE('',(#5615),#5847,.T.);
#6059=ADVANCED_FACE('',(#5616),#5848,.T.);
#6060=ADVANCED_FACE('',(#5617),#5849,.T.);
#6061=ADVANCED_FACE('',(#5618),#5850,.T.);
#6062=ADVANCED_FACE('',(#5619),#5851,.T.);
#6063=ADVANCED_FACE('',(#5620),#5852,.T.);
#6064=ADVANCED_FACE('',(#5621),#5853,.T.);
#6065=ADVANCED_FACE('',(#5622),#621,.T.);
#6066=ADVANCED_FACE('',(#5623),#94,.T.);
#6067=ADVANCED_FACE('',(#5624),#95,.T.);
#6068=ADVANCED_FACE('',(#5625),#96,.T.);
#6069=ADVANCED_FACE('',(#5626),#97,.T.);
#6070=ADVANCED_FACE('',(#5627),#98,.T.);
#6071=ADVANCED_FACE('',(#5628),#99,.T.);
#6072=ADVANCED_FACE('',(#5629),#100,.T.);
#6073=ADVANCED_FACE('',(#5630),#5854,.T.);
#6074=ADVANCED_FACE('',(#5631),#101,.T.);
#6075=ADVANCED_FACE('',(#5632),#102,.T.);
#6076=ADVANCED_FACE('',(#5633),#103,.T.);
#6077=ADVANCED_FACE('',(#5634),#622,.F.);
#6078=ADVANCED_FACE('',(#5635),#104,.T.);
#6079=ADVANCED_FACE('',(#5636),#623,.F.);
#6080=ADVANCED_FACE('',(#5637),#105,.T.);
#6081=ADVANCED_FACE('',(#5638),#106,.T.);
#6082=ADVANCED_FACE('',(#5639),#624,.F.);
#6083=ADVANCED_FACE('',(#5640),#107,.T.);
#6084=ADVANCED_FACE('',(#5641),#5855,.T.);
#6085=ADVANCED_FACE('',(#5642),#5856,.T.);
#6086=ADVANCED_FACE('',(#5643),#5857,.T.);
#6087=ADVANCED_FACE('',(#5644),#5858,.T.);
#6088=ADVANCED_FACE('',(#5645),#5859,.T.);
#6089=ADVANCED_FACE('',(#5646),#5860,.T.);
#6090=ADVANCED_FACE('',(#5647),#5861,.T.);
#6091=ADVANCED_FACE('',(#5648),#5862,.T.);
#6092=ADVANCED_FACE('',(#5649),#5863,.T.);
#6093=ADVANCED_FACE('',(#5650),#5864,.T.);
#6094=ADVANCED_FACE('',(#5651),#5865,.T.);
#6095=ADVANCED_FACE('',(#5652),#5866,.T.);
#6096=ADVANCED_FACE('',(#5653),#5867,.T.);
#6097=ADVANCED_FACE('',(#5654),#5868,.T.);
#6098=ADVANCED_FACE('',(#5655),#5869,.T.);
#6099=ADVANCED_FACE('',(#5656),#5870,.T.);
#6100=ADVANCED_FACE('',(#5657,#5658),#5871,.T.);
#6101=ADVANCED_FACE('',(#5659),#108,.T.);
#6102=ADVANCED_FACE('',(#5660),#109,.T.);
#6103=ADVANCED_FACE('',(#5661),#110,.T.);
#6104=ADVANCED_FACE('',(#5662),#111,.T.);
#6105=ADVANCED_FACE('',(#5663),#112,.T.);
#6106=ADVANCED_FACE('',(#5664),#113,.T.);
#6107=ADVANCED_FACE('',(#5665),#114,.T.);
#6108=ADVANCED_FACE('',(#5666),#115,.T.);
#6109=ADVANCED_FACE('',(#5667),#5872,.T.);
#6110=ADVANCED_FACE('',(#5668),#116,.T.);
#6111=ADVANCED_FACE('',(#5669),#117,.T.);
#6112=ADVANCED_FACE('',(#5670),#118,.T.);
#6113=ADVANCED_FACE('',(#5671),#119,.T.);
#6114=ADVANCED_FACE('',(#5672),#120,.T.);
#6115=ADVANCED_FACE('',(#5673),#121,.T.);
#6116=ADVANCED_FACE('',(#5674),#122,.T.);
#6117=ADVANCED_FACE('',(#5675),#123,.T.);
#6118=ADVANCED_FACE('',(#5676),#124,.T.);
#6119=ADVANCED_FACE('',(#5677),#125,.T.);
#6120=ADVANCED_FACE('',(#5678),#625,.F.);
#6121=ADVANCED_FACE('',(#5679),#126,.T.);
#6122=ADVANCED_FACE('',(#5680),#127,.T.);
#6123=ADVANCED_FACE('',(#5681),#128,.T.);
#6124=ADVANCED_FACE('',(#5682),#129,.T.);
#6125=ADVANCED_FACE('',(#5683),#130,.T.);
#6126=ADVANCED_FACE('',(#5684),#131,.T.);
#6127=ADVANCED_FACE('',(#5685),#132,.T.);
#6128=ADVANCED_FACE('',(#5686,#5687),#5873,.T.);
#6129=ADVANCED_FACE('',(#5688),#626,.T.);
#6130=ADVANCED_FACE('',(#5689),#133,.T.);
#6131=ADVANCED_FACE('',(#5690),#134,.T.);
#6132=ADVANCED_FACE('',(#5691),#135,.T.);
#6133=ADVANCED_FACE('',(#5692),#136,.T.);
#6134=ADVANCED_FACE('',(#5693),#137,.T.);
#6135=ADVANCED_FACE('',(#5694),#138,.T.);
#6136=ADVANCED_FACE('',(#5695),#139,.T.);
#6137=ADVANCED_FACE('',(#5696),#140,.T.);
#6138=ADVANCED_FACE('',(#5697),#5874,.T.);
#6139=ADVANCED_FACE('',(#5698),#141,.T.);
#6140=ADVANCED_FACE('',(#5699),#142,.T.);
#6141=ADVANCED_FACE('',(#5700),#143,.T.);
#6142=ADVANCED_FACE('',(#5701),#144,.T.);
#6143=ADVANCED_FACE('',(#5702),#145,.T.);
#6144=ADVANCED_FACE('',(#5703),#146,.T.);
#6145=ADVANCED_FACE('',(#5704),#147,.T.);
#6146=ADVANCED_FACE('',(#5705),#627,.F.);
#6147=ADVANCED_FACE('',(#5706),#148,.T.);
#6148=ADVANCED_FACE('',(#5707),#149,.T.);
#6149=ADVANCED_FACE('',(#5708),#150,.T.);
#6150=ADVANCED_FACE('',(#5709),#151,.T.);
#6151=ADVANCED_FACE('',(#5710),#152,.T.);
#6152=ADVANCED_FACE('',(#5711),#153,.T.);
#6153=ADVANCED_FACE('',(#5712),#154,.T.);
#6154=ADVANCED_FACE('',(#5713),#628,.T.);
#6155=ADVANCED_FACE('',(#5714,#5715),#5875,.T.);
#6156=ADVANCED_FACE('',(#5716),#155,.T.);
#6157=ADVANCED_FACE('',(#5717),#156,.T.);
#6158=ADVANCED_FACE('',(#5718),#157,.T.);
#6159=ADVANCED_FACE('',(#5719),#158,.T.);
#6160=ADVANCED_FACE('',(#5720),#159,.T.);
#6161=ADVANCED_FACE('',(#5721),#160,.T.);
#6162=ADVANCED_FACE('',(#5722),#161,.T.);
#6163=ADVANCED_FACE('',(#5723),#162,.T.);
#6164=ADVANCED_FACE('',(#5724),#163,.T.);
#6165=ADVANCED_FACE('',(#5725),#164,.T.);
#6166=ADVANCED_FACE('',(#5726),#165,.T.);
#6167=ADVANCED_FACE('',(#5727),#166,.T.);
#6168=ADVANCED_FACE('',(#5728),#167,.T.);
#6169=ADVANCED_FACE('',(#5729),#168,.T.);
#6170=ADVANCED_FACE('',(#5730),#169,.T.);
#6171=ADVANCED_FACE('',(#5731),#170,.T.);
#6172=ADVANCED_FACE('',(#5732),#171,.T.);
#6173=ADVANCED_FACE('',(#5733),#172,.T.);
#6174=ADVANCED_FACE('',(#5734),#173,.T.);
#6175=ADVANCED_FACE('',(#5735),#174,.T.);
#6176=ADVANCED_FACE('',(#5736,#5737),#5876,.T.);
#6177=ADVANCED_FACE('',(#5738),#5877,.T.);
#6178=ADVANCED_FACE('',(#5739),#5878,.T.);
#6179=ADVANCED_FACE('',(#5740),#5879,.T.);
#6180=ADVANCED_FACE('',(#5741),#5880,.T.);
#6181=ADVANCED_FACE('',(#5742),#5881,.T.);
#6182=ADVANCED_FACE('',(#5743),#629,.F.);
#6183=ADVANCED_FACE('',(#5744),#630,.F.);
#6184=ADVANCED_FACE('',(#5745),#631,.F.);
#6185=ADVANCED_FACE('',(#5746),#632,.F.);
#6186=ADVANCED_FACE('',(#5747),#633,.F.);
#6187=ADVANCED_FACE('',(#5748),#634,.F.);
#6188=ADVANCED_FACE('',(#5749),#635,.F.);
#6189=ADVANCED_FACE('',(#5750),#636,.F.);
#6190=ADVANCED_FACE('',(#5751),#637,.F.);
#6191=ADVANCED_FACE('',(#5752),#638,.F.);
#6192=ADVANCED_FACE('',(#5753),#12,.F.);
#6193=ADVANCED_FACE('',(#5754),#13,.F.);
#6194=ADVANCED_FACE('',(#5755),#14,.F.);
#6195=ADVANCED_FACE('',(#5756),#15,.F.);
#6196=ADVANCED_FACE('',(#5757),#16,.F.);
#6197=ADVANCED_FACE('',(#5758),#17,.F.);
#6198=ADVANCED_FACE('',(#5759),#18,.F.);
#6199=ADVANCED_FACE('',(#5760),#19,.F.);
#6200=ADVANCED_FACE('',(#5761),#20,.F.);
#6201=ADVANCED_FACE('',(#5762),#21,.F.);
#6202=ADVANCED_FACE('',(#5763),#5882,.T.);
#6203=ADVANCED_FACE('',(#5764),#179,.T.);
#6204=ADVANCED_FACE('',(#5765),#180,.F.);
#6205=ADVANCED_FACE('',(#5766),#5883,.T.);
#6206=ADVANCED_FACE('',(#5767),#181,.T.);
#6207=ADVANCED_FACE('',(#5768),#182,.F.);
#6208=ADVANCED_FACE('',(#5769),#5884,.T.);
#6209=ADVANCED_FACE('',(#5770),#183,.T.);
#6210=ADVANCED_FACE('',(#5771),#184,.F.);
#6211=ADVANCED_FACE('',(#5772),#5885,.T.);
#6212=ADVANCED_FACE('',(#5773),#185,.T.);
#6213=ADVANCED_FACE('',(#5774),#186,.F.);
#6214=ADVANCED_FACE('',(#5775),#5886,.T.);
#6215=ADVANCED_FACE('',(#5776),#187,.T.);
#6216=ADVANCED_FACE('',(#5777),#188,.F.);
#6217=ADVANCED_FACE('',(#5778),#5887,.T.);
#6218=ADVANCED_FACE('',(#5779),#189,.T.);
#6219=ADVANCED_FACE('',(#5780),#190,.F.);
#6220=ADVANCED_FACE('',(#5781),#5888,.T.);
#6221=ADVANCED_FACE('',(#5782),#191,.T.);
#6222=ADVANCED_FACE('',(#5783),#192,.F.);
#6223=ADVANCED_FACE('',(#5784),#5889,.T.);
#6224=ADVANCED_FACE('',(#5785),#193,.T.);
#6225=ADVANCED_FACE('',(#5786),#194,.F.);
#6226=ADVANCED_FACE('',(#5787),#5890,.T.);
#6227=ADVANCED_FACE('',(#5788),#195,.T.);
#6228=ADVANCED_FACE('',(#5789),#196,.F.);
#6229=ADVANCED_FACE('',(#5790),#197,.F.);
#6230=ADVANCED_FACE('',(#5791),#198,.T.);
#6231=ADVANCED_FACE('',(#5792),#5891,.T.);
#6232=CLOSED_SHELL('',(#5892,#5893,#5894,#5895,#5896,#5897,#5898,#5899,
#5900,#5901,#5902,#5903,#5904,#5905,#5906,#5907,#5908,#5909,#5910,#5911,
#5912,#5913,#5914,#5915,#5916,#5917,#5918,#5919,#5920,#5921,#5922,#5923,
#5924,#5925,#5926,#5927,#5928,#5929,#5930,#5931,#5932,#5933,#5934,#5935,
#5936,#5937,#5938,#5939,#5940,#5941,#5942,#5943,#5944,#5945,#5946,#5947,
#5948,#5949,#5950,#5951,#5952,#5953,#5954,#5955,#5956,#5957,#5958,#5959,
#5960,#5961,#5962,#5963,#5964,#5965,#5966,#5967,#5968,#5969,#5970,#5971,
#5972,#5973,#5974,#5975,#5976,#5977,#5978,#5979,#5980,#5981,#5982,#5983,
#5984,#5985,#5986,#5987,#5988,#5989,#5990,#5991,#5992,#5993,#5994,#5995,
#5996,#5997,#5998,#5999,#6000,#6001,#6002,#6003,#6004,#6005,#6006,#6007,
#6008,#6009,#6010,#6011,#6012,#6013,#6014,#6015,#6016,#6017,#6018,#6019,
#6020,#6021,#6022,#6023,#6024,#6025,#6026,#6027,#6028,#6029,#6030,#6031,
#6032,#6033,#6034,#6035,#6036,#6037,#6038,#6039,#6040,#6041,#6042,#6043,
#6044,#6045,#6046,#6047,#6048,#6049,#6050,#6051,#6052,#6053,#6054,#6055,
#6056,#6057,#6058,#6059,#6060,#6061,#6062,#6063,#6064,#6065,#6066,#6067,
#6068,#6069,#6070,#6071,#6072,#6073,#6074,#6075,#6076,#6077,#6078,#6079,
#6080,#6081,#6082,#6083,#6084,#6085,#6086,#6087,#6088,#6089,#6090,#6091,
#6092,#6093,#6094,#6095,#6096,#6097,#6098,#6099,#6100,#6101,#6102,#6103,
#6104,#6105,#6106,#6107,#6108,#6109,#6110,#6111,#6112,#6113,#6114,#6115,
#6116,#6117,#6118,#6119,#6120,#6121,#6122,#6123,#6124,#6125,#6126,#6127,
#6128,#6129,#6130,#6131,#6132,#6133,#6134,#6135,#6136,#6137,#6138,#6139,
#6140,#6141,#6142,#6143,#6144,#6145,#6146,#6147,#6148,#6149,#6150,#6151,
#6152,#6153,#6154,#6155,#6156,#6157,#6158,#6159,#6160,#6161,#6162,#6163,
#6164,#6165,#6166,#6167,#6168,#6169,#6170,#6171,#6172,#6173,#6174,#6175,
#6176,#6177,#6178,#6179,#6180,#6181,#6182,#6183,#6184,#6185,#6186,#6187,
#6188,#6189,#6190,#6191,#6192,#6193,#6194,#6195,#6196,#6197,#6198,#6199,
#6200,#6201,#6202,#6203,#6204,#6205,#6206,#6207,#6208,#6209,#6210,#6211,
#6212,#6213,#6214,#6215,#6216,#6217,#6218,#6219,#6220,#6221,#6222,#6223,
#6224,#6225,#6226,#6227,#6228,#6229,#6230,#6231));
#6233=STYLED_ITEM('',(#6234),#6241);
#6234=PRESENTATION_STYLE_ASSIGNMENT((#6235));
#6235=SURFACE_STYLE_USAGE(.BOTH.,#6236);
#6236=SURFACE_SIDE_STYLE('',(#6237));
#6237=SURFACE_STYLE_FILL_AREA(#6238);
#6238=FILL_AREA_STYLE('',(#6239));
#6239=FILL_AREA_STYLE_COLOUR('',#6240);
#6240=COLOUR_RGB('',0.262745098039216,0.282352941176471,0.301960784313725);
#6241=MANIFOLD_SOLID_BREP('Wheel',#6232);
#6242=SHAPE_DEFINITION_REPRESENTATION(#11566,#6243);
#6243=SHAPE_REPRESENTATION('Wheel',(#6244),#11561);
#6244=AXIS2_PLACEMENT_3D('',#7716,#6606,#6607);
#6245=AXIS2_PLACEMENT_3D('',#7717,#6608,#6609);
#6246=AXIS2_PLACEMENT_3D('',#7721,#6611,#6612);
#6247=AXIS2_PLACEMENT_3D('',#7725,#6614,#6615);
#6248=AXIS2_PLACEMENT_3D('',#7729,#6617,#6618);
#6249=AXIS2_PLACEMENT_3D('',#7733,#6620,#6621);
#6250=AXIS2_PLACEMENT_3D('',#7737,#6623,#6624);
#6251=AXIS2_PLACEMENT_3D('',#7741,#6626,#6627);
#6252=AXIS2_PLACEMENT_3D('',#7745,#6629,#6630);
#6253=AXIS2_PLACEMENT_3D('',#7749,#6632,#6633);
#6254=AXIS2_PLACEMENT_3D('',#7753,#6635,#6636);
#6255=AXIS2_PLACEMENT_3D('',#7757,#6638,#6639);
#6256=AXIS2_PLACEMENT_3D('',#7761,#6641,#6642);
#6257=AXIS2_PLACEMENT_3D('',#7765,#6644,#6645);
#6258=AXIS2_PLACEMENT_3D('',#7769,#6647,#6648);
#6259=AXIS2_PLACEMENT_3D('',#7773,#6650,#6651);
#6260=AXIS2_PLACEMENT_3D('',#7777,#6653,#6654);
#6261=AXIS2_PLACEMENT_3D('',#7781,#6656,#6657);
#6262=AXIS2_PLACEMENT_3D('',#7785,#6659,#6660);
#6263=AXIS2_PLACEMENT_3D('',#7789,#6662,#6663);
#6264=AXIS2_PLACEMENT_3D('',#7793,#6665,#6666);
#6265=AXIS2_PLACEMENT_3D('',#7797,#6668,#6669);
#6266=AXIS2_PLACEMENT_3D('',#7798,#6670,#6671);
#6267=AXIS2_PLACEMENT_3D('',#7801,#6672,#6673);
#6268=AXIS2_PLACEMENT_3D('',#7803,#6674,#6675);
#6269=AXIS2_PLACEMENT_3D('',#7805,#6676,#6677);
#6270=AXIS2_PLACEMENT_3D('',#7807,#6678,#6679);
#6271=AXIS2_PLACEMENT_3D('',#7809,#6680,#6681);
#6272=AXIS2_PLACEMENT_3D('',#7811,#6682,#6683);
#6273=AXIS2_PLACEMENT_3D('',#7813,#6684,#6685);
#6274=AXIS2_PLACEMENT_3D('',#7815,#6686,#6687);
#6275=AXIS2_PLACEMENT_3D('',#7817,#6688,#6689);
#6276=AXIS2_PLACEMENT_3D('',#7819,#6690,#6691);
#6277=AXIS2_PLACEMENT_3D('',#7821,#6692,#6693);
#6278=AXIS2_PLACEMENT_3D('',#7823,#6694,#6695);
#6279=AXIS2_PLACEMENT_3D('',#7825,#6696,#6697);
#6280=AXIS2_PLACEMENT_3D('',#7827,#6698,#6699);
#6281=AXIS2_PLACEMENT_3D('',#7829,#6700,#6701);
#6282=AXIS2_PLACEMENT_3D('',#7831,#6702,#6703);
#6283=AXIS2_PLACEMENT_3D('',#7833,#6704,#6705);
#6284=AXIS2_PLACEMENT_3D('',#7835,#6706,#6707);
#6285=AXIS2_PLACEMENT_3D('',#7837,#6708,#6709);
#6286=AXIS2_PLACEMENT_3D('',#7838,#6710,#6711);
#6287=AXIS2_PLACEMENT_3D('',#7845,#6712,#6713);
#6288=AXIS2_PLACEMENT_3D('',#7852,#6714,#6715);
#6289=AXIS2_PLACEMENT_3D('',#7853,#6716,#6717);
#6290=AXIS2_PLACEMENT_3D('',#7860,#6718,#6719);
#6291=AXIS2_PLACEMENT_3D('',#7867,#6720,#6721);
#6292=AXIS2_PLACEMENT_3D('',#7868,#6722,#6723);
#6293=AXIS2_PLACEMENT_3D('',#7875,#6724,#6725);
#6294=AXIS2_PLACEMENT_3D('',#7882,#6726,#6727);
#6295=AXIS2_PLACEMENT_3D('',#7883,#6728,#6729);
#6296=AXIS2_PLACEMENT_3D('',#7890,#6730,#6731);
#6297=AXIS2_PLACEMENT_3D('',#7897,#6732,#6733);
#6298=AXIS2_PLACEMENT_3D('',#7898,#6734,#6735);
#6299=AXIS2_PLACEMENT_3D('',#7905,#6736,#6737);
#6300=AXIS2_PLACEMENT_3D('',#7912,#6738,#6739);
#6301=AXIS2_PLACEMENT_3D('',#7913,#6740,#6741);
#6302=AXIS2_PLACEMENT_3D('',#7920,#6742,#6743);
#6303=AXIS2_PLACEMENT_3D('',#7927,#6744,#6745);
#6304=AXIS2_PLACEMENT_3D('',#7928,#6746,#6747);
#6305=AXIS2_PLACEMENT_3D('',#7935,#6748,#6749);
#6306=AXIS2_PLACEMENT_3D('',#7942,#6750,#6751);
#6307=AXIS2_PLACEMENT_3D('',#7943,#6752,#6753);
#6308=AXIS2_PLACEMENT_3D('',#7950,#6754,#6755);
#6309=AXIS2_PLACEMENT_3D('',#7957,#6756,#6757);
#6310=AXIS2_PLACEMENT_3D('',#7958,#6758,#6759);
#6311=AXIS2_PLACEMENT_3D('',#7965,#6760,#6761);
#6312=AXIS2_PLACEMENT_3D('',#7972,#6762,#6763);
#6313=AXIS2_PLACEMENT_3D('',#7973,#6764,#6765);
#6314=AXIS2_PLACEMENT_3D('',#7980,#6766,#6767);
#6315=AXIS2_PLACEMENT_3D('',#7987,#6768,#6769);
#6316=AXIS2_PLACEMENT_3D('',#7988,#6770,#6771);
#6317=AXIS2_PLACEMENT_3D('',#8024,#6773,#6774);
#6318=AXIS2_PLACEMENT_3D('',#8090,#6793,#6794);
#6319=AXIS2_PLACEMENT_3D('',#8094,#6796,#6797);
#6320=AXIS2_PLACEMENT_3D('',#8098,#6799,#6800);
#6321=AXIS2_PLACEMENT_3D('',#8102,#6802,#6803);
#6322=AXIS2_PLACEMENT_3D('',#8106,#6805,#6806);
#6323=AXIS2_PLACEMENT_3D('',#8110,#6808,#6809);
#6324=AXIS2_PLACEMENT_3D('',#8114,#6811,#6812);
#6325=AXIS2_PLACEMENT_3D('',#8118,#6814,#6815);
#6326=AXIS2_PLACEMENT_3D('',#8122,#6817,#6818);
#6327=AXIS2_PLACEMENT_3D('',#8126,#6820,#6821);
#6328=AXIS2_PLACEMENT_3D('',#8130,#6823,#6824);
#6329=AXIS2_PLACEMENT_3D('',#8134,#6826,#6827);
#6330=AXIS2_PLACEMENT_3D('',#8138,#6829,#6830);
#6331=AXIS2_PLACEMENT_3D('',#8142,#6832,#6833);
#6332=AXIS2_PLACEMENT_3D('',#8146,#6835,#6836);
#6333=AXIS2_PLACEMENT_3D('',#8150,#6838,#6839);
#6334=AXIS2_PLACEMENT_3D('',#8154,#6841,#6842);
#6335=AXIS2_PLACEMENT_3D('',#8158,#6844,#6845);
#6336=AXIS2_PLACEMENT_3D('',#8162,#6847,#6848);
#6337=AXIS2_PLACEMENT_3D('',#8166,#6850,#6851);
#6338=AXIS2_PLACEMENT_3D('',#8167,#6852,#6853);
#6339=AXIS2_PLACEMENT_3D('',#8182,#6854,#6855);
#6340=AXIS2_PLACEMENT_3D('',#8200,#6856,#6857);
#6341=AXIS2_PLACEMENT_3D('',#8298,#6860,#6861);
#6342=AXIS2_PLACEMENT_3D('',#8336,#6866,#6867);
#6343=AXIS2_PLACEMENT_3D('',#8448,#6883,#6884);
#6344=AXIS2_PLACEMENT_3D('',#8458,#6885,#6886);
#6345=AXIS2_PLACEMENT_3D('',#8464,#6887,#6888);
#6346=AXIS2_PLACEMENT_3D('',#8508,#6890,#6891);
#6347=AXIS2_PLACEMENT_3D('',#8546,#6896,#6897);
#6348=AXIS2_PLACEMENT_3D('',#8619,#6898,#6899);
#6349=AXIS2_PLACEMENT_3D('',#8620,#6900,#6901);
#6350=AXIS2_PLACEMENT_3D('',#8622,#6902,#6903);
#6351=AXIS2_PLACEMENT_3D('',#8624,#6904,#6905);
#6352=AXIS2_PLACEMENT_3D('',#8627,#6908,#6909);
#6353=AXIS2_PLACEMENT_3D('',#8630,#6912,#6913);
#6354=AXIS2_PLACEMENT_3D('',#8633,#6916,#6917);
#6355=AXIS2_PLACEMENT_3D('',#8636,#6920,#6921);
#6356=AXIS2_PLACEMENT_3D('',#8639,#6924,#6925);
#6357=AXIS2_PLACEMENT_3D('',#8642,#6928,#6929);
#6358=AXIS2_PLACEMENT_3D('',#8645,#6932,#6933);
#6359=AXIS2_PLACEMENT_3D('',#8648,#6936,#6937);
#6360=AXIS2_PLACEMENT_3D('',#8651,#6940,#6941);
#6361=AXIS2_PLACEMENT_3D('',#8654,#6944,#6945);
#6362=AXIS2_PLACEMENT_3D('',#8657,#6948,#6949);
#6363=AXIS2_PLACEMENT_3D('',#8660,#6952,#6953);
#6364=AXIS2_PLACEMENT_3D('',#8663,#6956,#6957);
#6365=AXIS2_PLACEMENT_3D('',#8666,#6960,#6961);
#6366=AXIS2_PLACEMENT_3D('',#8669,#6964,#6965);
#6367=AXIS2_PLACEMENT_3D('',#8672,#6968,#6969);
#6368=AXIS2_PLACEMENT_3D('',#8675,#6972,#6973);
#6369=AXIS2_PLACEMENT_3D('',#8678,#6976,#6977);
#6370=AXIS2_PLACEMENT_3D('',#8681,#6980,#6981);
#6371=AXIS2_PLACEMENT_3D('',#8684,#6984,#6985);
#6372=AXIS2_PLACEMENT_3D('',#8685,#6986,#6987);
#6373=AXIS2_PLACEMENT_3D('',#8687,#6988,#6989);
#6374=AXIS2_PLACEMENT_3D('',#8688,#6990,#6991);
#6375=AXIS2_PLACEMENT_3D('',#8689,#6992,#6993);
#6376=AXIS2_PLACEMENT_3D('',#8690,#6994,#6995);
#6377=AXIS2_PLACEMENT_3D('',#8691,#6996,#6997);
#6378=AXIS2_PLACEMENT_3D('',#8692,#6998,#6999);
#6379=AXIS2_PLACEMENT_3D('',#8693,#7000,#7001);
#6380=AXIS2_PLACEMENT_3D('',#8694,#7002,#7003);
#6381=AXIS2_PLACEMENT_3D('',#8695,#7004,#7005);
#6382=AXIS2_PLACEMENT_3D('',#8696,#7006,#7007);
#6383=AXIS2_PLACEMENT_3D('',#8697,#7008,#7009);
#6384=AXIS2_PLACEMENT_3D('',#8698,#7010,#7011);
#6385=AXIS2_PLACEMENT_3D('',#8700,#7012,#7013);
#6386=AXIS2_PLACEMENT_3D('',#8701,#7014,#7015);
#6387=AXIS2_PLACEMENT_3D('',#8702,#7016,#7017);
#6388=AXIS2_PLACEMENT_3D('',#8703,#7018,#7019);
#6389=AXIS2_PLACEMENT_3D('',#8704,#7020,#7021);
#6390=AXIS2_PLACEMENT_3D('',#8705,#7022,#7023);
#6391=AXIS2_PLACEMENT_3D('',#8706,#7024,#7025);
#6392=AXIS2_PLACEMENT_3D('',#8707,#7026,#7027);
#6393=AXIS2_PLACEMENT_3D('',#8708,#7028,#7029);
#6394=AXIS2_PLACEMENT_3D('',#8709,#7030,#7031);
#6395=AXIS2_PLACEMENT_3D('',#8710,#7032,#7033);
#6396=AXIS2_PLACEMENT_3D('',#8711,#7034,#7035);
#6397=AXIS2_PLACEMENT_3D('',#8712,#7036,#7037);
#6398=AXIS2_PLACEMENT_3D('',#8713,#7038,#7039);
#6399=AXIS2_PLACEMENT_3D('',#8714,#7040,#7041);
#6400=AXIS2_PLACEMENT_3D('',#8715,#7042,#7043);
#6401=AXIS2_PLACEMENT_3D('',#8716,#7044,#7045);
#6402=AXIS2_PLACEMENT_3D('',#8717,#7046,#7047);
#6403=AXIS2_PLACEMENT_3D('',#8718,#7048,#7049);
#6404=AXIS2_PLACEMENT_3D('',#8719,#7050,#7051);
#6405=AXIS2_PLACEMENT_3D('',#8720,#7052,#7053);
#6406=AXIS2_PLACEMENT_3D('',#8721,#7054,#7055);
#6407=AXIS2_PLACEMENT_3D('',#8723,#7056,#7057);
#6408=AXIS2_PLACEMENT_3D('',#8724,#7058,#7059);
#6409=AXIS2_PLACEMENT_3D('',#8726,#7060,#7061);
#6410=AXIS2_PLACEMENT_3D('',#8728,#7062,#7063);
#6411=AXIS2_PLACEMENT_3D('',#8729,#7064,#7065);
#6412=AXIS2_PLACEMENT_3D('',#8731,#7066,#7067);
#6413=AXIS2_PLACEMENT_3D('',#8732,#7068,#7069);
#6414=AXIS2_PLACEMENT_3D('',#8734,#7070,#7071);
#6415=AXIS2_PLACEMENT_3D('',#8735,#7072,#7073);
#6416=AXIS2_PLACEMENT_3D('',#8736,#7074,#7075);
#6417=AXIS2_PLACEMENT_3D('',#8737,#7076,#7077);
#6418=AXIS2_PLACEMENT_3D('',#8743,#7081,#7082);
#6419=AXIS2_PLACEMENT_3D('',#8747,#7085,#7086);
#6420=AXIS2_PLACEMENT_3D('',#8751,#7089,#7090);
#6421=AXIS2_PLACEMENT_3D('',#8755,#7093,#7094);
#6422=AXIS2_PLACEMENT_3D('',#8759,#7097,#7098);
#6423=AXIS2_PLACEMENT_3D('',#8761,#7100,#7101);
#6424=AXIS2_PLACEMENT_3D('',#9177,#7132,#7133);
#6425=AXIS2_PLACEMENT_3D('',#9180,#7135,#7136);
#6426=AXIS2_PLACEMENT_3D('',#9233,#7141,#7142);
#6427=AXIS2_PLACEMENT_3D('',#9236,#7144,#7145);
#6428=AXIS2_PLACEMENT_3D('',#9276,#7146,#7147);
#6429=AXIS2_PLACEMENT_3D('',#9277,#7148,#7149);
#6430=AXIS2_PLACEMENT_3D('',#9293,#7152,#7153);
#6431=AXIS2_PLACEMENT_3D('',#9297,#7156,#7157);
#6432=AXIS2_PLACEMENT_3D('',#9301,#7160,#7161);
#6433=AXIS2_PLACEMENT_3D('',#9305,#7164,#7165);
#6434=AXIS2_PLACEMENT_3D('',#9322,#7169,#7170);
#6435=AXIS2_PLACEMENT_3D('',#9325,#7172,#7173);
#6436=AXIS2_PLACEMENT_3D('',#9391,#7179,#7180);
#6437=AXIS2_PLACEMENT_3D('',#9471,#7188,#7189);
#6438=AXIS2_PLACEMENT_3D('',#9487,#7192,#7193);
#6439=AXIS2_PLACEMENT_3D('',#9569,#7202,#7203);
#6440=AXIS2_PLACEMENT_3D('',#9573,#7206,#7207);
#6441=AXIS2_PLACEMENT_3D('',#9577,#7210,#7211);
#6442=AXIS2_PLACEMENT_3D('',#9659,#7220,#7221);
#6443=AXIS2_PLACEMENT_3D('',#9754,#7231,#7232);
#6444=AXIS2_PLACEMENT_3D('',#9758,#7235,#7236);
#6445=AXIS2_PLACEMENT_3D('',#9761,#7238,#7239);
#6446=AXIS2_PLACEMENT_3D('',#9825,#7244,#7245);
#6447=AXIS2_PLACEMENT_3D('',#9826,#7246,#7247);
#6448=AXIS2_PLACEMENT_3D('',#9832,#7251,#7252);
#6449=AXIS2_PLACEMENT_3D('',#9836,#7255,#7256);
#6450=AXIS2_PLACEMENT_3D('',#9840,#7259,#7260);
#6451=AXIS2_PLACEMENT_3D('',#9844,#7263,#7264);
#6452=AXIS2_PLACEMENT_3D('',#9848,#7267,#7268);
#6453=AXIS2_PLACEMENT_3D('',#9852,#7271,#7272);
#6454=AXIS2_PLACEMENT_3D('',#9854,#7274,#7275);
#6455=AXIS2_PLACEMENT_3D('',#9855,#7276,#7277);
#6456=AXIS2_PLACEMENT_3D('',#9861,#7281,#7282);
#6457=AXIS2_PLACEMENT_3D('',#9865,#7285,#7286);
#6458=AXIS2_PLACEMENT_3D('',#9869,#7289,#7290);
#6459=AXIS2_PLACEMENT_3D('',#9873,#7293,#7294);
#6460=AXIS2_PLACEMENT_3D('',#9877,#7297,#7298);
#6461=AXIS2_PLACEMENT_3D('',#9880,#7300,#7301);
#6462=AXIS2_PLACEMENT_3D('',#9972,#7309,#7310);
#6463=AXIS2_PLACEMENT_3D('',#10015,#7316,#7317);
#6464=AXIS2_PLACEMENT_3D('',#10018,#7319,#7320);
#6465=AXIS2_PLACEMENT_3D('',#10032,#7322,#7323);
#6466=AXIS2_PLACEMENT_3D('',#10035,#7325,#7326);
#6467=AXIS2_PLACEMENT_3D('',#10062,#7329,#7330);
#6468=AXIS2_PLACEMENT_3D('',#10065,#7332,#7333);
#6469=AXIS2_PLACEMENT_3D('',#10079,#7335,#7336);
#6470=AXIS2_PLACEMENT_3D('',#10081,#7338,#7339);
#6471=AXIS2_PLACEMENT_3D('',#10082,#7340,#7341);
#6472=AXIS2_PLACEMENT_3D('',#10091,#7346,#7347);
#6473=AXIS2_PLACEMENT_3D('',#10097,#7351,#7352);
#6474=AXIS2_PLACEMENT_3D('',#10103,#7356,#7357);
#6475=AXIS2_PLACEMENT_3D('',#10107,#7360,#7361);
#6476=AXIS2_PLACEMENT_3D('',#10111,#7364,#7365);
#6477=AXIS2_PLACEMENT_3D('',#10115,#7368,#7369);
#6478=AXIS2_PLACEMENT_3D('',#10119,#7372,#7373);
#6479=AXIS2_PLACEMENT_3D('',#10123,#7376,#7377);
#6480=AXIS2_PLACEMENT_3D('',#10127,#7380,#7381);
#6481=AXIS2_PLACEMENT_3D('',#10131,#7384,#7385);
#6482=AXIS2_PLACEMENT_3D('',#10135,#7388,#7389);
#6483=AXIS2_PLACEMENT_3D('',#10139,#7392,#7393);
#6484=AXIS2_PLACEMENT_3D('',#10141,#7395,#7396);
#6485=AXIS2_PLACEMENT_3D('',#10144,#7399,#7400);
#6486=AXIS2_PLACEMENT_3D('',#10282,#7411,#7412);
#6487=AXIS2_PLACEMENT_3D('',#10416,#7425,#7426);
#6488=AXIS2_PLACEMENT_3D('',#10419,#7428,#7429);
#6489=AXIS2_PLACEMENT_3D('',#10510,#7435,#7436);
#6490=AXIS2_PLACEMENT_3D('',#10511,#7437,#7438);
#6491=AXIS2_PLACEMENT_3D('',#10512,#7439,#7440);
#6492=AXIS2_PLACEMENT_3D('',#10517,#7442,#7443);
#6493=AXIS2_PLACEMENT_3D('',#10654,#7454,#7455);
#6494=AXIS2_PLACEMENT_3D('',#10749,#7465,#7466);
#6495=AXIS2_PLACEMENT_3D('',#10752,#7468,#7469);
#6496=AXIS2_PLACEMENT_3D('',#10842,#7476,#7477);
#6497=AXIS2_PLACEMENT_3D('',#10843,#7478,#7479);
#6498=AXIS2_PLACEMENT_3D('',#10844,#7480,#7481);
#6499=AXIS2_PLACEMENT_3D('',#10845,#7482,#7483);
#6500=AXIS2_PLACEMENT_3D('',#11154,#7504,#7505);
#6501=AXIS2_PLACEMENT_3D('',#11155,#7506,#7507);
#6502=AXIS2_PLACEMENT_3D('',#11156,#7508,#7509);
#6503=AXIS2_PLACEMENT_3D('',#11157,#7510,#7511);
#6504=AXIS2_PLACEMENT_3D('',#11158,#7512,#7513);
#6505=AXIS2_PLACEMENT_3D('',#11159,#7514,#7515);
#6506=AXIS2_PLACEMENT_3D('',#11160,#7516,#7517);
#6507=AXIS2_PLACEMENT_3D('',#11161,#7518,#7519);
#6508=AXIS2_PLACEMENT_3D('',#11172,#7520,#7521);
#6509=AXIS2_PLACEMENT_3D('',#11173,#7522,#7523);
#6510=AXIS2_PLACEMENT_3D('',#11184,#7524,#7525);
#6511=AXIS2_PLACEMENT_3D('',#11185,#7526,#7527);
#6512=AXIS2_PLACEMENT_3D('',#11196,#7528,#7529);
#6513=AXIS2_PLACEMENT_3D('',#11197,#7530,#7531);
#6514=AXIS2_PLACEMENT_3D('',#11208,#7532,#7533);
#6515=AXIS2_PLACEMENT_3D('',#11209,#7534,#7535);
#6516=AXIS2_PLACEMENT_3D('',#11220,#7536,#7537);
#6517=AXIS2_PLACEMENT_3D('',#11221,#7538,#7539);
#6518=AXIS2_PLACEMENT_3D('',#11232,#7540,#7541);
#6519=AXIS2_PLACEMENT_3D('',#11233,#7542,#7543);
#6520=AXIS2_PLACEMENT_3D('',#11244,#7544,#7545);
#6521=AXIS2_PLACEMENT_3D('',#11245,#7546,#7547);
#6522=AXIS2_PLACEMENT_3D('',#11256,#7548,#7549);
#6523=AXIS2_PLACEMENT_3D('',#11257,#7550,#7551);
#6524=AXIS2_PLACEMENT_3D('',#11268,#7552,#7553);
#6525=AXIS2_PLACEMENT_3D('',#11269,#7554,#7555);
#6526=AXIS2_PLACEMENT_3D('',#11280,#7556,#7557);
#6527=AXIS2_PLACEMENT_3D('',#11281,#7558,#7559);
#6528=AXIS2_PLACEMENT_3D('',#11293,#7560,#7561);
#6529=AXIS2_PLACEMENT_3D('',#11303,#7562,#7563);
#6530=AXIS2_PLACEMENT_3D('',#11304,#7564,#7565);
#6531=AXIS2_PLACEMENT_3D('',#11316,#7566,#7567);
#6532=AXIS2_PLACEMENT_3D('',#11326,#7568,#7569);
#6533=AXIS2_PLACEMENT_3D('',#11332,#7570,#7571);
#6534=AXIS2_PLACEMENT_3D('',#11343,#7572,#7573);
#6535=AXIS2_PLACEMENT_3D('',#11349,#7574,#7575);
#6536=AXIS2_PLACEMENT_3D('',#11355,#7576,#7577);
#6537=AXIS2_PLACEMENT_3D('',#11366,#7578,#7579);
#6538=AXIS2_PLACEMENT_3D('',#11372,#7580,#7581);
#6539=AXIS2_PLACEMENT_3D('',#11378,#7582,#7583);
#6540=AXIS2_PLACEMENT_3D('',#11389,#7584,#7585);
#6541=AXIS2_PLACEMENT_3D('',#11395,#7586,#7587);
#6542=AXIS2_PLACEMENT_3D('',#11396,#7588,#7589);
#6543=AXIS2_PLACEMENT_3D('',#11408,#7590,#7591);
#6544=AXIS2_PLACEMENT_3D('',#11418,#7592,#7593);
#6545=AXIS2_PLACEMENT_3D('',#11419,#7594,#7595);
#6546=AXIS2_PLACEMENT_3D('',#11431,#7596,#7597);
#6547=AXIS2_PLACEMENT_3D('',#11441,#7598,#7599);
#6548=AXIS2_PLACEMENT_3D('',#11442,#7600,#7601);
#6549=AXIS2_PLACEMENT_3D('',#11454,#7602,#7603);
#6550=AXIS2_PLACEMENT_3D('',#11464,#7604,#7605);
#6551=AXIS2_PLACEMENT_3D('',#11465,#7606,#7607);
#6552=AXIS2_PLACEMENT_3D('',#11477,#7608,#7609);
#6553=AXIS2_PLACEMENT_3D('',#11487,#7610,#7611);
#6554=AXIS2_PLACEMENT_3D('',#11493,#7612,#7613);
#6555=AXIS2_PLACEMENT_3D('',#11504,#7614,#7615);
#6556=AXIS2_PLACEMENT_3D('',#11510,#7616,#7617);
#6557=AXIS2_PLACEMENT_3D('',#11511,#7618,#7619);
#6558=AXIS2_PLACEMENT_3D('',#11512,#7620,#7621);
#6559=AXIS2_PLACEMENT_3D('',#11513,#7622,#7623);
#6560=AXIS2_PLACEMENT_3D('',#11514,#7624,#7625);
#6561=AXIS2_PLACEMENT_3D('',#11515,#7626,#7627);
#6562=AXIS2_PLACEMENT_3D('',#11516,#7628,#7629);
#6563=AXIS2_PLACEMENT_3D('',#11517,#7630,#7631);
#6564=AXIS2_PLACEMENT_3D('',#11518,#7632,#7633);
#6565=AXIS2_PLACEMENT_3D('',#11519,#7634,#7635);
#6566=AXIS2_PLACEMENT_3D('',#11520,#7636,#7637);
#6567=AXIS2_PLACEMENT_3D('',#11521,#7638,#7639);
#6568=AXIS2_PLACEMENT_3D('',#11522,#7640,#7641);
#6569=AXIS2_PLACEMENT_3D('',#11523,#7642,#7643);
#6570=AXIS2_PLACEMENT_3D('',#11524,#7644,#7645);
#6571=AXIS2_PLACEMENT_3D('',#11525,#7646,#7647);
#6572=AXIS2_PLACEMENT_3D('',#11526,#7648,#7649);
#6573=AXIS2_PLACEMENT_3D('',#11527,#7650,#7651);
#6574=AXIS2_PLACEMENT_3D('',#11528,#7652,#7653);
#6575=AXIS2_PLACEMENT_3D('',#11529,#7654,#7655);
#6576=AXIS2_PLACEMENT_3D('',#11530,#7656,#7657);
#6577=AXIS2_PLACEMENT_3D('',#11531,#7658,#7659);
#6578=AXIS2_PLACEMENT_3D('',#11532,#7660,#7661);
#6579=AXIS2_PLACEMENT_3D('',#11533,#7662,#7663);
#6580=AXIS2_PLACEMENT_3D('',#11534,#7664,#7665);
#6581=AXIS2_PLACEMENT_3D('',#11535,#7666,#7667);
#6582=AXIS2_PLACEMENT_3D('',#11536,#7668,#7669);
#6583=AXIS2_PLACEMENT_3D('',#11537,#7670,#7671);
#6584=AXIS2_PLACEMENT_3D('',#11538,#7672,#7673);
#6585=AXIS2_PLACEMENT_3D('',#11539,#7674,#7675);
#6586=AXIS2_PLACEMENT_3D('',#11540,#7676,#7677);
#6587=AXIS2_PLACEMENT_3D('',#11541,#7678,#7679);
#6588=AXIS2_PLACEMENT_3D('',#11542,#7680,#7681);
#6589=AXIS2_PLACEMENT_3D('',#11543,#7682,#7683);
#6590=AXIS2_PLACEMENT_3D('',#11544,#7684,#7685);
#6591=AXIS2_PLACEMENT_3D('',#11545,#7686,#7687);
#6592=AXIS2_PLACEMENT_3D('',#11546,#7688,#7689);
#6593=AXIS2_PLACEMENT_3D('',#11547,#7690,#7691);
#6594=AXIS2_PLACEMENT_3D('',#11548,#7692,#7693);
#6595=AXIS2_PLACEMENT_3D('',#11549,#7694,#7695);
#6596=AXIS2_PLACEMENT_3D('',#11550,#7696,#7697);
#6597=AXIS2_PLACEMENT_3D('',#11551,#7698,#7699);
#6598=AXIS2_PLACEMENT_3D('',#11552,#7700,#7701);
#6599=AXIS2_PLACEMENT_3D('',#11553,#7702,#7703);
#6600=AXIS2_PLACEMENT_3D('',#11554,#7704,#7705);
#6601=AXIS2_PLACEMENT_3D('',#11555,#7706,#7707);
#6602=AXIS2_PLACEMENT_3D('',#11556,#7708,#7709);
#6603=AXIS2_PLACEMENT_3D('',#11557,#7710,#7711);
#6604=AXIS2_PLACEMENT_3D('',#11558,#7712,#7713);
#6605=AXIS2_PLACEMENT_3D('',#11559,#7714,#7715);
#6606=DIRECTION('',(0.,0.,1.));
#6607=DIRECTION('',(1.,0.,0.));
#6608=DIRECTION('',(0.,0.,1.));
#6609=DIRECTION('',(1.,0.,0.));
#6610=DIRECTION('',(0.48296149929254,-0.875641587752148,0.));
#6611=DIRECTION('',(0.,0.,1.));
#6612=DIRECTION('',(1.,0.,0.));
#6613=DIRECTION('',(-0.482961499292539,-0.875641587752148,0.));
#6614=DIRECTION('',(0.,0.,1.));
#6615=DIRECTION('',(1.,0.,0.));
#6616=DIRECTION('',(-0.12396515101821,-0.992286572182166,0.));
#6617=DIRECTION('',(0.,0.,1.));
#6618=DIRECTION('',(1.,0.,0.));
#6619=DIRECTION('',(-0.905413272131146,-0.424531278763733,0.));
#6620=DIRECTION('',(0.,0.,1.));
#6621=DIRECTION('',(1.,0.,0.));
#6622=DIRECTION('',(-0.683541327060516,-0.729911812618722,0.));
#6623=DIRECTION('',(0.,0.,1.));
#6624=DIRECTION('',(1.,0.,0.));
#6625=DIRECTION('',(-0.982027948880914,0.188735549424971,0.));
#6626=DIRECTION('',(0.,0.,1.));
#6627=DIRECTION('',(1.,0.,0.));
#6628=DIRECTION('',(-0.982027948880914,-0.188735549424972,0.));
#6629=DIRECTION('',(0.,0.,1.));
#6630=DIRECTION('',(1.,0.,0.));
#6631=DIRECTION('',(-0.683541327060516,0.729911812618722,0.));
#6632=DIRECTION('',(0.,0.,1.));
#6633=DIRECTION('',(1.,0.,0.));
#6634=DIRECTION('',(-0.905413272131146,0.424531278763733,0.));
#6635=DIRECTION('',(0.,0.,1.));
#6636=DIRECTION('',(1.,0.,0.));
#6637=DIRECTION('',(-0.12396515101821,0.992286572182166,0.));
#6638=DIRECTION('',(0.,0.,1.));
#6639=DIRECTION('',(1.,0.,0.));
#6640=DIRECTION('',(-0.482961499292539,0.875641587752148,0.));
#6641=DIRECTION('',(0.,0.,1.));
#6642=DIRECTION('',(1.,0.,0.));
#6643=DIRECTION('',(0.482961499292539,0.875641587752148,0.));
#6644=DIRECTION('',(0.,0.,1.));
#6645=DIRECTION('',(1.,0.,0.));
#6646=DIRECTION('',(0.12396515101821,0.992286572182166,0.));
#6647=DIRECTION('',(0.,0.,1.));
#6648=DIRECTION('',(1.,0.,0.));
#6649=DIRECTION('',(0.905413272131146,0.424531278763734,0.));
#6650=DIRECTION('',(0.,0.,1.));
#6651=DIRECTION('',(1.,0.,0.));
#6652=DIRECTION('',(0.683541327060516,0.729911812618722,0.));
#6653=DIRECTION('',(0.,0.,1.));
#6654=DIRECTION('',(1.,0.,0.));
#6655=DIRECTION('',(0.982027948880914,-0.188735549424971,0.));
#6656=DIRECTION('',(0.,0.,1.));
#6657=DIRECTION('',(1.,0.,0.));
#6658=DIRECTION('',(0.982027948880914,0.188735549424971,0.));
#6659=DIRECTION('',(0.,0.,1.));
#6660=DIRECTION('',(1.,0.,0.));
#6661=DIRECTION('',(0.683541327060517,-0.729911812618722,0.));
#6662=DIRECTION('',(0.,0.,1.));
#6663=DIRECTION('',(1.,0.,0.));
#6664=DIRECTION('',(0.905413272131146,-0.424531278763733,0.));
#6665=DIRECTION('',(0.,0.,1.));
#6666=DIRECTION('',(1.,0.,0.));
#6667=DIRECTION('',(0.12396515101821,-0.992286572182166,0.));
#6668=DIRECTION('',(0.,0.,1.));
#6669=DIRECTION('',(1.,0.,0.));
#6670=DIRECTION('',(0.,0.,-1.));
#6671=DIRECTION('',(-1.,0.,0.));
#6672=DIRECTION('',(0.,0.,-1.));
#6673=DIRECTION('',(-1.,0.,0.));
#6674=DIRECTION('',(0.,0.,-1.));
#6675=DIRECTION('',(-1.,0.,0.));
#6676=DIRECTION('',(0.,0.,-1.));
#6677=DIRECTION('',(-1.,0.,0.));
#6678=DIRECTION('',(0.,0.,-1.));
#6679=DIRECTION('',(-1.,0.,0.));
#6680=DIRECTION('',(0.,0.,-1.));
#6681=DIRECTION('',(-1.,0.,0.));
#6682=DIRECTION('',(0.,0.,-1.));
#6683=DIRECTION('',(-1.,0.,0.));
#6684=DIRECTION('',(0.,0.,-1.));
#6685=DIRECTION('',(-1.,0.,0.));
#6686=DIRECTION('',(0.,0.,-1.));
#6687=DIRECTION('',(-1.,0.,0.));
#6688=DIRECTION('',(0.,0.,-1.));
#6689=DIRECTION('',(-1.,0.,0.));
#6690=DIRECTION('',(0.,0.,-1.));
#6691=DIRECTION('',(-1.,0.,0.));
#6692=DIRECTION('',(0.,0.,-1.));
#6693=DIRECTION('',(-1.,0.,0.));
#6694=DIRECTION('',(0.,0.,-1.));
#6695=DIRECTION('',(-1.,0.,0.));
#6696=DIRECTION('',(0.,0.,-1.));
#6697=DIRECTION('',(-1.,0.,0.));
#6698=DIRECTION('',(0.,0.,-1.));
#6699=DIRECTION('',(-1.,0.,0.));
#6700=DIRECTION('',(0.,0.,-1.));
#6701=DIRECTION('',(-1.,0.,0.));
#6702=DIRECTION('',(0.,0.,-1.));
#6703=DIRECTION('',(-1.,0.,0.));
#6704=DIRECTION('',(0.,0.,-1.));
#6705=DIRECTION('',(-1.,0.,0.));
#6706=DIRECTION('',(0.,0.,-1.));
#6707=DIRECTION('',(-1.,0.,0.));
#6708=DIRECTION('',(0.,0.,-1.));
#6709=DIRECTION('',(-1.,0.,0.));
#6710=DIRECTION('',(0.,0.,-1.));
#6711=DIRECTION('',(-1.,0.,0.));
#6712=DIRECTION('',(0.,0.,-1.));
#6713=DIRECTION('',(-1.,0.,0.));
#6714=DIRECTION('',(0.,0.,-1.));
#6715=DIRECTION('',(-1.,0.,0.));
#6716=DIRECTION('',(0.,0.,-1.));
#6717=DIRECTION('',(-1.,0.,0.));
#6718=DIRECTION('',(0.,0.,-1.));
#6719=DIRECTION('',(-1.,0.,0.));
#6720=DIRECTION('',(0.,0.,-1.));
#6721=DIRECTION('',(-1.,0.,0.));
#6722=DIRECTION('',(0.,0.,-1.));
#6723=DIRECTION('',(-1.,0.,0.));
#6724=DIRECTION('',(0.,0.,-1.));
#6725=DIRECTION('',(-1.,0.,0.));
#6726=DIRECTION('',(0.,0.,-1.));
#6727=DIRECTION('',(-1.,0.,0.));
#6728=DIRECTION('',(0.,0.,-1.));
#6729=DIRECTION('',(-1.,0.,0.));
#6730=DIRECTION('',(0.,0.,-1.));
#6731=DIRECTION('',(-1.,0.,0.));
#6732=DIRECTION('',(0.,0.,-1.));
#6733=DIRECTION('',(-1.,0.,0.));
#6734=DIRECTION('',(0.,0.,-1.));
#6735=DIRECTION('',(-1.,0.,0.));
#6736=DIRECTION('',(0.,0.,-1.));
#6737=DIRECTION('',(-1.,0.,0.));
#6738=DIRECTION('',(0.,0.,-1.));
#6739=DIRECTION('',(-1.,0.,0.));
#6740=DIRECTION('',(0.,0.,-1.));
#6741=DIRECTION('',(-1.,0.,0.));
#6742=DIRECTION('',(0.,0.,-1.));
#6743=DIRECTION('',(-1.,0.,0.));
#6744=DIRECTION('',(0.,0.,-1.));
#6745=DIRECTION('',(-1.,0.,0.));
#6746=DIRECTION('',(0.,0.,-1.));
#6747=DIRECTION('',(-1.,0.,0.));
#6748=DIRECTION('',(0.,0.,-1.));
#6749=DIRECTION('',(-1.,0.,0.));
#6750=DIRECTION('',(0.,0.,-1.));
#6751=DIRECTION('',(-1.,0.,0.));
#6752=DIRECTION('',(0.,0.,-1.));
#6753=DIRECTION('',(-1.,0.,0.));
#6754=DIRECTION('',(0.,0.,-1.));
#6755=DIRECTION('',(-1.,0.,0.));
#6756=DIRECTION('',(0.,0.,-1.));
#6757=DIRECTION('',(-1.,0.,0.));
#6758=DIRECTION('',(0.,0.,-1.));
#6759=DIRECTION('',(-1.,0.,0.));
#6760=DIRECTION('',(0.,0.,-1.));
#6761=DIRECTION('',(-1.,0.,0.));
#6762=DIRECTION('',(0.,0.,-1.));
#6763=DIRECTION('',(-1.,0.,0.));
#6764=DIRECTION('',(0.,0.,-1.));
#6765=DIRECTION('',(-1.,0.,0.));
#6766=DIRECTION('',(0.,0.,-1.));
#6767=DIRECTION('',(-1.,0.,0.));
#6768=DIRECTION('',(0.,0.,-1.));
#6769=DIRECTION('',(-1.,0.,0.));
#6770=DIRECTION('',(0.,0.,1.));
#6771=DIRECTION('',(1.,0.,0.));
#6772=DIRECTION('',(-0.809016994374948,0.587785252292473,0.));
#6773=DIRECTION('',(0.,0.,1.));
#6774=DIRECTION('',(1.,0.,0.));
#6775=DIRECTION('',(0.309016994374949,0.951056516295153,0.));
#6776=DIRECTION('',(0.951056516295153,-0.309016994374949,0.));
#6777=DIRECTION('',(0.590094188180399,-0.80733440969385,0.));
#6778=DIRECTION('',(-0.309016994374948,-0.951056516295153,0.));
#6779=DIRECTION('',(-0.951056516295154,0.309016994374948,0.));
#6780=DIRECTION('',(-0.309016994374949,-0.951056516295153,0.));
#6781=DIRECTION('',(-0.951056516295153,0.309016994374949,0.));
#6782=DIRECTION('',(0.309016994374949,0.951056516295153,0.));
#6783=DIRECTION('',(-0.951056516295153,0.309016994374949,0.));
#6784=DIRECTION('',(0.309016994374948,0.951056516295153,0.));
#6785=DIRECTION('',(0.951056516295153,-0.309016994374949,0.));
#6786=DIRECTION('',(0.809016994374947,-0.587785252292474,0.));
#6787=DIRECTION('',(-0.587785252292474,-0.809016994374947,0.));
#6788=DIRECTION('',(-0.809016994374947,0.587785252292474,0.));
#6789=DIRECTION('',(0.587785252292474,0.809016994374947,0.));
#6790=DIRECTION('',(0.809016994374947,-0.587785252292475,0.));
#6791=DIRECTION('',(-0.587785252292474,-0.809016994374947,0.));
#6792=DIRECTION('',(-0.482961499292539,-0.875641587752148,0.));
#6793=DIRECTION('',(0.,0.,1.));
#6794=DIRECTION('',(1.,0.,0.));
#6795=DIRECTION('',(0.48296149929254,-0.875641587752148,0.));
#6796=DIRECTION('',(0.,0.,1.));
#6797=DIRECTION('',(1.,0.,0.));
#6798=DIRECTION('',(0.12396515101821,-0.992286572182166,0.));
#6799=DIRECTION('',(0.,0.,1.));
#6800=DIRECTION('',(1.,0.,0.));
#6801=DIRECTION('',(0.905413272131146,-0.424531278763733,0.));
#6802=DIRECTION('',(0.,0.,1.));
#6803=DIRECTION('',(1.,0.,0.));
#6804=DIRECTION('',(0.683541327060517,-0.729911812618722,0.));
#6805=DIRECTION('',(0.,0.,1.));
#6806=DIRECTION('',(1.,0.,0.));
#6807=DIRECTION('',(0.982027948880914,0.188735549424971,0.));
#6808=DIRECTION('',(0.,0.,1.));
#6809=DIRECTION('',(1.,0.,0.));
#6810=DIRECTION('',(0.982027948880914,-0.188735549424971,0.));
#6811=DIRECTION('',(0.,0.,1.));
#6812=DIRECTION('',(1.,0.,0.));
#6813=DIRECTION('',(0.683541327060516,0.729911812618722,0.));
#6814=DIRECTION('',(0.,0.,1.));
#6815=DIRECTION('',(1.,0.,0.));
#6816=DIRECTION('',(0.905413272131146,0.424531278763734,0.));
#6817=DIRECTION('',(0.,0.,1.));
#6818=DIRECTION('',(1.,0.,0.));
#6819=DIRECTION('',(0.12396515101821,0.992286572182166,0.));
#6820=DIRECTION('',(0.,0.,1.));
#6821=DIRECTION('',(1.,0.,0.));
#6822=DIRECTION('',(0.482961499292539,0.875641587752148,0.));
#6823=DIRECTION('',(0.,0.,1.));
#6824=DIRECTION('',(1.,0.,0.));
#6825=DIRECTION('',(-0.482961499292539,0.875641587752148,0.));
#6826=DIRECTION('',(0.,0.,1.));
#6827=DIRECTION('',(1.,0.,0.));
#6828=DIRECTION('',(-0.12396515101821,0.992286572182166,0.));
#6829=DIRECTION('',(0.,0.,1.));
#6830=DIRECTION('',(1.,0.,0.));
#6831=DIRECTION('',(-0.905413272131146,0.424531278763733,0.));
#6832=DIRECTION('',(0.,0.,1.));
#6833=DIRECTION('',(1.,0.,0.));
#6834=DIRECTION('',(-0.683541327060516,0.729911812618722,0.));
#6835=DIRECTION('',(0.,0.,1.));
#6836=DIRECTION('',(1.,0.,0.));
#6837=DIRECTION('',(-0.982027948880914,-0.188735549424972,0.));
#6838=DIRECTION('',(0.,0.,1.));
#6839=DIRECTION('',(1.,0.,0.));
#6840=DIRECTION('',(-0.982027948880914,0.188735549424971,0.));
#6841=DIRECTION('',(0.,0.,1.));
#6842=DIRECTION('',(1.,0.,0.));
#6843=DIRECTION('',(-0.683541327060516,-0.729911812618722,0.));
#6844=DIRECTION('',(0.,0.,1.));
#6845=DIRECTION('',(1.,0.,0.));
#6846=DIRECTION('',(-0.905413272131146,-0.424531278763733,0.));
#6847=DIRECTION('',(0.,0.,1.));
#6848=DIRECTION('',(1.,0.,0.));
#6849=DIRECTION('',(-0.12396515101821,-0.992286572182166,0.));
#6850=DIRECTION('',(0.,0.,1.));
#6851=DIRECTION('',(1.,0.,0.));
#6852=DIRECTION('',(0.,0.,1.));
#6853=DIRECTION('',(1.,0.,0.));
#6854=DIRECTION('',(0.,0.,1.));
#6855=DIRECTION('',(1.,0.,0.));
#6856=DIRECTION('',(0.,0.,1.));
#6857=DIRECTION('',(1.,0.,0.));
#6858=DIRECTION('',(0.,-1.,0.));
#6859=DIRECTION('',(1.,0.,0.));
#6860=DIRECTION('',(0.,0.,1.));
#6861=DIRECTION('',(1.,0.,0.));
#6862=DIRECTION('',(-1.,0.,0.));
#6863=DIRECTION('',(0.,1.,0.));
#6864=DIRECTION('',(1.,0.,0.));
#6865=DIRECTION('',(0.809016994374947,0.587785252292474,0.));
#6866=DIRECTION('',(0.,0.,1.));
#6867=DIRECTION('',(1.,0.,0.));
#6868=DIRECTION('',(-0.587785252292477,0.809016994374945,0.));
#6869=DIRECTION('',(-0.809016994374947,-0.587785252292474,0.));
#6870=DIRECTION('',(0.809016994374945,0.587785252292476,0.));
#6871=DIRECTION('',(0.587785252292473,-0.809016994374948,0.));
#6872=DIRECTION('',(-0.809016994374951,-0.587785252292468,0.));
#6873=DIRECTION('',(0.,-1.,0.));
#6874=DIRECTION('',(-0.392162661582504,-0.919895889142096,0.));
#6875=DIRECTION('',(-1.,0.,0.));
#6876=DIRECTION('',(0.401694238971917,0.915773846742072,0.));
#6877=DIRECTION('',(-1.,0.,0.));
#6878=DIRECTION('',(0.,1.,0.));
#6879=DIRECTION('',(1.,0.,0.));
#6880=DIRECTION('',(-0.951056516295155,-0.309016994374944,0.));
#6881=DIRECTION('',(-0.309016994374947,0.951056516295154,0.));
#6882=DIRECTION('',(-0.951056516295154,-0.309016994374947,0.));
#6883=DIRECTION('',(0.,0.,1.));
#6884=DIRECTION('',(1.,0.,0.));
#6885=DIRECTION('',(0.,0.,1.));
#6886=DIRECTION('',(1.,0.,0.));
#6887=DIRECTION('',(0.,0.,1.));
#6888=DIRECTION('',(1.,0.,0.));
#6889=DIRECTION('',(0.309016994374947,-0.951056516295154,0.));
#6890=DIRECTION('',(0.,0.,1.));
#6891=DIRECTION('',(1.,0.,0.));
#6892=DIRECTION('',(-0.309016994374947,0.951056516295154,0.));
#6893=DIRECTION('',(0.951056516295154,0.309016994374947,0.));
#6894=DIRECTION('',(0.309016994374947,-0.951056516295154,0.));
#6895=DIRECTION('',(0.309016994374948,0.951056516295153,0.));
#6896=DIRECTION('',(0.,0.,1.));
#6897=DIRECTION('',(1.,0.,0.));
#6898=DIRECTION('',(0.,0.,1.));
#6899=DIRECTION('',(1.,0.,0.));
#6900=DIRECTION('',(0.,0.,1.));
#6901=DIRECTION('',(1.,0.,0.));
#6902=DIRECTION('',(0.,0.,1.));
#6903=DIRECTION('',(1.,0.,0.));
#6904=DIRECTION('',(-0.875641587752148,0.482961499292539,0.));
#6905=DIRECTION('',(-0.482961499292539,-0.875641587752148,0.));
#6906=DIRECTION('',(0.,0.,-1.));
#6907=DIRECTION('',(0.,0.,-1.));
#6908=DIRECTION('',(-0.875641587752148,-0.482961499292539,0.));
#6909=DIRECTION('',(0.482961499292539,-0.875641587752148,0.));
#6910=DIRECTION('',(0.,0.,-1.));
#6911=DIRECTION('',(0.,0.,-1.));
#6912=DIRECTION('',(-0.992286572182166,-0.12396515101821,0.));
#6913=DIRECTION('',(0.12396515101821,-0.992286572182166,0.));
#6914=DIRECTION('',(0.,0.,-1.));
#6915=DIRECTION('',(0.,0.,-1.));
#6916=DIRECTION('',(-0.424531278763733,-0.905413272131147,0.));
#6917=DIRECTION('',(0.905413272131147,-0.424531278763733,0.));
#6918=DIRECTION('',(0.,0.,-1.));
#6919=DIRECTION('',(0.,0.,-1.));
#6920=DIRECTION('',(-0.729911812618722,-0.683541327060516,0.));
#6921=DIRECTION('',(0.683541327060516,-0.729911812618722,0.));
#6922=DIRECTION('',(0.,0.,-1.));
#6923=DIRECTION('',(0.,0.,-1.));
#6924=DIRECTION('',(0.188735549424972,-0.982027948880913,0.));
#6925=DIRECTION('',(0.982027948880914,0.188735549424972,0.));
#6926=DIRECTION('',(0.,0.,-1.));
#6927=DIRECTION('',(0.,0.,-1.));
#6928=DIRECTION('',(-0.188735549424971,-0.982027948880914,0.));
#6929=DIRECTION('',(0.982027948880914,-0.188735549424971,0.));
#6930=DIRECTION('',(0.,0.,-1.));
#6931=DIRECTION('',(0.,0.,-1.));
#6932=DIRECTION('',(0.729911812618722,-0.683541327060516,0.));
#6933=DIRECTION('',(0.683541327060516,0.729911812618722,0.));
#6934=DIRECTION('',(0.,0.,-1.));
#6935=DIRECTION('',(0.,0.,-1.));
#6936=DIRECTION('',(0.424531278763733,-0.905413272131146,0.));
#6937=DIRECTION('',(0.905413272131146,0.424531278763733,0.));
#6938=DIRECTION('',(0.,0.,-1.));
#6939=DIRECTION('',(0.,0.,-1.));
#6940=DIRECTION('',(0.992286572182166,-0.12396515101821,0.));
#6941=DIRECTION('',(0.12396515101821,0.992286572182166,0.));
#6942=DIRECTION('',(0.,0.,-1.));
#6943=DIRECTION('',(0.,0.,-1.));
#6944=DIRECTION('',(0.875641587752148,-0.482961499292539,0.));
#6945=DIRECTION('',(0.482961499292539,0.875641587752148,0.));
#6946=DIRECTION('',(0.,0.,-1.));
#6947=DIRECTION('',(0.,0.,-1.));
#6948=DIRECTION('',(0.875641587752148,0.48296149929254,0.));
#6949=DIRECTION('',(-0.48296149929254,0.875641587752148,0.));
#6950=DIRECTION('',(0.,0.,-1.));
#6951=DIRECTION('',(0.,0.,-1.));
#6952=DIRECTION('',(0.992286572182166,0.12396515101821,0.));
#6953=DIRECTION('',(-0.12396515101821,0.992286572182166,0.));
#6954=DIRECTION('',(0.,0.,-1.));
#6955=DIRECTION('',(0.,0.,-1.));
#6956=DIRECTION('',(0.424531278763733,0.905413272131146,0.));
#6957=DIRECTION('',(-0.905413272131146,0.424531278763733,0.));
#6958=DIRECTION('',(0.,0.,-1.));
#6959=DIRECTION('',(0.,0.,-1.));
#6960=DIRECTION('',(0.729911812618722,0.683541327060517,0.));
#6961=DIRECTION('',(-0.683541327060517,0.729911812618722,0.));
#6962=DIRECTION('',(0.,0.,-1.));
#6963=DIRECTION('',(0.,0.,-1.));
#6964=DIRECTION('',(-0.188735549424971,0.982027948880914,0.));
#6965=DIRECTION('',(-0.982027948880914,-0.188735549424971,0.));
#6966=DIRECTION('',(0.,0.,-1.));
#6967=DIRECTION('',(0.,0.,-1.));
#6968=DIRECTION('',(0.188735549424971,0.982027948880914,0.));
#6969=DIRECTION('',(-0.982027948880914,0.188735549424971,0.));
#6970=DIRECTION('',(0.,0.,-1.));
#6971=DIRECTION('',(0.,0.,-1.));
#6972=DIRECTION('',(-0.729911812618722,0.683541327060516,0.));
#6973=DIRECTION('',(-0.683541327060516,-0.729911812618722,0.));
#6974=DIRECTION('',(0.,0.,-1.));
#6975=DIRECTION('',(0.,0.,-1.));
#6976=DIRECTION('',(-0.424531278763734,0.905413272131146,0.));
#6977=DIRECTION('',(-0.905413272131146,-0.424531278763734,0.));
#6978=DIRECTION('',(0.,0.,-1.));
#6979=DIRECTION('',(0.,0.,-1.));
#6980=DIRECTION('',(-0.992286572182166,0.12396515101821,0.));
#6981=DIRECTION('',(-0.12396515101821,-0.992286572182166,0.));
#6982=DIRECTION('',(0.,0.,-1.));
#6983=DIRECTION('',(0.,0.,-1.));
#6984=DIRECTION('',(0.,0.,-1.));
#6985=DIRECTION('',(-1.,0.,0.));
#6986=DIRECTION('',(0.,0.,1.));
#6987=DIRECTION('',(1.,0.,0.));
#6988=DIRECTION('',(0.,0.,1.));
#6989=DIRECTION('',(1.,0.,0.));
#6990=DIRECTION('',(0.,0.,-1.));
#6991=DIRECTION('',(-1.,0.,0.));
#6992=DIRECTION('',(0.,0.,-1.));
#6993=DIRECTION('',(-1.,0.,0.));
#6994=DIRECTION('',(0.,0.,-1.));
#6995=DIRECTION('',(-1.,0.,0.));
#6996=DIRECTION('',(0.,0.,-1.));
#6997=DIRECTION('',(-1.,0.,0.));
#6998=DIRECTION('',(0.,0.,-1.));
#6999=DIRECTION('',(-1.,0.,0.));
#7000=DIRECTION('',(0.,0.,-1.));
#7001=DIRECTION('',(-1.,0.,0.));
#7002=DIRECTION('',(0.,0.,-1.));
#7003=DIRECTION('',(-1.,0.,0.));
#7004=DIRECTION('',(0.,0.,-1.));
#7005=DIRECTION('',(-1.,0.,0.));
#7006=DIRECTION('',(0.,0.,-1.));
#7007=DIRECTION('',(-1.,0.,0.));
#7008=DIRECTION('',(0.,0.,-1.));
#7009=DIRECTION('',(-1.,0.,0.));
#7010=DIRECTION('',(0.,0.,1.));
#7011=DIRECTION('',(1.,0.,0.));
#7012=DIRECTION('',(0.,0.,1.));
#7013=DIRECTION('',(1.,0.,0.));
#7014=DIRECTION('',(0.,0.,1.));
#7015=DIRECTION('',(1.,0.,0.));
#7016=DIRECTION('',(0.,0.,1.));
#7017=DIRECTION('',(1.,0.,0.));
#7018=DIRECTION('',(0.,0.,1.));
#7019=DIRECTION('',(1.,0.,0.));
#7020=DIRECTION('',(0.,0.,1.));
#7021=DIRECTION('',(1.,0.,0.));
#7022=DIRECTION('',(0.,0.,1.));
#7023=DIRECTION('',(1.,0.,0.));
#7024=DIRECTION('',(0.,0.,1.));
#7025=DIRECTION('',(1.,0.,0.));
#7026=DIRECTION('',(0.,0.,1.));
#7027=DIRECTION('',(1.,0.,0.));
#7028=DIRECTION('',(0.,0.,1.));
#7029=DIRECTION('',(1.,0.,0.));
#7030=DIRECTION('',(0.,0.,1.));
#7031=DIRECTION('',(1.,0.,0.));
#7032=DIRECTION('',(0.,0.,-1.));
#7033=DIRECTION('',(-1.,0.,0.));
#7034=DIRECTION('',(0.,0.,-1.));
#7035=DIRECTION('',(-1.,0.,0.));
#7036=DIRECTION('',(0.,0.,-1.));
#7037=DIRECTION('',(-1.,0.,0.));
#7038=DIRECTION('',(0.,0.,-1.));
#7039=DIRECTION('',(-1.,0.,0.));
#7040=DIRECTION('',(0.,0.,-1.));
#7041=DIRECTION('',(-1.,0.,0.));
#7042=DIRECTION('',(0.,0.,-1.));
#7043=DIRECTION('',(-1.,0.,0.));
#7044=DIRECTION('',(0.,0.,-1.));
#7045=DIRECTION('',(-1.,0.,0.));
#7046=DIRECTION('',(0.,0.,-1.));
#7047=DIRECTION('',(-1.,0.,0.));
#7048=DIRECTION('',(0.,0.,-1.));
#7049=DIRECTION('',(-1.,0.,0.));
#7050=DIRECTION('',(0.,0.,-1.));
#7051=DIRECTION('',(-1.,0.,0.));
#7052=DIRECTION('',(0.,0.,-1.));
#7053=DIRECTION('',(-1.,0.,0.));
#7054=DIRECTION('',(0.,0.,1.));
#7055=DIRECTION('',(1.,0.,0.));
#7056=DIRECTION('',(0.,0.,1.));
#7057=DIRECTION('',(1.,0.,0.));
#7058=DIRECTION('',(0.,0.,1.));
#7059=DIRECTION('',(1.,0.,0.));
#7060=DIRECTION('',(0.,0.,1.));
#7061=DIRECTION('',(1.,0.,0.));
#7062=DIRECTION('',(0.,0.,1.));
#7063=DIRECTION('',(1.,0.,0.));
#7064=DIRECTION('',(0.,0.,1.));
#7065=DIRECTION('',(1.,0.,0.));
#7066=DIRECTION('',(0.,0.,-1.));
#7067=DIRECTION('',(1.,0.,0.));
#7068=DIRECTION('',(0.,0.,1.));
#7069=DIRECTION('',(1.,0.,0.));
#7070=DIRECTION('',(0.,0.,1.));
#7071=DIRECTION('',(1.,0.,0.));
#7072=DIRECTION('',(0.,0.,-1.));
#7073=DIRECTION('',(-1.,0.,0.));
#7074=DIRECTION('',(0.,0.,1.));
#7075=DIRECTION('',(1.,0.,0.));
#7076=DIRECTION('',(-0.809016994374947,0.587785252292474,0.));
#7077=DIRECTION('',(-0.587785252292474,-0.809016994374947,0.));
#7078=DIRECTION('',(0.,0.,1.));
#7079=DIRECTION('',(-0.587785252292474,-0.809016994374947,0.));
#7080=DIRECTION('',(0.,0.,1.));
#7081=DIRECTION('',(-0.587785252292474,-0.809016994374947,0.));
#7082=DIRECTION('',(0.809016994374947,-0.587785252292474,0.));
#7083=DIRECTION('',(0.,0.,1.));
#7084=DIRECTION('',(0.809016994374947,-0.587785252292474,0.));
#7085=DIRECTION('',(-0.809016994374947,0.587785252292474,0.));
#7086=DIRECTION('',(-0.587785252292474,-0.809016994374947,0.));
#7087=DIRECTION('',(0.,0.,1.));
#7088=DIRECTION('',(-0.587785252292474,-0.809016994374947,0.));
#7089=DIRECTION('',(-0.587785252292475,-0.809016994374947,0.));
#7090=DIRECTION('',(0.809016994374947,-0.587785252292475,0.));
#7091=DIRECTION('',(0.,0.,1.));
#7092=DIRECTION('',(0.809016994374947,-0.587785252292475,0.));
#7093=DIRECTION('',(0.809016994374947,-0.587785252292474,0.));
#7094=DIRECTION('',(0.587785252292474,0.809016994374947,0.));
#7095=DIRECTION('',(0.,0.,1.));
#7096=DIRECTION('',(0.587785252292474,0.809016994374947,0.));
#7097=DIRECTION('',(0.587785252292474,0.809016994374947,0.));
#7098=DIRECTION('',(-0.809016994374947,0.587785252292474,0.));
#7099=DIRECTION('',(-0.809016994374947,0.587785252292474,0.));
#7100=DIRECTION('',(0.,0.,1.));
#7101=DIRECTION('',(1.,0.,0.));
#7102=DIRECTION('',(0.,0.,1.));
#7103=DIRECTION('',(0.,0.,1.));
#7104=DIRECTION('',(0.,0.,1.));
#7105=DIRECTION('',(0.,0.,1.));
#7106=DIRECTION('',(0.,0.,1.));
#7107=DIRECTION('',(0.,0.,1.));
#7108=DIRECTION('',(0.,0.,1.));
#7109=DIRECTION('',(0.,0.,1.));
#7110=DIRECTION('',(0.,0.,1.));
#7111=DIRECTION('',(0.,0.,1.));
#7112=DIRECTION('',(0.,0.,1.));
#7113=DIRECTION('',(0.,0.,1.));
#7114=DIRECTION('',(0.,0.,1.));
#7115=DIRECTION('',(0.,0.,1.));
#7116=DIRECTION('',(0.,0.,1.));
#7117=DIRECTION('',(0.,0.,1.));
#7118=DIRECTION('',(0.,0.,1.));
#7119=DIRECTION('',(0.,0.,1.));
#7120=DIRECTION('',(0.,0.,1.));
#7121=DIRECTION('',(0.,0.,1.));
#7122=DIRECTION('',(0.,0.,1.));
#7123=DIRECTION('',(0.,0.,1.));
#7124=DIRECTION('',(0.,0.,1.));
#7125=DIRECTION('',(0.,0.,1.));
#7126=DIRECTION('',(0.,0.,1.));
#7127=DIRECTION('',(0.,0.,1.));
#7128=DIRECTION('',(0.,0.,1.));
#7129=DIRECTION('',(0.,0.,1.));
#7130=DIRECTION('',(0.,0.,1.));
#7131=DIRECTION('',(0.,0.,1.));
#7132=DIRECTION('',(0.,0.,1.));
#7133=DIRECTION('',(0.617071897238524,0.786906775697381,0.));
#7134=DIRECTION('',(0.,0.,1.));
#7135=DIRECTION('',(0.,0.,1.));
#7136=DIRECTION('',(1.,0.,0.));
#7137=DIRECTION('',(0.,0.,1.));
#7138=DIRECTION('',(0.,0.,1.));
#7139=DIRECTION('',(0.,0.,1.));
#7140=DIRECTION('',(0.,0.,1.));
#7141=DIRECTION('',(0.,0.,1.));
#7142=DIRECTION('',(-0.937606504572564,-0.347698206183493,0.));
#7143=DIRECTION('',(0.,0.,1.));
#7144=DIRECTION('',(0.,0.,1.));
#7145=DIRECTION('',(1.,0.,0.));
#7146=DIRECTION('',(0.,0.,1.));
#7147=DIRECTION('',(1.,0.,0.));
#7148=DIRECTION('',(0.,0.,1.));
#7149=DIRECTION('',(1.,0.,0.));
#7150=DIRECTION('',(0.,0.,1.));
#7151=DIRECTION('',(0.,0.,1.));
#7152=DIRECTION('',(-1.,0.,0.));
#7153=DIRECTION('',(0.,0.,1.));
#7154=DIRECTION('',(0.,0.,1.));
#7155=DIRECTION('',(0.,-1.,0.));
#7156=DIRECTION('',(0.,-1.,0.));
#7157=DIRECTION('',(0.,0.,-1.));
#7158=DIRECTION('',(0.,0.,1.));
#7159=DIRECTION('',(1.,0.,0.));
#7160=DIRECTION('',(1.,0.,0.));
#7161=DIRECTION('',(0.,0.,-1.));
#7162=DIRECTION('',(0.,0.,1.));
#7163=DIRECTION('',(0.,1.,0.));
#7164=DIRECTION('',(0.,1.,0.));
#7165=DIRECTION('',(0.,0.,1.));
#7166=DIRECTION('',(0.,0.,1.));
#7167=DIRECTION('',(-1.,0.,0.));
#7168=DIRECTION('',(0.,0.,1.));
#7169=DIRECTION('',(0.,0.,1.));
#7170=DIRECTION('',(-0.774281081613285,0.632841849639988,0.));
#7171=DIRECTION('',(0.,0.,1.));
#7172=DIRECTION('',(0.,0.,1.));
#7173=DIRECTION('',(1.,0.,0.));
#7174=DIRECTION('',(0.,0.,1.));
#7175=DIRECTION('',(0.,0.,1.));
#7176=DIRECTION('',(0.,0.,1.));
#7177=DIRECTION('',(0.,0.,1.));
#7178=DIRECTION('',(0.,0.,1.));
#7179=DIRECTION('',(0.,-1.,0.));
#7180=DIRECTION('',(0.,0.,-1.));
#7181=DIRECTION('',(0.,0.,1.));
#7182=DIRECTION('',(1.,0.,0.));
#7183=DIRECTION('',(0.,0.,1.));
#7184=DIRECTION('',(0.,0.,1.));
#7185=DIRECTION('',(0.,0.,1.));
#7186=DIRECTION('',(0.,0.,1.));
#7187=DIRECTION('',(0.,0.,1.));
#7188=DIRECTION('',(0.,0.,1.));
#7189=DIRECTION('',(1.,0.,0.));
#7190=DIRECTION('',(0.,0.,1.));
#7191=DIRECTION('',(0.,0.,1.));
#7192=DIRECTION('',(0.587785252292474,-0.809016994374947,0.));
#7193=DIRECTION('',(0.809016994374947,0.587785252292474,0.));
#7194=DIRECTION('',(0.,0.,1.));
#7195=DIRECTION('',(0.809016994374947,0.587785252292474,0.));
#7196=DIRECTION('',(0.,0.,1.));
#7197=DIRECTION('',(0.,0.,1.));
#7198=DIRECTION('',(0.,0.,1.));
#7199=DIRECTION('',(0.,0.,1.));
#7200=DIRECTION('',(0.,0.,1.));
#7201=DIRECTION('',(0.,0.,1.));
#7202=DIRECTION('',(-0.587785252292468,0.809016994374951,0.));
#7203=DIRECTION('',(-0.809016994374951,-0.587785252292468,0.));
#7204=DIRECTION('',(0.,0.,1.));
#7205=DIRECTION('',(-0.809016994374951,-0.587785252292468,0.));
#7206=DIRECTION('',(-0.809016994374948,-0.587785252292473,0.));
#7207=DIRECTION('',(0.587785252292473,-0.809016994374948,0.));
#7208=DIRECTION('',(0.,0.,1.));
#7209=DIRECTION('',(0.587785252292473,-0.809016994374948,0.));
#7210=DIRECTION('',(0.587785252292476,-0.809016994374945,0.));
#7211=DIRECTION('',(0.809016994374945,0.587785252292476,0.));
#7212=DIRECTION('',(0.,0.,1.));
#7213=DIRECTION('',(0.809016994374945,0.587785252292476,0.));
#7214=DIRECTION('',(0.,0.,1.));
#7215=DIRECTION('',(0.,0.,1.));
#7216=DIRECTION('',(0.,0.,1.));
#7217=DIRECTION('',(0.,0.,1.));
#7218=DIRECTION('',(0.,0.,1.));
#7219=DIRECTION('',(0.,0.,1.));
#7220=DIRECTION('',(-0.587785252292474,0.809016994374947,0.));
#7221=DIRECTION('',(-0.809016994374947,-0.587785252292474,0.));
#7222=DIRECTION('',(0.,0.,1.));
#7223=DIRECTION('',(-0.809016994374947,-0.587785252292474,0.));
#7224=DIRECTION('',(0.,0.,1.));
#7225=DIRECTION('',(0.,0.,1.));
#7226=DIRECTION('',(0.,0.,1.));
#7227=DIRECTION('',(0.,0.,1.));
#7228=DIRECTION('',(0.,0.,1.));
#7229=DIRECTION('',(0.,0.,1.));
#7230=DIRECTION('',(0.,0.,1.));
#7231=DIRECTION('',(0.809016994374945,0.587785252292477,0.));
#7232=DIRECTION('',(-0.587785252292477,0.809016994374945,0.));
#7233=DIRECTION('',(0.,0.,1.));
#7234=DIRECTION('',(-0.587785252292477,0.809016994374945,0.));
#7235=DIRECTION('',(0.,0.,1.));
#7236=DIRECTION('',(-0.928623842541351,0.371022585651785,0.));
#7237=DIRECTION('',(0.,0.,1.));
#7238=DIRECTION('',(0.,0.,1.));
#7239=DIRECTION('',(1.,0.,0.));
#7240=DIRECTION('',(0.,0.,1.));
#7241=DIRECTION('',(0.,0.,1.));
#7242=DIRECTION('',(0.,0.,1.));
#7243=DIRECTION('',(0.,0.,1.));
#7244=DIRECTION('',(0.,0.,1.));
#7245=DIRECTION('',(1.,0.,0.));
#7246=DIRECTION('',(-0.919895889142096,0.392162661582504,0.));
#7247=DIRECTION('',(-0.392162661582504,-0.919895889142096,0.));
#7248=DIRECTION('',(0.,0.,1.));
#7249=DIRECTION('',(-0.392162661582504,-0.919895889142096,0.));
#7250=DIRECTION('',(0.,0.,1.));
#7251=DIRECTION('',(-1.,0.,0.));
#7252=DIRECTION('',(0.,0.,1.));
#7253=DIRECTION('',(0.,0.,1.));
#7254=DIRECTION('',(0.,-1.,0.));
#7255=DIRECTION('',(0.,-1.,0.));
#7256=DIRECTION('',(0.,0.,-1.));
#7257=DIRECTION('',(0.,0.,1.));
#7258=DIRECTION('',(1.,0.,0.));
#7259=DIRECTION('',(1.,0.,0.));
#7260=DIRECTION('',(0.,0.,-1.));
#7261=DIRECTION('',(0.,0.,1.));
#7262=DIRECTION('',(0.,1.,0.));
#7263=DIRECTION('',(0.,1.,0.));
#7264=DIRECTION('',(0.,0.,1.));
#7265=DIRECTION('',(0.,0.,1.));
#7266=DIRECTION('',(-1.,0.,0.));
#7267=DIRECTION('',(0.915773846742072,-0.401694238971917,0.));
#7268=DIRECTION('',(0.401694238971917,0.915773846742072,0.));
#7269=DIRECTION('',(0.,0.,1.));
#7270=DIRECTION('',(0.401694238971917,0.915773846742072,0.));
#7271=DIRECTION('',(0.,1.,0.));
#7272=DIRECTION('',(0.,0.,1.));
#7273=DIRECTION('',(-1.,0.,0.));
#7274=DIRECTION('',(0.,0.,1.));
#7275=DIRECTION('',(1.,0.,0.));
#7276=DIRECTION('',(0.951056516295154,0.309016994374947,0.));
#7277=DIRECTION('',(-0.309016994374947,0.951056516295154,0.));
#7278=DIRECTION('',(0.,0.,1.));
#7279=DIRECTION('',(-0.309016994374947,0.951056516295154,0.));
#7280=DIRECTION('',(0.,0.,1.));
#7281=DIRECTION('',(-0.309016994374944,0.951056516295155,0.));
#7282=DIRECTION('',(-0.951056516295155,-0.309016994374944,0.));
#7283=DIRECTION('',(0.,0.,1.));
#7284=DIRECTION('',(-0.951056516295155,-0.309016994374944,0.));
#7285=DIRECTION('',(-0.951056516295154,-0.309016994374947,0.));
#7286=DIRECTION('',(0.309016994374947,-0.951056516295154,0.));
#7287=DIRECTION('',(0.,0.,1.));
#7288=DIRECTION('',(0.309016994374947,-0.951056516295154,0.));
#7289=DIRECTION('',(0.309016994374947,-0.951056516295154,0.));
#7290=DIRECTION('',(0.951056516295154,0.309016994374947,0.));
#7291=DIRECTION('',(0.,0.,1.));
#7292=DIRECTION('',(0.951056516295154,0.309016994374947,0.));
#7293=DIRECTION('',(0.951056516295154,0.309016994374947,0.));
#7294=DIRECTION('',(-0.309016994374947,0.951056516295154,0.));
#7295=DIRECTION('',(0.,0.,1.));
#7296=DIRECTION('',(-0.309016994374947,0.951056516295154,0.));
#7297=DIRECTION('',(0.,0.,1.));
#7298=DIRECTION('',(0.368023187256033,0.929816612909186,0.));
#7299=DIRECTION('',(0.,0.,1.));
#7300=DIRECTION('',(0.,0.,1.));
#7301=DIRECTION('',(1.,0.,0.));
#7302=DIRECTION('',(0.,0.,1.));
#7303=DIRECTION('',(0.,0.,1.));
#7304=DIRECTION('',(0.,0.,1.));
#7305=DIRECTION('',(0.,0.,1.));
#7306=DIRECTION('',(0.,0.,1.));
#7307=DIRECTION('',(0.,0.,1.));
#7308=DIRECTION('',(0.,0.,1.));
#7309=DIRECTION('',(-0.951056516295154,-0.309016994374947,0.));
#7310=DIRECTION('',(0.309016994374947,-0.951056516295154,0.));
#7311=DIRECTION('',(0.,0.,1.));
#7312=DIRECTION('',(0.309016994374947,-0.951056516295154,0.));
#7313=DIRECTION('',(0.,0.,1.));
#7314=DIRECTION('',(0.,0.,1.));
#7315=DIRECTION('',(0.,0.,1.));
#7316=DIRECTION('',(0.,0.,1.));
#7317=DIRECTION('',(-0.413691408982058,-0.910417167091241,0.));
#7318=DIRECTION('',(0.,0.,1.));
#7319=DIRECTION('',(0.,0.,1.));
#7320=DIRECTION('',(1.,0.,0.));
#7321=DIRECTION('',(0.,0.,1.));
#7322=DIRECTION('',(0.,0.,1.));
#7323=DIRECTION('',(0.486168772378533,-0.873864935080903,0.));
#7324=DIRECTION('',(0.,0.,1.));
#7325=DIRECTION('',(0.,0.,1.));
#7326=DIRECTION('',(1.,0.,0.));
#7327=DIRECTION('',(0.,0.,1.));
#7328=DIRECTION('',(0.,0.,1.));
#7329=DIRECTION('',(0.,0.,1.));
#7330=DIRECTION('',(0.86546937869681,0.50096182942232,0.));
#7331=DIRECTION('',(0.,0.,1.));
#7332=DIRECTION('',(0.,0.,1.));
#7333=DIRECTION('',(1.,0.,0.));
#7334=DIRECTION('',(0.,0.,1.));
#7335=DIRECTION('',(-0.309016994374947,0.951056516295154,0.));
#7336=DIRECTION('',(-0.951056516295154,-0.309016994374947,0.));
#7337=DIRECTION('',(-0.951056516295154,-0.309016994374947,0.));
#7338=DIRECTION('',(0.,0.,1.));
#7339=DIRECTION('',(1.,0.,0.));
#7340=DIRECTION('',(0.801088763690139,0.598545564422129,0.));
#7341=DIRECTION('',(-0.598545564422129,0.801088763690139,0.));
#7342=DIRECTION('',(-0.598545564422129,0.801088763690139,0.));
#7343=DIRECTION('',(0.,0.,1.));
#7344=DIRECTION('',(-0.598545564422129,0.801088763690139,0.));
#7345=DIRECTION('',(0.,0.,1.));
#7346=DIRECTION('',(-0.309016994374949,-0.951056516295153,0.));
#7347=DIRECTION('',(0.951056516295153,-0.309016994374949,0.));
#7348=DIRECTION('',(0.951056516295153,-0.309016994374949,0.));
#7349=DIRECTION('',(0.,0.,1.));
#7350=DIRECTION('',(0.951056516295153,-0.309016994374949,0.));
#7351=DIRECTION('',(-0.309016994374949,-0.951056516295153,0.));
#7352=DIRECTION('',(0.951056516295153,-0.309016994374949,0.));
#7353=DIRECTION('',(0.,0.,1.));
#7354=DIRECTION('',(0.951056516295153,-0.309016994374949,0.));
#7355=DIRECTION('',(0.,0.,1.));
#7356=DIRECTION('',(0.951056516295153,-0.309016994374949,0.));
#7357=DIRECTION('',(0.309016994374949,0.951056516295153,0.));
#7358=DIRECTION('',(0.,0.,1.));
#7359=DIRECTION('',(0.309016994374949,0.951056516295153,0.));
#7360=DIRECTION('',(-0.309016994374949,-0.951056516295153,0.));
#7361=DIRECTION('',(0.951056516295153,-0.309016994374949,0.));
#7362=DIRECTION('',(0.,0.,1.));
#7363=DIRECTION('',(0.951056516295153,-0.309016994374949,0.));
#7364=DIRECTION('',(0.951056516295153,-0.309016994374948,0.));
#7365=DIRECTION('',(0.309016994374949,0.951056516295154,0.));
#7366=DIRECTION('',(0.,0.,1.));
#7367=DIRECTION('',(0.309016994374948,0.951056516295153,0.));
#7368=DIRECTION('',(0.309016994374949,0.951056516295153,0.));
#7369=DIRECTION('',(-0.951056516295153,0.309016994374949,0.));
#7370=DIRECTION('',(0.,0.,1.));
#7371=DIRECTION('',(-0.951056516295153,0.309016994374949,0.));
#7372=DIRECTION('',(0.951056516295153,-0.309016994374949,0.));
#7373=DIRECTION('',(0.309016994374949,0.951056516295153,0.));
#7374=DIRECTION('',(0.,0.,1.));
#7375=DIRECTION('',(0.309016994374949,0.951056516295153,0.));
#7376=DIRECTION('',(0.309016994374949,0.951056516295153,0.));
#7377=DIRECTION('',(-0.951056516295153,0.309016994374949,0.));
#7378=DIRECTION('',(0.,0.,1.));
#7379=DIRECTION('',(-0.951056516295153,0.309016994374949,0.));
#7380=DIRECTION('',(-0.951056516295153,0.309016994374949,0.));
#7381=DIRECTION('',(-0.309016994374949,-0.951056516295153,0.));
#7382=DIRECTION('',(0.,0.,1.));
#7383=DIRECTION('',(-0.309016994374949,-0.951056516295153,0.));
#7384=DIRECTION('',(0.309016994374948,0.951056516295153,0.));
#7385=DIRECTION('',(-0.951056516295154,0.309016994374948,0.));
#7386=DIRECTION('',(0.,0.,1.));
#7387=DIRECTION('',(-0.951056516295154,0.309016994374948,0.));
#7388=DIRECTION('',(-0.951056516295153,0.309016994374948,0.));
#7389=DIRECTION('',(-0.309016994374948,-0.951056516295154,0.));
#7390=DIRECTION('',(0.,0.,1.));
#7391=DIRECTION('',(-0.309016994374948,-0.951056516295153,0.));
#7392=DIRECTION('',(-0.80733440969385,-0.590094188180399,0.));
#7393=DIRECTION('',(0.590094188180399,-0.80733440969385,0.));
#7394=DIRECTION('',(0.590094188180399,-0.80733440969385,0.));
#7395=DIRECTION('',(-0.951056516295153,0.309016994374949,0.));
#7396=DIRECTION('',(-0.309016994374949,-0.951056516295153,0.));
#7397=DIRECTION('',(-0.309016994374949,-0.951056516295153,0.));
#7398=DIRECTION('',(-0.309016994374949,-0.951056516295153,0.));
#7399=DIRECTION('',(0.,0.,1.));
#7400=DIRECTION('',(1.,0.,0.));
#7401=DIRECTION('',(0.,0.,1.));
#7402=DIRECTION('',(0.,0.,1.));
#7403=DIRECTION('',(0.,0.,1.));
#7404=DIRECTION('',(0.,0.,1.));
#7405=DIRECTION('',(0.,0.,1.));
#7406=DIRECTION('',(0.,0.,1.));
#7407=DIRECTION('',(0.,0.,1.));
#7408=DIRECTION('',(0.,0.,1.));
#7409=DIRECTION('',(0.,0.,1.));
#7410=DIRECTION('',(0.,0.,1.));
#7411=DIRECTION('',(0.951056516295153,-0.309016994374948,0.));
#7412=DIRECTION('',(0.309016994374948,0.951056516295154,0.));
#7413=DIRECTION('',(0.,0.,1.));
#7414=DIRECTION('',(0.309016994374948,0.951056516295153,0.));
#7415=DIRECTION('',(0.,0.,1.));
#7416=DIRECTION('',(0.,0.,1.));
#7417=DIRECTION('',(0.,0.,1.));
#7418=DIRECTION('',(0.,0.,1.));
#7419=DIRECTION('',(0.,0.,1.));
#7420=DIRECTION('',(0.,0.,1.));
#7421=DIRECTION('',(0.,0.,1.));
#7422=DIRECTION('',(0.,0.,1.));
#7423=DIRECTION('',(0.,0.,1.));
#7424=DIRECTION('',(0.,0.,1.));
#7425=DIRECTION('',(0.,0.,1.));
#7426=DIRECTION('',(0.46591124254909,-0.884831460825373,0.));
#7427=DIRECTION('',(0.,0.,1.));
#7428=DIRECTION('',(0.,0.,1.));
#7429=DIRECTION('',(1.,0.,0.));
#7430=DIRECTION('',(0.,0.,1.));
#7431=DIRECTION('',(0.,0.,1.));
#7432=DIRECTION('',(0.,0.,1.));
#7433=DIRECTION('',(0.,0.,1.));
#7434=DIRECTION('',(0.,0.,1.));
#7435=DIRECTION('',(0.,0.,1.));
#7436=DIRECTION('',(1.,0.,0.));
#7437=DIRECTION('',(0.,0.,1.));
#7438=DIRECTION('',(0.402835978140346,0.91527218613684,0.));
#7439=DIRECTION('',(0.,0.,1.));
#7440=DIRECTION('',(1.,0.,0.));
#7441=DIRECTION('',(0.,0.,1.));
#7442=DIRECTION('',(0.,0.,1.));
#7443=DIRECTION('',(1.,0.,0.));
#7444=DIRECTION('',(0.,0.,1.));
#7445=DIRECTION('',(0.,0.,1.));
#7446=DIRECTION('',(0.,0.,1.));
#7447=DIRECTION('',(0.,0.,1.));
#7448=DIRECTION('',(0.,0.,1.));
#7449=DIRECTION('',(0.,0.,1.));
#7450=DIRECTION('',(0.,0.,1.));
#7451=DIRECTION('',(0.,0.,1.));
#7452=DIRECTION('',(0.,0.,1.));
#7453=DIRECTION('',(0.,0.,1.));
#7454=DIRECTION('',(0.587785252292472,0.809016994374948,0.));
#7455=DIRECTION('',(-0.809016994374948,0.587785252292473,0.));
#7456=DIRECTION('',(0.,0.,1.));
#7457=DIRECTION('',(-0.809016994374948,0.587785252292473,0.));
#7458=DIRECTION('',(0.,0.,1.));
#7459=DIRECTION('',(0.,0.,1.));
#7460=DIRECTION('',(0.,0.,1.));
#7461=DIRECTION('',(0.,0.,1.));
#7462=DIRECTION('',(0.,0.,1.));
#7463=DIRECTION('',(0.,0.,1.));
#7464=DIRECTION('',(0.,0.,1.));
#7465=DIRECTION('',(0.,0.,1.));
#7466=DIRECTION('',(0.193873824964137,-0.981026472626389,0.));
#7467=DIRECTION('',(0.,0.,1.));
#7468=DIRECTION('',(0.,0.,1.));
#7469=DIRECTION('',(1.,0.,0.));
#7470=DIRECTION('',(0.,0.,1.));
#7471=DIRECTION('',(0.,0.,1.));
#7472=DIRECTION('',(0.,0.,1.));
#7473=DIRECTION('',(0.,0.,1.));
#7474=DIRECTION('',(0.,0.,1.));
#7475=DIRECTION('',(0.,0.,1.));
#7476=DIRECTION('',(0.,0.,1.));
#7477=DIRECTION('',(-0.0824877492630336,0.996592078646784,0.));
#7478=DIRECTION('',(0.,0.,1.));
#7479=DIRECTION('',(1.,0.,0.));
#7480=DIRECTION('',(0.,0.,1.));
#7481=DIRECTION('',(1.,0.,0.));
#7482=DIRECTION('',(0.,0.,1.));
#7483=DIRECTION('',(1.,0.,0.));
#7484=DIRECTION('',(0.,0.,1.));
#7485=DIRECTION('',(0.,0.,1.));
#7486=DIRECTION('',(0.,0.,1.));
#7487=DIRECTION('',(0.,0.,1.));
#7488=DIRECTION('',(0.,0.,1.));
#7489=DIRECTION('',(0.,0.,1.));
#7490=DIRECTION('',(0.,0.,1.));
#7491=DIRECTION('',(0.,0.,1.));
#7492=DIRECTION('',(0.,0.,1.));
#7493=DIRECTION('',(0.,0.,1.));
#7494=DIRECTION('',(0.,0.,1.));
#7495=DIRECTION('',(0.,0.,1.));
#7496=DIRECTION('',(0.,0.,1.));
#7497=DIRECTION('',(0.,0.,1.));
#7498=DIRECTION('',(0.,0.,1.));
#7499=DIRECTION('',(0.,0.,1.));
#7500=DIRECTION('',(0.,0.,1.));
#7501=DIRECTION('',(0.,0.,1.));
#7502=DIRECTION('',(0.,0.,1.));
#7503=DIRECTION('',(0.,0.,1.));
#7504=DIRECTION('',(0.,0.,1.));
#7505=DIRECTION('',(1.,0.,0.));
#7506=DIRECTION('',(0.,0.,1.));
#7507=DIRECTION('',(1.,0.,0.));
#7508=DIRECTION('',(0.,0.,1.));
#7509=DIRECTION('',(1.,0.,0.));
#7510=DIRECTION('',(0.,0.,1.));
#7511=DIRECTION('',(1.,0.,0.));
#7512=DIRECTION('',(0.,0.,1.));
#7513=DIRECTION('',(1.,0.,0.));
#7514=DIRECTION('',(0.,0.,1.));
#7515=DIRECTION('',(1.,0.,0.));
#7516=DIRECTION('',(0.,0.,-1.));
#7517=DIRECTION('',(-1.,0.,0.));
#7518=DIRECTION('',(0.,0.,-1.));
#7519=DIRECTION('',(-1.,0.,0.));
#7520=DIRECTION('',(0.,0.,-1.));
#7521=DIRECTION('',(-1.,0.,0.));
#7522=DIRECTION('',(0.,0.,-1.));
#7523=DIRECTION('',(-1.,0.,0.));
#7524=DIRECTION('',(0.,0.,-1.));
#7525=DIRECTION('',(-1.,0.,0.));
#7526=DIRECTION('',(0.,0.,-1.));
#7527=DIRECTION('',(-1.,0.,0.));
#7528=DIRECTION('',(0.,0.,-1.));
#7529=DIRECTION('',(-1.,0.,0.));
#7530=DIRECTION('',(0.,0.,-1.));
#7531=DIRECTION('',(-1.,0.,0.));
#7532=DIRECTION('',(0.,0.,-1.));
#7533=DIRECTION('',(-1.,0.,0.));
#7534=DIRECTION('',(0.,0.,-1.));
#7535=DIRECTION('',(-1.,0.,0.));
#7536=DIRECTION('',(0.,0.,-1.));
#7537=DIRECTION('',(-1.,0.,0.));
#7538=DIRECTION('',(0.,0.,-1.));
#7539=DIRECTION('',(-1.,0.,0.));
#7540=DIRECTION('',(0.,0.,-1.));
#7541=DIRECTION('',(-1.,0.,0.));
#7542=DIRECTION('',(0.,0.,-1.));
#7543=DIRECTION('',(-1.,0.,0.));
#7544=DIRECTION('',(0.,0.,-1.));
#7545=DIRECTION('',(-1.,0.,0.));
#7546=DIRECTION('',(0.,0.,-1.));
#7547=DIRECTION('',(-1.,0.,0.));
#7548=DIRECTION('',(0.,0.,-1.));
#7549=DIRECTION('',(-1.,0.,0.));
#7550=DIRECTION('',(0.,0.,-1.));
#7551=DIRECTION('',(-1.,0.,0.));
#7552=DIRECTION('',(0.,0.,-1.));
#7553=DIRECTION('',(-1.,0.,0.));
#7554=DIRECTION('',(0.,0.,-1.));
#7555=DIRECTION('',(-1.,0.,0.));
#7556=DIRECTION('',(0.,0.,-1.));
#7557=DIRECTION('',(-1.,0.,0.));
#7558=DIRECTION('',(0.,0.,-1.));
#7559=DIRECTION('',(-1.,0.,0.));
#7560=DIRECTION('',(0.,0.,-1.));
#7561=DIRECTION('',(-1.,0.,0.));
#7562=DIRECTION('',(0.,0.,-1.));
#7563=DIRECTION('',(-1.,0.,0.));
#7564=DIRECTION('',(0.,0.,-1.));
#7565=DIRECTION('',(-1.,0.,0.));
#7566=DIRECTION('',(0.,0.,-1.));
#7567=DIRECTION('',(-1.,0.,0.));
#7568=DIRECTION('',(0.,0.,-1.));
#7569=DIRECTION('',(-1.,0.,0.));
#7570=DIRECTION('',(0.,0.,-1.));
#7571=DIRECTION('',(-1.,0.,0.));
#7572=DIRECTION('',(0.,0.,-1.));
#7573=DIRECTION('',(-1.,0.,0.));
#7574=DIRECTION('',(0.,0.,-1.));
#7575=DIRECTION('',(-1.,0.,0.));
#7576=DIRECTION('',(0.,0.,-1.));
#7577=DIRECTION('',(-1.,0.,0.));
#7578=DIRECTION('',(0.,0.,-1.));
#7579=DIRECTION('',(-1.,0.,0.));
#7580=DIRECTION('',(0.,0.,-1.));
#7581=DIRECTION('',(-1.,0.,0.));
#7582=DIRECTION('',(0.,0.,-1.));
#7583=DIRECTION('',(-1.,0.,0.));
#7584=DIRECTION('',(0.,0.,-1.));
#7585=DIRECTION('',(-1.,0.,0.));
#7586=DIRECTION('',(0.,0.,-1.));
#7587=DIRECTION('',(-1.,0.,0.));
#7588=DIRECTION('',(0.,0.,-1.));
#7589=DIRECTION('',(-1.,0.,0.));
#7590=DIRECTION('',(0.,0.,-1.));
#7591=DIRECTION('',(-1.,0.,0.));
#7592=DIRECTION('',(0.,0.,-1.));
#7593=DIRECTION('',(-1.,0.,0.));
#7594=DIRECTION('',(0.,0.,-1.));
#7595=DIRECTION('',(-1.,0.,0.));
#7596=DIRECTION('',(0.,0.,-1.));
#7597=DIRECTION('',(-1.,0.,0.));
#7598=DIRECTION('',(0.,0.,-1.));
#7599=DIRECTION('',(-1.,0.,0.));
#7600=DIRECTION('',(0.,0.,-1.));
#7601=DIRECTION('',(-1.,0.,0.));
#7602=DIRECTION('',(0.,0.,-1.));
#7603=DIRECTION('',(-1.,0.,0.));
#7604=DIRECTION('',(0.,0.,-1.));
#7605=DIRECTION('',(-1.,0.,0.));
#7606=DIRECTION('',(0.,0.,-1.));
#7607=DIRECTION('',(-1.,0.,0.));
#7608=DIRECTION('',(0.,0.,-1.));
#7609=DIRECTION('',(-1.,0.,0.));
#7610=DIRECTION('',(0.,0.,-1.));
#7611=DIRECTION('',(-1.,0.,0.));
#7612=DIRECTION('',(0.,0.,-1.));
#7613=DIRECTION('',(-1.,0.,0.));
#7614=DIRECTION('',(0.,0.,-1.));
#7615=DIRECTION('',(-1.,0.,0.));
#7616=DIRECTION('',(0.,0.,-1.));
#7617=DIRECTION('',(-1.,0.,0.));
#7618=DIRECTION('',(0.,0.,-1.));
#7619=DIRECTION('',(-1.,0.,0.));
#7620=DIRECTION('',(0.,0.,-1.));
#7621=DIRECTION('',(-1.,0.,0.));
#7622=DIRECTION('',(0.,0.,1.));
#7623=DIRECTION('',(1.,0.,0.));
#7624=DIRECTION('',(0.,0.,-1.));
#7625=DIRECTION('',(1.,0.,0.));
#7626=DIRECTION('',(0.,0.,-1.));
#7627=DIRECTION('',(-1.,0.,0.));
#7628=DIRECTION('',(0.,0.,-1.));
#7629=DIRECTION('',(-1.,0.,0.));
#7630=DIRECTION('',(0.,0.,-1.));
#7631=DIRECTION('',(-1.,0.,0.));
#7632=DIRECTION('',(0.,0.,1.));
#7633=DIRECTION('',(1.,0.,0.));
#7634=DIRECTION('',(0.,0.,-1.));
#7635=DIRECTION('',(1.,0.,0.));
#7636=DIRECTION('',(0.,0.,-1.));
#7637=DIRECTION('',(-1.,0.,0.));
#7638=DIRECTION('',(0.,0.,-1.));
#7639=DIRECTION('',(-1.,0.,0.));
#7640=DIRECTION('',(0.,0.,-1.));
#7641=DIRECTION('',(-1.,0.,0.));
#7642=DIRECTION('',(0.,0.,1.));
#7643=DIRECTION('',(1.,0.,0.));
#7644=DIRECTION('',(0.,0.,-1.));
#7645=DIRECTION('',(1.,0.,0.));
#7646=DIRECTION('',(0.,0.,-1.));
#7647=DIRECTION('',(-1.,0.,0.));
#7648=DIRECTION('',(0.,0.,-1.));
#7649=DIRECTION('',(-1.,0.,0.));
#7650=DIRECTION('',(0.,0.,-1.));
#7651=DIRECTION('',(-1.,0.,0.));
#7652=DIRECTION('',(0.,0.,1.));
#7653=DIRECTION('',(1.,0.,0.));
#7654=DIRECTION('',(0.,0.,-1.));
#7655=DIRECTION('',(1.,0.,0.));
#7656=DIRECTION('',(0.,0.,-1.));
#7657=DIRECTION('',(-1.,0.,0.));
#7658=DIRECTION('',(0.,0.,-1.));
#7659=DIRECTION('',(-1.,0.,0.));
#7660=DIRECTION('',(0.,0.,-1.));
#7661=DIRECTION('',(-1.,0.,0.));
#7662=DIRECTION('',(0.,0.,1.));
#7663=DIRECTION('',(1.,0.,0.));
#7664=DIRECTION('',(0.,0.,-1.));
#7665=DIRECTION('',(1.,0.,0.));
#7666=DIRECTION('',(0.,0.,-1.));
#7667=DIRECTION('',(-1.,0.,0.));
#7668=DIRECTION('',(0.,0.,-1.));
#7669=DIRECTION('',(-1.,0.,0.));
#7670=DIRECTION('',(0.,0.,-1.));
#7671=DIRECTION('',(-1.,0.,0.));
#7672=DIRECTION('',(0.,0.,1.));
#7673=DIRECTION('',(1.,0.,0.));
#7674=DIRECTION('',(0.,0.,-1.));
#7675=DIRECTION('',(1.,0.,0.));
#7676=DIRECTION('',(0.,0.,-1.));
#7677=DIRECTION('',(-1.,0.,0.));
#7678=DIRECTION('',(0.,0.,-1.));
#7679=DIRECTION('',(-1.,0.,0.));
#7680=DIRECTION('',(0.,0.,-1.));
#7681=DIRECTION('',(-1.,0.,0.));
#7682=DIRECTION('',(0.,0.,1.));
#7683=DIRECTION('',(1.,0.,0.));
#7684=DIRECTION('',(0.,0.,-1.));
#7685=DIRECTION('',(1.,0.,0.));
#7686=DIRECTION('',(0.,0.,-1.));
#7687=DIRECTION('',(-1.,0.,0.));
#7688=DIRECTION('',(0.,0.,-1.));
#7689=DIRECTION('',(-1.,0.,0.));
#7690=DIRECTION('',(0.,0.,-1.));
#7691=DIRECTION('',(-1.,0.,0.));
#7692=DIRECTION('',(0.,0.,1.));
#7693=DIRECTION('',(1.,0.,0.));
#7694=DIRECTION('',(0.,0.,-1.));
#7695=DIRECTION('',(1.,0.,0.));
#7696=DIRECTION('',(0.,0.,-1.));
#7697=DIRECTION('',(-1.,0.,0.));
#7698=DIRECTION('',(0.,0.,-1.));
#7699=DIRECTION('',(-1.,0.,0.));
#7700=DIRECTION('',(0.,0.,-1.));
#7701=DIRECTION('',(-1.,0.,0.));
#7702=DIRECTION('',(0.,0.,1.));
#7703=DIRECTION('',(1.,0.,0.));
#7704=DIRECTION('',(0.,0.,-1.));
#7705=DIRECTION('',(1.,0.,0.));
#7706=DIRECTION('',(0.,0.,-1.));
#7707=DIRECTION('',(1.,0.,0.));
#7708=DIRECTION('',(0.,0.,-1.));
#7709=DIRECTION('',(-1.,0.,0.));
#7710=DIRECTION('',(0.,0.,1.));
#7711=DIRECTION('',(1.,0.,0.));
#7712=DIRECTION('',(0.,0.,-1.));
#7713=DIRECTION('',(-1.,0.,0.));
#7714=DIRECTION('',(0.,0.,-1.));
#7715=DIRECTION('',(-1.,0.,0.));
#7716=CARTESIAN_POINT('',(0.,0.,0.));
#7717=CARTESIAN_POINT('',(-3.46944695195361E-18,0.,-0.0014));
#7718=CARTESIAN_POINT('',(-0.0221763047243582,-0.00330648183981193,-0.0014));
#7719=CARTESIAN_POINT('',(-0.0234672436461185,-0.000965922998585075,-0.0014));
#7720=CARTESIAN_POINT('',(-0.0208167103127699,-0.00577151768843753,-0.0014));
#7721=CARTESIAN_POINT('',(-0.0217159604706143,3.46944695195361E-18,-0.0014));
#7722=CARTESIAN_POINT('',(-0.0234672436461185,0.000965922998585082,-0.0014));
#7723=CARTESIAN_POINT('',(-0.0221763047243582,0.00330648183981194,-0.0014));
#7724=CARTESIAN_POINT('',(-0.0208167103127699,0.00577151768843758,-0.0014));
#7725=CARTESIAN_POINT('',(-0.0251949182515307,0.00818632518490027,-0.0014));
#7726=CARTESIAN_POINT('',(-0.0202334853906198,0.00756649942980922,-0.0014));
#7727=CARTESIAN_POINT('',(-0.0198845086568575,0.0103599048673216,-0.0014));
#7728=CARTESIAN_POINT('',(-0.0195531542142659,0.0130122516060298,-0.0014));
#7729=CARTESIAN_POINT('',(-0.0175685810699015,0.0127643213039934,-0.0014));
#7730=CARTESIAN_POINT('',(-0.018417643627429,0.0145751478482557,-0.0014));
#7731=CARTESIAN_POINT('',(-0.0159975061320288,0.0157099048673216,-0.0014));
#7732=CARTESIAN_POINT('',(-0.0134486594294023,0.0169050112163724,-0.0014));
#7733=CARTESIAN_POINT('',(-0.015571315823221,0.0214320775770281,-0.0014));
#7734=CARTESIAN_POINT('',(-0.0119217567601274,0.0180143709417256,-0.0014));
#7735=CARTESIAN_POINT('',(-0.00999750613202883,0.0200691600353538,-0.0014));
#7736=CARTESIAN_POINT('',(-0.00817042445983183,0.0220201883673067,-0.0014));
#7737=CARTESIAN_POINT('',(-0.00671060083459438,0.0206531057131857,-0.0014));
#7738=CARTESIAN_POINT('',(-0.00633312973574444,0.0226171616109475,-0.0014));
#7739=CARTESIAN_POINT('',(-0.00370820393249937,0.0221126781955419,-0.0014));
#7740=CARTESIAN_POINT('',(-0.000943677747124817,0.0215813650398512,-0.0014));
#7741=CARTESIAN_POINT('',(3.85975973404839E-17,0.0264915047842557,-0.0014));
#7742=CARTESIAN_POINT('',(0.000943677747124895,0.0215813650398512,-0.0014));
#7743=CARTESIAN_POINT('',(0.00370820393249937,0.0221126781955419,-0.0014));
#7744=CARTESIAN_POINT('',(0.00633312973574445,0.0226171616109475,-0.0014));
#7745=CARTESIAN_POINT('',(0.00671060083459439,0.0206531057131857,-0.0014));
#7746=CARTESIAN_POINT('',(0.00817042445983183,0.0220201883673067,-0.0014));
#7747=CARTESIAN_POINT('',(0.00999750613202883,0.0200691600353538,-0.0014));
#7748=CARTESIAN_POINT('',(0.0119217567601274,0.0180143709417255,-0.0014));
#7749=CARTESIAN_POINT('',(0.015571315823221,0.0214320775770281,-0.0014));
#7750=CARTESIAN_POINT('',(0.0134486594294023,0.0169050112163724,-0.0014));
#7751=CARTESIAN_POINT('',(0.0159975061320288,0.0157099048673216,-0.0014));
#7752=CARTESIAN_POINT('',(0.018417643627429,0.0145751478482557,-0.0014));
#7753=CARTESIAN_POINT('',(0.0175685810699015,0.0127643213039934,-0.0014));
#7754=CARTESIAN_POINT('',(0.0195531542142659,0.0130122516060298,-0.0014));
#7755=CARTESIAN_POINT('',(0.0198845086568575,0.0103599048673216,-0.0014));
#7756=CARTESIAN_POINT('',(0.0202334853906198,0.00756649942980917,-0.0014));
#7757=CARTESIAN_POINT('',(0.0251949182515307,0.00818632518490022,-0.0014));
#7758=CARTESIAN_POINT('',(0.0208167103127699,0.00577151768843752,-0.0014));
#7759=CARTESIAN_POINT('',(0.0221763047243582,0.00330648183981194,-0.0014));
#7760=CARTESIAN_POINT('',(0.0234672436461185,0.000965922998585079,-0.0014));
#7761=CARTESIAN_POINT('',(0.0217159604706143,2.60208521396521E-18,-0.0014));
#7762=CARTESIAN_POINT('',(0.0234672436461185,-0.000965922998585076,-0.0014));
#7763=CARTESIAN_POINT('',(0.0221763047243582,-0.00330648183981194,-0.0014));
#7764=CARTESIAN_POINT('',(0.0208167103127699,-0.00577151768843754,-0.0014));
#7765=CARTESIAN_POINT('',(0.0251949182515307,-0.00818632518490023,-0.0014));
#7766=CARTESIAN_POINT('',(0.0202334853906198,-0.00756649942980918,-0.0014));
#7767=CARTESIAN_POINT('',(0.0198845086568575,-0.0103599048673216,-0.0014));
#7768=CARTESIAN_POINT('',(0.0195531542142659,-0.0130122516060298,-0.0014));
#7769=CARTESIAN_POINT('',(0.0175685810699015,-0.0127643213039934,-0.0014));
#7770=CARTESIAN_POINT('',(0.018417643627429,-0.0145751478482557,-0.0014));
#7771=CARTESIAN_POINT('',(0.0159975061320288,-0.0157099048673216,-0.0014));
#7772=CARTESIAN_POINT('',(0.0134486594294023,-0.0169050112163724,-0.0014));
#7773=CARTESIAN_POINT('',(0.015571315823221,-0.0214320775770281,-0.0014));
#7774=CARTESIAN_POINT('',(0.0119217567601274,-0.0180143709417256,-0.0014));
#7775=CARTESIAN_POINT('',(0.00999750613202883,-0.0200691600353538,-0.0014));
#7776=CARTESIAN_POINT('',(0.00817042445983182,-0.0220201883673067,-0.0014));
#7777=CARTESIAN_POINT('',(0.00671060083459438,-0.0206531057131857,-0.0014));
#7778=CARTESIAN_POINT('',(0.00633312973574444,-0.0226171616109475,-0.0014));
#7779=CARTESIAN_POINT('',(0.00370820393249937,-0.0221126781955419,-0.0014));
#7780=CARTESIAN_POINT('',(0.000943677747124835,-0.0215813650398512,-0.0014));
#7781=CARTESIAN_POINT('',(-2.03830008427275E-17,-0.0264915047842557,-0.0014));
#7782=CARTESIAN_POINT('',(-0.000943677747124875,-0.0215813650398512,-0.0014));
#7783=CARTESIAN_POINT('',(-0.00370820393249937,-0.0221126781955419,-0.0014));
#7784=CARTESIAN_POINT('',(-0.00633312973574445,-0.0226171616109475,-0.0014));
#7785=CARTESIAN_POINT('',(-0.00671060083459439,-0.0206531057131857,-0.0014));
#7786=CARTESIAN_POINT('',(-0.00817042445983184,-0.0220201883673067,-0.0014));
#7787=CARTESIAN_POINT('',(-0.00999750613202884,-0.0200691600353538,-0.0014));
#7788=CARTESIAN_POINT('',(-0.0119217567601274,-0.0180143709417255,-0.0014));
#7789=CARTESIAN_POINT('',(-0.0155713158232211,-0.0214320775770281,-0.0014));
#7790=CARTESIAN_POINT('',(-0.0134486594294024,-0.0169050112163724,-0.0014));
#7791=CARTESIAN_POINT('',(-0.0159975061320288,-0.0157099048673216,-0.0014));
#7792=CARTESIAN_POINT('',(-0.018417643627429,-0.0145751478482557,-0.0014));
#7793=CARTESIAN_POINT('',(-0.0175685810699015,-0.0127643213039934,-0.0014));
#7794=CARTESIAN_POINT('',(-0.0195531542142659,-0.0130122516060298,-0.0014));
#7795=CARTESIAN_POINT('',(-0.0198845086568575,-0.0103599048673216,-0.0014));
#7796=CARTESIAN_POINT('',(-0.0202334853906198,-0.00756649942980918,-0.0014));
#7797=CARTESIAN_POINT('',(-0.0251949182515307,-0.00818632518490023,-0.0014));
#7798=CARTESIAN_POINT('',(0.,1.62265700887024E-19,-0.0014));
#7799=CARTESIAN_POINT('',(-0.0183479898702121,0.000828077391938049,-0.0014));
#7800=CARTESIAN_POINT('',(-0.015330567296359,0.0101147491721868,-0.0014));
#7801=CARTESIAN_POINT('',(-0.01755,-7.31836466427716E-18,-0.0014));
#7802=CARTESIAN_POINT('',(-0.0183479898702121,-0.000828077391938065,-0.0014));
#7803=CARTESIAN_POINT('',(0.,1.62265700887024E-19,-0.0014));
#7804=CARTESIAN_POINT('',(-0.0153305672963589,-0.0101147491721868,-0.0014));
#7805=CARTESIAN_POINT('',(-0.0141982482512803,-0.0103156311777329,-0.0014));
#7806=CARTESIAN_POINT('',(-0.014357103938883,-0.0114546065376579,-0.0014));
#7807=CARTESIAN_POINT('',(0.,1.62265700887024E-19,-0.0014));
#7808=CARTESIAN_POINT('',(-0.0064573890821143,-0.0171940853402162,-0.0014));
#7809=CARTESIAN_POINT('',(-0.00542324825128032,-0.0166910418609799,-0.0014));
#7810=CARTESIAN_POINT('',(-0.00488229228291553,-0.0177058653137492,-0.0014));
#7811=CARTESIAN_POINT('',(0.,1.62265700887024E-19,-0.0014));
#7812=CARTESIAN_POINT('',(0.00488229228291554,-0.0177058653137492,-0.0014));
#7813=CARTESIAN_POINT('',(0.00542324825128033,-0.0166910418609799,-0.0014));
#7814=CARTESIAN_POINT('',(0.00645738908211431,-0.0171940853402162,-0.0014));
#7815=CARTESIAN_POINT('',(0.,1.62265700887024E-19,-0.0014));
#7816=CARTESIAN_POINT('',(0.014357103938883,-0.0114546065376579,-0.0014));
#7817=CARTESIAN_POINT('',(0.0141982482512803,-0.0103156311777329,-0.0014));
#7818=CARTESIAN_POINT('',(0.015330567296359,-0.0101147491721868,-0.0014));
#7819=CARTESIAN_POINT('',(0.,1.62265700887024E-19,-0.0014));
#7820=CARTESIAN_POINT('',(0.0183479898702121,-0.000828077391938052,-0.0014));
#7821=CARTESIAN_POINT('',(0.01755,4.71627945031194E-18,-0.0014));
#7822=CARTESIAN_POINT('',(0.0183479898702121,0.000828077391938062,-0.0014));
#7823=CARTESIAN_POINT('',(0.,1.62265700887024E-19,-0.0014));
#7824=CARTESIAN_POINT('',(0.0153305672963589,0.0101147491721868,-0.0014));
#7825=CARTESIAN_POINT('',(0.0141982482512803,0.0103156311777329,-0.0014));
#7826=CARTESIAN_POINT('',(0.014357103938883,0.0114546065376579,-0.0014));
#7827=CARTESIAN_POINT('',(0.,1.62265700887024E-19,-0.0014));
#7828=CARTESIAN_POINT('',(0.0064573890821143,0.0171940853402162,-0.0014));
#7829=CARTESIAN_POINT('',(0.00542324825128032,0.0166910418609799,-0.0014));
#7830=CARTESIAN_POINT('',(0.00488229228291553,0.0177058653137492,-0.0014));
#7831=CARTESIAN_POINT('',(0.,1.62265700887024E-19,-0.0014));
#7832=CARTESIAN_POINT('',(-0.00488229228291554,0.0177058653137492,-0.0014));
#7833=CARTESIAN_POINT('',(-0.00542324825128034,0.0166910418609799,-0.0014));
#7834=CARTESIAN_POINT('',(-0.00645738908211431,0.0171940853402162,-0.0014));
#7835=CARTESIAN_POINT('',(0.,1.62265700887024E-19,-0.0014));
#7836=CARTESIAN_POINT('',(-0.014357103938883,0.0114546065376579,-0.0014));
#7837=CARTESIAN_POINT('',(-0.0141982482512803,0.0103156311777329,-0.0014));
#7838=CARTESIAN_POINT('',(0.0141982482512803,-0.0103156311777329,0.0001));
#7839=CARTESIAN_POINT('',(0.0144044905713588,-0.00918427619126373,-0.00105000000000001));
#7840=CARTESIAN_POINT('',(0.0142720066362744,-0.00916012480246736,-0.00117469326549589));
#7841=CARTESIAN_POINT('',(0.0141337269791816,-0.00915778277792913,-0.00129241523783303));
#7842=CARTESIAN_POINT('',(0.0139870151816293,-0.00918519737149487,-0.0014));
#7843=CARTESIAN_POINT('',(0.0144044905713588,-0.00918427619126373,-0.00105));
#7844=CARTESIAN_POINT('',(0.0139870151816293,-0.00918519737149485,-0.0014));
#7845=CARTESIAN_POINT('',(0.0141982482512803,-0.0103156311777329,-0.00105));
#7846=CARTESIAN_POINT('',(0.0131859981010194,-0.0108613871976692,-0.00105));
#7847=CARTESIAN_POINT('',(0.0130578672053212,-0.0104640598475278,-0.00140000000000002));
#7848=CARTESIAN_POINT('',(0.0130771308161878,-0.010612062633913,-0.00129241523783302));
#7849=CARTESIAN_POINT('',(0.0131220889779043,-0.0107428506774786,-0.00117469326549587));
#7850=CARTESIAN_POINT('',(0.0131859981010194,-0.0108613871976692,-0.00105000000000001));
#7851=CARTESIAN_POINT('',(0.0130578672053211,-0.0104640598475278,-0.0014));
#7852=CARTESIAN_POINT('',(0.0141982482512803,-0.0103156311777329,-0.0014));
#7853=CARTESIAN_POINT('',(0.00542324825128033,-0.0166910418609799,0.0001));
#7854=CARTESIAN_POINT('',(0.00625509556933725,-0.0158969826443963,-0.00105));
#7855=CARTESIAN_POINT('',(0.0061621096445292,-0.015799571657214,-0.00117469326549589));
#7856=CARTESIAN_POINT('',(0.00605161565944885,-0.0157163981764301,-0.00129241523783304));
#7857=CARTESIAN_POINT('',(0.00591680942815821,-0.0156523420175801,-0.00140000000000002));
#7858=CARTESIAN_POINT('',(0.00625509556933724,-0.0158969826443963,-0.00105));
#7859=CARTESIAN_POINT('',(0.00591680942815817,-0.0156523420175801,-0.0014));
#7860=CARTESIAN_POINT('',(0.00542324825128033,-0.0166910418609799,-0.00105));
#7861=CARTESIAN_POINT('',(0.00428353333729235,-0.0165375820459359,-0.00105000000000061));
#7862=CARTESIAN_POINT('',(0.00441341642191348,-0.0161408240164878,-0.00140000000000001));
#7863=CARTESIAN_POINT('',(0.00434200715534235,-0.0162718836522614,-0.0012924152378332));
#7864=CARTESIAN_POINT('',(0.00430150378902277,-0.0164041191465939,-0.00117469326549627));
#7865=CARTESIAN_POINT('',(0.00428353333729234,-0.0165375820459359,-0.00105000000000063));
#7866=CARTESIAN_POINT('',(0.00441341642191353,-0.0161408240164878,-0.0014));
#7867=CARTESIAN_POINT('',(0.00542324825128033,-0.0166910418609799,-0.0014));
#7868=CARTESIAN_POINT('',(-0.00542324825128032,-0.0166910418609799,0.0001));
#7869=CARTESIAN_POINT('',(-0.00428353333729224,-0.0165375820459366,-0.00105));
#7870=CARTESIAN_POINT('',(-0.00430150378902261,-0.0164041191465943,-0.00117469326549587));
#7871=CARTESIAN_POINT('',(-0.00434200715534221,-0.0162718836522616,-0.00129241523783301));
#7872=CARTESIAN_POINT('',(-0.00441341642191346,-0.0161408240164878,-0.0014));
#7873=CARTESIAN_POINT('',(-0.00428353333729225,-0.0165375820459366,-0.00105));
#7874=CARTESIAN_POINT('',(-0.00441341642191345,-0.0161408240164878,-0.0014));
#7875=CARTESIAN_POINT('',(-0.00542324825128032,-0.0166910418609799,-0.00105));
#7876=CARTESIAN_POINT('',(-0.00625509556933724,-0.0158969826443963,-0.00105));
#7877=CARTESIAN_POINT('',(-0.00591680942815821,-0.0156523420175801,-0.00140000000000001));
#7878=CARTESIAN_POINT('',(-0.00605161565944885,-0.0157163981764301,-0.00129241523783303));
#7879=CARTESIAN_POINT('',(-0.00616210964452919,-0.015799571657214,-0.00117469326549589));
#7880=CARTESIAN_POINT('',(-0.00625509556933724,-0.0158969826443963,-0.00105));
#7881=CARTESIAN_POINT('',(-0.00591680942815822,-0.0156523420175801,-0.0014));
#7882=CARTESIAN_POINT('',(-0.00542324825128032,-0.0166910418609799,-0.0014));
#7883=CARTESIAN_POINT('',(-0.0141982482512803,-0.0103156311777329,0.0001));
#7884=CARTESIAN_POINT('',(-0.0131859981010194,-0.0108613871976692,-0.00105000000000001));
#7885=CARTESIAN_POINT('',(-0.0131220889779043,-0.0107428506774786,-0.00117469326549587));
#7886=CARTESIAN_POINT('',(-0.0130771308161878,-0.010612062633913,-0.00129241523783301));
#7887=CARTESIAN_POINT('',(-0.0130578672053212,-0.0104640598475278,-0.00140000000000001));
#7888=CARTESIAN_POINT('',(-0.0131859981010194,-0.0108613871976692,-0.00105));
#7889=CARTESIAN_POINT('',(-0.0130578672053211,-0.0104640598475278,-0.0014));
#7890=CARTESIAN_POINT('',(-0.0141982482512803,-0.0103156311777329,-0.00105));
#7891=CARTESIAN_POINT('',(-0.0144044905713581,-0.00918427619126362,-0.00105000000000061));
#7892=CARTESIAN_POINT('',(-0.0139870151816293,-0.00918519737149487,-0.00140000000000001));
#7893=CARTESIAN_POINT('',(-0.0141337269791814,-0.00915778277792917,-0.00129241523783321));
#7894=CARTESIAN_POINT('',(-0.0142720066362739,-0.00916012480246736,-0.00117469326549628));
#7895=CARTESIAN_POINT('',(-0.0144044905713581,-0.00918427619126361,-0.00105000000000063));
#7896=CARTESIAN_POINT('',(-0.0139870151816293,-0.00918519737149487,-0.0014));
#7897=CARTESIAN_POINT('',(-0.0141982482512803,-0.0103156311777329,-0.0014));
#7898=CARTESIAN_POINT('',(-0.01755,-7.31836466427716E-18,0.0001));
#7899=CARTESIAN_POINT('',(-0.0170518597657487,-0.00103651160486511,-0.00105000000000001));
#7900=CARTESIAN_POINT('',(-0.0169304821806268,-0.000978178385630848,-0.00117469326549589));
#7901=CARTESIAN_POINT('',(-0.0168172349805783,-0.000898794380152313,-0.00129241523783303));
#7902=CARTESIAN_POINT('',(-0.0167146565368788,-0.000790380477125188,-0.00140000000000001));
#7903=CARTESIAN_POINT('',(-0.0170518597657487,-0.0010365116048651,-0.00105));
#7904=CARTESIAN_POINT('',(-0.0167146565368788,-0.000790380477125197,-0.0014));
#7905=CARTESIAN_POINT('',(-0.01755,-7.31836466427716E-18,-0.00105));
#7906=CARTESIAN_POINT('',(-0.0170518597657481,0.0010365116048648,-0.00105000000000061));
#7907=CARTESIAN_POINT('',(-0.0167146565368788,0.000790380477125172,-0.00140000000000001));
#7908=CARTESIAN_POINT('',(-0.0168172349805782,0.000898794380152122,-0.00129241523783321));
#7909=CARTESIAN_POINT('',(-0.0169304821806265,0.000978178385630571,-0.00117469326549628));
#7910=CARTESIAN_POINT('',(-0.0170518597657481,0.0010365116048648,-0.00105000000000062));
#7911=CARTESIAN_POINT('',(-0.0167146565368788,0.000790380477125183,-0.0014));
#7912=CARTESIAN_POINT('',(-0.01755,-7.31836466427716E-18,-0.0014));
#7913=CARTESIAN_POINT('',(-0.0141982482512803,0.0103156311777329,0.0001));
#7914=CARTESIAN_POINT('',(-0.0144044905713588,0.00918427619126373,-0.00105000000000001));
#7915=CARTESIAN_POINT('',(-0.0142720066362744,0.00916012480246736,-0.00117469326549589));
#7916=CARTESIAN_POINT('',(-0.0141337269791816,0.00915778277792913,-0.00129241523783303));
#7917=CARTESIAN_POINT('',(-0.0139870151816293,0.00918519737149487,-0.0014));
#7918=CARTESIAN_POINT('',(-0.0144044905713588,0.00918427619126373,-0.00105));
#7919=CARTESIAN_POINT('',(-0.0139870151816293,0.00918519737149485,-0.0014));
#7920=CARTESIAN_POINT('',(-0.0141982482512803,0.0103156311777329,-0.00105));
#7921=CARTESIAN_POINT('',(-0.0131859981010191,0.0108613871976686,-0.00105000000000061));
#7922=CARTESIAN_POINT('',(-0.0130578672053212,0.0104640598475278,-0.00140000000000001));
#7923=CARTESIAN_POINT('',(-0.0130771308161878,0.0106120626339127,-0.00129241523783318));
#7924=CARTESIAN_POINT('',(-0.0131220889779041,0.0107428506774781,-0.00117469326549626));
#7925=CARTESIAN_POINT('',(-0.0131859981010191,0.0108613871976686,-0.00105000000000063));
#7926=CARTESIAN_POINT('',(-0.0130578672053211,0.0104640598475278,-0.0014));
#7927=CARTESIAN_POINT('',(-0.0141982482512803,0.0103156311777329,-0.0014));
#7928=CARTESIAN_POINT('',(-0.00542324825128034,0.0166910418609799,0.0001));
#7929=CARTESIAN_POINT('',(-0.00625509556933725,0.0158969826443962,-0.00105000000000001));
#7930=CARTESIAN_POINT('',(-0.0061621096445292,0.0157995716572139,-0.0011746932654959));
#7931=CARTESIAN_POINT('',(-0.00605161565944886,0.0157163981764301,-0.00129241523783304));
#7932=CARTESIAN_POINT('',(-0.00591680942815821,0.0156523420175801,-0.00140000000000002));
#7933=CARTESIAN_POINT('',(-0.00625509556933724,0.0158969826443963,-0.00105));
#7934=CARTESIAN_POINT('',(-0.00591680942815817,0.0156523420175801,-0.0014));
#7935=CARTESIAN_POINT('',(-0.00542324825128034,0.0166910418609799,-0.00105));
#7936=CARTESIAN_POINT('',(-0.00428353333729235,0.0165375820459359,-0.00105000000000061));
#7937=CARTESIAN_POINT('',(-0.00441341642191349,0.0161408240164878,-0.00140000000000001));
#7938=CARTESIAN_POINT('',(-0.00434200715534236,0.0162718836522614,-0.0012924152378332));
#7939=CARTESIAN_POINT('',(-0.00430150378902278,0.0164041191465939,-0.00117469326549627));
#7940=CARTESIAN_POINT('',(-0.00428353333729235,0.0165375820459359,-0.00105000000000063));
#7941=CARTESIAN_POINT('',(-0.00441341642191353,0.0161408240164878,-0.0014));
#7942=CARTESIAN_POINT('',(-0.00542324825128034,0.0166910418609799,-0.0014));
#7943=CARTESIAN_POINT('',(0.00542324825128032,0.0166910418609799,0.0001));
#7944=CARTESIAN_POINT('',(0.00428353333729224,0.0165375820459366,-0.00105));
#7945=CARTESIAN_POINT('',(0.00430150378902261,0.0164041191465943,-0.00117469326549587));
#7946=CARTESIAN_POINT('',(0.00434200715534221,0.0162718836522616,-0.00129241523783302));
#7947=CARTESIAN_POINT('',(0.00441341642191346,0.0161408240164878,-0.0014));
#7948=CARTESIAN_POINT('',(0.00428353333729225,0.0165375820459366,-0.00105));
#7949=CARTESIAN_POINT('',(0.00441341642191345,0.0161408240164878,-0.0014));
#7950=CARTESIAN_POINT('',(0.00542324825128032,0.0166910418609799,-0.00105));
#7951=CARTESIAN_POINT('',(0.00625509556933678,0.0158969826443958,-0.00105000000000061));
#7952=CARTESIAN_POINT('',(0.00591680942815821,0.0156523420175801,-0.00140000000000001));
#7953=CARTESIAN_POINT('',(0.00605161565944863,0.01571639817643,-0.00129241523783321));
#7954=CARTESIAN_POINT('',(0.00616210964452882,0.0157995716572137,-0.00117469326549628));
#7955=CARTESIAN_POINT('',(0.00625509556933678,0.0158969826443958,-0.00105000000000063));
#7956=CARTESIAN_POINT('',(0.00591680942815822,0.0156523420175801,-0.0014));
#7957=CARTESIAN_POINT('',(0.00542324825128032,0.0166910418609799,-0.0014));
#7958=CARTESIAN_POINT('',(0.0141982482512803,0.0103156311777329,0.0001));
#7959=CARTESIAN_POINT('',(0.0131859981010194,0.0108613871976692,-0.00105000000000001));
#7960=CARTESIAN_POINT('',(0.0131220889779043,0.0107428506774786,-0.00117469326549587));
#7961=CARTESIAN_POINT('',(0.0130771308161878,0.010612062633913,-0.00129241523783301));
#7962=CARTESIAN_POINT('',(0.0130578672053212,0.0104640598475278,-0.00140000000000001));
#7963=CARTESIAN_POINT('',(0.0131859981010194,0.0108613871976692,-0.00105));
#7964=CARTESIAN_POINT('',(0.0130578672053211,0.0104640598475278,-0.0014));
#7965=CARTESIAN_POINT('',(0.0141982482512803,0.0103156311777329,-0.00105));
#7966=CARTESIAN_POINT('',(0.0144044905713581,0.00918427619126362,-0.00105000000000061));
#7967=CARTESIAN_POINT('',(0.0139870151816293,0.00918519737149487,-0.00140000000000001));
#7968=CARTESIAN_POINT('',(0.0141337269791814,0.00915778277792917,-0.00129241523783321));
#7969=CARTESIAN_POINT('',(0.0142720066362739,0.00916012480246736,-0.00117469326549628));
#7970=CARTESIAN_POINT('',(0.0144044905713581,0.00918427619126361,-0.00105000000000063));
#7971=CARTESIAN_POINT('',(0.0139870151816293,0.00918519737149487,-0.0014));
#7972=CARTESIAN_POINT('',(0.0141982482512803,0.0103156311777329,-0.0014));
#7973=CARTESIAN_POINT('',(0.01755,4.71627945031194E-18,0.0001));
#7974=CARTESIAN_POINT('',(0.0170518597657487,0.0010365116048651,-0.00105000000000001));
#7975=CARTESIAN_POINT('',(0.0169304821806268,0.000978178385630847,-0.00117469326549589));
#7976=CARTESIAN_POINT('',(0.0168172349805783,0.000898794380152312,-0.00129241523783303));
#7977=CARTESIAN_POINT('',(0.0167146565368788,0.000790380477125184,-0.00140000000000001));
#7978=CARTESIAN_POINT('',(0.0170518597657487,0.0010365116048651,-0.00105));
#7979=CARTESIAN_POINT('',(0.0167146565368788,0.000790380477125194,-0.0014));
#7980=CARTESIAN_POINT('',(0.01755,4.71627945031194E-18,-0.00105));
#7981=CARTESIAN_POINT('',(0.0170518597657481,-0.0010365116048648,-0.00105000000000061));
#7982=CARTESIAN_POINT('',(0.0167146565368788,-0.000790380477125175,-0.00140000000000001));
#7983=CARTESIAN_POINT('',(0.0168172349805782,-0.000898794380152122,-0.00129241523783321));
#7984=CARTESIAN_POINT('',(0.0169304821806265,-0.000978178385630572,-0.00117469326549628));
#7985=CARTESIAN_POINT('',(0.0170518597657481,-0.00103651160486481,-0.00105000000000063));
#7986=CARTESIAN_POINT('',(0.0167146565368788,-0.000790380477125185,-0.0014));
#7987=CARTESIAN_POINT('',(0.01755,4.71627945031194E-18,-0.0014));
#7988=CARTESIAN_POINT('',(-3.46944695195361E-18,0.,0.0014));
#7989=CARTESIAN_POINT('',(0.0170133007059751,-0.00983687217575291,0.0014));
#7990=CARTESIAN_POINT('',(0.0173769545472184,-0.0101010821568886,0.0014));
#7991=CARTESIAN_POINT('',(0.0166496468647318,-0.00957266219461719,0.0014));
#7992=CARTESIAN_POINT('',(0.0166496468647318,-0.00957266219461719,0.0014));
#7993=CARTESIAN_POINT('',(0.0171573721620263,-0.00847299123378419,0.0014));
#7994=CARTESIAN_POINT('',(0.0161623936224165,-0.00775009701030505,0.0014));
#7995=CARTESIAN_POINT('',(0.0161623936224165,-0.00775009701030505,0.0014));
#7996=CARTESIAN_POINT('',(0.0161623936224165,-0.00775009701030505,0.0014));
#7997=CARTESIAN_POINT('',(0.0153931778764411,-0.0071912290576425,0.0014));
#7998=CARTESIAN_POINT('',(0.0145812579509444,-0.00750704688182423,0.0014));
#7999=CARTESIAN_POINT('',(0.0145812579509444,-0.00750704688182423,0.0014));
#8000=CARTESIAN_POINT('',(0.0145812579509444,-0.00750704688182423,0.0014));
#8001=CARTESIAN_POINT('',(0.0137693380254477,-0.00782286470600596,0.0014));
#8002=CARTESIAN_POINT('',(0.0127916969319433,-0.0091883724395279,0.0014));
#8003=CARTESIAN_POINT('',(0.0127916969319433,-0.0091883724395279,0.0014));
#8004=CARTESIAN_POINT('',(0.0127916969319433,-0.0091883724395279,0.0014));
#8005=CARTESIAN_POINT('',(0.0133174926136569,-0.00888258113132327,0.0014));
#8006=CARTESIAN_POINT('',(0.0139661436436214,-0.00896347831550175,0.0014));
#8007=CARTESIAN_POINT('',(0.0139661436436214,-0.00896347831550175,0.0014));
#8008=CARTESIAN_POINT('',(0.0139661436436214,-0.00896347831550175,0.0014));
#8009=CARTESIAN_POINT('',(0.0146147946735859,-0.00904437549968024,0.0014));
#8010=CARTESIAN_POINT('',(0.0151852850862426,-0.00945886104629464,0.0014));
#8011=CARTESIAN_POINT('',(0.0151852850862426,-0.00945886104629464,0.0014));
#8012=CARTESIAN_POINT('',(0.0151852850862426,-0.00945886104629464,0.0014));
#8013=CARTESIAN_POINT('',(0.0160761694036377,-0.0101061263904152,0.0014));
#8014=CARTESIAN_POINT('',(0.0162061081440994,-0.0110473784628212,0.0014));
#8015=CARTESIAN_POINT('',(0.0162061081440994,-0.0110473784628212,0.0014));
#8016=CARTESIAN_POINT('',(0.0162061081440994,-0.0110473784628212,0.0014));
#8017=CARTESIAN_POINT('',(0.016336046884561,-0.0119886305352271,0.0014));
#8018=CARTESIAN_POINT('',(0.0156259211731814,-0.0129660347256318,0.0014));
#8019=CARTESIAN_POINT('',(0.0156259211731814,-0.0129660347256318,0.0014));
#8020=CARTESIAN_POINT('',(0.0156259211731814,-0.0129660347256318,0.0014));
#8021=CARTESIAN_POINT('',(0.0151986671144675,-0.0135540994874935,0.0014));
#8022=CARTESIAN_POINT('',(0.0146295009379109,-0.0138541987639116,0.0014));
#8023=CARTESIAN_POINT('',(0.0146295009379109,-0.0138541987639116,0.0014));
#8024=CARTESIAN_POINT('',(0.0136151543138359,-0.0119314848168712,0.0014));
#8025=CARTESIAN_POINT('',(0.0133966445760828,-0.0140955219210228,0.0014));
#8026=CARTESIAN_POINT('',(0.0133966445760828,-0.0140955219210228,0.0014));
#8027=CARTESIAN_POINT('',(0.0127329543908114,-0.0140367458017159,0.0014));
#8028=CARTESIAN_POINT('',(0.0120745922321294,-0.0135584176946041,0.0014));
#8029=CARTESIAN_POINT('',(0.0120745922321294,-0.0135584176946041,0.0014));
#8030=CARTESIAN_POINT('',(0.0120745922321294,-0.0135584176946041,0.0014));
#8031=CARTESIAN_POINT('',(0.0111837079147343,-0.0129111523504835,0.0014));
#8032=CARTESIAN_POINT('',(0.0109714189345976,-0.0121486320558832,0.0014));
#8033=CARTESIAN_POINT('',(0.0109714189345976,-0.0121486320558832,0.0014));
#8034=CARTESIAN_POINT('',(0.0109714189345976,-0.0121486320558832,0.0014));
#8035=CARTESIAN_POINT('',(0.0107591299544609,-0.0113861117612828,0.0014));
#8036=CARTESIAN_POINT('',(0.0110689958787564,-0.0105402920999366,0.0014));
#8037=CARTESIAN_POINT('',(0.0110689958787564,-0.0105402920999366,0.0014));
#8038=CARTESIAN_POINT('',(0.0110689958787564,-0.0105402920999366,0.0014));
#8039=CARTESIAN_POINT('',(0.0113788618030519,-0.00969447243859038,0.0014));
#8040=CARTESIAN_POINT('',(0.0121263108574916,-0.00866569707358628,0.0014));
#8041=CARTESIAN_POINT('',(0.0121263108574916,-0.00866569707358628,0.0014));
#8042=CARTESIAN_POINT('',(0.0121263108574916,-0.00866569707358628,0.0014));
#8043=CARTESIAN_POINT('',(0.0144334827745467,-0.0054901473595329,0.0014));
#8044=CARTESIAN_POINT('',(0.0166492026474004,-0.00709996207730779,0.0014));
#8045=CARTESIAN_POINT('',(0.0166492026474004,-0.00709996207730779,0.0014));
#8046=CARTESIAN_POINT('',(0.0166492026474004,-0.00709996207730779,0.0014));
#8047=CARTESIAN_POINT('',(0.0174968270282908,-0.00771579723779886,0.0014));
#8048=CARTESIAN_POINT('',(0.0176485099966205,-0.00852619846612084,0.0014));
#8049=CARTESIAN_POINT('',(0.0176485099966205,-0.00852619846612084,0.0014));
#8050=CARTESIAN_POINT('',(0.0176485099966205,-0.00852619846612084,0.0014));
#8051=CARTESIAN_POINT('',(0.0178001929649502,-0.00933659969444281,0.0014));
#8052=CARTESIAN_POINT('',(0.0173769545472184,-0.0101010821568886,0.0014));
#8053=CARTESIAN_POINT('',(-0.00708981485597645,-0.0149310615754744,0.0014));
#8054=CARTESIAN_POINT('',(-0.00770119639554188,-0.0168127004747278,0.0014));
#8055=CARTESIAN_POINT('',(-0.00647843331641101,-0.013049422676221,0.0014));
#8056=CARTESIAN_POINT('',(-0.00612721524484429,-0.0131635403453459,0.0014));
#8057=CARTESIAN_POINT('',(-0.00577599717327756,-0.0132776580144709,0.0014));
#8058=CARTESIAN_POINT('',(-0.00388463989337297,-0.0158653090093069,0.0014));
#8059=CARTESIAN_POINT('',(-0.00199328261346835,-0.0184529600041429,0.0014));
#8060=CARTESIAN_POINT('',(-0.00217349558416797,-0.0190075984972506,0.0014));
#8061=CARTESIAN_POINT('',(-0.00235370855486758,-0.0195622369903581,0.0014));
#8062=CARTESIAN_POINT('',(-0.00477409372679572,-0.0187758061755286,0.0014));
#8063=CARTESIAN_POINT('',(-0.00719447889872387,-0.0179893753606991,0.0014));
#8064=CARTESIAN_POINT('',(-0.00735971715266047,-0.0184979264145514,0.0014));
#8065=CARTESIAN_POINT('',(-0.00752495540659708,-0.0190064774684036,0.0014));
#8066=CARTESIAN_POINT('',(-0.00792702858354903,-0.018875835973885,0.0014));
#8067=CARTESIAN_POINT('',(-0.00832910176050098,-0.0187451944793664,0.0014));
#8068=CARTESIAN_POINT('',(-0.00816386350656437,-0.0182366434255142,0.0014));
#8069=CARTESIAN_POINT('',(-0.00799862525262777,-0.0177280923716619,0.0014));
#8070=CARTESIAN_POINT('',(-0.00881707460492127,-0.0174621620567326,0.0014));
#8071=CARTESIAN_POINT('',(-0.00963552395721476,-0.0171962317418034,0.0014));
#8072=CARTESIAN_POINT('',(-0.00948680952867182,-0.0167385357933363,0.0014));
#8073=CARTESIAN_POINT('',(-0.00933809510012887,-0.0162808398448693,0.0014));
#8074=CARTESIAN_POINT('',(-0.00851964574783538,-0.0165467701597986,0.0014));
#8075=CARTESIAN_POINT('',(-0.0154365155504451,0.00751394814343453,0.0014));
#8076=CARTESIAN_POINT('',(-0.0158522165027956,0.00781597256424952,0.0014));
#8077=CARTESIAN_POINT('',(-0.0150208145980945,0.00721192372261953,0.0014));
#8078=CARTESIAN_POINT('',(-0.0152815869028958,0.00685300143693151,0.0014));
#8079=CARTESIAN_POINT('',(-0.015542359207697,0.00649407915124348,0.0014));
#8080=CARTESIAN_POINT('',(-0.0163555108266851,0.00708486838415477,0.0014));
#8081=CARTESIAN_POINT('',(-0.0171686624456733,0.00767565761706605,0.0014));
#8082=CARTESIAN_POINT('',(-0.0148963583885822,0.0108032158390594,0.0014));
#8083=CARTESIAN_POINT('',(-0.0126240543314912,0.0139307740610528,0.0014));
#8084=CARTESIAN_POINT('',(-0.0122266036648536,0.0136420092489565,0.0014));
#8085=CARTESIAN_POINT('',(-0.011829152998216,0.0133532444368603,0.0014));
#8086=CARTESIAN_POINT('',(-0.0138406847505058,0.0105846085005549,0.0014));
#8087=CARTESIAN_POINT('',(-0.0221763047243582,0.00330648183981194,0.0014));
#8088=CARTESIAN_POINT('',(-0.0208167103127699,0.00577151768843758,0.0014));
#8089=CARTESIAN_POINT('',(-0.0234672436461185,0.000965922998585082,0.0014));
#8090=CARTESIAN_POINT('',(-0.0217159604706143,3.46944695195361E-18,0.0014));
#8091=CARTESIAN_POINT('',(-0.0234672436461185,-0.000965922998585075,0.0014));
#8092=CARTESIAN_POINT('',(-0.0221763047243582,-0.00330648183981193,0.0014));
#8093=CARTESIAN_POINT('',(-0.0208167103127699,-0.00577151768843753,0.0014));
#8094=CARTESIAN_POINT('',(-0.0251949182515307,-0.00818632518490023,0.0014));
#8095=CARTESIAN_POINT('',(-0.0202334853906198,-0.00756649942980918,0.0014));
#8096=CARTESIAN_POINT('',(-0.0198845086568575,-0.0103599048673216,0.0014));
#8097=CARTESIAN_POINT('',(-0.0195531542142659,-0.0130122516060298,0.0014));
#8098=CARTESIAN_POINT('',(-0.0175685810699015,-0.0127643213039934,0.0014));
#8099=CARTESIAN_POINT('',(-0.018417643627429,-0.0145751478482557,0.0014));
#8100=CARTESIAN_POINT('',(-0.0159975061320288,-0.0157099048673216,0.0014));
#8101=CARTESIAN_POINT('',(-0.0134486594294024,-0.0169050112163724,0.0014));
#8102=CARTESIAN_POINT('',(-0.0155713158232211,-0.0214320775770281,0.0014));
#8103=CARTESIAN_POINT('',(-0.0119217567601274,-0.0180143709417255,0.0014));
#8104=CARTESIAN_POINT('',(-0.00999750613202884,-0.0200691600353538,0.0014));
#8105=CARTESIAN_POINT('',(-0.00817042445983184,-0.0220201883673067,0.0014));
#8106=CARTESIAN_POINT('',(-0.00671060083459439,-0.0206531057131857,0.0014));
#8107=CARTESIAN_POINT('',(-0.00633312973574445,-0.0226171616109475,0.0014));
#8108=CARTESIAN_POINT('',(-0.00370820393249937,-0.0221126781955419,0.0014));
#8109=CARTESIAN_POINT('',(-0.000943677747124875,-0.0215813650398512,0.0014));
#8110=CARTESIAN_POINT('',(-2.03830008427275E-17,-0.0264915047842557,0.0014));
#8111=CARTESIAN_POINT('',(0.000943677747124835,-0.0215813650398512,0.0014));
#8112=CARTESIAN_POINT('',(0.00370820393249937,-0.0221126781955419,0.0014));
#8113=CARTESIAN_POINT('',(0.00633312973574444,-0.0226171616109475,0.0014));
#8114=CARTESIAN_POINT('',(0.00671060083459438,-0.0206531057131857,0.0014));
#8115=CARTESIAN_POINT('',(0.00817042445983182,-0.0220201883673067,0.0014));
#8116=CARTESIAN_POINT('',(0.00999750613202883,-0.0200691600353538,0.0014));
#8117=CARTESIAN_POINT('',(0.0119217567601274,-0.0180143709417256,0.0014));
#8118=CARTESIAN_POINT('',(0.015571315823221,-0.0214320775770281,0.0014));
#8119=CARTESIAN_POINT('',(0.0134486594294023,-0.0169050112163724,0.0014));
#8120=CARTESIAN_POINT('',(0.0159975061320288,-0.0157099048673216,0.0014));
#8121=CARTESIAN_POINT('',(0.018417643627429,-0.0145751478482557,0.0014));
#8122=CARTESIAN_POINT('',(0.0175685810699015,-0.0127643213039934,0.0014));
#8123=CARTESIAN_POINT('',(0.0195531542142659,-0.0130122516060298,0.0014));
#8124=CARTESIAN_POINT('',(0.0198845086568575,-0.0103599048673216,0.0014));
#8125=CARTESIAN_POINT('',(0.0202334853906198,-0.00756649942980918,0.0014));
#8126=CARTESIAN_POINT('',(0.0251949182515307,-0.00818632518490023,0.0014));
#8127=CARTESIAN_POINT('',(0.0208167103127699,-0.00577151768843754,0.0014));
#8128=CARTESIAN_POINT('',(0.0221763047243582,-0.00330648183981194,0.0014));
#8129=CARTESIAN_POINT('',(0.0234672436461185,-0.000965922998585076,0.0014));
#8130=CARTESIAN_POINT('',(0.0217159604706143,2.60208521396521E-18,0.0014));
#8131=CARTESIAN_POINT('',(0.0234672436461185,0.000965922998585079,0.0014));
#8132=CARTESIAN_POINT('',(0.0221763047243582,0.00330648183981194,0.0014));
#8133=CARTESIAN_POINT('',(0.0208167103127699,0.00577151768843752,0.0014));
#8134=CARTESIAN_POINT('',(0.0251949182515307,0.00818632518490022,0.0014));
#8135=CARTESIAN_POINT('',(0.0202334853906198,0.00756649942980917,0.0014));
#8136=CARTESIAN_POINT('',(0.0198845086568575,0.0103599048673216,0.0014));
#8137=CARTESIAN_POINT('',(0.0195531542142659,0.0130122516060298,0.0014));
#8138=CARTESIAN_POINT('',(0.0175685810699015,0.0127643213039934,0.0014));
#8139=CARTESIAN_POINT('',(0.018417643627429,0.0145751478482557,0.0014));
#8140=CARTESIAN_POINT('',(0.0159975061320288,0.0157099048673216,0.0014));
#8141=CARTESIAN_POINT('',(0.0134486594294023,0.0169050112163724,0.0014));
#8142=CARTESIAN_POINT('',(0.015571315823221,0.0214320775770281,0.0014));
#8143=CARTESIAN_POINT('',(0.0119217567601274,0.0180143709417255,0.0014));
#8144=CARTESIAN_POINT('',(0.00999750613202883,0.0200691600353538,0.0014));
#8145=CARTESIAN_POINT('',(0.00817042445983183,0.0220201883673067,0.0014));
#8146=CARTESIAN_POINT('',(0.00671060083459439,0.0206531057131857,0.0014));
#8147=CARTESIAN_POINT('',(0.00633312973574445,0.0226171616109475,0.0014));
#8148=CARTESIAN_POINT('',(0.00370820393249937,0.0221126781955419,0.0014));
#8149=CARTESIAN_POINT('',(0.000943677747124895,0.0215813650398512,0.0014));
#8150=CARTESIAN_POINT('',(3.85975973404839E-17,0.0264915047842557,0.0014));
#8151=CARTESIAN_POINT('',(-0.000943677747124817,0.0215813650398512,0.0014));
#8152=CARTESIAN_POINT('',(-0.00370820393249937,0.0221126781955419,0.0014));
#8153=CARTESIAN_POINT('',(-0.00633312973574444,0.0226171616109475,0.0014));
#8154=CARTESIAN_POINT('',(-0.00671060083459438,0.0206531057131857,0.0014));
#8155=CARTESIAN_POINT('',(-0.00817042445983183,0.0220201883673067,0.0014));
#8156=CARTESIAN_POINT('',(-0.00999750613202883,0.0200691600353538,0.0014));
#8157=CARTESIAN_POINT('',(-0.0119217567601274,0.0180143709417256,0.0014));
#8158=CARTESIAN_POINT('',(-0.015571315823221,0.0214320775770281,0.0014));
#8159=CARTESIAN_POINT('',(-0.0134486594294023,0.0169050112163724,0.0014));
#8160=CARTESIAN_POINT('',(-0.0159975061320288,0.0157099048673216,0.0014));
#8161=CARTESIAN_POINT('',(-0.018417643627429,0.0145751478482557,0.0014));
#8162=CARTESIAN_POINT('',(-0.0175685810699015,0.0127643213039934,0.0014));
#8163=CARTESIAN_POINT('',(-0.0195531542142659,0.0130122516060298,0.0014));
#8164=CARTESIAN_POINT('',(-0.0198845086568575,0.0103599048673216,0.0014));
#8165=CARTESIAN_POINT('',(-0.0202334853906198,0.00756649942980922,0.0014));
#8166=CARTESIAN_POINT('',(-0.0251949182515307,0.00818632518490027,0.0014));
#8167=CARTESIAN_POINT('',(0.,3.15346550780443E-19,0.0014));
#8168=CARTESIAN_POINT('',(0.00515,3.15346550780443E-19,0.0014));
#8169=CARTESIAN_POINT('',(0.0125800476115265,0.00847898657835986,0.0014));
#8170=CARTESIAN_POINT('',(0.0125901210174667,0.00912040713565896,0.0014));
#8171=CARTESIAN_POINT('',(0.0130138623823104,0.00966580324812681,0.0014));
#8172=CARTESIAN_POINT('',(0.0125800476115265,0.00847898657835986,0.0014));
#8173=CARTESIAN_POINT('',(0.0130138623823104,0.00966580324812681,0.0014));
#8174=CARTESIAN_POINT('',(0.0130138623823104,0.00966580324812681,0.0014));
#8175=CARTESIAN_POINT('',(0.0123900507230299,0.0095038099707572,0.0014));
#8176=CARTESIAN_POINT('',(0.0118662811228655,0.00967888271022326,0.0014));
#8177=CARTESIAN_POINT('',(0.0118662811228655,0.00967888271022326,0.0014));
#8178=CARTESIAN_POINT('',(0.0118662811228655,0.00967888271022326,0.0014));
#8179=CARTESIAN_POINT('',(0.0113425115227012,0.00985395544968933,0.0014));
#8180=CARTESIAN_POINT('',(0.0109653493191468,0.0103730746877466,0.0014));
#8181=CARTESIAN_POINT('',(0.0109653493191468,0.0103730746877466,0.0014));
#8182=CARTESIAN_POINT('',(0.0125133880688558,0.0115314669245003,0.0014));
#8183=CARTESIAN_POINT('',(0.0105868258667192,0.0113858869433289,0.0014));
#8184=CARTESIAN_POINT('',(0.0105868258667192,0.0113858869433289,0.0014));
#8185=CARTESIAN_POINT('',(0.0105471590815473,0.0119323030084691,0.0014));
#8186=CARTESIAN_POINT('',(0.0108495869949678,0.012489735430708,0.0014));
#8187=CARTESIAN_POINT('',(0.0108495869949678,0.012489735430708,0.0014));
#8188=CARTESIAN_POINT('',(0.0108495869949678,0.012489735430708,0.0014));
#8189=CARTESIAN_POINT('',(0.0111520149083884,0.0130471678529468,0.0014));
#8190=CARTESIAN_POINT('',(0.0118090251940546,0.0135245137668203,0.0014));
#8191=CARTESIAN_POINT('',(0.0118090251940546,0.0135245137668203,0.0014));
#8192=CARTESIAN_POINT('',(0.0118090251940546,0.0135245137668203,0.0014));
#8193=CARTESIAN_POINT('',(0.0124660354797208,0.0140018596806937,0.0014));
#8194=CARTESIAN_POINT('',(0.0130896405821055,0.0141172296267745,0.0014));
#8195=CARTESIAN_POINT('',(0.0130896405821055,0.0141172296267745,0.0014));
#8196=CARTESIAN_POINT('',(0.0130896405821055,0.0141172296267745,0.0014));
#8197=CARTESIAN_POINT('',(0.0137132456844903,0.0142325995728552,0.0014));
#8198=CARTESIAN_POINT('',(0.0142247161521673,0.0140289689479245,0.0014));
#8199=CARTESIAN_POINT('',(0.0142247161521673,0.0140289689479245,0.0014));
#8200=CARTESIAN_POINT('',(0.0135157241925598,0.0122583106766714,0.0014));
#8201=CARTESIAN_POINT('',(0.0150750432871001,0.0133589421325518,0.0014));
#8202=CARTESIAN_POINT('',(0.0150750432871001,0.0133589421325518,0.0014));
#8203=CARTESIAN_POINT('',(0.0154394369785549,0.0128573972436996,0.0014));
#8204=CARTESIAN_POINT('',(0.0154446310018245,0.0122859352509796,0.0014));
#8205=CARTESIAN_POINT('',(0.0154446310018245,0.0122859352509796,0.0014));
#8206=CARTESIAN_POINT('',(0.0154446310018245,0.0122859352509796,0.0014));
#8207=CARTESIAN_POINT('',(0.0154498250250941,0.0117144732582595,0.0014));
#8208=CARTESIAN_POINT('',(0.0151160249218391,0.0111931137338742,0.0014));
#8209=CARTESIAN_POINT('',(0.0151160249218391,0.0111931137338742,0.0014));
#8210=CARTESIAN_POINT('',(0.0151160249218391,0.0111931137338742,0.0014));
#8211=CARTESIAN_POINT('',(0.0157715638909506,0.0114194678146194,0.0014));
#8212=CARTESIAN_POINT('',(0.0163858129846144,0.0112378405389957,0.0014));
#8213=CARTESIAN_POINT('',(0.0163858129846144,0.0112378405389957,0.0014));
#8214=CARTESIAN_POINT('',(0.0163858129846144,0.0112378405389957,0.0014));
#8215=CARTESIAN_POINT('',(0.0170000620782781,0.0110562132633721,0.0014));
#8216=CARTESIAN_POINT('',(0.0174214229775615,0.010476259739605,0.0014));
#8217=CARTESIAN_POINT('',(0.0174214229775615,0.010476259739605,0.0014));
#8218=CARTESIAN_POINT('',(0.0174214229775615,0.010476259739605,0.0014));
#8219=CARTESIAN_POINT('',(0.0178300153647453,0.00991388056504301,0.0014));
#8220=CARTESIAN_POINT('',(0.017857852397042,0.00929277437976848,0.0014));
#8221=CARTESIAN_POINT('',(0.017857852397042,0.00929277437976848,0.0014));
#8222=CARTESIAN_POINT('',(0.017857852397042,0.00929277437976848,0.0014));
#8223=CARTESIAN_POINT('',(0.0178856894293385,0.00867166819449396,0.0014));
#8224=CARTESIAN_POINT('',(0.0175458947388437,0.00807469435053093,0.0014));
#8225=CARTESIAN_POINT('',(0.0175458947388437,0.00807469435053093,0.0014));
#8226=CARTESIAN_POINT('',(0.0175458947388437,0.00807469435053093,0.0014));
#8227=CARTESIAN_POINT('',(0.017206100048349,0.00747772050656789,0.0014));
#8228=CARTESIAN_POINT('',(0.0165490897626828,0.00700037459269444,0.0014));
#8229=CARTESIAN_POINT('',(0.0165490897626828,0.00700037459269444,0.0014));
#8230=CARTESIAN_POINT('',(0.0165490897626828,0.00700037459269444,0.0014));
#8231=CARTESIAN_POINT('',(0.0158920794770166,0.00652302867882098,0.0014));
#8232=CARTESIAN_POINT('',(0.015228108453299,0.00639072404325512,0.0014));
#8233=CARTESIAN_POINT('',(0.015228108453299,0.00639072404325512,0.0014));
#8234=CARTESIAN_POINT('',(0.015228108453299,0.00639072404325512,0.0014));
#8235=CARTESIAN_POINT('',(0.0145641374295815,0.00625841940768926,0.0014));
#8236=CARTESIAN_POINT('',(0.0139820324608176,0.00647682636521045,0.0014));
#8237=CARTESIAN_POINT('',(0.0139820324608176,0.00647682636521045,0.0014));
#8238=CARTESIAN_POINT('',(0.0139820324608176,0.00647682636521045,0.0014));
#8239=CARTESIAN_POINT('',(0.0133999274920536,0.00669523332273165,0.0014));
#8240=CARTESIAN_POINT('',(0.0129913351048697,0.00725761249729368,0.0014));
#8241=CARTESIAN_POINT('',(0.0129913351048697,0.00725761249729368,0.0014));
#8242=CARTESIAN_POINT('',(0.0129913351048697,0.00725761249729368,0.0014));
#8243=CARTESIAN_POINT('',(0.0125699742055864,0.00783756602106077,0.0014));
#8244=CARTESIAN_POINT('',(0.0125800476115265,0.00847898657835986,0.0014));
#8245=CARTESIAN_POINT('',(-0.0148930989583333,0.00341720920138889,0.0014));
#8246=CARTESIAN_POINT('',(-0.0148930989583333,0.00376477864583334,0.0014));
#8247=CARTESIAN_POINT('',(-0.0148930989583333,0.00306963975694444,0.0014));
#8248=CARTESIAN_POINT('',(-0.0148930989583333,0.00306963975694444,0.0014));
#8249=CARTESIAN_POINT('',(-0.0162516276041666,0.00197847222222223,0.0014));
#8250=CARTESIAN_POINT('',(-0.0170219618055555,0.0012783203125,0.0014));
#8251=CARTESIAN_POINT('',(-0.0170219618055555,0.0012783203125,0.0014));
#8252=CARTESIAN_POINT('',(-0.0170219618055555,0.0012783203125,0.0014));
#8253=CARTESIAN_POINT('',(-0.0177922960069444,0.000578168402777781,0.0014));
#8254=CARTESIAN_POINT('',(-0.0183211697048611,-0.000187152777777774,0.0014));
#8255=CARTESIAN_POINT('',(-0.0183211697048611,-0.000187152777777774,0.0014));
#8256=CARTESIAN_POINT('',(-0.0183211697048611,-0.000187152777777774,0.0014));
#8257=CARTESIAN_POINT('',(-0.0188500434027778,-0.000952473958333329,0.0014));
#8258=CARTESIAN_POINT('',(-0.0188500434027778,-0.00168938802083333,0.0014));
#8259=CARTESIAN_POINT('',(-0.0188500434027778,-0.00168938802083333,0.0014));
#8260=CARTESIAN_POINT('',(-0.0188500434027778,-0.00168938802083333,0.0014));
#8261=CARTESIAN_POINT('',(-0.0188500434027778,-0.00238452690972221,0.0014));
#8262=CARTESIAN_POINT('',(-0.0185133355034722,-0.00278556857638888,0.0014));
#8263=CARTESIAN_POINT('',(-0.0185133355034722,-0.00278556857638888,0.0014));
#8264=CARTESIAN_POINT('',(-0.0185133355034722,-0.00278556857638888,0.0014));
#8265=CARTESIAN_POINT('',(-0.0181766276041666,-0.00318661024305555,0.0014));
#8266=CARTESIAN_POINT('',(-0.0174280164930555,-0.00318661024305555,0.0014));
#8267=CARTESIAN_POINT('',(-0.0174280164930555,-0.00318661024305555,0.0014));
#8268=CARTESIAN_POINT('',(-0.0174280164930555,-0.00318661024305555,0.0014));
#8269=CARTESIAN_POINT('',(-0.0167011284722222,-0.00318661024305555,0.0014));
#8270=CARTESIAN_POINT('',(-0.0163000868055555,-0.00273209635416666,0.0014));
#8271=CARTESIAN_POINT('',(-0.0163000868055555,-0.00273209635416666,0.0014));
#8272=CARTESIAN_POINT('',(-0.0163000868055555,-0.00273209635416666,0.0014));
#8273=CARTESIAN_POINT('',(-0.0158990451388889,-0.00227758246527777,0.0014));
#8274=CARTESIAN_POINT('',(-0.0158672960069444,-0.00151894531249999,0.0014));
#8275=CARTESIAN_POINT('',(-0.0158672960069444,-0.00151894531249999,0.0014));
#8276=CARTESIAN_POINT('',(-0.0153969075520834,-0.00151894531249999,0.0014));
#8277=CARTESIAN_POINT('',(-0.0149265190972222,-0.00151894531249999,0.0014));
#8278=CARTESIAN_POINT('',(-0.0149265190972222,-0.00151894531249999,0.0014));
#8279=CARTESIAN_POINT('',(-0.0149682942708333,-0.00271705729166666,0.0014));
#8280=CARTESIAN_POINT('',(-0.0156525716145834,-0.00336875,0.0014));
#8281=CARTESIAN_POINT('',(-0.0156525716145834,-0.00336875,0.0014));
#8282=CARTESIAN_POINT('',(-0.0156525716145834,-0.00336875,0.0014));
#8283=CARTESIAN_POINT('',(-0.0163368489583334,-0.00402044270833333,0.0014));
#8284=CARTESIAN_POINT('',(-0.0174179904513889,-0.00402044270833333,0.0014));
#8285=CARTESIAN_POINT('',(-0.0174179904513889,-0.00402044270833333,0.0014));
#8286=CARTESIAN_POINT('',(-0.0174179904513889,-0.00402044270833333,0.0014));
#8287=CARTESIAN_POINT('',(-0.0185191840277778,-0.00402044270833333,0.0014));
#8288=CARTESIAN_POINT('',(-0.0191658637152778,-0.00341136067708332,0.0014));
#8289=CARTESIAN_POINT('',(-0.0191658637152778,-0.00341136067708332,0.0014));
#8290=CARTESIAN_POINT('',(-0.0191658637152778,-0.00341136067708332,0.0014));
#8291=CARTESIAN_POINT('',(-0.0198125434027778,-0.00280227864583333,0.0014));
#8292=CARTESIAN_POINT('',(-0.0198125434027778,-0.00173283420138889,0.0014));
#8293=CARTESIAN_POINT('',(-0.0198125434027778,-0.00173283420138889,0.0014));
#8294=CARTESIAN_POINT('',(-0.0198125434027778,-0.00173283420138889,0.0014));
#8295=CARTESIAN_POINT('',(-0.0198125434027778,-0.000845529513888885,0.0014));
#8296=CARTESIAN_POINT('',(-0.0192836697048611,-5.84852430555224E-6,0.0014));
#8297=CARTESIAN_POINT('',(-0.0192836697048611,-5.84852430555224E-6,0.0014));
#8298=CARTESIAN_POINT('',(-0.012867658602637,-0.00399894314132714,0.0014));
#8299=CARTESIAN_POINT('',(-0.0180805447048611,0.00147048611111111,0.0014));
#8300=CARTESIAN_POINT('',(-0.0180805447048611,0.00147048611111111,0.0014));
#8301=CARTESIAN_POINT('',(-0.0174062934027778,0.00210713975694445,0.0014));
#8302=CARTESIAN_POINT('',(-0.0163585720486111,0.00295099826388889,0.0014));
#8303=CARTESIAN_POINT('',(-0.0163585720486111,0.00295099826388889,0.0014));
#8304=CARTESIAN_POINT('',(-0.0181983506944444,0.00295099826388889,0.0014));
#8305=CARTESIAN_POINT('',(-0.0200381293402778,0.00295099826388889,0.0014));
#8306=CARTESIAN_POINT('',(-0.0200381293402778,0.00335788845486111,0.0014));
#8307=CARTESIAN_POINT('',(-0.0200381293402778,0.00376477864583334,0.0014));
#8308=CARTESIAN_POINT('',(-0.0174656141493055,0.00376477864583334,0.0014));
#8309=CARTESIAN_POINT('',(-0.0113926571797215,-0.0106690736737856,0.0014));
#8310=CARTESIAN_POINT('',(-0.0117779409892171,-0.0109489987467361,0.0014));
#8311=CARTESIAN_POINT('',(-0.0110073733702259,-0.0103891486008352,0.0014));
#8312=CARTESIAN_POINT('',(-0.0110073733702259,-0.0103891486008352,0.0014));
#8313=CARTESIAN_POINT('',(-0.0104896958385047,-0.0112296005028551,0.0014));
#8314=CARTESIAN_POINT('',(-0.0107162174900695,-0.012081982348242,0.0014));
#8315=CARTESIAN_POINT('',(-0.0107162174900695,-0.012081982348242,0.0014));
#8316=CARTESIAN_POINT('',(-0.0107162174900695,-0.012081982348242,0.0014));
#8317=CARTESIAN_POINT('',(-0.0109427391416342,-0.0129343641936289,0.0014));
#8318=CARTESIAN_POINT('',(-0.0118255122209347,-0.013575736378319,0.0014));
#8319=CARTESIAN_POINT('',(-0.0118255122209347,-0.013575736378319,0.0014));
#8320=CARTESIAN_POINT('',(-0.0118255122209347,-0.013575736378319,0.0014));
#8321=CARTESIAN_POINT('',(-0.0124135769827964,-0.0140029904370329,0.0014));
#8322=CARTESIAN_POINT('',(-0.0129963250672292,-0.0141021016301364,0.0014));
#8323=CARTESIAN_POINT('',(-0.0129963250672292,-0.0141021016301364,0.0014));
#8324=CARTESIAN_POINT('',(-0.0129963250672292,-0.0141021016301364,0.0014));
#8325=CARTESIAN_POINT('',(-0.0135790731516619,-0.0142012128232398,0.0014));
#8326=CARTESIAN_POINT('',(-0.0140631473377496,-0.0139983324163674,0.0014));
#8327=CARTESIAN_POINT('',(-0.0140631473377496,-0.0139983324163674,0.0014));
#8328=CARTESIAN_POINT('',(-0.0140631473377496,-0.0139983324163674,0.0014));
#8329=CARTESIAN_POINT('',(-0.0145472215238373,-0.013795452009495,0.0014));
#8330=CARTESIAN_POINT('',(-0.014881167224901,-0.0133358151841318,0.0014));
#8331=CARTESIAN_POINT('',(-0.014881167224901,-0.0133358151841318,0.0014));
#8332=CARTESIAN_POINT('',(-0.014881167224901,-0.0133358151841318,0.0014));
#8333=CARTESIAN_POINT('',(-0.0152701157473164,-0.0128004734698852,0.0014));
#8334=CARTESIAN_POINT('',(-0.0152461122254015,-0.0121881761762203,0.0014));
#8335=CARTESIAN_POINT('',(-0.0152461122254015,-0.0121881761762203,0.0014));
#8336=CARTESIAN_POINT('',(-0.0135395395972636,-0.0122445446753223,0.0014));
#8337=CARTESIAN_POINT('',(-0.0148106372097403,-0.0111045671194579,0.0014));
#8338=CARTESIAN_POINT('',(-0.0148268943765712,-0.0110821910489537,0.0014));
#8339=CARTESIAN_POINT('',(-0.014842609468386,-0.0110605610807013,0.0014));
#8340=CARTESIAN_POINT('',(-0.014842609468386,-0.0110605610807013,0.0014));
#8341=CARTESIAN_POINT('',(-0.0155051723532672,-0.0113312624202762,0.0014));
#8342=CARTESIAN_POINT('',(-0.0161293176608655,-0.0111630215994649,0.0014));
#8343=CARTESIAN_POINT('',(-0.0161293176608655,-0.0111630215994649,0.0014));
#8344=CARTESIAN_POINT('',(-0.0161293176608655,-0.0111630215994649,0.0014));
#8345=CARTESIAN_POINT('',(-0.0167534629684639,-0.0109947807786536,0.0014));
#8346=CARTESIAN_POINT('',(-0.0172308088823373,-0.0103377704929874,0.0014));
#8347=CARTESIAN_POINT('',(-0.0172308088823373,-0.0103377704929874,0.0014));
#8348=CARTESIAN_POINT('',(-0.0172308088823373,-0.0103377704929874,0.0014));
#8349=CARTESIAN_POINT('',(-0.0175893094143617,-0.00984433684222988,0.0014));
#8350=CARTESIAN_POINT('',(-0.0176500407896162,-0.00928740662044223,0.0014));
#8351=CARTESIAN_POINT('',(-0.0176500407896162,-0.00928740662044223,0.0014));
#8352=CARTESIAN_POINT('',(-0.0176500407896162,-0.00928740662044223,0.0014));
#8353=CARTESIAN_POINT('',(-0.0177107721648709,-0.00873047639865457,0.0014));
#8354=CARTESIAN_POINT('',(-0.0174248095613234,-0.00817881028975262,0.0014));
#8355=CARTESIAN_POINT('',(-0.0174248095613234,-0.00817881028975262,0.0014));
#8356=CARTESIAN_POINT('',(-0.0174248095613234,-0.00817881028975262,0.0014));
#8357=CARTESIAN_POINT('',(-0.0171388469577759,-0.00762714418085067,0.0014));
#8358=CARTESIAN_POINT('',(-0.0165075222594094,-0.00716845993850724,0.0014));
#8359=CARTESIAN_POINT('',(-0.0165075222594094,-0.00716845993850724,0.0014));
#8360=CARTESIAN_POINT('',(-0.0165075222594094,-0.00716845993850724,0.0014));
#8361=CARTESIAN_POINT('',(-0.0155896004816988,-0.00650155072961819,0.0014));
#8362=CARTESIAN_POINT('',(-0.014652857120197,-0.0065542115915041,0.0014));
#8363=CARTESIAN_POINT('',(-0.014652857120197,-0.0065542115915041,0.0014));
#8364=CARTESIAN_POINT('',(-0.014652857120197,-0.0065542115915041,0.0014));
#8365=CARTESIAN_POINT('',(-0.0137161137586951,-0.00660687245339001,0.0014));
#8366=CARTESIAN_POINT('',(-0.0130057960502006,-0.00743955367753095,0.0014));
#8367=CARTESIAN_POINT('',(-0.0130057960502006,-0.00743955367753095,0.0014));
#8368=CARTESIAN_POINT('',(-0.013386348304141,-0.00771604107414695,0.0014));
#8369=CARTESIAN_POINT('',(-0.0137669005580814,-0.00799252847076296,0.0014));
#8370=CARTESIAN_POINT('',(-0.0137669005580814,-0.00799252847076296,0.0014));
#8371=CARTESIAN_POINT('',(-0.0142048970473456,-0.00751760792843472,0.0014));
#8372=CARTESIAN_POINT('',(-0.0148065479090177,-0.00745282167011812,0.0014));
#8373=CARTESIAN_POINT('',(-0.0148065479090177,-0.00745282167011812,0.0014));
#8374=CARTESIAN_POINT('',(-0.0148065479090177,-0.00745282167011812,0.0014));
#8375=CARTESIAN_POINT('',(-0.0154081987706897,-0.00738803541180152,0.0014));
#8376=CARTESIAN_POINT('',(-0.0160138378817565,-0.00782805798261492,0.0014));
#8377=CARTESIAN_POINT('',(-0.0160138378817565,-0.00782805798261492,0.0014));
#8378=CARTESIAN_POINT('',(-0.0160138378817565,-0.00782805798261492,0.0014));
#8379=CARTESIAN_POINT('',(-0.0166194769928233,-0.00826808055342831,0.0014));
#8380=CARTESIAN_POINT('',(-0.0167057972208349,-0.00881308502378328,0.0014));
#8381=CARTESIAN_POINT('',(-0.0167057972208349,-0.00881308502378328,0.0014));
#8382=CARTESIAN_POINT('',(-0.0167057972208349,-0.00881308502378328,0.0014));
#8383=CARTESIAN_POINT('',(-0.0167921174488465,-0.00935808949413824,0.0014));
#8384=CARTESIAN_POINT('',(-0.0164277237573916,-0.00985963438299044,0.0014));
#8385=CARTESIAN_POINT('',(-0.0164277237573916,-0.00985963438299044,0.0014));
#8386=CARTESIAN_POINT('',(-0.0164277237573916,-0.00985963438299044,0.0014));
#8387=CARTESIAN_POINT('',(-0.0159562710029486,-0.010508533430562,0.0014));
#8388=CARTESIAN_POINT('',(-0.0153159377679746,-0.0104801527371029,0.0014));
#8389=CARTESIAN_POINT('',(-0.0153159377679746,-0.0104801527371029,0.0014));
#8390=CARTESIAN_POINT('',(-0.0153159377679746,-0.0104801527371029,0.0014));
#8391=CARTESIAN_POINT('',(-0.0146756045330004,-0.0104517720436439,0.0014));
#8392=CARTESIAN_POINT('',(-0.0138022945648103,-0.0098172752116228,0.0014));
#8393=CARTESIAN_POINT('',(-0.0138022945648103,-0.0098172752116228,0.0014));
#8394=CARTESIAN_POINT('',(-0.0137029318981509,-0.00974508400859872,0.0014));
#8395=CARTESIAN_POINT('',(-0.0136035692314915,-0.00967289280557465,0.0014));
#8396=CARTESIAN_POINT('',(-0.0133648962745548,-0.0100013979484078,0.0014));
#8397=CARTESIAN_POINT('',(-0.0131262233176181,-0.0103299030912409,0.0014));
#8398=CARTESIAN_POINT('',(-0.0132296416033248,-0.0104050408739802,0.0014));
#8399=CARTESIAN_POINT('',(-0.0133330598890315,-0.0104801786567195,0.0014));
#8400=CARTESIAN_POINT('',(-0.0133330598890315,-0.0104801786567195,0.0014));
#8401=CARTESIAN_POINT('',(-0.0141234199358919,-0.0110668017122452,0.0014));
#8402=CARTESIAN_POINT('',(-0.014344699191578,-0.0116179458769917,0.0014));
#8403=CARTESIAN_POINT('',(-0.014344699191578,-0.0116179458769917,0.0014));
#8404=CARTESIAN_POINT('',(-0.014344699191578,-0.0116179458769917,0.0014));
#8405=CARTESIAN_POINT('',(-0.0145659784472642,-0.0121690900417383,0.0014));
#8406=CARTESIAN_POINT('',(-0.0141760477316103,-0.0127057836290006,0.0014));
#8407=CARTESIAN_POINT('',(-0.0141760477316103,-0.0127057836290006,0.0014));
#8408=CARTESIAN_POINT('',(-0.0141760477316103,-0.0127057836290006,0.0014));
#8409=CARTESIAN_POINT('',(-0.013843084223785,-0.013164068581348,0.0014));
#8410=CARTESIAN_POINT('',(-0.0133429706734223,-0.0132241378438903,0.0014));
#8411=CARTESIAN_POINT('',(-0.0133429706734223,-0.0132241378438903,0.0014));
#8412=CARTESIAN_POINT('',(-0.0133429706734223,-0.0132241378438903,0.0014));
#8413=CARTESIAN_POINT('',(-0.0128428571230595,-0.0132842071064326,0.0014));
#8414=CARTESIAN_POINT('',(-0.0122899410596079,-0.0128824900719177,0.0014));
#8415=CARTESIAN_POINT('',(-0.0122899410596079,-0.0128824900719177,0.0014));
#8416=CARTESIAN_POINT('',(-0.0122899410596079,-0.0128824900719177,0.0014));
#8417=CARTESIAN_POINT('',(-0.0117532474723456,-0.0124925593562638,0.0014));
#8418=CARTESIAN_POINT('',(-0.0116254160068813,-0.0119762613344742,0.0014));
#8419=CARTESIAN_POINT('',(-0.0116254160068813,-0.0119762613344742,0.0014));
#8420=CARTESIAN_POINT('',(-0.0116254160068813,-0.0119762613344742,0.0014));
#8421=CARTESIAN_POINT('',(-0.0114975845414169,-0.0114599633126846,0.0014));
#8422=CARTESIAN_POINT('',(-0.0117779409892171,-0.0109489987467361,0.0014));
#8423=CARTESIAN_POINT('',(0.0199044487847222,0.00349156901041666,0.0014));
#8424=CARTESIAN_POINT('',(0.0199044487847222,0.00386002604166667,0.0014));
#8425=CARTESIAN_POINT('',(0.0199044487847222,0.00312311197916666,0.0014));
#8426=CARTESIAN_POINT('',(0.0184180881076389,-0.000363444010416665,0.0014));
#8427=CARTESIAN_POINT('',(0.0169317274305556,-0.00385,0.0014));
#8428=CARTESIAN_POINT('',(0.0164396158854167,-0.00385,0.0014));
#8429=CARTESIAN_POINT('',(0.0159475043402778,-0.00385,0.0014));
#8430=CARTESIAN_POINT('',(0.0174555881076389,-0.000411903211805553,0.0014));
#8431=CARTESIAN_POINT('',(0.018963671875,0.00302619357638888,0.0014));
#8432=CARTESIAN_POINT('',(0.0168991427951389,0.00302619357638888,0.0014));
#8433=CARTESIAN_POINT('',(0.0148346137152778,0.00302619357638888,0.0014));
#8434=CARTESIAN_POINT('',(0.0148346137152778,0.00344310980902778,0.0014));
#8435=CARTESIAN_POINT('',(0.0148346137152778,0.00386002604166667,0.0014));
#8436=CARTESIAN_POINT('',(0.01736953125,0.00386002604166667,0.0014));
#8437=CARTESIAN_POINT('',(0.0093970297949722,-0.0177059453594693,0.0014));
#8438=CARTESIAN_POINT('',(0.00980387063805401,-0.01757375475632,0.0014));
#8439=CARTESIAN_POINT('',(0.00899018895189038,-0.0178381359626186,0.0014));
#8440=CARTESIAN_POINT('',(0.00841030595448162,-0.0160534396080057,0.0014));
#8441=CARTESIAN_POINT('',(0.00783042295707285,-0.0142687432533929,0.0014));
#8442=CARTESIAN_POINT('',(0.00667029086547236,-0.0146456930201858,0.0014));
#8443=CARTESIAN_POINT('',(0.00551015877387187,-0.0150226427869787,0.0014));
#8444=CARTESIAN_POINT('',(0.00551015877387187,-0.0150226427869787,0.0014));
#8445=CARTESIAN_POINT('',(0.00591185561564811,-0.0151504026709139,0.0014));
#8446=CARTESIAN_POINT('',(0.00626955274288347,-0.0155401960244039,0.0014));
#8447=CARTESIAN_POINT('',(0.00626955274288347,-0.0155401960244039,0.0014));
#8448=CARTESIAN_POINT('',(0.00444531169264896,-0.0172009416017024,0.0014));
#8449=CARTESIAN_POINT('',(0.0067992009281216,-0.0164592003183089,0.0014));
#8450=CARTESIAN_POINT('',(0.0067992009281216,-0.0164592003183089,0.0014));
#8451=CARTESIAN_POINT('',(0.00707339315574766,-0.017303077223295,0.0014));
#8452=CARTESIAN_POINT('',(0.00689412614218371,-0.017946405832835,0.0014));
#8453=CARTESIAN_POINT('',(0.00689412614218371,-0.017946405832835,0.0014));
#8454=CARTESIAN_POINT('',(0.00689412614218371,-0.017946405832835,0.0014));
#8455=CARTESIAN_POINT('',(0.00671485912861976,-0.018589734442375,0.0014));
#8456=CARTESIAN_POINT('',(0.0062345778497836,-0.0189987953873081,0.0014));
#8457=CARTESIAN_POINT('',(0.0062345778497836,-0.0189987953873081,0.0014));
#8458=CARTESIAN_POINT('',(0.00416166025541902,-0.0165559431290905,0.0014));
#8459=CARTESIAN_POINT('',(0.00513449997406499,-0.0196092404542265,0.0014));
#8460=CARTESIAN_POINT('',(0.00513449997406499,-0.0196092404542265,0.0014));
#8461=CARTESIAN_POINT('',(0.00440186861210906,-0.0198472868138039,0.0014));
#8462=CARTESIAN_POINT('',(0.00373326524629599,-0.0197605680989397,0.0014));
#8463=CARTESIAN_POINT('',(0.00373326524629599,-0.0197605680989397,0.0014));
#8464=CARTESIAN_POINT('',(0.00400968534734182,-0.017584131825339,0.0014));
#8465=CARTESIAN_POINT('',(0.00254523023036651,-0.0192188877171693,0.0014));
#8466=CARTESIAN_POINT('',(0.00254523023036651,-0.0192188877171693,0.0014));
#8467=CARTESIAN_POINT('',(0.00202579858025011,-0.0187639260502632,0.0014));
#8468=CARTESIAN_POINT('',(0.00175470456988536,-0.0179295844775368,0.0014));
#8469=CARTESIAN_POINT('',(0.00175470456988536,-0.0179295844775368,0.0014));
#8470=CARTESIAN_POINT('',(0.00175470456988536,-0.0179295844775368,0.0014));
#8471=CARTESIAN_POINT('',(0.0014077042366185,-0.0168616272644471,0.0014));
#8472=CARTESIAN_POINT('',(0.00174197072245703,-0.0160221052171419,0.0014));
#8473=CARTESIAN_POINT('',(0.00174197072245703,-0.0160221052171419,0.0014));
#8474=CARTESIAN_POINT('',(0.00174197072245703,-0.0160221052171419,0.0014));
#8475=CARTESIAN_POINT('',(0.00207623720829557,-0.0151825831698368,0.0014));
#8476=CARTESIAN_POINT('',(0.00294515584630999,-0.0147421243288549,0.0014));
#8477=CARTESIAN_POINT('',(0.00294515584630999,-0.0147421243288549,0.0014));
#8478=CARTESIAN_POINT('',(0.00309232116622227,-0.0151950526111922,0.0014));
#8479=CARTESIAN_POINT('',(0.00323948648613456,-0.0156479808935293,0.0014));
#8480=CARTESIAN_POINT('',(0.00323948648613456,-0.0156479808935293,0.0014));
#8481=CARTESIAN_POINT('',(0.00270386833449241,-0.0159678448369751,0.0014));
#8482=CARTESIAN_POINT('',(0.00251698122283376,-0.0165012013230478,0.0014));
#8483=CARTESIAN_POINT('',(0.00251698122283376,-0.0165012013230478,0.0014));
#8484=CARTESIAN_POINT('',(0.00251698122283376,-0.0165012013230478,0.0014));
#8485=CARTESIAN_POINT('',(0.00233009411117511,-0.0170345578091206,0.0014));
#8486=CARTESIAN_POINT('',(0.00254128925448783,-0.0176845496248254,0.0014));
#8487=CARTESIAN_POINT('',(0.00254128925448783,-0.0176845496248254,0.0014));
#8488=CARTESIAN_POINT('',(0.00254128925448783,-0.0176845496248254,0.0014));
#8489=CARTESIAN_POINT('',(0.00280257224352508,-0.0184886959787294,0.0014));
#8490=CARTESIAN_POINT('',(0.00341788634783402,-0.0187385604805714,0.0014));
#8491=CARTESIAN_POINT('',(0.00341788634783402,-0.0187385604805714,0.0014));
#8492=CARTESIAN_POINT('',(0.00341788634783402,-0.0187385604805714,0.0014));
#8493=CARTESIAN_POINT('',(0.00403320045214296,-0.0189884249824135,0.0014));
#8494=CARTESIAN_POINT('',(0.00482622225174384,-0.0187307565801811,0.0014));
#8495=CARTESIAN_POINT('',(0.00482622225174384,-0.0187307565801811,0.0014));
#8496=CARTESIAN_POINT('',(0.00482622225174384,-0.0187307565801811,0.0014));
#8497=CARTESIAN_POINT('',(0.00561924405134473,-0.0184730881779486,0.0014));
#8498=CARTESIAN_POINT('',(0.00591932184396987,-0.0179257948190207,0.0014));
#8499=CARTESIAN_POINT('',(0.00591932184396987,-0.0179257948190207,0.0014));
#8500=CARTESIAN_POINT('',(0.00591932184396987,-0.0179257948190207,0.0014));
#8501=CARTESIAN_POINT('',(0.00621939963659502,-0.0173785014600928,0.0014));
#8502=CARTESIAN_POINT('',(0.00596173123436263,-0.0165854796604919,0.0014));
#8503=CARTESIAN_POINT('',(0.00596173123436263,-0.0165854796604919,0.0014));
#8504=CARTESIAN_POINT('',(0.00596173123436263,-0.0165854796604919,0.0014));
#8505=CARTESIAN_POINT('',(0.00578616558955499,-0.0160451441657739,0.0014));
#8506=CARTESIAN_POINT('',(0.00539673908675213,-0.0157280338354426,0.0014));
#8507=CARTESIAN_POINT('',(0.00539673908675213,-0.0157280338354426,0.0014));
#8508=CARTESIAN_POINT('',(0.00440125902906871,-0.0169375133555469,0.0014));
#8509=CARTESIAN_POINT('',(0.00449992932270662,-0.0153742711567395,0.0014));
#8510=CARTESIAN_POINT('',(0.00435750966098496,-0.0149359485084887,0.0014));
#8511=CARTESIAN_POINT('',(0.00421524985173641,-0.0144981178355628,0.0014));
#8512=CARTESIAN_POINT('',(0.00629077384027099,-0.013823739211684,0.0014));
#8513=CARTESIAN_POINT('',(0.00836629782880556,-0.0131493605878053,0.0014));
#8514=CARTESIAN_POINT('',(0.00908508423342979,-0.0153615576720626,0.0014));
#8515=CARTESIAN_POINT('',(0.00652156622728807,0.0143285604433142,0.0014));
#8516=CARTESIAN_POINT('',(0.00638266282007261,0.0139010597136696,0.0014));
#8517=CARTESIAN_POINT('',(0.00666046963450352,0.0147560611729588,0.0014));
#8518=CARTESIAN_POINT('',(0.00666046963450352,0.0147560611729588,0.0014));
#8519=CARTESIAN_POINT('',(0.00727358333109109,0.0146692965003328,0.0014));
#8520=CARTESIAN_POINT('',(0.00770961619510319,0.0149378804930456,0.0014));
#8521=CARTESIAN_POINT('',(0.00770961619510319,0.0149378804930456,0.0014));
#8522=CARTESIAN_POINT('',(0.00770961619510319,0.0149378804930456,0.0014));
#8523=CARTESIAN_POINT('',(0.00814564905911529,0.0152064644857583,0.0014));
#8524=CARTESIAN_POINT('',(0.00835064776790539,0.0158373856369438,0.0014));
#8525=CARTESIAN_POINT('',(0.00835064776790539,0.0158373856369438,0.0014));
#8526=CARTESIAN_POINT('',(0.00835064776790539,0.0158373856369438,0.0014));
#8527=CARTESIAN_POINT('',(0.00862483999553144,0.0166812625419299,0.0014));
#8528=CARTESIAN_POINT('',(0.00809410693527034,0.0172973508379778,0.0014));
#8529=CARTESIAN_POINT('',(0.00809410693527034,0.0172973508379778,0.0014));
#8530=CARTESIAN_POINT('',(0.00809410693527034,0.0172973508379778,0.0014));
#8531=CARTESIAN_POINT('',(0.00756337387500925,0.0179134391340257,0.0014));
#8532=CARTESIAN_POINT('',(0.00599020450580432,0.0184035088394484,0.0014));
#8533=CARTESIAN_POINT('',(0.00599020450580432,0.0184035088394484,0.0014));
#8534=CARTESIAN_POINT('',(0.00599020450580432,0.0184035088394484,0.0014));
#8535=CARTESIAN_POINT('',(0.00637819056589186,0.0180402494350615,0.0014));
#8536=CARTESIAN_POINT('',(0.00647614651806599,0.0174576019041199,0.0014));
#8537=CARTESIAN_POINT('',(0.00647614651806599,0.0174576019041199,0.0014));
#8538=CARTESIAN_POINT('',(0.00647614651806599,0.0174576019041199,0.0014));
#8539=CARTESIAN_POINT('',(0.00657410247024011,0.0168749543731783,0.0014));
#8540=CARTESIAN_POINT('',(0.00637581656551619,0.0162646931085556,0.0014));
#8541=CARTESIAN_POINT('',(0.00637581656551619,0.0162646931085556,0.0014));
#8542=CARTESIAN_POINT('',(0.00637581656551619,0.0162646931085556,0.0014));
#8543=CARTESIAN_POINT('',(0.00615429403133243,0.0155829168519848,0.0014));
#8544=CARTESIAN_POINT('',(0.00570109078508025,0.0151398192851051,0.0014));
#8545=CARTESIAN_POINT('',(0.00570109078508025,0.0151398192851051,0.0014));
#8546=CARTESIAN_POINT('',(0.00420737067916169,0.0166630657760412,0.0014));
#8547=CARTESIAN_POINT('',(0.00460920370276971,0.0145668985459499,0.0014));
#8548=CARTESIAN_POINT('',(0.00460920370276971,0.0145668985459499,0.0014));
#8549=CARTESIAN_POINT('',(0.00397051986671136,0.0144370753736744,0.0014));
#8550=CARTESIAN_POINT('',(0.00320769328593295,0.0146849327545793,0.0014));
#8551=CARTESIAN_POINT('',(0.00320769328593295,0.0146849327545793,0.0014));
#8552=CARTESIAN_POINT('',(0.00320769328593295,0.0146849327545793,0.0014));
#8553=CARTESIAN_POINT('',(0.00212066540832373,0.0150381295223687,0.0014));
#8554=CARTESIAN_POINT('',(0.00165898546995437,0.0158856676970743,0.0014));
#8555=CARTESIAN_POINT('',(0.00165898546995437,0.0158856676970743,0.0014));
#8556=CARTESIAN_POINT('',(0.00165898546995437,0.0158856676970743,0.0014));
#8557=CARTESIAN_POINT('',(0.00119730553158501,0.0167332058717798,0.0014));
#8558=CARTESIAN_POINT('',(0.00157373892883434,0.017891748741337,0.0014));
#8559=CARTESIAN_POINT('',(0.00157373892883434,0.017891748741337,0.0014));
#8560=CARTESIAN_POINT('',(0.00157373892883434,0.017891748741337,0.0014));
#8561=CARTESIAN_POINT('',(0.00203640603985683,0.0193156916921233,0.0014));
#8562=CARTESIAN_POINT('',(0.00314905365483807,0.0195902048126747,0.0014));
#8563=CARTESIAN_POINT('',(0.00314905365483807,0.0195902048126747,0.0014));
#8564=CARTESIAN_POINT('',(0.00314905365483807,0.0195902048126747,0.0014));
#8565=CARTESIAN_POINT('',(0.00426170126981931,0.0198647179332261,0.0014));
#8566=CARTESIAN_POINT('',(0.00609248506368748,0.0192698602190543,0.0014));
#8567=CARTESIAN_POINT('',(0.00609248506368748,0.0192698602190543,0.0014));
#8568=CARTESIAN_POINT('',(0.00609248506368748,0.0192698602190543,0.0014));
#8569=CARTESIAN_POINT('',(0.00737339803057788,0.0188536663669515,0.0014));
#8570=CARTESIAN_POINT('',(0.00813338238903278,0.0183537243823532,0.0014));
#8571=CARTESIAN_POINT('',(0.00813338238903278,0.0183537243823532,0.0014));
#8572=CARTESIAN_POINT('',(0.00813338238903278,0.0183537243823532,0.0014));
#8573=CARTESIAN_POINT('',(0.00889336674748769,0.017853782397755,0.0014));
#8574=CARTESIAN_POINT('',(0.00915354624072546,0.017167472223452,0.0014));
#8575=CARTESIAN_POINT('',(0.00915354624072546,0.017167472223452,0.0014));
#8576=CARTESIAN_POINT('',(0.00915354624072546,0.017167472223452,0.0014));
#8577=CARTESIAN_POINT('',(0.00941372573396324,0.0164811620491489,0.0014));
#8578=CARTESIAN_POINT('',(0.00910648585554986,0.0155355749333924,0.0014));
#8579=CARTESIAN_POINT('',(0.00910648585554986,0.0155355749333924,0.0014));
#8580=CARTESIAN_POINT('',(0.00910648585554986,0.0155355749333924,0.0014));
#8581=CARTESIAN_POINT('',(0.00876929654361048,0.0144978129391251,0.0014));
#8582=CARTESIAN_POINT('',(0.00802141550097655,0.0140995089726551,0.0014));
#8583=CARTESIAN_POINT('',(0.00802141550097655,0.0140995089726551,0.0014));
#8584=CARTESIAN_POINT('',(0.00802141550097655,0.0140995089726551,0.0014));
#8585=CARTESIAN_POINT('',(0.00727353445834261,0.0137012050061851,0.0014));
#8586=CARTESIAN_POINT('',(0.00638266282007261,0.0139010597136696,0.0014));
#8587=CARTESIAN_POINT('',(-0.00875163279227129,0.0178339470259852,0.0014));
#8588=CARTESIAN_POINT('',(-0.00794984438475259,0.0187243486150497,0.0014));
#8589=CARTESIAN_POINT('',(-0.00616991569626964,0.0193026825038279,0.0014));
#8590=CARTESIAN_POINT('',(-0.00875163279227129,0.0178339470259852,0.0014));
#8591=CARTESIAN_POINT('',(-0.00616991569626964,0.0193026825038279,0.0014));
#8592=CARTESIAN_POINT('',(-0.00616991569626964,0.0193026825038279,0.0014));
#8593=CARTESIAN_POINT('',(-0.00442177144865247,0.0198706890017349,0.0014));
#8594=CARTESIAN_POINT('',(-0.00325451374453692,0.0196200692771311,0.0014));
#8595=CARTESIAN_POINT('',(-0.00325451374453692,0.0196200692771311,0.0014));
#8596=CARTESIAN_POINT('',(-0.00325451374453692,0.0196200692771311,0.0014));
#8597=CARTESIAN_POINT('',(-0.00208725604042138,0.0193694495525274,0.0014));
#8598=CARTESIAN_POINT('',(-0.00162458892939888,0.017945506601741,0.0014));
#8599=CARTESIAN_POINT('',(-0.00162458892939888,0.017945506601741,0.0014));
#8600=CARTESIAN_POINT('',(-0.00162458892939888,0.017945506601741,0.0014));
#8601=CARTESIAN_POINT('',(-0.00116553640518125,0.0165326882052576,0.0014));
#8602=CARTESIAN_POINT('',(-0.0019625571465701,0.0156438357248237,0.0014));
#8603=CARTESIAN_POINT('',(-0.0019625571465701,0.0156438357248237,0.0014));
#8604=CARTESIAN_POINT('',(-0.0019625571465701,0.0156438357248237,0.0014));
#8605=CARTESIAN_POINT('',(-0.00275957788795895,0.0147549832443898,0.0014));
#8606=CARTESIAN_POINT('',(-0.00450772213557612,0.0141869767464827,0.0014));
#8607=CARTESIAN_POINT('',(-0.00450772213557612,0.0141869767464827,0.0014));
#8608=CARTESIAN_POINT('',(-0.00450772213557612,0.0141869767464827,0.0014));
#8609=CARTESIAN_POINT('',(-0.00628765082405906,0.0136086428577046,0.0014));
#8610=CARTESIAN_POINT('',(-0.00745967619430447,0.0138577134736777,0.0014));
#8611=CARTESIAN_POINT('',(-0.00745967619430447,0.0138577134736777,0.0014));
#8612=CARTESIAN_POINT('',(-0.00745967619430447,0.0138577134736777,0.0014));
#8613=CARTESIAN_POINT('',(-0.00863170156454989,0.0141067840896509,0.0014));
#8614=CARTESIAN_POINT('',(-0.00909075408876751,0.0155196024861342,0.0014));
#8615=CARTESIAN_POINT('',(-0.00909075408876751,0.0155196024861342,0.0014));
#8616=CARTESIAN_POINT('',(-0.00909075408876751,0.0155196024861342,0.0014));
#8617=CARTESIAN_POINT('',(-0.00955342119979,0.0169435454369206,0.0014));
#8618=CARTESIAN_POINT('',(-0.00875163279227129,0.0178339470259852,0.0014));
#8619=CARTESIAN_POINT('',(-3.46944695195361E-18,0.,-0.0014));
#8620=CARTESIAN_POINT('',(0.,1.62265700887024E-19,-0.0014));
#8621=CARTESIAN_POINT('',(0.00265,1.62265700887024E-19,-0.0014));
#8622=CARTESIAN_POINT('',(0.,2.20436423846524E-19,-0.0014));
#8623=CARTESIAN_POINT('',(0.0036,2.20436423846524E-19,-0.0014));
#8624=CARTESIAN_POINT('',(0.0221763047243582,-0.00330648183981194,0.0014));
#8625=CARTESIAN_POINT('',(0.0234672436461185,-0.000965922998585075,0.0014));
#8626=CARTESIAN_POINT('',(0.0208167103127699,-0.00577151768843754,-0.0014));
#8627=CARTESIAN_POINT('',(0.0221763047243582,0.00330648183981194,0.0014));
#8628=CARTESIAN_POINT('',(0.0234672436461185,0.00096592299858508,0.0014));
#8629=CARTESIAN_POINT('',(0.0208167103127699,0.00577151768843752,0.0014));
#8630=CARTESIAN_POINT('',(0.0198845086568575,0.0103599048673216,0.0014));
#8631=CARTESIAN_POINT('',(0.0195531542142659,0.0130122516060298,0.0014));
#8632=CARTESIAN_POINT('',(0.0202334853906198,0.00756649942980917,-0.0014));
#8633=CARTESIAN_POINT('',(0.0159975061320288,0.0157099048673216,0.0014));
#8634=CARTESIAN_POINT('',(0.018417643627429,0.0145751478482557,0.0014));
#8635=CARTESIAN_POINT('',(0.0134486594294023,0.0169050112163724,0.0014));
#8636=CARTESIAN_POINT('',(0.00999750613202883,0.0200691600353538,0.0014));
#8637=CARTESIAN_POINT('',(0.00817042445983183,0.0220201883673067,0.0014));
#8638=CARTESIAN_POINT('',(0.0119217567601274,0.0180143709417255,-0.0014));
#8639=CARTESIAN_POINT('',(0.00370820393249937,0.0221126781955419,0.0014));
#8640=CARTESIAN_POINT('',(0.00633312973574445,0.0226171616109475,0.0014));
#8641=CARTESIAN_POINT('',(0.000943677747124895,0.0215813650398512,0.0014));
#8642=CARTESIAN_POINT('',(-0.00370820393249937,0.0221126781955419,0.0014));
#8643=CARTESIAN_POINT('',(-0.00633312973574444,0.0226171616109475,0.0014));
#8644=CARTESIAN_POINT('',(-0.000943677747124817,0.0215813650398512,-0.0014));
#8645=CARTESIAN_POINT('',(-0.00999750613202883,0.0200691600353538,0.0014));
#8646=CARTESIAN_POINT('',(-0.00817042445983183,0.0220201883673067,0.0014));
#8647=CARTESIAN_POINT('',(-0.0119217567601274,0.0180143709417256,0.0014));
#8648=CARTESIAN_POINT('',(-0.0159975061320288,0.0157099048673216,0.0014));
#8649=CARTESIAN_POINT('',(-0.018417643627429,0.0145751478482557,0.0014));
#8650=CARTESIAN_POINT('',(-0.0134486594294023,0.0169050112163724,-0.0014));
#8651=CARTESIAN_POINT('',(-0.0198845086568575,0.0103599048673216,0.0014));
#8652=CARTESIAN_POINT('',(-0.0195531542142659,0.0130122516060298,0.0014));
#8653=CARTESIAN_POINT('',(-0.0202334853906198,0.00756649942980922,0.0014));
#8654=CARTESIAN_POINT('',(-0.0221763047243582,0.00330648183981194,0.0014));
#8655=CARTESIAN_POINT('',(-0.0234672436461185,0.000965922998585082,0.0014));
#8656=CARTESIAN_POINT('',(-0.0208167103127699,0.00577151768843758,-0.0014));
#8657=CARTESIAN_POINT('',(-0.0221763047243582,-0.00330648183981193,0.0014));
#8658=CARTESIAN_POINT('',(-0.0234672436461185,-0.000965922998585076,0.0014));
#8659=CARTESIAN_POINT('',(-0.0208167103127699,-0.00577151768843753,0.0014));
#8660=CARTESIAN_POINT('',(-0.0198845086568575,-0.0103599048673216,0.0014));
#8661=CARTESIAN_POINT('',(-0.0195531542142659,-0.0130122516060298,0.0014));
#8662=CARTESIAN_POINT('',(-0.0202334853906198,-0.00756649942980918,-0.0014));
#8663=CARTESIAN_POINT('',(-0.0159975061320288,-0.0157099048673216,0.0014));
#8664=CARTESIAN_POINT('',(-0.018417643627429,-0.0145751478482557,0.0014));
#8665=CARTESIAN_POINT('',(-0.0134486594294024,-0.0169050112163724,0.0014));
#8666=CARTESIAN_POINT('',(-0.00999750613202884,-0.0200691600353538,0.0014));
#8667=CARTESIAN_POINT('',(-0.00817042445983184,-0.0220201883673067,0.0014));
#8668=CARTESIAN_POINT('',(-0.0119217567601274,-0.0180143709417255,-0.0014));
#8669=CARTESIAN_POINT('',(-0.00370820393249937,-0.0221126781955419,0.0014));
#8670=CARTESIAN_POINT('',(-0.00633312973574445,-0.0226171616109475,0.0014));
#8671=CARTESIAN_POINT('',(-0.000943677747124875,-0.0215813650398512,0.0014));
#8672=CARTESIAN_POINT('',(0.00370820393249937,-0.0221126781955419,0.0014));
#8673=CARTESIAN_POINT('',(0.00633312973574444,-0.0226171616109475,0.0014));
#8674=CARTESIAN_POINT('',(0.000943677747124835,-0.0215813650398512,-0.0014));
#8675=CARTESIAN_POINT('',(0.00999750613202883,-0.0200691600353538,0.0014));
#8676=CARTESIAN_POINT('',(0.00817042445983182,-0.0220201883673067,0.0014));
#8677=CARTESIAN_POINT('',(0.0119217567601274,-0.0180143709417256,0.0014));
#8678=CARTESIAN_POINT('',(0.0159975061320288,-0.0157099048673216,0.0014));
#8679=CARTESIAN_POINT('',(0.018417643627429,-0.0145751478482557,0.0014));
#8680=CARTESIAN_POINT('',(0.0134486594294023,-0.0169050112163724,-0.0014));
#8681=CARTESIAN_POINT('',(0.0198845086568575,-0.0103599048673216,0.0014));
#8682=CARTESIAN_POINT('',(0.0195531542142659,-0.0130122516060298,0.0014));
#8683=CARTESIAN_POINT('',(0.0202334853906198,-0.00756649942980918,0.0014));
#8684=CARTESIAN_POINT('',(0.,1.62265700887024E-19,0.0014));
#8685=CARTESIAN_POINT('',(0.,1.62265700887024E-19,0.0016));
#8686=CARTESIAN_POINT('',(0.00265,1.62265700887024E-19,0.0016));
#8687=CARTESIAN_POINT('',(-3.46944695195361E-18,0.,-0.0014));
#8688=CARTESIAN_POINT('',(0.,1.62265700887024E-19,-0.0014));
#8689=CARTESIAN_POINT('',(0.,1.62265700887024E-19,-0.0014));
#8690=CARTESIAN_POINT('',(0.,1.62265700887024E-19,-0.0014));
#8691=CARTESIAN_POINT('',(0.,1.62265700887024E-19,-0.0014));
#8692=CARTESIAN_POINT('',(0.,1.62265700887024E-19,-0.0014));
#8693=CARTESIAN_POINT('',(0.,1.62265700887024E-19,-0.0014));
#8694=CARTESIAN_POINT('',(0.,1.62265700887024E-19,-0.0014));
#8695=CARTESIAN_POINT('',(0.,1.62265700887024E-19,-0.0014));
#8696=CARTESIAN_POINT('',(0.,1.62265700887024E-19,-0.0014));
#8697=CARTESIAN_POINT('',(0.,1.62265700887024E-19,-0.0014));
#8698=CARTESIAN_POINT('',(0.,3.15346550780443E-19,-0.0014));
#8699=CARTESIAN_POINT('',(0.00515,3.15346550780443E-19,-0.0014));
#8700=CARTESIAN_POINT('',(-0.015571315823221,0.0214320775770281,0.0014));
#8701=CARTESIAN_POINT('',(-0.0251949182515307,0.00818632518490027,0.0014));
#8702=CARTESIAN_POINT('',(-0.0251949182515307,-0.00818632518490023,0.0014));
#8703=CARTESIAN_POINT('',(-0.0155713158232211,-0.0214320775770281,0.0014));
#8704=CARTESIAN_POINT('',(-2.03830008427275E-17,-0.0264915047842557,0.0014));
#8705=CARTESIAN_POINT('',(0.015571315823221,-0.0214320775770281,0.0014));
#8706=CARTESIAN_POINT('',(0.0251949182515307,-0.00818632518490023,0.0014));
#8707=CARTESIAN_POINT('',(0.0251949182515307,0.00818632518490022,0.0014));
#8708=CARTESIAN_POINT('',(0.015571315823221,0.0214320775770281,0.0014));
#8709=CARTESIAN_POINT('',(3.85975973404839E-17,0.0264915047842557,0.0014));
#8710=CARTESIAN_POINT('',(-0.0217159604706143,3.46944695195361E-18,0.0014));
#8711=CARTESIAN_POINT('',(-0.0175685810699015,-0.0127643213039934,0.0014));
#8712=CARTESIAN_POINT('',(-0.00671060083459439,-0.0206531057131857,0.0014));
#8713=CARTESIAN_POINT('',(0.00671060083459438,-0.0206531057131857,0.0014));
#8714=CARTESIAN_POINT('',(0.0175685810699015,-0.0127643213039934,0.0014));
#8715=CARTESIAN_POINT('',(0.0217159604706143,2.60208521396521E-18,0.0014));
#8716=CARTESIAN_POINT('',(0.0175685810699015,0.0127643213039934,0.0014));
#8717=CARTESIAN_POINT('',(-0.0175685810699015,0.0127643213039934,0.0014));
#8718=CARTESIAN_POINT('',(-0.00671060083459438,0.0206531057131857,0.0014));
#8719=CARTESIAN_POINT('',(0.00671060083459439,0.0206531057131857,0.0014));
#8720=CARTESIAN_POINT('',(0.,3.15346550780443E-19,0.002));
#8721=CARTESIAN_POINT('',(0.,3.15346550780443E-19,0.0016));
#8722=CARTESIAN_POINT('',(0.00515,3.15346550780443E-19,0.0016));
#8723=CARTESIAN_POINT('',(-3.46944695195361E-18,0.,0.002));
#8724=CARTESIAN_POINT('',(0.,3.15346550780443E-19,0.002));
#8725=CARTESIAN_POINT('',(0.00475,3.15346550780443E-19,0.002));
#8726=CARTESIAN_POINT('',(0.,1.62265700887024E-19,0.002));
#8727=CARTESIAN_POINT('',(0.00305,1.62265700887024E-19,0.002));
#8728=CARTESIAN_POINT('',(0.,2.20436423846524E-19,-0.0014));
#8729=CARTESIAN_POINT('',(0.,2.20436423846524E-19,-0.00065));
#8730=CARTESIAN_POINT('',(0.00435,2.20436423846524E-19,-0.00065));
#8731=CARTESIAN_POINT('',(0.,3.15346550780443E-19,-0.0014));
#8732=CARTESIAN_POINT('',(0.,3.15346550780443E-19,-0.00065));
#8733=CARTESIAN_POINT('',(0.0044,3.15346550780443E-19,-0.00065));
#8734=CARTESIAN_POINT('',(-3.46944695195361E-18,0.,-0.00065));
#8735=CARTESIAN_POINT('',(0.,3.15346550780443E-19,0.002));
#8736=CARTESIAN_POINT('',(0.,1.62265700887024E-19,0.0016));
#8737=CARTESIAN_POINT('',(-0.0152815869028958,0.00685300143693151,0.000466666666666667));
#8738=CARTESIAN_POINT('',(-0.0150208145980945,0.00721192372261953,0.000466666666666667));
#8739=CARTESIAN_POINT('',(-0.0150208145980945,0.00721192372261953,0.000466666666666667));
#8740=CARTESIAN_POINT('',(-0.0152815869028958,0.00685300143693151,0.000466666666666667));
#8741=CARTESIAN_POINT('',(-0.015542359207697,0.00649407915124348,0.000466666666666667));
#8742=CARTESIAN_POINT('',(-0.015542359207697,0.00649407915124348,0.000466666666666667));
#8743=CARTESIAN_POINT('',(-0.0154365155504451,0.00751394814343453,0.000466666666666667));
#8744=CARTESIAN_POINT('',(-0.0158522165027956,0.00781597256424952,0.000466666666666667));
#8745=CARTESIAN_POINT('',(-0.0158522165027956,0.00781597256424952,0.000466666666666667));
#8746=CARTESIAN_POINT('',(-0.0154365155504451,0.00751394814343453,0.000466666666666667));
#8747=CARTESIAN_POINT('',(-0.0138406847505058,0.0105846085005549,0.000466666666666667));
#8748=CARTESIAN_POINT('',(-0.011829152998216,0.0133532444368603,0.000466666666666667));
#8749=CARTESIAN_POINT('',(-0.011829152998216,0.0133532444368603,0.000466666666666667));
#8750=CARTESIAN_POINT('',(-0.0138406847505058,0.0105846085005549,0.000466666666666667));
#8751=CARTESIAN_POINT('',(-0.0122266036648536,0.0136420092489565,0.000466666666666667));
#8752=CARTESIAN_POINT('',(-0.0126240543314912,0.0139307740610528,0.000466666666666667));
#8753=CARTESIAN_POINT('',(-0.0126240543314912,0.0139307740610528,0.000466666666666667));
#8754=CARTESIAN_POINT('',(-0.0122266036648536,0.0136420092489565,0.000466666666666667));
#8755=CARTESIAN_POINT('',(-0.0148963583885822,0.0108032158390594,0.000466666666666667));
#8756=CARTESIAN_POINT('',(-0.0171686624456733,0.00767565761706605,0.000466666666666667));
#8757=CARTESIAN_POINT('',(-0.0171686624456733,0.00767565761706605,0.000466666666666667));
#8758=CARTESIAN_POINT('',(-0.0148963583885822,0.0108032158390594,0.000466666666666667));
#8759=CARTESIAN_POINT('',(-0.0163555108266851,0.00708486838415477,0.000466666666666667));
#8760=CARTESIAN_POINT('',(-0.0163555108266851,0.00708486838415477,0.000466666666666667));
#8761=CARTESIAN_POINT('',(1.38777878078145E-17,3.46944695195361E-18,0.000466666666666667));
#8762=CARTESIAN_POINT('',(0.0143116535655558,0.0100799413226278,0.000466666666666667));
#8763=CARTESIAN_POINT('',(0.0143116535655558,0.0100799413226278,0.0014));
#8764=CARTESIAN_POINT('',(0.0138844616925711,0.00976956825928626,0.000466666666666667));
#8765=CARTESIAN_POINT('',(0.0138844616925711,0.00976956825928626,0.0014));
#8766=CARTESIAN_POINT('',(0.0136076443453562,0.00941663603824073,0.000466666666666667));
#8767=CARTESIAN_POINT('',(0.0136076443453562,0.00941663603824073,0.0014));
#8768=CARTESIAN_POINT('',(0.0134812015239109,0.00902114465949124,0.000466666666666667));
#8769=CARTESIAN_POINT('',(0.0134812015239109,0.00902114465949124,0.0014));
#8770=CARTESIAN_POINT('',(0.0143116535655558,0.0100799413226278,0.0014));
#8771=CARTESIAN_POINT('',(0.0136708657560788,0.00961438172761547,0.0014));
#8772=CARTESIAN_POINT('',(0.0134812015239109,0.00902114465949124,0.0014));
#8773=CARTESIAN_POINT('',(0.0143116535655558,0.0100799413226278,0.0014));
#8774=CARTESIAN_POINT('',(0.0134812015239109,0.00902114465949124,0.0014));
#8775=CARTESIAN_POINT('',(0.0143116535655558,0.0100799413226278,0.000466666666666667));
#8776=CARTESIAN_POINT('',(0.0143116535655558,0.0100799413226278,0.000466666666666667));
#8777=CARTESIAN_POINT('',(0.0143116535655558,0.0100799413226278,0.000466666666666667));
#8778=CARTESIAN_POINT('',(0.0136708657560788,0.00961438172761547,0.000466666666666667));
#8779=CARTESIAN_POINT('',(0.0134812015239109,0.00902114465949124,0.000466666666666667));
#8780=CARTESIAN_POINT('',(0.0134812015239109,0.00902114465949124,0.000466666666666667));
#8781=CARTESIAN_POINT('',(0.0134812015239109,0.00902114465949124,0.000466666666666667));
#8782=CARTESIAN_POINT('',(0.0155816370813948,0.0105337748112055,0.000466666666666667));
#8783=CARTESIAN_POINT('',(0.0155816370813948,0.0105337748112055,0.0014));
#8784=CARTESIAN_POINT('',(0.0151675807692165,0.010545520988449,0.000466666666666667));
#8785=CARTESIAN_POINT('',(0.0151675807692165,0.010545520988449,0.0014));
#8786=CARTESIAN_POINT('',(0.0147442529306035,0.0103942431589231,0.000466666666666667));
#8787=CARTESIAN_POINT('',(0.0147442529306035,0.0103942431589231,0.0014));
#8788=CARTESIAN_POINT('',(0.0143116535655558,0.0100799413226278,0.000466666666666667));
#8789=CARTESIAN_POINT('',(0.0143116535655558,0.0100799413226278,0.0014));
#8790=CARTESIAN_POINT('',(0.0155816370813948,0.0105337748112055,0.0014));
#8791=CARTESIAN_POINT('',(0.0149605526131273,0.0105513940770708,0.0014));
#8792=CARTESIAN_POINT('',(0.0143116535655558,0.0100799413226278,0.0014));
#8793=CARTESIAN_POINT('',(0.0155816370813948,0.0105337748112055,0.0014));
#8794=CARTESIAN_POINT('',(0.0155816370813948,0.0105337748112055,0.000466666666666667));
#8795=CARTESIAN_POINT('',(0.0155816370813948,0.0105337748112055,0.000466666666666667));
#8796=CARTESIAN_POINT('',(0.0155816370813948,0.0105337748112055,0.000466666666666667));
#8797=CARTESIAN_POINT('',(0.0149605526131273,0.0105513940770708,0.000466666666666667));
#8798=CARTESIAN_POINT('',(0.0143116535655558,0.0100799413226278,0.000466666666666667));
#8799=CARTESIAN_POINT('',(0.0166240824489455,0.00993620202157324,0.000466666666666667));
#8800=CARTESIAN_POINT('',(0.0166240824489455,0.00993620202157324,0.0014));
#8801=CARTESIAN_POINT('',(0.0163431751827567,0.0103228377040846,0.000466666666666667));
#8802=CARTESIAN_POINT('',(0.0163431751827567,0.0103228377040846,0.0014));
#8803=CARTESIAN_POINT('',(0.0159956933935731,0.0105220286339621,0.000466666666666667));
#8804=CARTESIAN_POINT('',(0.0159956933935731,0.0105220286339621,0.0014));
#8805=CARTESIAN_POINT('',(0.0155816370813948,0.0105337748112055,0.000466666666666667));
#8806=CARTESIAN_POINT('',(0.0155816370813948,0.0105337748112055,0.0014));
#8807=CARTESIAN_POINT('',(0.0166240824489455,0.00993620202157324,0.0014));
#8808=CARTESIAN_POINT('',(0.0162027215496622,0.0105161555453403,0.0014));
#8809=CARTESIAN_POINT('',(0.0155816370813948,0.0105337748112055,0.0014));
#8810=CARTESIAN_POINT('',(0.0166240824489455,0.00993620202157324,0.0014));
#8811=CARTESIAN_POINT('',(0.0166240824489455,0.00993620202157324,0.000466666666666667));
#8812=CARTESIAN_POINT('',(0.0166240824489455,0.00993620202157324,0.000466666666666667));
#8813=CARTESIAN_POINT('',(0.0166240824489455,0.00993620202157324,0.000466666666666667));
#8814=CARTESIAN_POINT('',(0.0162027215496622,0.0105161555453403,0.000466666666666667));
#8815=CARTESIAN_POINT('',(0.0155816370813948,0.0105337748112055,0.000466666666666667));
#8816=CARTESIAN_POINT('',(0.0168820083645232,0.00876244605151235,0.000466666666666667));
#8817=CARTESIAN_POINT('',(0.0168820083645232,0.00876244605151235,0.0014));
#8818=CARTESIAN_POINT('',(0.0169778691104814,0.0091763393225852,0.000466666666666667));
#8819=CARTESIAN_POINT('',(0.0169778691104814,0.0091763393225852,0.0014));
#8820=CARTESIAN_POINT('',(0.0168918938052889,0.0095675913126055,0.000466666666666667));
#8821=CARTESIAN_POINT('',(0.0168918938052889,0.0095675913126055,0.0014));
#8822=CARTESIAN_POINT('',(0.0166240824489455,0.00993620202157324,0.000466666666666667));
#8823=CARTESIAN_POINT('',(0.0166240824489455,0.00993620202157324,0.0014));
#8824=CARTESIAN_POINT('',(0.0168820083645232,0.00876244605151235,0.0014));
#8825=CARTESIAN_POINT('',(0.0170257994834605,0.00938328595812163,0.0014));
#8826=CARTESIAN_POINT('',(0.0166240824489455,0.00993620202157324,0.0014));
#8827=CARTESIAN_POINT('',(0.0168820083645232,0.00876244605151235,0.0014));
#8828=CARTESIAN_POINT('',(0.0168820083645232,0.00876244605151235,0.000466666666666667));
#8829=CARTESIAN_POINT('',(0.0168820083645232,0.00876244605151235,0.000466666666666667));
#8830=CARTESIAN_POINT('',(0.0168820083645232,0.00876244605151235,0.000466666666666667));
#8831=CARTESIAN_POINT('',(0.0170257994834605,0.00938328595812163,0.000466666666666667));
#8832=CARTESIAN_POINT('',(0.0166240824489455,0.00993620202157324,0.000466666666666667));
#8833=CARTESIAN_POINT('',(0.0160717438488093,0.00765738487836065,0.000466666666666667));
#8834=CARTESIAN_POINT('',(0.0160717438488093,0.00765738487836065,0.0014));
#8835=CARTESIAN_POINT('',(0.0165160594466604,0.0079801990560556,0.000466666666666667));
#8836=CARTESIAN_POINT('',(0.0165160594466604,0.0079801990560556,0.0014));
#8837=CARTESIAN_POINT('',(0.016786147618565,0.0083485527804395,0.000466666666666667));
#8838=CARTESIAN_POINT('',(0.016786147618565,0.0083485527804395,0.0014));
#8839=CARTESIAN_POINT('',(0.0168820083645232,0.00876244605151235,0.000466666666666667));
#8840=CARTESIAN_POINT('',(0.0168820083645232,0.00876244605151235,0.0014));
#8841=CARTESIAN_POINT('',(0.0160717438488093,0.00765738487836065,0.0014));
#8842=CARTESIAN_POINT('',(0.0167382172455859,0.00814160614490307,0.0014));
#8843=CARTESIAN_POINT('',(0.0168820083645232,0.00876244605151235,0.0014));
#8844=CARTESIAN_POINT('',(0.0160717438488093,0.00765738487836065,0.0014));
#8845=CARTESIAN_POINT('',(0.0160717438488093,0.00765738487836065,0.000466666666666667));
#8846=CARTESIAN_POINT('',(0.0160717438488093,0.00765738487836065,0.000466666666666667));
#8847=CARTESIAN_POINT('',(0.0160717438488093,0.00765738487836065,0.000466666666666667));
#8848=CARTESIAN_POINT('',(0.0167382172455859,0.00814160614490307,0.000466666666666667));
#8849=CARTESIAN_POINT('',(0.0168820083645232,0.00876244605151235,0.000466666666666667));
#8850=CARTESIAN_POINT('',(0.0147663270948367,0.00722531363338074,0.000466666666666667));
#8851=CARTESIAN_POINT('',(0.0147663270948367,0.00722531363338074,0.0014));
#8852=CARTESIAN_POINT('',(0.0151922893329674,0.00719054695233907,0.000466666666666667));
#8853=CARTESIAN_POINT('',(0.0151922893329674,0.00719054695233907,0.0014));
#8854=CARTESIAN_POINT('',(0.0156274282509582,0.00733457070066571,0.000466666666666667));
#8855=CARTESIAN_POINT('',(0.0156274282509582,0.00733457070066571,0.0014));
#8856=CARTESIAN_POINT('',(0.0160717438488093,0.00765738487836065,0.000466666666666667));
#8857=CARTESIAN_POINT('',(0.0160717438488093,0.00765738487836065,0.0014));
#8858=CARTESIAN_POINT('',(0.0147663270948367,0.00722531363338074,0.0014));
#8859=CARTESIAN_POINT('',(0.0154052704520327,0.00717316361181824,0.0014));
#8860=CARTESIAN_POINT('',(0.0160717438488093,0.00765738487836065,0.0014));
#8861=CARTESIAN_POINT('',(0.0147663270948367,0.00722531363338074,0.0014));
#8862=CARTESIAN_POINT('',(0.0147663270948367,0.00722531363338074,0.000466666666666667));
#8863=CARTESIAN_POINT('',(0.0147663270948367,0.00722531363338074,0.000466666666666667));
#8864=CARTESIAN_POINT('',(0.0147663270948367,0.00722531363338074,0.000466666666666667));
#8865=CARTESIAN_POINT('',(0.0154052704520327,0.00717316361181824,0.000466666666666667));
#8866=CARTESIAN_POINT('',(0.0160717438488093,0.00765738487836065,0.000466666666666667));
#8867=CARTESIAN_POINT('',(0.0137256667031259,0.00783037971839486,0.000466666666666667));
#8868=CARTESIAN_POINT('',(0.0137256667031259,0.00783037971839486,0.0014));
#8869=CARTESIAN_POINT('',(0.0139934780594692,0.00746176900942712,0.000466666666666667));
#8870=CARTESIAN_POINT('',(0.0139934780594692,0.00746176900942712,0.0014));
#8871=CARTESIAN_POINT('',(0.0143403648567061,0.00726008031442241,0.000466666666666667));
#8872=CARTESIAN_POINT('',(0.0143403648567061,0.00726008031442241,0.0014));
#8873=CARTESIAN_POINT('',(0.0147663270948367,0.00722531363338074,0.000466666666666667));
#8874=CARTESIAN_POINT('',(0.0147663270948367,0.00722531363338074,0.0014));
#8875=CARTESIAN_POINT('',(0.0137256667031259,0.00783037971839486,0.0014));
#8876=CARTESIAN_POINT('',(0.0141273837376408,0.00727746365494325,0.0014));
#8877=CARTESIAN_POINT('',(0.0147663270948367,0.00722531363338074,0.0014));
#8878=CARTESIAN_POINT('',(0.0137256667031259,0.00783037971839486,0.0014));
#8879=CARTESIAN_POINT('',(0.0137256667031259,0.00783037971839486,0.000466666666666667));
#8880=CARTESIAN_POINT('',(0.0137256667031259,0.00783037971839486,0.000466666666666667));
#8881=CARTESIAN_POINT('',(0.0137256667031259,0.00783037971839486,0.000466666666666667));
#8882=CARTESIAN_POINT('',(0.0141273837376408,0.00727746365494325,0.000466666666666667));
#8883=CARTESIAN_POINT('',(0.0147663270948367,0.00722531363338074,0.000466666666666667));
#8884=CARTESIAN_POINT('',(0.0143836744991473,0.0127099843551998,0.000466666666666667));
#8885=CARTESIAN_POINT('',(0.0143836744991473,0.0127099843551998,0.0014));
#8886=CARTESIAN_POINT('',(0.0141276494616651,0.0130623725879782,0.000466666666666667));
#8887=CARTESIAN_POINT('',(0.0141276494616651,0.0130623725879782,0.0014));
#8888=CARTESIAN_POINT('',(0.0138151961878089,0.0132498346167982,0.000466666666666667));
#8889=CARTESIAN_POINT('',(0.0138151961878089,0.0132498346167982,0.0014));
#8890=CARTESIAN_POINT('',(0.0134463146775786,0.0132723704416596,0.000466666666666667));
#8891=CARTESIAN_POINT('',(0.0134463146775786,0.0132723704416596,0.0014));
#8892=CARTESIAN_POINT('',(0.0143836744991473,0.0127099843551998,0.0014));
#8893=CARTESIAN_POINT('',(0.013999636942924,0.0132385667043675,0.0014));
#8894=CARTESIAN_POINT('',(0.0134463146775786,0.0132723704416596,0.0014));
#8895=CARTESIAN_POINT('',(0.0143836744991473,0.0127099843551998,0.0014));
#8896=CARTESIAN_POINT('',(0.0134463146775786,0.0132723704416596,0.0014));
#8897=CARTESIAN_POINT('',(0.0143836744991473,0.0127099843551998,0.000466666666666667));
#8898=CARTESIAN_POINT('',(0.0143836744991473,0.0127099843551998,0.000466666666666667));
#8899=CARTESIAN_POINT('',(0.0143836744991473,0.0127099843551998,0.000466666666666667));
#8900=CARTESIAN_POINT('',(0.013999636942924,0.0132385667043675,0.000466666666666667));
#8901=CARTESIAN_POINT('',(0.0134463146775786,0.0132723704416596,0.000466666666666667));
#8902=CARTESIAN_POINT('',(0.0134463146775786,0.0132723704416596,0.000466666666666667));
#8903=CARTESIAN_POINT('',(0.0134463146775786,0.0132723704416596,0.000466666666666667));
#8904=CARTESIAN_POINT('',(0.0145934420985061,0.0116664775742653,0.000466666666666667));
#8905=CARTESIAN_POINT('',(0.0145934420985061,0.0116664775742653,0.0014));
#8906=CARTESIAN_POINT('',(0.0146880138185038,0.0120395017351236,0.000466666666666667));
#8907=CARTESIAN_POINT('',(0.0146880138185038,0.0120395017351236,0.0014));
#8908=CARTESIAN_POINT('',(0.0146180912853842,0.0123873373287684,0.000466666666666667));
#8909=CARTESIAN_POINT('',(0.0146180912853842,0.0123873373287684,0.0014));
#8910=CARTESIAN_POINT('',(0.0143836744991473,0.0127099843551998,0.000466666666666667));
#8911=CARTESIAN_POINT('',(0.0143836744991473,0.0127099843551998,0.0014));
#8912=CARTESIAN_POINT('',(0.0145934420985061,0.0116664775742653,0.0014));
#8913=CARTESIAN_POINT('',(0.0147352996785026,0.0122260138155527,0.0014));
#8914=CARTESIAN_POINT('',(0.0143836744991473,0.0127099843551998,0.0014));
#8915=CARTESIAN_POINT('',(0.0145934420985061,0.0116664775742653,0.0014));
#8916=CARTESIAN_POINT('',(0.0145934420985061,0.0116664775742653,0.000466666666666667));
#8917=CARTESIAN_POINT('',(0.0145934420985061,0.0116664775742653,0.000466666666666667));
#8918=CARTESIAN_POINT('',(0.0145934420985061,0.0116664775742653,0.000466666666666667));
#8919=CARTESIAN_POINT('',(0.0147352996785026,0.0122260138155527,0.000466666666666667));
#8920=CARTESIAN_POINT('',(0.0143836744991473,0.0127099843551998,0.000466666666666667));
#8921=CARTESIAN_POINT('',(0.0138716309947424,0.0106855804336947,0.000466666666666667));
#8922=CARTESIAN_POINT('',(0.0138716309947424,0.0106855804336947,0.0014));
#8923=CARTESIAN_POINT('',(0.0142582666772538,0.0109664876998836,0.000466666666666667));
#8924=CARTESIAN_POINT('',(0.0142582666772538,0.0109664876998836,0.0014));
#8925=CARTESIAN_POINT('',(0.0144988703785083,0.0112934534134071,0.000466666666666667));
#8926=CARTESIAN_POINT('',(0.0144988703785083,0.0112934534134071,0.0014));
#8927=CARTESIAN_POINT('',(0.0145934420985061,0.0116664775742653,0.000466666666666667));
#8928=CARTESIAN_POINT('',(0.0145934420985061,0.0116664775742653,0.0014));
#8929=CARTESIAN_POINT('',(0.0138716309947424,0.0106855804336947,0.0014));
#8930=CARTESIAN_POINT('',(0.0144515845185095,0.011106941332978,0.0014));
#8931=CARTESIAN_POINT('',(0.0145934420985061,0.0116664775742653,0.0014));
#8932=CARTESIAN_POINT('',(0.0138716309947424,0.0106855804336947,0.0014));
#8933=CARTESIAN_POINT('',(0.0138716309947424,0.0106855804336947,0.000466666666666667));
#8934=CARTESIAN_POINT('',(0.0138716309947424,0.0106855804336947,0.000466666666666667));
#8935=CARTESIAN_POINT('',(0.0138716309947424,0.0106855804336947,0.000466666666666667));
#8936=CARTESIAN_POINT('',(0.0144515845185095,0.011106941332978,0.000466666666666667));
#8937=CARTESIAN_POINT('',(0.0145934420985061,0.0116664775742653,0.000466666666666667));
#8938=CARTESIAN_POINT('',(0.0127274242339136,0.0103045398030986,0.000466666666666667));
#8939=CARTESIAN_POINT('',(0.0127274242339136,0.0103045398030986,0.0014));
#8940=CARTESIAN_POINT('',(0.0131099017993617,0.0102822431924197,0.000466666666666667));
#8941=CARTESIAN_POINT('',(0.0131099017993617,0.0102822431924197,0.0014));
#8942=CARTESIAN_POINT('',(0.0134913040529713,0.0104092567359517,0.000466666666666667));
#8943=CARTESIAN_POINT('',(0.0134913040529713,0.0104092567359517,0.0014));
#8944=CARTESIAN_POINT('',(0.0138716309947424,0.0106855804336947,0.000466666666666667));
#8945=CARTESIAN_POINT('',(0.0138716309947424,0.0106855804336947,0.0014));
#8946=CARTESIAN_POINT('',(0.0127274242339136,0.0103045398030986,0.0014));
#8947=CARTESIAN_POINT('',(0.0133011405820857,0.0102710948870803,0.0014));
#8948=CARTESIAN_POINT('',(0.0138716309947424,0.0106855804336947,0.0014));
#8949=CARTESIAN_POINT('',(0.0127274242339136,0.0103045398030986,0.0014));
#8950=CARTESIAN_POINT('',(0.0127274242339136,0.0103045398030986,0.000466666666666667));
#8951=CARTESIAN_POINT('',(0.0127274242339136,0.0103045398030986,0.000466666666666667));
#8952=CARTESIAN_POINT('',(0.0127274242339136,0.0103045398030986,0.000466666666666667));
#8953=CARTESIAN_POINT('',(0.0133011405820857,0.0102710948870803,0.000466666666666667));
#8954=CARTESIAN_POINT('',(0.0138716309947424,0.0106855804336947,0.000466666666666667));
#8955=CARTESIAN_POINT('',(0.0118020827063862,0.010821955258764,0.000466666666666667));
#8956=CARTESIAN_POINT('',(0.0118020827063862,0.010821955258764,0.0014));
#8957=CARTESIAN_POINT('',(0.0120364994926231,0.0104993082323326,0.000466666666666667));
#8958=CARTESIAN_POINT('',(0.0120364994926231,0.0104993082323326,0.0014));
#8959=CARTESIAN_POINT('',(0.0123449466684656,0.0103268364137774,0.000466666666666667));
#8960=CARTESIAN_POINT('',(0.0123449466684656,0.0103268364137774,0.0014));
#8961=CARTESIAN_POINT('',(0.0127274242339136,0.0103045398030986,0.000466666666666667));
#8962=CARTESIAN_POINT('',(0.0127274242339136,0.0103045398030986,0.0014));
#8963=CARTESIAN_POINT('',(0.0118020827063862,0.010821955258764,0.0014));
#8964=CARTESIAN_POINT('',(0.0121537078857415,0.0103379847191169,0.0014));
#8965=CARTESIAN_POINT('',(0.0127274242339136,0.0103045398030986,0.0014));
#8966=CARTESIAN_POINT('',(0.0118020827063862,0.010821955258764,0.0014));
#8967=CARTESIAN_POINT('',(0.0118020827063862,0.010821955258764,0.000466666666666667));
#8968=CARTESIAN_POINT('',(0.0118020827063862,0.010821955258764,0.000466666666666667));
#8969=CARTESIAN_POINT('',(0.0118020827063862,0.010821955258764,0.000466666666666667));
#8970=CARTESIAN_POINT('',(0.0121537078857415,0.0103379847191169,0.000466666666666667));
#8971=CARTESIAN_POINT('',(0.0127274242339136,0.0103045398030986,0.000466666666666667));
#8972=CARTESIAN_POINT('',(0.0115509887094633,0.0118953355213909,0.000466666666666667));
#8973=CARTESIAN_POINT('',(0.0115509887094633,0.0118953355213909,0.0014));
#8974=CARTESIAN_POINT('',(0.011458430896976,0.0115375444044812,0.000466666666666667));
#8975=CARTESIAN_POINT('',(0.011458430896976,0.0115375444044812,0.0014));
#8976=CARTESIAN_POINT('',(0.0115421288959503,0.0111797509836055,0.000466666666666667));
#8977=CARTESIAN_POINT('',(0.0115421288959503,0.0111797509836055,0.0014));
#8978=CARTESIAN_POINT('',(0.0118020827063862,0.010821955258764,0.000466666666666667));
#8979=CARTESIAN_POINT('',(0.0118020827063862,0.010821955258764,0.0014));
#8980=CARTESIAN_POINT('',(0.0115509887094633,0.0118953355213909,0.0014));
#8981=CARTESIAN_POINT('',(0.0114121519907324,0.0113586488460263,0.0014));
#8982=CARTESIAN_POINT('',(0.0118020827063862,0.010821955258764,0.0014));
#8983=CARTESIAN_POINT('',(0.0115509887094633,0.0118953355213909,0.0014));
#8984=CARTESIAN_POINT('',(0.0115509887094633,0.0118953355213909,0.000466666666666667));
#8985=CARTESIAN_POINT('',(0.0115509887094633,0.0118953355213909,0.000466666666666667));
#8986=CARTESIAN_POINT('',(0.0115509887094633,0.0118953355213909,0.000466666666666667));
#8987=CARTESIAN_POINT('',(0.0114121519907324,0.0113586488460263,0.000466666666666667));
#8988=CARTESIAN_POINT('',(0.0118020827063862,0.010821955258764,0.000466666666666667));
#8989=CARTESIAN_POINT('',(0.0122873533011665,0.0128661516081383,0.000466666666666667));
#8990=CARTESIAN_POINT('',(0.0122873533011665,0.0128661516081383,0.0014));
#8991=CARTESIAN_POINT('',(0.0118890013858517,0.0125767320005497,0.000466666666666667));
#8992=CARTESIAN_POINT('',(0.0118890013858517,0.0125767320005497,0.0014));
#8993=CARTESIAN_POINT('',(0.0116435465219506,0.0122531266383006,0.000466666666666667));
#8994=CARTESIAN_POINT('',(0.0116435465219506,0.0122531266383006,0.0014));
#8995=CARTESIAN_POINT('',(0.0115509887094633,0.0118953355213909,0.000466666666666667));
#8996=CARTESIAN_POINT('',(0.0115509887094633,0.0118953355213909,0.0014));
#8997=CARTESIAN_POINT('',(0.0122873533011665,0.0128661516081383,0.0014));
#8998=CARTESIAN_POINT('',(0.0116898254281943,0.0124320221967554,0.0014));
#8999=CARTESIAN_POINT('',(0.0115509887094633,0.0118953355213909,0.0014));
#9000=CARTESIAN_POINT('',(0.0122873533011665,0.0128661516081383,0.0014));
#9001=CARTESIAN_POINT('',(0.0122873533011665,0.0128661516081383,0.000466666666666667));
#9002=CARTESIAN_POINT('',(0.0122873533011665,0.0128661516081383,0.000466666666666667));
#9003=CARTESIAN_POINT('',(0.0122873533011665,0.0128661516081383,0.000466666666666667));
#9004=CARTESIAN_POINT('',(0.0116898254281943,0.0124320221967554,0.000466666666666667));
#9005=CARTESIAN_POINT('',(0.0115509887094633,0.0118953355213909,0.000466666666666667));
#9006=CARTESIAN_POINT('',(0.0130138623823104,0.00966580324812681,0.000466666666666667));
#9007=CARTESIAN_POINT('',(0.0130138623823104,0.00966580324812681,0.0014));
#9008=CARTESIAN_POINT('',(0.01259798794279,0.0095578077298804,0.000466666666666667));
#9009=CARTESIAN_POINT('',(0.01259798794279,0.0095578077298804,0.0014));
#9010=CARTESIAN_POINT('',(0.0122154608563084,0.00956216755057922,0.000466666666666667));
#9011=CARTESIAN_POINT('',(0.0122154608563084,0.00956216755057922,0.0014));
#9012=CARTESIAN_POINT('',(0.0118662811228655,0.00967888271022326,0.000466666666666667));
#9013=CARTESIAN_POINT('',(0.0118662811228655,0.00967888271022326,0.0014));
#9014=CARTESIAN_POINT('',(0.0130138623823104,0.00966580324812681,0.000466666666666667));
#9015=CARTESIAN_POINT('',(0.0130138623823104,0.00966580324812681,0.000466666666666667));
#9016=CARTESIAN_POINT('',(0.0130138623823104,0.00966580324812681,0.000466666666666667));
#9017=CARTESIAN_POINT('',(0.0123900507230299,0.0095038099707572,0.000466666666666667));
#9018=CARTESIAN_POINT('',(0.0118662811228655,0.00967888271022326,0.000466666666666667));
#9019=CARTESIAN_POINT('',(0.0118662811228655,0.00967888271022326,0.000466666666666667));
#9020=CARTESIAN_POINT('',(0.0118662811228655,0.00967888271022326,0.000466666666666667));
#9021=CARTESIAN_POINT('',(0.0125800476115265,0.00847898657835986,0.000466666666666667));
#9022=CARTESIAN_POINT('',(0.0125800476115265,0.00847898657835986,0.0014));
#9023=CARTESIAN_POINT('',(0.0125867632154866,0.00890660028322593,0.000466666666666667));
#9024=CARTESIAN_POINT('',(0.0125867632154866,0.00890660028322593,0.0014));
#9025=CARTESIAN_POINT('',(0.0127313681390812,0.00930220583981491,0.000466666666666667));
#9026=CARTESIAN_POINT('',(0.0127313681390812,0.00930220583981491,0.0014));
#9027=CARTESIAN_POINT('',(0.0130138623823104,0.00966580324812681,0.000466666666666667));
#9028=CARTESIAN_POINT('',(0.0130138623823104,0.00966580324812681,0.0014));
#9029=CARTESIAN_POINT('',(0.0125800476115265,0.00847898657835986,0.000466666666666667));
#9030=CARTESIAN_POINT('',(0.0125800476115265,0.00847898657835986,0.000466666666666667));
#9031=CARTESIAN_POINT('',(0.0125800476115265,0.00847898657835986,0.000466666666666667));
#9032=CARTESIAN_POINT('',(0.0125901210174667,0.00912040713565896,0.000466666666666667));
#9033=CARTESIAN_POINT('',(0.0130138623823104,0.00966580324812681,0.000466666666666667));
#9034=CARTESIAN_POINT('',(0.0129913351048697,0.00725761249729368,0.000466666666666667));
#9035=CARTESIAN_POINT('',(0.0129913351048697,0.00725761249729368,0.0014));
#9036=CARTESIAN_POINT('',(0.0127104278386808,0.00764424817980507,0.000466666666666667));
#9037=CARTESIAN_POINT('',(0.0127104278386808,0.00764424817980507,0.0014));
#9038=CARTESIAN_POINT('',(0.0125733320075664,0.0080513728734938,0.000466666666666667));
#9039=CARTESIAN_POINT('',(0.0125733320075664,0.0080513728734938,0.0014));
#9040=CARTESIAN_POINT('',(0.0125800476115265,0.00847898657835986,0.000466666666666667));
#9041=CARTESIAN_POINT('',(0.0125800476115265,0.00847898657835986,0.0014));
#9042=CARTESIAN_POINT('',(0.0129913351048697,0.00725761249729368,0.000466666666666667));
#9043=CARTESIAN_POINT('',(0.0129913351048697,0.00725761249729368,0.000466666666666667));
#9044=CARTESIAN_POINT('',(0.0129913351048697,0.00725761249729368,0.000466666666666667));
#9045=CARTESIAN_POINT('',(0.0125699742055864,0.00783756602106077,0.000466666666666667));
#9046=CARTESIAN_POINT('',(0.0125800476115265,0.00847898657835986,0.000466666666666667));
#9047=CARTESIAN_POINT('',(0.0139820324608176,0.00647682636521045,0.000466666666666667));
#9048=CARTESIAN_POINT('',(0.0139820324608176,0.00647682636521045,0.0014));
#9049=CARTESIAN_POINT('',(0.0135939624816416,0.00662243100355792,0.000466666666666667));
#9050=CARTESIAN_POINT('',(0.0135939624816416,0.00662243100355792,0.0014));
#9051=CARTESIAN_POINT('',(0.013263730029659,0.00688269304758566,0.000466666666666667));
#9052=CARTESIAN_POINT('',(0.013263730029659,0.00688269304758566,0.0014));
#9053=CARTESIAN_POINT('',(0.0129913351048697,0.00725761249729368,0.000466666666666667));
#9054=CARTESIAN_POINT('',(0.0129913351048697,0.00725761249729368,0.0014));
#9055=CARTESIAN_POINT('',(0.0139820324608176,0.00647682636521045,0.000466666666666667));
#9056=CARTESIAN_POINT('',(0.0139820324608176,0.00647682636521045,0.000466666666666667));
#9057=CARTESIAN_POINT('',(0.0139820324608176,0.00647682636521045,0.000466666666666667));
#9058=CARTESIAN_POINT('',(0.0133999274920536,0.00669523332273165,0.000466666666666667));
#9059=CARTESIAN_POINT('',(0.0129913351048697,0.00725761249729368,0.000466666666666667));
#9060=CARTESIAN_POINT('',(0.015228108453299,0.00639072404325512,0.000466666666666667));
#9061=CARTESIAN_POINT('',(0.015228108453299,0.00639072404325512,0.0014));
#9062=CARTESIAN_POINT('',(0.014785461104154,0.00630252095287788,0.000466666666666667));
#9063=CARTESIAN_POINT('',(0.014785461104154,0.00630252095287788,0.0014));
#9064=CARTESIAN_POINT('',(0.0143701024399935,0.00633122172686299,0.000466666666666667));
#9065=CARTESIAN_POINT('',(0.0143701024399935,0.00633122172686299,0.0014));
#9066=CARTESIAN_POINT('',(0.0139820324608176,0.00647682636521045,0.000466666666666667));
#9067=CARTESIAN_POINT('',(0.0139820324608176,0.00647682636521045,0.0014));
#9068=CARTESIAN_POINT('',(0.015228108453299,0.00639072404325512,0.000466666666666667));
#9069=CARTESIAN_POINT('',(0.015228108453299,0.00639072404325512,0.000466666666666667));
#9070=CARTESIAN_POINT('',(0.015228108453299,0.00639072404325512,0.000466666666666667));
#9071=CARTESIAN_POINT('',(0.0145641374295815,0.00625841940768926,0.000466666666666667));
#9072=CARTESIAN_POINT('',(0.0139820324608176,0.00647682636521045,0.000466666666666667));
#9073=CARTESIAN_POINT('',(0.0165490897626828,0.00700037459269444,0.000466666666666667));
#9074=CARTESIAN_POINT('',(0.0165490897626828,0.00700037459269444,0.0014));
#9075=CARTESIAN_POINT('',(0.016111082905572,0.00668214398344547,0.000466666666666667));
#9076=CARTESIAN_POINT('',(0.016111082905572,0.00668214398344547,0.0014));
#9077=CARTESIAN_POINT('',(0.0156707558024441,0.00647892713363236,0.000466666666666667));
#9078=CARTESIAN_POINT('',(0.0156707558024441,0.00647892713363236,0.0014));
#9079=CARTESIAN_POINT('',(0.015228108453299,0.00639072404325512,0.000466666666666667));
#9080=CARTESIAN_POINT('',(0.015228108453299,0.00639072404325512,0.0014));
#9081=CARTESIAN_POINT('',(0.0165490897626828,0.00700037459269444,0.000466666666666667));
#9082=CARTESIAN_POINT('',(0.0165490897626828,0.00700037459269444,0.000466666666666667));
#9083=CARTESIAN_POINT('',(0.0165490897626828,0.00700037459269444,0.000466666666666667));
#9084=CARTESIAN_POINT('',(0.0158920794770166,0.00652302867882098,0.000466666666666667));
#9085=CARTESIAN_POINT('',(0.015228108453299,0.00639072404325512,0.000466666666666667));
#9086=CARTESIAN_POINT('',(0.0175458947388437,0.00807469435053093,0.000466666666666667));
#9087=CARTESIAN_POINT('',(0.0175458947388437,0.00807469435053093,0.0014));
#9088=CARTESIAN_POINT('',(0.0173193649451806,0.0076767117878889,0.000466666666666667));
#9089=CARTESIAN_POINT('',(0.0173193649451806,0.0076767117878889,0.0014));
#9090=CARTESIAN_POINT('',(0.0169870966197936,0.00731860520194341,0.000466666666666667));
#9091=CARTESIAN_POINT('',(0.0169870966197936,0.00731860520194341,0.0014));
#9092=CARTESIAN_POINT('',(0.0165490897626828,0.00700037459269444,0.000466666666666667));
#9093=CARTESIAN_POINT('',(0.0165490897626828,0.00700037459269444,0.0014));
#9094=CARTESIAN_POINT('',(0.0175458947388437,0.00807469435053093,0.000466666666666667));
#9095=CARTESIAN_POINT('',(0.0175458947388437,0.00807469435053093,0.000466666666666667));
#9096=CARTESIAN_POINT('',(0.0175458947388437,0.00807469435053093,0.000466666666666667));
#9097=CARTESIAN_POINT('',(0.017206100048349,0.00747772050656789,0.000466666666666667));
#9098=CARTESIAN_POINT('',(0.0165490897626828,0.00700037459269444,0.000466666666666667));
#9099=CARTESIAN_POINT('',(0.017857852397042,0.00929277437976848,0.000466666666666667));
#9100=CARTESIAN_POINT('',(0.017857852397042,0.00929277437976848,0.0014));
#9101=CARTESIAN_POINT('',(0.017876410418573,0.00887870358958547,0.000466666666666667));
#9102=CARTESIAN_POINT('',(0.017876410418573,0.00887870358958547,0.0014));
#9103=CARTESIAN_POINT('',(0.0177724245325069,0.00847267691317295,0.000466666666666667));
#9104=CARTESIAN_POINT('',(0.0177724245325069,0.00847267691317295,0.0014));
#9105=CARTESIAN_POINT('',(0.0175458947388437,0.00807469435053093,0.000466666666666667));
#9106=CARTESIAN_POINT('',(0.0175458947388437,0.00807469435053093,0.0014));
#9107=CARTESIAN_POINT('',(0.017857852397042,0.00929277437976848,0.000466666666666667));
#9108=CARTESIAN_POINT('',(0.017857852397042,0.00929277437976848,0.000466666666666667));
#9109=CARTESIAN_POINT('',(0.017857852397042,0.00929277437976848,0.000466666666666667));
#9110=CARTESIAN_POINT('',(0.0178856894293385,0.00867166819449396,0.000466666666666667));
#9111=CARTESIAN_POINT('',(0.0175458947388437,0.00807469435053093,0.000466666666666667));
#9112=CARTESIAN_POINT('',(0.0174214229775615,0.010476259739605,0.000466666666666667));
#9113=CARTESIAN_POINT('',(0.0174214229775615,0.010476259739605,0.0014));
#9114=CARTESIAN_POINT('',(0.0176938179023507,0.010101340289897,0.000466666666666667));
#9115=CARTESIAN_POINT('',(0.0176938179023507,0.010101340289897,0.0014));
#9116=CARTESIAN_POINT('',(0.0178392943755109,0.0097068451699515,0.000466666666666667));
#9117=CARTESIAN_POINT('',(0.0178392943755109,0.0097068451699515,0.0014));
#9118=CARTESIAN_POINT('',(0.017857852397042,0.00929277437976848,0.000466666666666667));
#9119=CARTESIAN_POINT('',(0.017857852397042,0.00929277437976848,0.0014));
#9120=CARTESIAN_POINT('',(0.0174214229775615,0.010476259739605,0.000466666666666667));
#9121=CARTESIAN_POINT('',(0.0174214229775615,0.010476259739605,0.000466666666666667));
#9122=CARTESIAN_POINT('',(0.0174214229775615,0.010476259739605,0.000466666666666667));
#9123=CARTESIAN_POINT('',(0.0178300153647453,0.00991388056504301,0.000466666666666667));
#9124=CARTESIAN_POINT('',(0.017857852397042,0.00929277437976848,0.000466666666666667));
#9125=CARTESIAN_POINT('',(0.0163858129846144,0.0112378405389957,0.000466666666666667));
#9126=CARTESIAN_POINT('',(0.0163858129846144,0.0112378405389957,0.0014));
#9127=CARTESIAN_POINT('',(0.0167953123803902,0.01111675568858,0.000466666666666667));
#9128=CARTESIAN_POINT('',(0.0167953123803902,0.01111675568858,0.0014));
#9129=CARTESIAN_POINT('',(0.0171405157113726,0.0108628954221164,0.000466666666666667));
#9130=CARTESIAN_POINT('',(0.0171405157113726,0.0108628954221164,0.0014));
#9131=CARTESIAN_POINT('',(0.0174214229775615,0.010476259739605,0.000466666666666667));
#9132=CARTESIAN_POINT('',(0.0174214229775615,0.010476259739605,0.0014));
#9133=CARTESIAN_POINT('',(0.0163858129846144,0.0112378405389957,0.000466666666666667));
#9134=CARTESIAN_POINT('',(0.0163858129846144,0.0112378405389957,0.000466666666666667));
#9135=CARTESIAN_POINT('',(0.0163858129846144,0.0112378405389957,0.000466666666666667));
#9136=CARTESIAN_POINT('',(0.0170000620782781,0.0110562132633721,0.000466666666666667));
#9137=CARTESIAN_POINT('',(0.0174214229775615,0.010476259739605,0.000466666666666667));
#9138=CARTESIAN_POINT('',(0.0151160249218391,0.0111931137338742,0.000466666666666667));
#9139=CARTESIAN_POINT('',(0.0151160249218391,0.0111931137338742,0.0014));
#9140=CARTESIAN_POINT('',(0.0155530509012468,0.011344016454371,0.000466666666666667));
#9141=CARTESIAN_POINT('',(0.0155530509012468,0.011344016454371,0.0014));
#9142=CARTESIAN_POINT('',(0.0159763135888385,0.0113589253894115,0.000466666666666667));
#9143=CARTESIAN_POINT('',(0.0159763135888385,0.0113589253894115,0.0014));
#9144=CARTESIAN_POINT('',(0.0163858129846144,0.0112378405389957,0.000466666666666667));
#9145=CARTESIAN_POINT('',(0.0163858129846144,0.0112378405389957,0.0014));
#9146=CARTESIAN_POINT('',(0.0151160249218391,0.0111931137338742,0.000466666666666667));
#9147=CARTESIAN_POINT('',(0.0151160249218391,0.0111931137338742,0.000466666666666667));
#9148=CARTESIAN_POINT('',(0.0151160249218391,0.0111931137338742,0.000466666666666667));
#9149=CARTESIAN_POINT('',(0.0157715638909506,0.0114194678146194,0.000466666666666667));
#9150=CARTESIAN_POINT('',(0.0163858129846144,0.0112378405389957,0.000466666666666667));
#9151=CARTESIAN_POINT('',(0.0154446310018245,0.0122859352509796,0.000466666666666667));
#9152=CARTESIAN_POINT('',(0.0154446310018245,0.0122859352509796,0.0014));
#9153=CARTESIAN_POINT('',(0.0154480936840043,0.0119049605891662,0.000466666666666667));
#9154=CARTESIAN_POINT('',(0.0154480936840043,0.0119049605891662,0.0014));
#9155=CARTESIAN_POINT('',(0.0153385583240091,0.0115406867501311,0.000466666666666667));
#9156=CARTESIAN_POINT('',(0.0153385583240091,0.0115406867501311,0.0014));
#9157=CARTESIAN_POINT('',(0.0151160249218391,0.0111931137338742,0.000466666666666667));
#9158=CARTESIAN_POINT('',(0.0151160249218391,0.0111931137338742,0.0014));
#9159=CARTESIAN_POINT('',(0.0154446310018245,0.0122859352509796,0.000466666666666667));
#9160=CARTESIAN_POINT('',(0.0154446310018245,0.0122859352509796,0.000466666666666667));
#9161=CARTESIAN_POINT('',(0.0154446310018245,0.0122859352509796,0.000466666666666667));
#9162=CARTESIAN_POINT('',(0.0154498250250941,0.0117144732582595,0.000466666666666667));
#9163=CARTESIAN_POINT('',(0.0151160249218391,0.0111931137338742,0.000466666666666667));
#9164=CARTESIAN_POINT('',(0.0150750432871001,0.0133589421325518,0.000466666666666667));
#9165=CARTESIAN_POINT('',(0.0150750432871001,0.0133589421325518,0.0014));
#9166=CARTESIAN_POINT('',(0.0153179724147367,0.013024578873317,0.000466666666666667));
#9167=CARTESIAN_POINT('',(0.0153179724147367,0.013024578873317,0.0014));
#9168=CARTESIAN_POINT('',(0.0154411683196448,0.0126669099127929,0.000466666666666667));
#9169=CARTESIAN_POINT('',(0.0154411683196448,0.0126669099127929,0.0014));
#9170=CARTESIAN_POINT('',(0.0154446310018245,0.0122859352509796,0.000466666666666667));
#9171=CARTESIAN_POINT('',(0.0154446310018245,0.0122859352509796,0.0014));
#9172=CARTESIAN_POINT('',(0.0150750432871001,0.0133589421325518,0.000466666666666667));
#9173=CARTESIAN_POINT('',(0.0150750432871001,0.0133589421325518,0.000466666666666667));
#9174=CARTESIAN_POINT('',(0.0150750432871001,0.0133589421325518,0.000466666666666667));
#9175=CARTESIAN_POINT('',(0.0154394369785549,0.0128573972436996,0.000466666666666667));
#9176=CARTESIAN_POINT('',(0.0154446310018245,0.0122859352509796,0.000466666666666667));
#9177=CARTESIAN_POINT('',(0.0135157241925598,0.0122583106766714,0.000466666666666667));
#9178=CARTESIAN_POINT('',(0.0142247161521673,0.0140289689479245,0.000466666666666667));
#9179=CARTESIAN_POINT('',(0.0142247161521673,0.0140289689479245,0.000466666666666667));
#9180=CARTESIAN_POINT('',(0.0135157241925598,0.0122583106766714,0.000466666666666667));
#9181=CARTESIAN_POINT('',(0.0130896405821055,0.0141172296267745,0.000466666666666667));
#9182=CARTESIAN_POINT('',(0.0130896405821055,0.0141172296267745,0.0014));
#9183=CARTESIAN_POINT('',(0.0135053773170287,0.0141941429241616,0.000466666666666667));
#9184=CARTESIAN_POINT('',(0.0135053773170287,0.0141941429241616,0.0014));
#9185=CARTESIAN_POINT('',(0.0138837358403826,0.0141647226978783,0.000466666666666667));
#9186=CARTESIAN_POINT('',(0.0138837358403826,0.0141647226978783,0.0014));
#9187=CARTESIAN_POINT('',(0.0142247161521673,0.0140289689479245,0.000466666666666667));
#9188=CARTESIAN_POINT('',(0.0142247161521673,0.0140289689479245,0.0014));
#9189=CARTESIAN_POINT('',(0.0130896405821055,0.0141172296267745,0.000466666666666667));
#9190=CARTESIAN_POINT('',(0.0130896405821055,0.0141172296267745,0.000466666666666667));
#9191=CARTESIAN_POINT('',(0.0130896405821055,0.0141172296267745,0.000466666666666667));
#9192=CARTESIAN_POINT('',(0.0137132456844903,0.0142325995728552,0.000466666666666667));
#9193=CARTESIAN_POINT('',(0.0142247161521673,0.0140289689479245,0.000466666666666667));
#9194=CARTESIAN_POINT('',(0.0118090251940546,0.0135245137668203,0.000466666666666667));
#9195=CARTESIAN_POINT('',(0.0118090251940546,0.0135245137668203,0.0014));
#9196=CARTESIAN_POINT('',(0.0122470320511654,0.0138427443760693,0.000466666666666667));
#9197=CARTESIAN_POINT('',(0.0122470320511654,0.0138427443760693,0.0014));
#9198=CARTESIAN_POINT('',(0.0126739038471824,0.0140403163293873,0.000466666666666667));
#9199=CARTESIAN_POINT('',(0.0126739038471824,0.0140403163293873,0.0014));
#9200=CARTESIAN_POINT('',(0.0130896405821055,0.0141172296267745,0.000466666666666667));
#9201=CARTESIAN_POINT('',(0.0130896405821055,0.0141172296267745,0.0014));
#9202=CARTESIAN_POINT('',(0.0118090251940546,0.0135245137668203,0.000466666666666667));
#9203=CARTESIAN_POINT('',(0.0118090251940546,0.0135245137668203,0.000466666666666667));
#9204=CARTESIAN_POINT('',(0.0118090251940546,0.0135245137668203,0.000466666666666667));
#9205=CARTESIAN_POINT('',(0.0124660354797208,0.0140018596806937,0.000466666666666667));
#9206=CARTESIAN_POINT('',(0.0130896405821055,0.0141172296267745,0.000466666666666667));
#9207=CARTESIAN_POINT('',(0.0108495869949678,0.012489735430708,0.000466666666666667));
#9208=CARTESIAN_POINT('',(0.0108495869949678,0.012489735430708,0.0014));
#9209=CARTESIAN_POINT('',(0.0110512056039149,0.0128613570455339,0.000466666666666667));
#9210=CARTESIAN_POINT('',(0.0110512056039149,0.0128613570455339,0.0014));
#9211=CARTESIAN_POINT('',(0.0113710183369438,0.0132062831575713,0.000466666666666667));
#9212=CARTESIAN_POINT('',(0.0113710183369438,0.0132062831575713,0.0014));
#9213=CARTESIAN_POINT('',(0.0118090251940546,0.0135245137668203,0.000466666666666667));
#9214=CARTESIAN_POINT('',(0.0118090251940546,0.0135245137668203,0.0014));
#9215=CARTESIAN_POINT('',(0.0108495869949678,0.012489735430708,0.000466666666666667));
#9216=CARTESIAN_POINT('',(0.0108495869949678,0.012489735430708,0.000466666666666667));
#9217=CARTESIAN_POINT('',(0.0108495869949678,0.012489735430708,0.000466666666666667));
#9218=CARTESIAN_POINT('',(0.0111520149083884,0.0130471678529468,0.000466666666666667));
#9219=CARTESIAN_POINT('',(0.0118090251940546,0.0135245137668203,0.000466666666666667));
#9220=CARTESIAN_POINT('',(0.0105868258667192,0.0113858869433289,0.000466666666666667));
#9221=CARTESIAN_POINT('',(0.0105868258667192,0.0113858869433289,0.0014));
#9222=CARTESIAN_POINT('',(0.0105603813432713,0.011750164320089,0.000466666666666667));
#9223=CARTESIAN_POINT('',(0.0105603813432713,0.011750164320089,0.0014));
#9224=CARTESIAN_POINT('',(0.0106479683860208,0.0121181138158821,0.000466666666666667));
#9225=CARTESIAN_POINT('',(0.0106479683860208,0.0121181138158821,0.0014));
#9226=CARTESIAN_POINT('',(0.0108495869949678,0.012489735430708,0.000466666666666667));
#9227=CARTESIAN_POINT('',(0.0108495869949678,0.012489735430708,0.0014));
#9228=CARTESIAN_POINT('',(0.0105868258667192,0.0113858869433289,0.000466666666666667));
#9229=CARTESIAN_POINT('',(0.0105868258667192,0.0113858869433289,0.000466666666666667));
#9230=CARTESIAN_POINT('',(0.0105868258667192,0.0113858869433289,0.000466666666666667));
#9231=CARTESIAN_POINT('',(0.0105471590815473,0.0119323030084691,0.000466666666666667));
#9232=CARTESIAN_POINT('',(0.0108495869949678,0.012489735430708,0.000466666666666667));
#9233=CARTESIAN_POINT('',(0.0125133880688558,0.0115314669245003,0.000466666666666669));
#9234=CARTESIAN_POINT('',(0.0109653493191468,0.0103730746877466,0.000466666666666667));
#9235=CARTESIAN_POINT('',(0.0109653493191468,0.0103730746877466,0.000466666666666667));
#9236=CARTESIAN_POINT('',(0.0125133880688558,0.0115314669245003,0.000466666666666667));
#9237=CARTESIAN_POINT('',(0.0134463146775786,0.0132723704416596,0.000466666666666667));
#9238=CARTESIAN_POINT('',(0.0134463146775786,0.0132723704416596,0.0014));
#9239=CARTESIAN_POINT('',(0.0130774331673484,0.013294906266521,0.000466666666666667));
#9240=CARTESIAN_POINT('',(0.0130774331673484,0.013294906266521,0.0014));
#9241=CARTESIAN_POINT('',(0.0126911127085443,0.0131594999886806,0.000466666666666667));
#9242=CARTESIAN_POINT('',(0.0126911127085443,0.0131594999886806,0.0014));
#9243=CARTESIAN_POINT('',(0.0122873533011665,0.0128661516081383,0.000466666666666667));
#9244=CARTESIAN_POINT('',(0.0122873533011665,0.0128661516081383,0.0014));
#9245=CARTESIAN_POINT('',(0.0134463146775786,0.0132723704416596,0.0014));
#9246=CARTESIAN_POINT('',(0.0128929924122333,0.0133061741789517,0.0014));
#9247=CARTESIAN_POINT('',(0.0122873533011665,0.0128661516081383,0.0014));
#9248=CARTESIAN_POINT('',(0.0134463146775786,0.0132723704416596,0.000466666666666667));
#9249=CARTESIAN_POINT('',(0.0128929924122333,0.0133061741789517,0.000466666666666667));
#9250=CARTESIAN_POINT('',(0.0122873533011665,0.0128661516081383,0.000466666666666667));
#9251=CARTESIAN_POINT('',(0.0118662811228655,0.00967888271022326,0.000466666666666667));
#9252=CARTESIAN_POINT('',(0.0118662811228655,0.00967888271022326,0.0014));
#9253=CARTESIAN_POINT('',(0.0115171013894226,0.0097955978698673,0.000466666666666667));
#9254=CARTESIAN_POINT('',(0.0115171013894226,0.0097955978698673,0.0014));
#9255=CARTESIAN_POINT('',(0.011216790788183,0.0100269951957084,0.000466666666666667));
#9256=CARTESIAN_POINT('',(0.011216790788183,0.0100269951957084,0.0014));
#9257=CARTESIAN_POINT('',(0.0109653493191468,0.0103730746877466,0.000466666666666667));
#9258=CARTESIAN_POINT('',(0.0109653493191468,0.0103730746877466,0.0014));
#9259=CARTESIAN_POINT('',(0.0118662811228655,0.00967888271022326,0.000466666666666667));
#9260=CARTESIAN_POINT('',(0.0113425115227012,0.00985395544968933,0.000466666666666667));
#9261=CARTESIAN_POINT('',(0.0109653493191468,0.0103730746877466,0.000466666666666667));
#9262=CARTESIAN_POINT('',(0.0134812015239109,0.00902114465949124,0.000466666666666667));
#9263=CARTESIAN_POINT('',(0.0134812015239109,0.00902114465949124,0.0014));
#9264=CARTESIAN_POINT('',(0.0133547587024657,0.00862565328074175,0.000466666666666667));
#9265=CARTESIAN_POINT('',(0.0133547587024657,0.00862565328074175,0.0014));
#9266=CARTESIAN_POINT('',(0.0134362470955373,0.00822873163370963,0.000466666666666667));
#9267=CARTESIAN_POINT('',(0.0134362470955373,0.00822873163370963,0.0014));
#9268=CARTESIAN_POINT('',(0.0137256667031259,0.00783037971839486,0.000466666666666667));
#9269=CARTESIAN_POINT('',(0.0137256667031259,0.00783037971839486,0.0014));
#9270=CARTESIAN_POINT('',(0.0134812015239109,0.00902114465949124,0.0014));
#9271=CARTESIAN_POINT('',(0.013291537291743,0.00842790759136701,0.0014));
#9272=CARTESIAN_POINT('',(0.0137256667031259,0.00783037971839486,0.0014));
#9273=CARTESIAN_POINT('',(0.0134812015239109,0.00902114465949124,0.000466666666666667));
#9274=CARTESIAN_POINT('',(0.013291537291743,0.00842790759136701,0.000466666666666667));
#9275=CARTESIAN_POINT('',(0.0137256667031259,0.00783037971839486,0.000466666666666667));
#9276=CARTESIAN_POINT('',(1.38777878078145E-17,3.46944695195361E-18,0.000466666666666667));
#9277=CARTESIAN_POINT('',(-3.46944695195361E-18,0.,0.0014));
#9278=CARTESIAN_POINT('',(-0.0148930989583333,0.00306963975694444,0.000466666666666667));
#9279=CARTESIAN_POINT('',(-0.0148930989583333,0.00306963975694444,0.0014));
#9280=CARTESIAN_POINT('',(-0.0157987847222222,0.0023421947337963,0.000466666666666667));
#9281=CARTESIAN_POINT('',(-0.0157987847222222,0.0023421947337963,0.0014));
#9282=CARTESIAN_POINT('',(-0.0165084056712963,0.00174508825231482,0.000466666666666667));
#9283=CARTESIAN_POINT('',(-0.0165084056712963,0.00174508825231482,0.0014));
#9284=CARTESIAN_POINT('',(-0.0170219618055555,0.0012783203125,0.000466666666666667));
#9285=CARTESIAN_POINT('',(-0.0170219618055555,0.0012783203125,0.0014));
#9286=CARTESIAN_POINT('',(-0.0148930989583333,0.00306963975694444,0.000466666666666667));
#9287=CARTESIAN_POINT('',(-0.0148930989583333,0.00306963975694444,0.000466666666666667));
#9288=CARTESIAN_POINT('',(-0.0148930989583333,0.00306963975694444,0.000466666666666667));
#9289=CARTESIAN_POINT('',(-0.0162516276041666,0.00197847222222223,0.000466666666666667));
#9290=CARTESIAN_POINT('',(-0.0170219618055555,0.0012783203125,0.000466666666666667));
#9291=CARTESIAN_POINT('',(-0.0170219618055555,0.0012783203125,0.000466666666666667));
#9292=CARTESIAN_POINT('',(-0.0170219618055555,0.0012783203125,0.000466666666666667));
#9293=CARTESIAN_POINT('',(-0.0148930989583333,0.00341720920138889,0.000466666666666667));
#9294=CARTESIAN_POINT('',(-0.0148930989583333,0.00376477864583334,0.000466666666666667));
#9295=CARTESIAN_POINT('',(-0.0148930989583333,0.00376477864583334,0.000466666666666667));
#9296=CARTESIAN_POINT('',(-0.0148930989583333,0.00341720920138889,0.000466666666666667));
#9297=CARTESIAN_POINT('',(-0.0174656141493055,0.00376477864583334,0.000466666666666667));
#9298=CARTESIAN_POINT('',(-0.0200381293402778,0.00376477864583334,0.000466666666666667));
#9299=CARTESIAN_POINT('',(-0.0200381293402778,0.00376477864583334,0.000466666666666667));
#9300=CARTESIAN_POINT('',(-0.0174656141493055,0.00376477864583334,0.000466666666666667));
#9301=CARTESIAN_POINT('',(-0.0200381293402778,0.00335788845486111,0.000466666666666667));
#9302=CARTESIAN_POINT('',(-0.0200381293402778,0.00295099826388889,0.000466666666666667));
#9303=CARTESIAN_POINT('',(-0.0200381293402778,0.00295099826388889,0.000466666666666667));
#9304=CARTESIAN_POINT('',(-0.0200381293402778,0.00335788845486111,0.000466666666666667));
#9305=CARTESIAN_POINT('',(-0.0181983506944444,0.00295099826388889,0.000466666666666667));
#9306=CARTESIAN_POINT('',(-0.0163585720486111,0.00295099826388889,0.000466666666666667));
#9307=CARTESIAN_POINT('',(-0.0163585720486111,0.00295099826388889,0.000466666666666667));
#9308=CARTESIAN_POINT('',(-0.0181983506944444,0.00295099826388889,0.000466666666666667));
#9309=CARTESIAN_POINT('',(-0.0180805447048611,0.00147048611111111,0.000466666666666667));
#9310=CARTESIAN_POINT('',(-0.0180805447048611,0.00147048611111111,0.0014));
#9311=CARTESIAN_POINT('',(-0.0176310438368056,0.001894921875,0.000466666666666667));
#9312=CARTESIAN_POINT('',(-0.0176310438368056,0.001894921875,0.0014));
#9313=CARTESIAN_POINT('',(-0.0170570529513889,0.00238842592592593,0.000466666666666667));
#9314=CARTESIAN_POINT('',(-0.0170570529513889,0.00238842592592593,0.0014));
#9315=CARTESIAN_POINT('',(-0.0163585720486111,0.00295099826388889,0.000466666666666667));
#9316=CARTESIAN_POINT('',(-0.0163585720486111,0.00295099826388889,0.0014));
#9317=CARTESIAN_POINT('',(-0.0180805447048611,0.00147048611111111,0.000466666666666667));
#9318=CARTESIAN_POINT('',(-0.0180805447048611,0.00147048611111111,0.000466666666666667));
#9319=CARTESIAN_POINT('',(-0.0180805447048611,0.00147048611111111,0.000466666666666667));
#9320=CARTESIAN_POINT('',(-0.0174062934027778,0.00210713975694445,0.000466666666666667));
#9321=CARTESIAN_POINT('',(-0.0163585720486111,0.00295099826388889,0.000466666666666667));
#9322=CARTESIAN_POINT('',(-0.012867658602637,-0.00399894314132714,0.000466666666666667));
#9323=CARTESIAN_POINT('',(-0.0192836697048611,-5.84852430555224E-6,0.000466666666666667));
#9324=CARTESIAN_POINT('',(-0.0192836697048611,-5.84852430555224E-6,0.000466666666666667));
#9325=CARTESIAN_POINT('',(-0.012867658602637,-0.00399894314132714,0.000466666666666667));
#9326=CARTESIAN_POINT('',(-0.0198125434027778,-0.00173283420138889,0.000466666666666667));
#9327=CARTESIAN_POINT('',(-0.0198125434027778,-0.00173283420138889,0.0014));
#9328=CARTESIAN_POINT('',(-0.0198125434027778,-0.00114129774305555,0.000466666666666667));
#9329=CARTESIAN_POINT('',(-0.0198125434027778,-0.00114129774305555,0.0014));
#9330=CARTESIAN_POINT('',(-0.0196362521701389,-0.000565635850694441,0.000466666666666667));
#9331=CARTESIAN_POINT('',(-0.0196362521701389,-0.000565635850694441,0.0014));
#9332=CARTESIAN_POINT('',(-0.0192836697048611,-5.84852430555224E-6,0.000466666666666667));
#9333=CARTESIAN_POINT('',(-0.0192836697048611,-5.84852430555224E-6,0.0014));
#9334=CARTESIAN_POINT('',(-0.0198125434027778,-0.00173283420138889,0.000466666666666667));
#9335=CARTESIAN_POINT('',(-0.0198125434027778,-0.00173283420138889,0.000466666666666667));
#9336=CARTESIAN_POINT('',(-0.0198125434027778,-0.00173283420138889,0.000466666666666667));
#9337=CARTESIAN_POINT('',(-0.0198125434027778,-0.000845529513888885,0.000466666666666667));
#9338=CARTESIAN_POINT('',(-0.0192836697048611,-5.84852430555224E-6,0.000466666666666667));
#9339=CARTESIAN_POINT('',(-0.0191658637152778,-0.00341136067708332,0.000466666666666667));
#9340=CARTESIAN_POINT('',(-0.0191658637152778,-0.00341136067708332,0.0014));
#9341=CARTESIAN_POINT('',(-0.0195969835069445,-0.00300530598958332,0.000466666666666667));
#9342=CARTESIAN_POINT('',(-0.0195969835069445,-0.00300530598958332,0.0014));
#9343=CARTESIAN_POINT('',(-0.0198125434027778,-0.00244579716435185,0.000466666666666667));
#9344=CARTESIAN_POINT('',(-0.0198125434027778,-0.00244579716435185,0.0014));
#9345=CARTESIAN_POINT('',(-0.0198125434027778,-0.00173283420138889,0.000466666666666667));
#9346=CARTESIAN_POINT('',(-0.0198125434027778,-0.00173283420138889,0.0014));
#9347=CARTESIAN_POINT('',(-0.0191658637152778,-0.00341136067708332,0.000466666666666667));
#9348=CARTESIAN_POINT('',(-0.0191658637152778,-0.00341136067708332,0.000466666666666667));
#9349=CARTESIAN_POINT('',(-0.0191658637152778,-0.00341136067708332,0.000466666666666667));
#9350=CARTESIAN_POINT('',(-0.0198125434027778,-0.00280227864583333,0.000466666666666667));
#9351=CARTESIAN_POINT('',(-0.0198125434027778,-0.00173283420138889,0.000466666666666667));
#9352=CARTESIAN_POINT('',(-0.0174179904513889,-0.00402044270833333,0.000466666666666667));
#9353=CARTESIAN_POINT('',(-0.0174179904513889,-0.00402044270833333,0.0014));
#9354=CARTESIAN_POINT('',(-0.0181521195023148,-0.00402044270833333,0.000466666666666667));
#9355=CARTESIAN_POINT('',(-0.0181521195023148,-0.00402044270833333,0.0014));
#9356=CARTESIAN_POINT('',(-0.0187347439236111,-0.00381741536458332,0.000466666666666667));
#9357=CARTESIAN_POINT('',(-0.0187347439236111,-0.00381741536458332,0.0014));
#9358=CARTESIAN_POINT('',(-0.0191658637152778,-0.00341136067708332,0.000466666666666667));
#9359=CARTESIAN_POINT('',(-0.0191658637152778,-0.00341136067708332,0.0014));
#9360=CARTESIAN_POINT('',(-0.0174179904513889,-0.00402044270833333,0.000466666666666667));
#9361=CARTESIAN_POINT('',(-0.0174179904513889,-0.00402044270833333,0.000466666666666667));
#9362=CARTESIAN_POINT('',(-0.0174179904513889,-0.00402044270833333,0.000466666666666667));
#9363=CARTESIAN_POINT('',(-0.0185191840277778,-0.00402044270833333,0.000466666666666667));
#9364=CARTESIAN_POINT('',(-0.0191658637152778,-0.00341136067708332,0.000466666666666667));
#9365=CARTESIAN_POINT('',(-0.0156525716145834,-0.00336875,0.000466666666666667));
#9366=CARTESIAN_POINT('',(-0.0156525716145834,-0.00336875,0.0014));
#9367=CARTESIAN_POINT('',(-0.0161087565104167,-0.00380321180555555,0.000466666666666667));
#9368=CARTESIAN_POINT('',(-0.0161087565104167,-0.00380321180555555,0.0014));
#9369=CARTESIAN_POINT('',(-0.0166972294560185,-0.00402044270833333,0.000466666666666667));
#9370=CARTESIAN_POINT('',(-0.0166972294560185,-0.00402044270833333,0.0014));
#9371=CARTESIAN_POINT('',(-0.0174179904513889,-0.00402044270833333,0.000466666666666667));
#9372=CARTESIAN_POINT('',(-0.0174179904513889,-0.00402044270833333,0.0014));
#9373=CARTESIAN_POINT('',(-0.0156525716145834,-0.00336875,0.000466666666666667));
#9374=CARTESIAN_POINT('',(-0.0156525716145834,-0.00336875,0.000466666666666667));
#9375=CARTESIAN_POINT('',(-0.0156525716145834,-0.00336875,0.000466666666666667));
#9376=CARTESIAN_POINT('',(-0.0163368489583334,-0.00402044270833333,0.000466666666666667));
#9377=CARTESIAN_POINT('',(-0.0174179904513889,-0.00402044270833333,0.000466666666666667));
#9378=CARTESIAN_POINT('',(-0.0149265190972222,-0.00151894531249999,0.000466666666666667));
#9379=CARTESIAN_POINT('',(-0.0149265190972222,-0.00151894531249999,0.0014));
#9380=CARTESIAN_POINT('',(-0.014954369212963,-0.00231768663194444,0.000466666666666667));
#9381=CARTESIAN_POINT('',(-0.014954369212963,-0.00231768663194444,0.0014));
#9382=CARTESIAN_POINT('',(-0.01519638671875,-0.00293428819444444,0.000466666666666667));
#9383=CARTESIAN_POINT('',(-0.01519638671875,-0.00293428819444444,0.0014));
#9384=CARTESIAN_POINT('',(-0.0156525716145834,-0.00336875,0.000466666666666667));
#9385=CARTESIAN_POINT('',(-0.0156525716145834,-0.00336875,0.0014));
#9386=CARTESIAN_POINT('',(-0.0149265190972222,-0.00151894531249999,0.000466666666666667));
#9387=CARTESIAN_POINT('',(-0.0149265190972222,-0.00151894531249999,0.000466666666666667));
#9388=CARTESIAN_POINT('',(-0.0149265190972222,-0.00151894531249999,0.000466666666666667));
#9389=CARTESIAN_POINT('',(-0.0149682942708333,-0.00271705729166666,0.000466666666666667));
#9390=CARTESIAN_POINT('',(-0.0156525716145834,-0.00336875,0.000466666666666667));
#9391=CARTESIAN_POINT('',(-0.0153969075520834,-0.00151894531249999,0.000466666666666667));
#9392=CARTESIAN_POINT('',(-0.0158672960069444,-0.00151894531249999,0.000466666666666667));
#9393=CARTESIAN_POINT('',(-0.0158672960069444,-0.00151894531249999,0.000466666666666667));
#9394=CARTESIAN_POINT('',(-0.0153969075520834,-0.00151894531249999,0.000466666666666667));
#9395=CARTESIAN_POINT('',(-0.0163000868055555,-0.00273209635416666,0.000466666666666667));
#9396=CARTESIAN_POINT('',(-0.0163000868055555,-0.00273209635416666,0.0014));
#9397=CARTESIAN_POINT('',(-0.0160327256944445,-0.0024290870949074,0.000466666666666667));
#9398=CARTESIAN_POINT('',(-0.0160327256944445,-0.0024290870949074,0.0014));
#9399=CARTESIAN_POINT('',(-0.0158884620949074,-0.00202470341435185,0.000466666666666667));
#9400=CARTESIAN_POINT('',(-0.0158884620949074,-0.00202470341435185,0.0014));
#9401=CARTESIAN_POINT('',(-0.0158672960069444,-0.00151894531249999,0.000466666666666667));
#9402=CARTESIAN_POINT('',(-0.0158672960069444,-0.00151894531249999,0.0014));
#9403=CARTESIAN_POINT('',(-0.0163000868055555,-0.00273209635416666,0.000466666666666667));
#9404=CARTESIAN_POINT('',(-0.0163000868055555,-0.00273209635416666,0.000466666666666667));
#9405=CARTESIAN_POINT('',(-0.0163000868055555,-0.00273209635416666,0.000466666666666667));
#9406=CARTESIAN_POINT('',(-0.0158990451388889,-0.00227758246527777,0.000466666666666667));
#9407=CARTESIAN_POINT('',(-0.0158672960069444,-0.00151894531249999,0.000466666666666667));
#9408=CARTESIAN_POINT('',(-0.0174280164930555,-0.00318661024305555,0.000466666666666667));
#9409=CARTESIAN_POINT('',(-0.0174280164930555,-0.00318661024305555,0.0014));
#9410=CARTESIAN_POINT('',(-0.0169434244791667,-0.00318661024305555,0.000466666666666667));
#9411=CARTESIAN_POINT('',(-0.0169434244791667,-0.00318661024305555,0.0014));
#9412=CARTESIAN_POINT('',(-0.0165674479166667,-0.00303510561342592,0.000466666666666667));
#9413=CARTESIAN_POINT('',(-0.0165674479166667,-0.00303510561342592,0.0014));
#9414=CARTESIAN_POINT('',(-0.0163000868055555,-0.00273209635416666,0.000466666666666667));
#9415=CARTESIAN_POINT('',(-0.0163000868055555,-0.00273209635416666,0.0014));
#9416=CARTESIAN_POINT('',(-0.0174280164930555,-0.00318661024305555,0.000466666666666667));
#9417=CARTESIAN_POINT('',(-0.0174280164930555,-0.00318661024305555,0.000466666666666667));
#9418=CARTESIAN_POINT('',(-0.0174280164930555,-0.00318661024305555,0.000466666666666667));
#9419=CARTESIAN_POINT('',(-0.0167011284722222,-0.00318661024305555,0.000466666666666667));
#9420=CARTESIAN_POINT('',(-0.0163000868055555,-0.00273209635416666,0.000466666666666667));
#9421=CARTESIAN_POINT('',(-0.0185133355034722,-0.00278556857638888,0.000466666666666667));
#9422=CARTESIAN_POINT('',(-0.0185133355034722,-0.00278556857638888,0.0014));
#9423=CARTESIAN_POINT('',(-0.0182888635706018,-0.0030529296875,0.000466666666666667));
#9424=CARTESIAN_POINT('',(-0.0182888635706018,-0.0030529296875,0.0014));
#9425=CARTESIAN_POINT('',(-0.0179270905671296,-0.00318661024305555,0.000466666666666667));
#9426=CARTESIAN_POINT('',(-0.0179270905671296,-0.00318661024305555,0.0014));
#9427=CARTESIAN_POINT('',(-0.0174280164930555,-0.00318661024305555,0.000466666666666667));
#9428=CARTESIAN_POINT('',(-0.0174280164930555,-0.00318661024305555,0.0014));
#9429=CARTESIAN_POINT('',(-0.0185133355034722,-0.00278556857638888,0.000466666666666667));
#9430=CARTESIAN_POINT('',(-0.0185133355034722,-0.00278556857638888,0.000466666666666667));
#9431=CARTESIAN_POINT('',(-0.0185133355034722,-0.00278556857638888,0.000466666666666667));
#9432=CARTESIAN_POINT('',(-0.0181766276041666,-0.00318661024305555,0.000466666666666667));
#9433=CARTESIAN_POINT('',(-0.0174280164930555,-0.00318661024305555,0.000466666666666667));
#9434=CARTESIAN_POINT('',(-0.0188500434027778,-0.00168938802083333,0.000466666666666667));
#9435=CARTESIAN_POINT('',(-0.0188500434027778,-0.00168938802083333,0.0014));
#9436=CARTESIAN_POINT('',(-0.0188500434027778,-0.00215281394675925,0.000466666666666667));
#9437=CARTESIAN_POINT('',(-0.0188500434027778,-0.00215281394675925,0.0014));
#9438=CARTESIAN_POINT('',(-0.0187378074363426,-0.00251820746527777,0.000466666666666667));
#9439=CARTESIAN_POINT('',(-0.0187378074363426,-0.00251820746527777,0.0014));
#9440=CARTESIAN_POINT('',(-0.0185133355034722,-0.00278556857638888,0.000466666666666667));
#9441=CARTESIAN_POINT('',(-0.0185133355034722,-0.00278556857638888,0.0014));
#9442=CARTESIAN_POINT('',(-0.0188500434027778,-0.00168938802083333,0.000466666666666667));
#9443=CARTESIAN_POINT('',(-0.0188500434027778,-0.00168938802083333,0.000466666666666667));
#9444=CARTESIAN_POINT('',(-0.0188500434027778,-0.00168938802083333,0.000466666666666667));
#9445=CARTESIAN_POINT('',(-0.0188500434027778,-0.00238452690972221,0.000466666666666667));
#9446=CARTESIAN_POINT('',(-0.0185133355034722,-0.00278556857638888,0.000466666666666667));
#9447=CARTESIAN_POINT('',(-0.0183211697048611,-0.000187152777777774,0.000466666666666667));
#9448=CARTESIAN_POINT('',(-0.0183211697048611,-0.000187152777777774,0.0014));
#9449=CARTESIAN_POINT('',(-0.0186737521701389,-0.000697366898148144,0.000466666666666667));
#9450=CARTESIAN_POINT('',(-0.0186737521701389,-0.000697366898148144,0.0014));
#9451=CARTESIAN_POINT('',(-0.0188500434027778,-0.00119811197916666,0.000466666666666667));
#9452=CARTESIAN_POINT('',(-0.0188500434027778,-0.00119811197916666,0.0014));
#9453=CARTESIAN_POINT('',(-0.0188500434027778,-0.00168938802083333,0.000466666666666667));
#9454=CARTESIAN_POINT('',(-0.0188500434027778,-0.00168938802083333,0.0014));
#9455=CARTESIAN_POINT('',(-0.0183211697048611,-0.000187152777777774,0.000466666666666667));
#9456=CARTESIAN_POINT('',(-0.0183211697048611,-0.000187152777777774,0.000466666666666667));
#9457=CARTESIAN_POINT('',(-0.0183211697048611,-0.000187152777777774,0.000466666666666667));
#9458=CARTESIAN_POINT('',(-0.0188500434027778,-0.000952473958333329,0.000466666666666667));
#9459=CARTESIAN_POINT('',(-0.0188500434027778,-0.00168938802083333,0.000466666666666667));
#9460=CARTESIAN_POINT('',(-0.0170219618055555,0.0012783203125,0.000466666666666667));
#9461=CARTESIAN_POINT('',(-0.0170219618055555,0.0012783203125,0.0014));
#9462=CARTESIAN_POINT('',(-0.0175355179398148,0.000811552372685188,0.000466666666666667));
#9463=CARTESIAN_POINT('',(-0.0175355179398148,0.000811552372685188,0.0014));
#9464=CARTESIAN_POINT('',(-0.0179685872395833,0.000323061342592596,0.000466666666666667));
#9465=CARTESIAN_POINT('',(-0.0179685872395833,0.000323061342592596,0.0014));
#9466=CARTESIAN_POINT('',(-0.0183211697048611,-0.000187152777777774,0.000466666666666667));
#9467=CARTESIAN_POINT('',(-0.0183211697048611,-0.000187152777777774,0.0014));
#9468=CARTESIAN_POINT('',(-0.0170219618055555,0.0012783203125,0.000466666666666667));
#9469=CARTESIAN_POINT('',(-0.0177922960069444,0.000578168402777781,0.000466666666666667));
#9470=CARTESIAN_POINT('',(-0.0183211697048611,-0.000187152777777774,0.000466666666666667));
#9471=CARTESIAN_POINT('',(1.38777878078145E-17,3.46944695195361E-18,0.000466666666666667));
#9472=CARTESIAN_POINT('',(-0.0110073733702259,-0.0103891486008352,0.000466666666666667));
#9473=CARTESIAN_POINT('',(-0.0110073733702259,-0.0103891486008352,0.0014));
#9474=CARTESIAN_POINT('',(-0.0106622550157451,-0.0109494498688485,0.000466666666666667));
#9475=CARTESIAN_POINT('',(-0.0106622550157451,-0.0109494498688485,0.0014));
#9476=CARTESIAN_POINT('',(-0.010565203055693,-0.0115137277846508,0.000466666666666667));
#9477=CARTESIAN_POINT('',(-0.010565203055693,-0.0115137277846508,0.0014));
#9478=CARTESIAN_POINT('',(-0.0107162174900695,-0.012081982348242,0.000466666666666667));
#9479=CARTESIAN_POINT('',(-0.0107162174900695,-0.012081982348242,0.0014));
#9480=CARTESIAN_POINT('',(-0.0110073733702259,-0.0103891486008352,0.000466666666666667));
#9481=CARTESIAN_POINT('',(-0.0110073733702259,-0.0103891486008352,0.000466666666666667));
#9482=CARTESIAN_POINT('',(-0.0110073733702259,-0.0103891486008352,0.000466666666666667));
#9483=CARTESIAN_POINT('',(-0.0104896958385047,-0.0112296005028551,0.000466666666666667));
#9484=CARTESIAN_POINT('',(-0.0107162174900695,-0.012081982348242,0.000466666666666667));
#9485=CARTESIAN_POINT('',(-0.0107162174900695,-0.012081982348242,0.000466666666666667));
#9486=CARTESIAN_POINT('',(-0.0107162174900695,-0.012081982348242,0.000466666666666667));
#9487=CARTESIAN_POINT('',(-0.0113926571797215,-0.0106690736737856,0.000466666666666667));
#9488=CARTESIAN_POINT('',(-0.0117779409892171,-0.0109489987467361,0.000466666666666667));
#9489=CARTESIAN_POINT('',(-0.0117779409892171,-0.0109489987467361,0.000466666666666667));
#9490=CARTESIAN_POINT('',(-0.0113926571797215,-0.0106690736737856,0.000466666666666667));
#9491=CARTESIAN_POINT('',(-0.0116254160068813,-0.0119762613344742,0.000466666666666667));
#9492=CARTESIAN_POINT('',(-0.0116254160068813,-0.0119762613344742,0.0014));
#9493=CARTESIAN_POINT('',(-0.011540195029905,-0.0116320626532811,0.000466666666666667));
#9494=CARTESIAN_POINT('',(-0.011540195029905,-0.0116320626532811,0.0014));
#9495=CARTESIAN_POINT('',(-0.0115910366906837,-0.0112896417907018,0.000466666666666667));
#9496=CARTESIAN_POINT('',(-0.0115910366906837,-0.0112896417907018,0.0014));
#9497=CARTESIAN_POINT('',(-0.0117779409892171,-0.0109489987467361,0.000466666666666667));
#9498=CARTESIAN_POINT('',(-0.0117779409892171,-0.0109489987467361,0.0014));
#9499=CARTESIAN_POINT('',(-0.0116254160068813,-0.0119762613344742,0.000466666666666667));
#9500=CARTESIAN_POINT('',(-0.0116254160068813,-0.0119762613344742,0.000466666666666667));
#9501=CARTESIAN_POINT('',(-0.0116254160068813,-0.0119762613344742,0.000466666666666667));
#9502=CARTESIAN_POINT('',(-0.0114975845414169,-0.0114599633126846,0.000466666666666667));
#9503=CARTESIAN_POINT('',(-0.0117779409892171,-0.0109489987467361,0.000466666666666667));
#9504=CARTESIAN_POINT('',(-0.0122899410596079,-0.0128824900719177,0.000466666666666667));
#9505=CARTESIAN_POINT('',(-0.0122899410596079,-0.0128824900719177,0.0014));
#9506=CARTESIAN_POINT('',(-0.0119321453347664,-0.0126225362614818,0.000466666666666667));
#9507=CARTESIAN_POINT('',(-0.0119321453347664,-0.0126225362614818,0.0014));
#9508=CARTESIAN_POINT('',(-0.0117106369838575,-0.0123204600156673,0.000466666666666667));
#9509=CARTESIAN_POINT('',(-0.0117106369838575,-0.0123204600156673,0.0014));
#9510=CARTESIAN_POINT('',(-0.0116254160068813,-0.0119762613344742,0.000466666666666667));
#9511=CARTESIAN_POINT('',(-0.0116254160068813,-0.0119762613344742,0.0014));
#9512=CARTESIAN_POINT('',(-0.0122899410596079,-0.0128824900719177,0.000466666666666667));
#9513=CARTESIAN_POINT('',(-0.0122899410596079,-0.0128824900719177,0.000466666666666667));
#9514=CARTESIAN_POINT('',(-0.0122899410596079,-0.0128824900719177,0.000466666666666667));
#9515=CARTESIAN_POINT('',(-0.0117532474723456,-0.0124925593562638,0.000466666666666667));
#9516=CARTESIAN_POINT('',(-0.0116254160068813,-0.0119762613344742,0.000466666666666667));
#9517=CARTESIAN_POINT('',(-0.0133429706734223,-0.0132241378438903,0.000466666666666667));
#9518=CARTESIAN_POINT('',(-0.0133429706734223,-0.0132241378438903,0.0014));
#9519=CARTESIAN_POINT('',(-0.0130095616398471,-0.0132641840189185,0.000466666666666667));
#9520=CARTESIAN_POINT('',(-0.0130095616398471,-0.0132641840189185,0.0014));
#9521=CARTESIAN_POINT('',(-0.0126585517685757,-0.0131503014282609,0.000466666666666667));
#9522=CARTESIAN_POINT('',(-0.0126585517685757,-0.0131503014282609,0.0014));
#9523=CARTESIAN_POINT('',(-0.0122899410596079,-0.0128824900719177,0.000466666666666667));
#9524=CARTESIAN_POINT('',(-0.0122899410596079,-0.0128824900719177,0.0014));
#9525=CARTESIAN_POINT('',(-0.0133429706734223,-0.0132241378438903,0.000466666666666667));
#9526=CARTESIAN_POINT('',(-0.0133429706734223,-0.0132241378438903,0.000466666666666667));
#9527=CARTESIAN_POINT('',(-0.0133429706734223,-0.0132241378438903,0.000466666666666667));
#9528=CARTESIAN_POINT('',(-0.0128428571230595,-0.0132842071064326,0.000466666666666667));
#9529=CARTESIAN_POINT('',(-0.0122899410596079,-0.0128824900719177,0.000466666666666667));
#9530=CARTESIAN_POINT('',(-0.0141760477316103,-0.0127057836290006,0.000466666666666667));
#9531=CARTESIAN_POINT('',(-0.0141760477316103,-0.0127057836290006,0.0014));
#9532=CARTESIAN_POINT('',(-0.0139540720597268,-0.0130113069305656,0.000466666666666667));
#9533=CARTESIAN_POINT('',(-0.0139540720597268,-0.0130113069305656,0.0014));
#9534=CARTESIAN_POINT('',(-0.0136763797069974,-0.0131840916688621,0.000466666666666667));
#9535=CARTESIAN_POINT('',(-0.0136763797069974,-0.0131840916688621,0.0014));
#9536=CARTESIAN_POINT('',(-0.0133429706734223,-0.0132241378438903,0.000466666666666667));
#9537=CARTESIAN_POINT('',(-0.0133429706734223,-0.0132241378438903,0.0014));
#9538=CARTESIAN_POINT('',(-0.0141760477316103,-0.0127057836290006,0.000466666666666667));
#9539=CARTESIAN_POINT('',(-0.0141760477316103,-0.0127057836290006,0.000466666666666667));
#9540=CARTESIAN_POINT('',(-0.0141760477316103,-0.0127057836290006,0.000466666666666667));
#9541=CARTESIAN_POINT('',(-0.013843084223785,-0.013164068581348,0.000466666666666667));
#9542=CARTESIAN_POINT('',(-0.0133429706734223,-0.0132241378438903,0.000466666666666667));
#9543=CARTESIAN_POINT('',(-0.014344699191578,-0.0116179458769917,0.000466666666666667));
#9544=CARTESIAN_POINT('',(-0.014344699191578,-0.0116179458769917,0.0014));
#9545=CARTESIAN_POINT('',(-0.0144922186953688,-0.0119853753201561,0.000466666666666667));
#9546=CARTESIAN_POINT('',(-0.0144922186953688,-0.0119853753201561,0.0014));
#9547=CARTESIAN_POINT('',(-0.0144360015420462,-0.0123479879041591,0.000466666666666667));
#9548=CARTESIAN_POINT('',(-0.0144360015420462,-0.0123479879041591,0.0014));
#9549=CARTESIAN_POINT('',(-0.0141760477316103,-0.0127057836290006,0.000466666666666667));
#9550=CARTESIAN_POINT('',(-0.0141760477316103,-0.0127057836290006,0.0014));
#9551=CARTESIAN_POINT('',(-0.014344699191578,-0.0116179458769917,0.000466666666666667));
#9552=CARTESIAN_POINT('',(-0.014344699191578,-0.0116179458769917,0.000466666666666667));
#9553=CARTESIAN_POINT('',(-0.014344699191578,-0.0116179458769917,0.000466666666666667));
#9554=CARTESIAN_POINT('',(-0.0145659784472642,-0.0121690900417383,0.000466666666666667));
#9555=CARTESIAN_POINT('',(-0.0141760477316103,-0.0127057836290006,0.000466666666666667));
#9556=CARTESIAN_POINT('',(-0.0133330598890315,-0.0104801786567195,0.000466666666666667));
#9557=CARTESIAN_POINT('',(-0.0133330598890315,-0.0104801786567195,0.0014));
#9558=CARTESIAN_POINT('',(-0.0138599665869385,-0.0108712606937366,0.000466666666666667));
#9559=CARTESIAN_POINT('',(-0.0138599665869385,-0.0108712606937366,0.0014));
#9560=CARTESIAN_POINT('',(-0.0141971796877873,-0.0112505164338274,0.000466666666666667));
#9561=CARTESIAN_POINT('',(-0.0141971796877873,-0.0112505164338274,0.0014));
#9562=CARTESIAN_POINT('',(-0.014344699191578,-0.0116179458769917,0.000466666666666667));
#9563=CARTESIAN_POINT('',(-0.014344699191578,-0.0116179458769917,0.0014));
#9564=CARTESIAN_POINT('',(-0.0133330598890315,-0.0104801786567195,0.000466666666666667));
#9565=CARTESIAN_POINT('',(-0.0133330598890315,-0.0104801786567195,0.000466666666666667));
#9566=CARTESIAN_POINT('',(-0.0133330598890315,-0.0104801786567195,0.000466666666666667));
#9567=CARTESIAN_POINT('',(-0.0141234199358919,-0.0110668017122452,0.000466666666666667));
#9568=CARTESIAN_POINT('',(-0.014344699191578,-0.0116179458769917,0.000466666666666667));
#9569=CARTESIAN_POINT('',(-0.0132296416033248,-0.0104050408739802,0.000466666666666667));
#9570=CARTESIAN_POINT('',(-0.0131262233176181,-0.0103299030912409,0.000466666666666667));
#9571=CARTESIAN_POINT('',(-0.0131262233176181,-0.0103299030912409,0.000466666666666667));
#9572=CARTESIAN_POINT('',(-0.0132296416033248,-0.0104050408739802,0.000466666666666667));
#9573=CARTESIAN_POINT('',(-0.0133648962745548,-0.0100013979484078,0.000466666666666667));
#9574=CARTESIAN_POINT('',(-0.0136035692314915,-0.00967289280557465,0.000466666666666667));
#9575=CARTESIAN_POINT('',(-0.0136035692314915,-0.00967289280557465,0.000466666666666667));
#9576=CARTESIAN_POINT('',(-0.0133648962745548,-0.0100013979484078,0.000466666666666667));
#9577=CARTESIAN_POINT('',(-0.0137029318981509,-0.00974508400859872,0.000466666666666667));
#9578=CARTESIAN_POINT('',(-0.0138022945648103,-0.0098172752116228,0.000466666666666667));
#9579=CARTESIAN_POINT('',(-0.0138022945648103,-0.0098172752116228,0.000466666666666667));
#9580=CARTESIAN_POINT('',(-0.0137029318981509,-0.00974508400859872,0.000466666666666667));
#9581=CARTESIAN_POINT('',(-0.0153159377679746,-0.0104801527371029,0.000466666666666667));
#9582=CARTESIAN_POINT('',(-0.0153159377679746,-0.0104801527371029,0.0014));
#9583=CARTESIAN_POINT('',(-0.0148890489446585,-0.0104612322747969,0.000466666666666667));
#9584=CARTESIAN_POINT('',(-0.0148890489446585,-0.0104612322747969,0.0014));
#9585=CARTESIAN_POINT('',(-0.0143845012102704,-0.0102402730996369,0.000466666666666667));
#9586=CARTESIAN_POINT('',(-0.0143845012102704,-0.0102402730996369,0.0014));
#9587=CARTESIAN_POINT('',(-0.0138022945648103,-0.0098172752116228,0.000466666666666667));
#9588=CARTESIAN_POINT('',(-0.0138022945648103,-0.0098172752116228,0.0014));
#9589=CARTESIAN_POINT('',(-0.0153159377679746,-0.0104801527371029,0.000466666666666667));
#9590=CARTESIAN_POINT('',(-0.0153159377679746,-0.0104801527371029,0.000466666666666667));
#9591=CARTESIAN_POINT('',(-0.0153159377679746,-0.0104801527371029,0.000466666666666667));
#9592=CARTESIAN_POINT('',(-0.0146756045330004,-0.0104517720436439,0.000466666666666667));
#9593=CARTESIAN_POINT('',(-0.0138022945648103,-0.0098172752116228,0.000466666666666667));
#9594=CARTESIAN_POINT('',(-0.0164277237573916,-0.00985963438299044,0.000466666666666667));
#9595=CARTESIAN_POINT('',(-0.0164277237573916,-0.00985963438299044,0.0014));
#9596=CARTESIAN_POINT('',(-0.0161134219210963,-0.0102922337480381,0.000466666666666667));
#9597=CARTESIAN_POINT('',(-0.0161134219210963,-0.0102922337480381,0.0014));
#9598=CARTESIAN_POINT('',(-0.0157428265912906,-0.010499073199409,0.000466666666666667));
#9599=CARTESIAN_POINT('',(-0.0157428265912906,-0.010499073199409,0.0014));
#9600=CARTESIAN_POINT('',(-0.0153159377679746,-0.0104801527371029,0.000466666666666667));
#9601=CARTESIAN_POINT('',(-0.0153159377679746,-0.0104801527371029,0.0014));
#9602=CARTESIAN_POINT('',(-0.0164277237573916,-0.00985963438299044,0.000466666666666667));
#9603=CARTESIAN_POINT('',(-0.0164277237573916,-0.00985963438299044,0.000466666666666667));
#9604=CARTESIAN_POINT('',(-0.0164277237573916,-0.00985963438299044,0.000466666666666667));
#9605=CARTESIAN_POINT('',(-0.0159562710029486,-0.010508533430562,0.000466666666666667));
#9606=CARTESIAN_POINT('',(-0.0153159377679746,-0.0104801527371029,0.000466666666666667));
#9607=CARTESIAN_POINT('',(-0.0167057972208349,-0.00881308502378328,0.000466666666666667));
#9608=CARTESIAN_POINT('',(-0.0167057972208349,-0.00881308502378328,0.0014));
#9609=CARTESIAN_POINT('',(-0.0167633440395093,-0.00917642133735325,0.000466666666666667));
#9610=CARTESIAN_POINT('',(-0.0167633440395093,-0.00917642133735325,0.0014));
#9611=CARTESIAN_POINT('',(-0.0166706528850282,-0.00952527112375564,0.000466666666666667));
#9612=CARTESIAN_POINT('',(-0.0166706528850282,-0.00952527112375564,0.0014));
#9613=CARTESIAN_POINT('',(-0.0164277237573916,-0.00985963438299044,0.000466666666666667));
#9614=CARTESIAN_POINT('',(-0.0164277237573916,-0.00985963438299044,0.0014));
#9615=CARTESIAN_POINT('',(-0.0167057972208349,-0.00881308502378328,0.000466666666666667));
#9616=CARTESIAN_POINT('',(-0.0167057972208349,-0.00881308502378328,0.000466666666666667));
#9617=CARTESIAN_POINT('',(-0.0167057972208349,-0.00881308502378328,0.000466666666666667));
#9618=CARTESIAN_POINT('',(-0.0167921174488465,-0.00935808949413824,0.000466666666666667));
#9619=CARTESIAN_POINT('',(-0.0164277237573916,-0.00985963438299044,0.000466666666666667));
#9620=CARTESIAN_POINT('',(-0.0160138378817565,-0.00782805798261492,0.000466666666666667));
#9621=CARTESIAN_POINT('',(-0.0160138378817565,-0.00782805798261492,0.0014));
#9622=CARTESIAN_POINT('',(-0.0164175972891344,-0.00812140636315718,0.000466666666666667));
#9623=CARTESIAN_POINT('',(-0.0164175972891344,-0.00812140636315718,0.0014));
#9624=CARTESIAN_POINT('',(-0.0166482504021605,-0.0084497487102133,0.000466666666666667));
#9625=CARTESIAN_POINT('',(-0.0166482504021605,-0.0084497487102133,0.0014));
#9626=CARTESIAN_POINT('',(-0.0167057972208349,-0.00881308502378328,0.000466666666666667));
#9627=CARTESIAN_POINT('',(-0.0167057972208349,-0.00881308502378328,0.0014));
#9628=CARTESIAN_POINT('',(-0.0160138378817565,-0.00782805798261492,0.000466666666666667));
#9629=CARTESIAN_POINT('',(-0.0160138378817565,-0.00782805798261492,0.000466666666666667));
#9630=CARTESIAN_POINT('',(-0.0160138378817565,-0.00782805798261492,0.000466666666666667));
#9631=CARTESIAN_POINT('',(-0.0166194769928233,-0.00826808055342831,0.000466666666666667));
#9632=CARTESIAN_POINT('',(-0.0167057972208349,-0.00881308502378328,0.000466666666666667));
#9633=CARTESIAN_POINT('',(-0.0148065479090177,-0.00745282167011812,0.000466666666666667));
#9634=CARTESIAN_POINT('',(-0.0148065479090177,-0.00745282167011812,0.0014));
#9635=CARTESIAN_POINT('',(-0.0152076484834657,-0.00740963083124039,0.000466666666666667));
#9636=CARTESIAN_POINT('',(-0.0152076484834657,-0.00740963083124039,0.0014));
#9637=CARTESIAN_POINT('',(-0.0156100784743787,-0.00753470960207265,0.000466666666666667));
#9638=CARTESIAN_POINT('',(-0.0156100784743787,-0.00753470960207265,0.0014));
#9639=CARTESIAN_POINT('',(-0.0160138378817565,-0.00782805798261492,0.000466666666666667));
#9640=CARTESIAN_POINT('',(-0.0160138378817565,-0.00782805798261492,0.0014));
#9641=CARTESIAN_POINT('',(-0.0148065479090177,-0.00745282167011812,0.000466666666666667));
#9642=CARTESIAN_POINT('',(-0.0148065479090177,-0.00745282167011812,0.000466666666666667));
#9643=CARTESIAN_POINT('',(-0.0148065479090177,-0.00745282167011812,0.000466666666666667));
#9644=CARTESIAN_POINT('',(-0.0154081987706897,-0.00738803541180152,0.000466666666666667));
#9645=CARTESIAN_POINT('',(-0.0160138378817565,-0.00782805798261492,0.000466666666666667));
#9646=CARTESIAN_POINT('',(-0.0137669005580814,-0.00799252847076296,0.000466666666666667));
#9647=CARTESIAN_POINT('',(-0.0137669005580814,-0.00799252847076296,0.0014));
#9648=CARTESIAN_POINT('',(-0.0140588982175909,-0.00767591477587747,0.000466666666666667));
#9649=CARTESIAN_POINT('',(-0.0140588982175909,-0.00767591477587747,0.0014));
#9650=CARTESIAN_POINT('',(-0.0144054473345696,-0.00749601250899585,0.000466666666666667));
#9651=CARTESIAN_POINT('',(-0.0144054473345696,-0.00749601250899585,0.0014));
#9652=CARTESIAN_POINT('',(-0.0148065479090177,-0.00745282167011812,0.000466666666666667));
#9653=CARTESIAN_POINT('',(-0.0148065479090177,-0.00745282167011812,0.0014));
#9654=CARTESIAN_POINT('',(-0.0137669005580814,-0.00799252847076296,0.000466666666666667));
#9655=CARTESIAN_POINT('',(-0.0137669005580814,-0.00799252847076296,0.000466666666666667));
#9656=CARTESIAN_POINT('',(-0.0137669005580814,-0.00799252847076296,0.000466666666666667));
#9657=CARTESIAN_POINT('',(-0.0142048970473456,-0.00751760792843472,0.000466666666666667));
#9658=CARTESIAN_POINT('',(-0.0148065479090177,-0.00745282167011812,0.000466666666666667));
#9659=CARTESIAN_POINT('',(-0.013386348304141,-0.00771604107414695,0.000466666666666667));
#9660=CARTESIAN_POINT('',(-0.0130057960502006,-0.00743955367753095,0.000466666666666667));
#9661=CARTESIAN_POINT('',(-0.0130057960502006,-0.00743955367753095,0.000466666666666667));
#9662=CARTESIAN_POINT('',(-0.013386348304141,-0.00771604107414695,0.000466666666666667));
#9663=CARTESIAN_POINT('',(-0.014652857120197,-0.0065542115915041,0.000466666666666667));
#9664=CARTESIAN_POINT('',(-0.014652857120197,-0.0065542115915041,0.0014));
#9665=CARTESIAN_POINT('',(-0.0140283615458624,-0.00658931883276137,0.000466666666666667));
#9666=CARTESIAN_POINT('',(-0.0140283615458624,-0.00658931883276137,0.0014));
#9667=CARTESIAN_POINT('',(-0.013479341189197,-0.00688443286143699,0.000466666666666667));
#9668=CARTESIAN_POINT('',(-0.013479341189197,-0.00688443286143699,0.0014));
#9669=CARTESIAN_POINT('',(-0.0130057960502006,-0.00743955367753095,0.000466666666666667));
#9670=CARTESIAN_POINT('',(-0.0130057960502006,-0.00743955367753095,0.0014));
#9671=CARTESIAN_POINT('',(-0.014652857120197,-0.0065542115915041,0.000466666666666667));
#9672=CARTESIAN_POINT('',(-0.014652857120197,-0.0065542115915041,0.000466666666666667));
#9673=CARTESIAN_POINT('',(-0.014652857120197,-0.0065542115915041,0.000466666666666667));
#9674=CARTESIAN_POINT('',(-0.0137161137586951,-0.00660687245339001,0.000466666666666667));
#9675=CARTESIAN_POINT('',(-0.0130057960502006,-0.00743955367753095,0.000466666666666667));
#9676=CARTESIAN_POINT('',(-0.0165075222594094,-0.00716845993850724,0.000466666666666667));
#9677=CARTESIAN_POINT('',(-0.0165075222594094,-0.00716845993850724,0.0014));
#9678=CARTESIAN_POINT('',(-0.0158955744076023,-0.00672385379924787,0.000466666666666667));
#9679=CARTESIAN_POINT('',(-0.0158955744076023,-0.00672385379924787,0.0014));
#9680=CARTESIAN_POINT('',(-0.0152773526945315,-0.00651910435024683,0.000466666666666667));
#9681=CARTESIAN_POINT('',(-0.0152773526945315,-0.00651910435024683,0.0014));
#9682=CARTESIAN_POINT('',(-0.014652857120197,-0.0065542115915041,0.000466666666666667));
#9683=CARTESIAN_POINT('',(-0.014652857120197,-0.0065542115915041,0.0014));
#9684=CARTESIAN_POINT('',(-0.0165075222594094,-0.00716845993850724,0.000466666666666667));
#9685=CARTESIAN_POINT('',(-0.0165075222594094,-0.00716845993850724,0.000466666666666667));
#9686=CARTESIAN_POINT('',(-0.0165075222594094,-0.00716845993850724,0.000466666666666667));
#9687=CARTESIAN_POINT('',(-0.0155896004816988,-0.00650155072961819,0.000466666666666667));
#9688=CARTESIAN_POINT('',(-0.014652857120197,-0.0065542115915041,0.000466666666666667));
#9689=CARTESIAN_POINT('',(-0.0174248095613234,-0.00817881028975262,0.000466666666666667));
#9690=CARTESIAN_POINT('',(-0.0174248095613234,-0.00817881028975262,0.0014));
#9691=CARTESIAN_POINT('',(-0.0172341678256251,-0.00781103288381799,0.000466666666666667));
#9692=CARTESIAN_POINT('',(-0.0172341678256251,-0.00781103288381799,0.0014));
#9693=CARTESIAN_POINT('',(-0.0169284053916537,-0.00747424943340286,0.000466666666666667));
#9694=CARTESIAN_POINT('',(-0.0169284053916537,-0.00747424943340286,0.0014));
#9695=CARTESIAN_POINT('',(-0.0165075222594094,-0.00716845993850724,0.000466666666666667));
#9696=CARTESIAN_POINT('',(-0.0165075222594094,-0.00716845993850724,0.0014));
#9697=CARTESIAN_POINT('',(-0.0174248095613234,-0.00817881028975262,0.000466666666666667));
#9698=CARTESIAN_POINT('',(-0.0174248095613234,-0.00817881028975262,0.000466666666666667));
#9699=CARTESIAN_POINT('',(-0.0174248095613234,-0.00817881028975262,0.000466666666666667));
#9700=CARTESIAN_POINT('',(-0.0171388469577759,-0.00762714418085067,0.000466666666666667));
#9701=CARTESIAN_POINT('',(-0.0165075222594094,-0.00716845993850724,0.000466666666666667));
#9702=CARTESIAN_POINT('',(-0.0176500407896162,-0.00928740662044223,0.000466666666666667));
#9703=CARTESIAN_POINT('',(-0.0176500407896162,-0.00928740662044223,0.0014));
#9704=CARTESIAN_POINT('',(-0.0176905283731193,-0.00891611980591712,0.000466666666666667));
#9705=CARTESIAN_POINT('',(-0.0176905283731193,-0.00891611980591712,0.0014));
#9706=CARTESIAN_POINT('',(-0.0176154512970217,-0.00854658769568725,0.000466666666666667));
#9707=CARTESIAN_POINT('',(-0.0176154512970217,-0.00854658769568725,0.0014));
#9708=CARTESIAN_POINT('',(-0.0174248095613234,-0.00817881028975262,0.000466666666666667));
#9709=CARTESIAN_POINT('',(-0.0174248095613234,-0.00817881028975262,0.0014));
#9710=CARTESIAN_POINT('',(-0.0176500407896162,-0.00928740662044223,0.000466666666666667));
#9711=CARTESIAN_POINT('',(-0.0176500407896162,-0.00928740662044223,0.000466666666666667));
#9712=CARTESIAN_POINT('',(-0.0176500407896162,-0.00928740662044223,0.000466666666666667));
#9713=CARTESIAN_POINT('',(-0.0177107721648709,-0.00873047639865457,0.000466666666666667));
#9714=CARTESIAN_POINT('',(-0.0174248095613234,-0.00817881028975262,0.000466666666666667));
#9715=CARTESIAN_POINT('',(-0.0172308088823373,-0.0103377704929874,0.000466666666666667));
#9716=CARTESIAN_POINT('',(-0.0172308088823373,-0.0103377704929874,0.0014));
#9717=CARTESIAN_POINT('',(-0.0174698092370202,-0.0100088147258157,0.000466666666666667));
#9718=CARTESIAN_POINT('',(-0.0174698092370202,-0.0100088147258157,0.0014));
#9719=CARTESIAN_POINT('',(-0.0176095532061132,-0.00965869343496733,0.000466666666666667));
#9720=CARTESIAN_POINT('',(-0.0176095532061132,-0.00965869343496733,0.0014));
#9721=CARTESIAN_POINT('',(-0.0176500407896162,-0.00928740662044223,0.000466666666666667));
#9722=CARTESIAN_POINT('',(-0.0176500407896162,-0.00928740662044223,0.0014));
#9723=CARTESIAN_POINT('',(-0.0172308088823373,-0.0103377704929874,0.000466666666666667));
#9724=CARTESIAN_POINT('',(-0.0172308088823373,-0.0103377704929874,0.000466666666666667));
#9725=CARTESIAN_POINT('',(-0.0172308088823373,-0.0103377704929874,0.000466666666666667));
#9726=CARTESIAN_POINT('',(-0.0175893094143617,-0.00984433684222988,0.000466666666666667));
#9727=CARTESIAN_POINT('',(-0.0176500407896162,-0.00928740662044223,0.000466666666666667));
#9728=CARTESIAN_POINT('',(-0.0161293176608655,-0.0111630215994649,0.000466666666666667));
#9729=CARTESIAN_POINT('',(-0.0161293176608655,-0.0111630215994649,0.0014));
#9730=CARTESIAN_POINT('',(-0.0165454145325978,-0.0110508610522574,0.000466666666666667));
#9731=CARTESIAN_POINT('',(-0.0165454145325978,-0.0110508610522574,0.0014));
#9732=CARTESIAN_POINT('',(-0.0169125782730884,-0.0107757773500982,0.000466666666666667));
#9733=CARTESIAN_POINT('',(-0.0169125782730884,-0.0107757773500982,0.0014));
#9734=CARTESIAN_POINT('',(-0.0172308088823373,-0.0103377704929874,0.000466666666666667));
#9735=CARTESIAN_POINT('',(-0.0172308088823373,-0.0103377704929874,0.0014));
#9736=CARTESIAN_POINT('',(-0.0161293176608655,-0.0111630215994649,0.000466666666666667));
#9737=CARTESIAN_POINT('',(-0.0161293176608655,-0.0111630215994649,0.000466666666666667));
#9738=CARTESIAN_POINT('',(-0.0161293176608655,-0.0111630215994649,0.000466666666666667));
#9739=CARTESIAN_POINT('',(-0.0167534629684639,-0.0109947807786536,0.000466666666666667));
#9740=CARTESIAN_POINT('',(-0.0172308088823373,-0.0103377704929874,0.000466666666666667));
#9741=CARTESIAN_POINT('',(-0.014842609468386,-0.0110605610807013,0.000466666666666667));
#9742=CARTESIAN_POINT('',(-0.014842609468386,-0.0110605610807013,0.0014));
#9743=CARTESIAN_POINT('',(-0.0152843180583068,-0.0112410286404179,0.000466666666666667));
#9744=CARTESIAN_POINT('',(-0.0152843180583068,-0.0112410286404179,0.0014));
#9745=CARTESIAN_POINT('',(-0.0157132207891333,-0.0112751821466724,0.000466666666666667));
#9746=CARTESIAN_POINT('',(-0.0157132207891333,-0.0112751821466724,0.0014));
#9747=CARTESIAN_POINT('',(-0.0161293176608655,-0.0111630215994649,0.000466666666666667));
#9748=CARTESIAN_POINT('',(-0.0161293176608655,-0.0111630215994649,0.0014));
#9749=CARTESIAN_POINT('',(-0.014842609468386,-0.0110605610807013,0.000466666666666667));
#9750=CARTESIAN_POINT('',(-0.014842609468386,-0.0110605610807013,0.000466666666666667));
#9751=CARTESIAN_POINT('',(-0.014842609468386,-0.0110605610807013,0.000466666666666667));
#9752=CARTESIAN_POINT('',(-0.0155051723532672,-0.0113312624202762,0.000466666666666667));
#9753=CARTESIAN_POINT('',(-0.0161293176608655,-0.0111630215994649,0.000466666666666667));
#9754=CARTESIAN_POINT('',(-0.0148268943765712,-0.0110821910489537,0.000466666666666667));
#9755=CARTESIAN_POINT('',(-0.0148106372097403,-0.0111045671194579,0.000466666666666667));
#9756=CARTESIAN_POINT('',(-0.0148106372097403,-0.0111045671194579,0.000466666666666667));
#9757=CARTESIAN_POINT('',(-0.0148268943765712,-0.0110821910489537,0.000466666666666667));
#9758=CARTESIAN_POINT('',(-0.0135395395972636,-0.0122445446753223,0.000466666666666668));
#9759=CARTESIAN_POINT('',(-0.0152461122254015,-0.0121881761762203,0.000466666666666667));
#9760=CARTESIAN_POINT('',(-0.0152461122254015,-0.0121881761762203,0.000466666666666667));
#9761=CARTESIAN_POINT('',(-0.0135395395972636,-0.0122445446753223,0.000466666666666667));
#9762=CARTESIAN_POINT('',(-0.014881167224901,-0.0133358151841318,0.000466666666666667));
#9763=CARTESIAN_POINT('',(-0.014881167224901,-0.0133358151841318,0.0014));
#9764=CARTESIAN_POINT('',(-0.0151404662398446,-0.0129789207079674,0.000466666666666667));
#9765=CARTESIAN_POINT('',(-0.0151404662398446,-0.0129789207079674,0.0014));
#9766=CARTESIAN_POINT('',(-0.0152621145733448,-0.0125963743719969,0.000466666666666667));
#9767=CARTESIAN_POINT('',(-0.0152621145733448,-0.0125963743719969,0.0014));
#9768=CARTESIAN_POINT('',(-0.0152461122254015,-0.0121881761762203,0.000466666666666667));
#9769=CARTESIAN_POINT('',(-0.0152461122254015,-0.0121881761762203,0.0014));
#9770=CARTESIAN_POINT('',(-0.014881167224901,-0.0133358151841318,0.000466666666666667));
#9771=CARTESIAN_POINT('',(-0.014881167224901,-0.0133358151841318,0.000466666666666667));
#9772=CARTESIAN_POINT('',(-0.014881167224901,-0.0133358151841318,0.000466666666666667));
#9773=CARTESIAN_POINT('',(-0.0152701157473164,-0.0128004734698852,0.000466666666666667));
#9774=CARTESIAN_POINT('',(-0.0152461122254015,-0.0121881761762203,0.000466666666666667));
#9775=CARTESIAN_POINT('',(-0.0140631473377496,-0.0139983324163674,0.000466666666666667));
#9776=CARTESIAN_POINT('',(-0.0140631473377496,-0.0139983324163674,0.0014));
#9777=CARTESIAN_POINT('',(-0.0143858634618081,-0.0138630788117858,0.000466666666666667));
#9778=CARTESIAN_POINT('',(-0.0143858634618081,-0.0138630788117858,0.0014));
#9779=CARTESIAN_POINT('',(-0.0146585367575252,-0.0136422397343739,0.000466666666666667));
#9780=CARTESIAN_POINT('',(-0.0146585367575252,-0.0136422397343739,0.0014));
#9781=CARTESIAN_POINT('',(-0.014881167224901,-0.0133358151841318,0.000466666666666667));
#9782=CARTESIAN_POINT('',(-0.014881167224901,-0.0133358151841318,0.0014));
#9783=CARTESIAN_POINT('',(-0.0140631473377496,-0.0139983324163674,0.000466666666666667));
#9784=CARTESIAN_POINT('',(-0.0140631473377496,-0.0139983324163674,0.000466666666666667));
#9785=CARTESIAN_POINT('',(-0.0140631473377496,-0.0139983324163674,0.000466666666666667));
#9786=CARTESIAN_POINT('',(-0.0145472215238373,-0.013795452009495,0.000466666666666667));
#9787=CARTESIAN_POINT('',(-0.014881167224901,-0.0133358151841318,0.000466666666666667));
#9788=CARTESIAN_POINT('',(-0.0129963250672292,-0.0141021016301364,0.000466666666666667));
#9789=CARTESIAN_POINT('',(-0.0129963250672292,-0.0141021016301364,0.0014));
#9790=CARTESIAN_POINT('',(-0.0133848237901844,-0.014168175758872,0.000466666666666667));
#9791=CARTESIAN_POINT('',(-0.0133848237901844,-0.014168175758872,0.0014));
#9792=CARTESIAN_POINT('',(-0.0137404312136912,-0.014133586020949,0.000466666666666667));
#9793=CARTESIAN_POINT('',(-0.0137404312136912,-0.014133586020949,0.0014));
#9794=CARTESIAN_POINT('',(-0.0140631473377496,-0.0139983324163674,0.000466666666666667));
#9795=CARTESIAN_POINT('',(-0.0140631473377496,-0.0139983324163674,0.0014));
#9796=CARTESIAN_POINT('',(-0.0129963250672292,-0.0141021016301364,0.000466666666666667));
#9797=CARTESIAN_POINT('',(-0.0129963250672292,-0.0141021016301364,0.000466666666666667));
#9798=CARTESIAN_POINT('',(-0.0129963250672292,-0.0141021016301364,0.000466666666666667));
#9799=CARTESIAN_POINT('',(-0.0135790731516619,-0.0142012128232398,0.000466666666666667));
#9800=CARTESIAN_POINT('',(-0.0140631473377496,-0.0139983324163674,0.000466666666666667));
#9801=CARTESIAN_POINT('',(-0.0118255122209347,-0.013575736378319,0.000466666666666667));
#9802=CARTESIAN_POINT('',(-0.0118255122209347,-0.013575736378319,0.0014));
#9803=CARTESIAN_POINT('',(-0.0122175553955092,-0.0138605724174616,0.000466666666666667));
#9804=CARTESIAN_POINT('',(-0.0122175553955092,-0.0138605724174616,0.0014));
#9805=CARTESIAN_POINT('',(-0.012607826344274,-0.0140360275014007,0.000466666666666667));
#9806=CARTESIAN_POINT('',(-0.012607826344274,-0.0140360275014007,0.0014));
#9807=CARTESIAN_POINT('',(-0.0129963250672292,-0.0141021016301364,0.000466666666666667));
#9808=CARTESIAN_POINT('',(-0.0129963250672292,-0.0141021016301364,0.0014));
#9809=CARTESIAN_POINT('',(-0.0118255122209347,-0.013575736378319,0.000466666666666667));
#9810=CARTESIAN_POINT('',(-0.0118255122209347,-0.013575736378319,0.000466666666666667));
#9811=CARTESIAN_POINT('',(-0.0118255122209347,-0.013575736378319,0.000466666666666667));
#9812=CARTESIAN_POINT('',(-0.0124135769827964,-0.0140029904370329,0.000466666666666667));
#9813=CARTESIAN_POINT('',(-0.0129963250672292,-0.0141021016301364,0.000466666666666667));
#9814=CARTESIAN_POINT('',(-0.0107162174900695,-0.012081982348242,0.000466666666666667));
#9815=CARTESIAN_POINT('',(-0.0107162174900695,-0.012081982348242,0.0014));
#9816=CARTESIAN_POINT('',(-0.0108672319244459,-0.0126502369118333,0.000466666666666667));
#9817=CARTESIAN_POINT('',(-0.0108672319244459,-0.0126502369118333,0.0014));
#9818=CARTESIAN_POINT('',(-0.0112369968347343,-0.0131481549218589,0.000466666666666667));
#9819=CARTESIAN_POINT('',(-0.0112369968347343,-0.0131481549218589,0.0014));
#9820=CARTESIAN_POINT('',(-0.0118255122209347,-0.013575736378319,0.000466666666666667));
#9821=CARTESIAN_POINT('',(-0.0118255122209347,-0.013575736378319,0.0014));
#9822=CARTESIAN_POINT('',(-0.0107162174900695,-0.012081982348242,0.000466666666666667));
#9823=CARTESIAN_POINT('',(-0.0109427391416342,-0.0129343641936289,0.000466666666666667));
#9824=CARTESIAN_POINT('',(-0.0118255122209347,-0.013575736378319,0.000466666666666667));
#9825=CARTESIAN_POINT('',(1.38777878078145E-17,3.46944695195361E-18,0.000466666666666667));
#9826=CARTESIAN_POINT('',(0.0184180881076389,-0.000363444010416665,0.000466666666666667));
#9827=CARTESIAN_POINT('',(0.0199044487847222,0.00312311197916666,0.000466666666666667));
#9828=CARTESIAN_POINT('',(0.0199044487847222,0.00312311197916666,0.000466666666666667));
#9829=CARTESIAN_POINT('',(0.0184180881076389,-0.000363444010416665,0.000466666666666667));
#9830=CARTESIAN_POINT('',(0.0169317274305556,-0.00385,0.000466666666666667));
#9831=CARTESIAN_POINT('',(0.0169317274305556,-0.00385,0.000466666666666667));
#9832=CARTESIAN_POINT('',(0.0199044487847222,0.00349156901041666,0.000466666666666667));
#9833=CARTESIAN_POINT('',(0.0199044487847222,0.00386002604166667,0.000466666666666667));
#9834=CARTESIAN_POINT('',(0.0199044487847222,0.00386002604166667,0.000466666666666667));
#9835=CARTESIAN_POINT('',(0.0199044487847222,0.00349156901041666,0.000466666666666667));
#9836=CARTESIAN_POINT('',(0.01736953125,0.00386002604166667,0.000466666666666667));
#9837=CARTESIAN_POINT('',(0.0148346137152778,0.00386002604166667,0.000466666666666667));
#9838=CARTESIAN_POINT('',(0.0148346137152778,0.00386002604166667,0.000466666666666667));
#9839=CARTESIAN_POINT('',(0.01736953125,0.00386002604166667,0.000466666666666667));
#9840=CARTESIAN_POINT('',(0.0148346137152778,0.00344310980902778,0.000466666666666667));
#9841=CARTESIAN_POINT('',(0.0148346137152778,0.00302619357638888,0.000466666666666667));
#9842=CARTESIAN_POINT('',(0.0148346137152778,0.00302619357638888,0.000466666666666667));
#9843=CARTESIAN_POINT('',(0.0148346137152778,0.00344310980902778,0.000466666666666667));
#9844=CARTESIAN_POINT('',(0.0168991427951389,0.00302619357638888,0.000466666666666667));
#9845=CARTESIAN_POINT('',(0.018963671875,0.00302619357638888,0.000466666666666667));
#9846=CARTESIAN_POINT('',(0.018963671875,0.00302619357638888,0.000466666666666667));
#9847=CARTESIAN_POINT('',(0.0168991427951389,0.00302619357638888,0.000466666666666667));
#9848=CARTESIAN_POINT('',(0.0174555881076389,-0.000411903211805553,0.000466666666666667));
#9849=CARTESIAN_POINT('',(0.0159475043402778,-0.00385,0.000466666666666667));
#9850=CARTESIAN_POINT('',(0.0159475043402778,-0.00385,0.000466666666666667));
#9851=CARTESIAN_POINT('',(0.0174555881076389,-0.000411903211805553,0.000466666666666667));
#9852=CARTESIAN_POINT('',(0.0164396158854167,-0.00385,0.000466666666666667));
#9853=CARTESIAN_POINT('',(0.0164396158854167,-0.00385,0.000466666666666667));
#9854=CARTESIAN_POINT('',(1.38777878078145E-17,3.46944695195361E-18,0.000466666666666667));
#9855=CARTESIAN_POINT('',(0.00841030595448162,-0.0160534396080057,0.000466666666666667));
#9856=CARTESIAN_POINT('',(0.00899018895189038,-0.0178381359626186,0.000466666666666667));
#9857=CARTESIAN_POINT('',(0.00899018895189038,-0.0178381359626186,0.000466666666666667));
#9858=CARTESIAN_POINT('',(0.00841030595448162,-0.0160534396080057,0.000466666666666667));
#9859=CARTESIAN_POINT('',(0.00783042295707285,-0.0142687432533929,0.000466666666666667));
#9860=CARTESIAN_POINT('',(0.00783042295707285,-0.0142687432533929,0.000466666666666667));
#9861=CARTESIAN_POINT('',(0.0093970297949722,-0.0177059453594693,0.000466666666666667));
#9862=CARTESIAN_POINT('',(0.00980387063805401,-0.01757375475632,0.000466666666666667));
#9863=CARTESIAN_POINT('',(0.00980387063805401,-0.01757375475632,0.000466666666666667));
#9864=CARTESIAN_POINT('',(0.0093970297949722,-0.0177059453594693,0.000466666666666667));
#9865=CARTESIAN_POINT('',(0.00908508423342979,-0.0153615576720626,0.000466666666666667));
#9866=CARTESIAN_POINT('',(0.00836629782880556,-0.0131493605878053,0.000466666666666667));
#9867=CARTESIAN_POINT('',(0.00836629782880556,-0.0131493605878053,0.000466666666666667));
#9868=CARTESIAN_POINT('',(0.00908508423342979,-0.0153615576720626,0.000466666666666667));
#9869=CARTESIAN_POINT('',(0.00629077384027099,-0.013823739211684,0.000466666666666667));
#9870=CARTESIAN_POINT('',(0.00421524985173641,-0.0144981178355628,0.000466666666666667));
#9871=CARTESIAN_POINT('',(0.00421524985173641,-0.0144981178355628,0.000466666666666667));
#9872=CARTESIAN_POINT('',(0.00629077384027099,-0.013823739211684,0.000466666666666667));
#9873=CARTESIAN_POINT('',(0.00435750966098496,-0.0149359485084887,0.000466666666666667));
#9874=CARTESIAN_POINT('',(0.00449992932270662,-0.0153742711567395,0.000466666666666667));
#9875=CARTESIAN_POINT('',(0.00449992932270662,-0.0153742711567395,0.000466666666666667));
#9876=CARTESIAN_POINT('',(0.00435750966098496,-0.0149359485084887,0.000466666666666667));
#9877=CARTESIAN_POINT('',(0.00440125902906871,-0.0169375133555469,0.000466666666666668));
#9878=CARTESIAN_POINT('',(0.00539673908675213,-0.0157280338354426,0.000466666666666667));
#9879=CARTESIAN_POINT('',(0.00539673908675213,-0.0157280338354426,0.000466666666666667));
#9880=CARTESIAN_POINT('',(0.00440125902906871,-0.0169375133555469,0.000466666666666667));
#9881=CARTESIAN_POINT('',(0.00596173123436263,-0.0165854796604919,0.000466666666666667));
#9882=CARTESIAN_POINT('',(0.00596173123436263,-0.0165854796604919,0.0014));
#9883=CARTESIAN_POINT('',(0.00584468747115754,-0.0162252559973466,0.000466666666666667));
#9884=CARTESIAN_POINT('',(0.00584468747115754,-0.0162252559973466,0.0014));
#9885=CARTESIAN_POINT('',(0.00565635675528737,-0.0159394407223301,0.000466666666666667));
#9886=CARTESIAN_POINT('',(0.00565635675528737,-0.0159394407223301,0.0014));
#9887=CARTESIAN_POINT('',(0.00539673908675213,-0.0157280338354426,0.000466666666666667));
#9888=CARTESIAN_POINT('',(0.00539673908675213,-0.0157280338354426,0.0014));
#9889=CARTESIAN_POINT('',(0.00596173123436263,-0.0165854796604919,0.000466666666666667));
#9890=CARTESIAN_POINT('',(0.00596173123436263,-0.0165854796604919,0.000466666666666667));
#9891=CARTESIAN_POINT('',(0.00596173123436263,-0.0165854796604919,0.000466666666666667));
#9892=CARTESIAN_POINT('',(0.00578616558955499,-0.0160451441657739,0.000466666666666667));
#9893=CARTESIAN_POINT('',(0.00539673908675213,-0.0157280338354426,0.000466666666666667));
#9894=CARTESIAN_POINT('',(0.00591932184396987,-0.0179257948190207,0.000466666666666667));
#9895=CARTESIAN_POINT('',(0.00591932184396987,-0.0179257948190207,0.0014));
#9896=CARTESIAN_POINT('',(0.00611937370571997,-0.0175609325797355,0.000466666666666667));
#9897=CARTESIAN_POINT('',(0.00611937370571997,-0.0175609325797355,0.0014));
#9898=CARTESIAN_POINT('',(0.00613351016918422,-0.0171141608602258,0.000466666666666667));
#9899=CARTESIAN_POINT('',(0.00613351016918422,-0.0171141608602258,0.0014));
#9900=CARTESIAN_POINT('',(0.00596173123436263,-0.0165854796604919,0.000466666666666667));
#9901=CARTESIAN_POINT('',(0.00596173123436263,-0.0165854796604919,0.0014));
#9902=CARTESIAN_POINT('',(0.00591932184396987,-0.0179257948190207,0.000466666666666667));
#9903=CARTESIAN_POINT('',(0.00591932184396987,-0.0179257948190207,0.000466666666666667));
#9904=CARTESIAN_POINT('',(0.00591932184396987,-0.0179257948190207,0.000466666666666667));
#9905=CARTESIAN_POINT('',(0.00621939963659502,-0.0173785014600928,0.000466666666666667));
#9906=CARTESIAN_POINT('',(0.00596173123436263,-0.0165854796604919,0.000466666666666667));
#9907=CARTESIAN_POINT('',(0.00482622225174384,-0.0187307565801811,0.000466666666666667));
#9908=CARTESIAN_POINT('',(0.00482622225174384,-0.0187307565801811,0.0014));
#9909=CARTESIAN_POINT('',(0.00535490345147777,-0.0185589776453594,0.000466666666666667));
#9910=CARTESIAN_POINT('',(0.00535490345147777,-0.0185589776453594,0.0014));
#9911=CARTESIAN_POINT('',(0.00571926998221978,-0.018290657058306,0.000466666666666667));
#9912=CARTESIAN_POINT('',(0.00571926998221978,-0.018290657058306,0.0014));
#9913=CARTESIAN_POINT('',(0.00591932184396987,-0.0179257948190207,0.000466666666666667));
#9914=CARTESIAN_POINT('',(0.00591932184396987,-0.0179257948190207,0.0014));
#9915=CARTESIAN_POINT('',(0.00482622225174384,-0.0187307565801811,0.000466666666666667));
#9916=CARTESIAN_POINT('',(0.00482622225174384,-0.0187307565801811,0.000466666666666667));
#9917=CARTESIAN_POINT('',(0.00482622225174384,-0.0187307565801811,0.000466666666666667));
#9918=CARTESIAN_POINT('',(0.00561924405134473,-0.0184730881779486,0.000466666666666667));
#9919=CARTESIAN_POINT('',(0.00591932184396987,-0.0179257948190207,0.000466666666666667));
#9920=CARTESIAN_POINT('',(0.00341788634783402,-0.0187385604805714,0.000466666666666667));
#9921=CARTESIAN_POINT('',(0.00341788634783402,-0.0187385604805714,0.0014));
#9922=CARTESIAN_POINT('',(0.00382809575070665,-0.0189051368151328,0.000466666666666667));
#9923=CARTESIAN_POINT('',(0.00382809575070665,-0.0189051368151328,0.0014));
#9924=CARTESIAN_POINT('',(0.00429754105200992,-0.0189025355150027,0.000466666666666667));
#9925=CARTESIAN_POINT('',(0.00429754105200992,-0.0189025355150027,0.0014));
#9926=CARTESIAN_POINT('',(0.00482622225174384,-0.0187307565801811,0.000466666666666667));
#9927=CARTESIAN_POINT('',(0.00482622225174384,-0.0187307565801811,0.0014));
#9928=CARTESIAN_POINT('',(0.00341788634783402,-0.0187385604805714,0.000466666666666667));
#9929=CARTESIAN_POINT('',(0.00341788634783402,-0.0187385604805714,0.000466666666666667));
#9930=CARTESIAN_POINT('',(0.00341788634783402,-0.0187385604805714,0.000466666666666667));
#9931=CARTESIAN_POINT('',(0.00403320045214296,-0.0189884249824135,0.000466666666666667));
#9932=CARTESIAN_POINT('',(0.00482622225174384,-0.0187307565801811,0.000466666666666667));
#9933=CARTESIAN_POINT('',(0.00254128925448783,-0.0176845496248254,0.000466666666666667));
#9934=CARTESIAN_POINT('',(0.00254128925448783,-0.0176845496248254,0.0014));
#9935=CARTESIAN_POINT('',(0.002715477913846,-0.0182206471940947,0.000466666666666667));
#9936=CARTESIAN_POINT('',(0.002715477913846,-0.0182206471940947,0.0014));
#9937=CARTESIAN_POINT('',(0.00300767694496139,-0.01857198414601,0.000466666666666667));
#9938=CARTESIAN_POINT('',(0.00300767694496139,-0.01857198414601,0.0014));
#9939=CARTESIAN_POINT('',(0.00341788634783402,-0.0187385604805714,0.000466666666666667));
#9940=CARTESIAN_POINT('',(0.00341788634783402,-0.0187385604805714,0.0014));
#9941=CARTESIAN_POINT('',(0.00254128925448783,-0.0176845496248254,0.000466666666666667));
#9942=CARTESIAN_POINT('',(0.00254128925448783,-0.0176845496248254,0.000466666666666667));
#9943=CARTESIAN_POINT('',(0.00254128925448783,-0.0176845496248254,0.000466666666666667));
#9944=CARTESIAN_POINT('',(0.00280257224352508,-0.0184886959787294,0.000466666666666667));
#9945=CARTESIAN_POINT('',(0.00341788634783402,-0.0187385604805714,0.000466666666666667));
#9946=CARTESIAN_POINT('',(0.00251698122283376,-0.0165012013230478,0.000466666666666667));
#9947=CARTESIAN_POINT('',(0.00251698122283376,-0.0165012013230478,0.0014));
#9948=CARTESIAN_POINT('',(0.00239238981506132,-0.016856772313763,0.000466666666666667));
#9949=CARTESIAN_POINT('',(0.00239238981506132,-0.016856772313763,0.0014));
#9950=CARTESIAN_POINT('',(0.00240049249227935,-0.0172512217476888,0.000466666666666667));
#9951=CARTESIAN_POINT('',(0.00240049249227935,-0.0172512217476888,0.0014));
#9952=CARTESIAN_POINT('',(0.00254128925448783,-0.0176845496248254,0.000466666666666667));
#9953=CARTESIAN_POINT('',(0.00254128925448783,-0.0176845496248254,0.0014));
#9954=CARTESIAN_POINT('',(0.00251698122283376,-0.0165012013230478,0.000466666666666667));
#9955=CARTESIAN_POINT('',(0.00251698122283376,-0.0165012013230478,0.000466666666666667));
#9956=CARTESIAN_POINT('',(0.00251698122283376,-0.0165012013230478,0.000466666666666667));
#9957=CARTESIAN_POINT('',(0.00233009411117511,-0.0170345578091206,0.000466666666666667));
#9958=CARTESIAN_POINT('',(0.00254128925448783,-0.0176845496248254,0.000466666666666667));
#9959=CARTESIAN_POINT('',(0.00323948648613456,-0.0156479808935293,0.000466666666666667));
#9960=CARTESIAN_POINT('',(0.00323948648613456,-0.0156479808935293,0.0014));
#9961=CARTESIAN_POINT('',(0.00288240771837313,-0.0158612235224932,0.000466666666666667));
#9962=CARTESIAN_POINT('',(0.00288240771837313,-0.0158612235224932,0.0014));
#9963=CARTESIAN_POINT('',(0.00264157263060619,-0.0161456303323327,0.000466666666666667));
#9964=CARTESIAN_POINT('',(0.00264157263060619,-0.0161456303323327,0.0014));
#9965=CARTESIAN_POINT('',(0.00251698122283376,-0.0165012013230478,0.000466666666666667));
#9966=CARTESIAN_POINT('',(0.00251698122283376,-0.0165012013230478,0.0014));
#9967=CARTESIAN_POINT('',(0.00323948648613456,-0.0156479808935293,0.000466666666666667));
#9968=CARTESIAN_POINT('',(0.00323948648613456,-0.0156479808935293,0.000466666666666667));
#9969=CARTESIAN_POINT('',(0.00323948648613456,-0.0156479808935293,0.000466666666666667));
#9970=CARTESIAN_POINT('',(0.00270386833449241,-0.0159678448369751,0.000466666666666667));
#9971=CARTESIAN_POINT('',(0.00251698122283376,-0.0165012013230478,0.000466666666666667));
#9972=CARTESIAN_POINT('',(0.00309232116622227,-0.0151950526111922,0.000466666666666667));
#9973=CARTESIAN_POINT('',(0.00294515584630999,-0.0147421243288549,0.000466666666666667));
#9974=CARTESIAN_POINT('',(0.00294515584630999,-0.0147421243288549,0.000466666666666667));
#9975=CARTESIAN_POINT('',(0.00309232116622227,-0.0151950526111922,0.000466666666666667));
#9976=CARTESIAN_POINT('',(0.00174197072245703,-0.0160221052171419,0.000466666666666667));
#9977=CARTESIAN_POINT('',(0.00174197072245703,-0.0160221052171419,0.0014));
#9978=CARTESIAN_POINT('',(0.00196481504634939,-0.0154624238522718,0.000466666666666667));
#9979=CARTESIAN_POINT('',(0.00196481504634939,-0.0154624238522718,0.0014));
#9980=CARTESIAN_POINT('',(0.00236587675430038,-0.0150357635561762,0.000466666666666667));
#9981=CARTESIAN_POINT('',(0.00236587675430038,-0.0150357635561762,0.0014));
#9982=CARTESIAN_POINT('',(0.00294515584630999,-0.0147421243288549,0.000466666666666667));
#9983=CARTESIAN_POINT('',(0.00294515584630999,-0.0147421243288549,0.0014));
#9984=CARTESIAN_POINT('',(0.00174197072245703,-0.0160221052171419,0.000466666666666667));
#9985=CARTESIAN_POINT('',(0.00174197072245703,-0.0160221052171419,0.000466666666666667));
#9986=CARTESIAN_POINT('',(0.00174197072245703,-0.0160221052171419,0.000466666666666667));
#9987=CARTESIAN_POINT('',(0.00207623720829557,-0.0151825831698368,0.000466666666666667));
#9988=CARTESIAN_POINT('',(0.00294515584630999,-0.0147421243288549,0.000466666666666667));
#9989=CARTESIAN_POINT('',(0.00175470456988536,-0.0179295844775368,0.000466666666666667));
#9990=CARTESIAN_POINT('',(0.00175470456988536,-0.0179295844775368,0.0014));
#9991=CARTESIAN_POINT('',(0.00152337101437412,-0.0172176130021436,0.000466666666666667));
#9992=CARTESIAN_POINT('',(0.00152337101437412,-0.0172176130021436,0.0014));
#9993=CARTESIAN_POINT('',(0.00151912639856468,-0.016581786582012,0.000466666666666667));
#9994=CARTESIAN_POINT('',(0.00151912639856468,-0.016581786582012,0.0014));
#9995=CARTESIAN_POINT('',(0.00174197072245703,-0.0160221052171419,0.000466666666666667));
#9996=CARTESIAN_POINT('',(0.00174197072245703,-0.0160221052171419,0.0014));
#9997=CARTESIAN_POINT('',(0.00175470456988536,-0.0179295844775368,0.000466666666666667));
#9998=CARTESIAN_POINT('',(0.00175470456988536,-0.0179295844775368,0.000466666666666667));
#9999=CARTESIAN_POINT('',(0.00175470456988536,-0.0179295844775368,0.000466666666666667));
#10000=CARTESIAN_POINT('',(0.0014077042366185,-0.0168616272644471,0.000466666666666667));
#10001=CARTESIAN_POINT('',(0.00174197072245703,-0.0160221052171419,0.000466666666666667));
#10002=CARTESIAN_POINT('',(0.00254523023036651,-0.0192188877171693,0.000466666666666667));
#10003=CARTESIAN_POINT('',(0.00254523023036651,-0.0192188877171693,0.0014));
#10004=CARTESIAN_POINT('',(0.00219894246362224,-0.0189155799392319,0.000466666666666667));
#10005=CARTESIAN_POINT('',(0.00219894246362224,-0.0189155799392319,0.0014));
#10006=CARTESIAN_POINT('',(0.00193543391012852,-0.0184858121926877,0.000466666666666667));
#10007=CARTESIAN_POINT('',(0.00193543391012852,-0.0184858121926877,0.0014));
#10008=CARTESIAN_POINT('',(0.00175470456988536,-0.0179295844775368,0.000466666666666667));
#10009=CARTESIAN_POINT('',(0.00175470456988536,-0.0179295844775368,0.0014));
#10010=CARTESIAN_POINT('',(0.00254523023036651,-0.0192188877171693,0.000466666666666667));
#10011=CARTESIAN_POINT('',(0.00254523023036651,-0.0192188877171693,0.000466666666666667));
#10012=CARTESIAN_POINT('',(0.00254523023036651,-0.0192188877171693,0.000466666666666667));
#10013=CARTESIAN_POINT('',(0.00202579858025011,-0.0187639260502632,0.000466666666666667));
#10014=CARTESIAN_POINT('',(0.00175470456988536,-0.0179295844775368,0.000466666666666667));
#10015=CARTESIAN_POINT('',(0.00400968534734182,-0.017584131825339,0.000466666666666667));
#10016=CARTESIAN_POINT('',(0.00373326524629599,-0.0197605680989397,0.000466666666666667));
#10017=CARTESIAN_POINT('',(0.00373326524629599,-0.0197605680989397,0.000466666666666667));
#10018=CARTESIAN_POINT('',(0.00400968534734182,-0.017584131825339,0.000466666666666667));
#10019=CARTESIAN_POINT('',(0.00513449997406499,-0.0196092404542265,0.000466666666666667));
#10020=CARTESIAN_POINT('',(0.00513449997406499,-0.0196092404542265,0.0014));
#10021=CARTESIAN_POINT('',(0.00464607906609437,-0.0197679380272781,0.000466666666666667));
#10022=CARTESIAN_POINT('',(0.00464607906609437,-0.0197679380272781,0.0014));
#10023=CARTESIAN_POINT('',(0.00417900082350471,-0.0198183805755158,0.000466666666666667));
#10024=CARTESIAN_POINT('',(0.00417900082350471,-0.0198183805755158,0.0014));
#10025=CARTESIAN_POINT('',(0.00373326524629599,-0.0197605680989397,0.000466666666666667));
#10026=CARTESIAN_POINT('',(0.00373326524629599,-0.0197605680989397,0.0014));
#10027=CARTESIAN_POINT('',(0.00513449997406499,-0.0196092404542265,0.000466666666666667));
#10028=CARTESIAN_POINT('',(0.00513449997406499,-0.0196092404542265,0.000466666666666667));
#10029=CARTESIAN_POINT('',(0.00513449997406499,-0.0196092404542265,0.000466666666666667));
#10030=CARTESIAN_POINT('',(0.00440186861210906,-0.0198472868138039,0.000466666666666667));
#10031=CARTESIAN_POINT('',(0.00373326524629599,-0.0197605680989397,0.000466666666666667));
#10032=CARTESIAN_POINT('',(0.00416166025541902,-0.0165559431290905,0.000466666666666667));
#10033=CARTESIAN_POINT('',(0.0062345778497836,-0.0189987953873081,0.000466666666666667));
#10034=CARTESIAN_POINT('',(0.0062345778497836,-0.0189987953873081,0.000466666666666667));
#10035=CARTESIAN_POINT('',(0.00416166025541902,-0.0165559431290905,0.000466666666666667));
#10036=CARTESIAN_POINT('',(0.00689412614218371,-0.017946405832835,0.000466666666666667));
#10037=CARTESIAN_POINT('',(0.00689412614218371,-0.017946405832835,0.0014));
#10038=CARTESIAN_POINT('',(0.00677461479980774,-0.0183752915725283,0.000466666666666667));
#10039=CARTESIAN_POINT('',(0.00677461479980774,-0.0183752915725283,0.0014));
#10040=CARTESIAN_POINT('',(0.00655476536900771,-0.018726088090686,0.000466666666666667));
#10041=CARTESIAN_POINT('',(0.00655476536900771,-0.018726088090686,0.0014));
#10042=CARTESIAN_POINT('',(0.0062345778497836,-0.0189987953873081,0.000466666666666667));
#10043=CARTESIAN_POINT('',(0.0062345778497836,-0.0189987953873081,0.0014));
#10044=CARTESIAN_POINT('',(0.00689412614218371,-0.017946405832835,0.000466666666666667));
#10045=CARTESIAN_POINT('',(0.00689412614218371,-0.017946405832835,0.000466666666666667));
#10046=CARTESIAN_POINT('',(0.00689412614218371,-0.017946405832835,0.000466666666666667));
#10047=CARTESIAN_POINT('',(0.00671485912861976,-0.018589734442375,0.000466666666666667));
#10048=CARTESIAN_POINT('',(0.0062345778497836,-0.0189987953873081,0.000466666666666667));
#10049=CARTESIAN_POINT('',(0.0067992009281216,-0.0164592003183089,0.000466666666666667));
#10050=CARTESIAN_POINT('',(0.0067992009281216,-0.0164592003183089,0.0014));
#10051=CARTESIAN_POINT('',(0.00698199574653897,-0.017021784921633,0.000466666666666667));
#10052=CARTESIAN_POINT('',(0.00698199574653897,-0.017021784921633,0.0014));
#10053=CARTESIAN_POINT('',(0.00701363748455968,-0.0175175200931417,0.000466666666666667));
#10054=CARTESIAN_POINT('',(0.00701363748455968,-0.0175175200931417,0.0014));
#10055=CARTESIAN_POINT('',(0.00689412614218371,-0.017946405832835,0.000466666666666667));
#10056=CARTESIAN_POINT('',(0.00689412614218371,-0.017946405832835,0.0014));
#10057=CARTESIAN_POINT('',(0.0067992009281216,-0.0164592003183089,0.000466666666666667));
#10058=CARTESIAN_POINT('',(0.0067992009281216,-0.0164592003183089,0.000466666666666667));
#10059=CARTESIAN_POINT('',(0.0067992009281216,-0.0164592003183089,0.000466666666666667));
#10060=CARTESIAN_POINT('',(0.00707339315574766,-0.017303077223295,0.000466666666666667));
#10061=CARTESIAN_POINT('',(0.00689412614218371,-0.017946405832835,0.000466666666666667));
#10062=CARTESIAN_POINT('',(0.00444531169264896,-0.0172009416017024,0.000466666666666667));
#10063=CARTESIAN_POINT('',(0.00626955274288347,-0.0155401960244039,0.000466666666666667));
#10064=CARTESIAN_POINT('',(0.00626955274288347,-0.0155401960244039,0.000466666666666667));
#10065=CARTESIAN_POINT('',(0.00444531169264896,-0.0172009416017024,0.000466666666666667));
#10066=CARTESIAN_POINT('',(0.00551015877387187,-0.0150226427869787,0.000466666666666667));
#10067=CARTESIAN_POINT('',(0.00551015877387187,-0.0150226427869787,0.0014));
#10068=CARTESIAN_POINT('',(0.00577795666838936,-0.0151078160429355,0.000466666666666667));
#10069=CARTESIAN_POINT('',(0.00577795666838936,-0.0151078160429355,0.0014));
#10070=CARTESIAN_POINT('',(0.00603108799139323,-0.0152803337887439,0.000466666666666667));
#10071=CARTESIAN_POINT('',(0.00603108799139323,-0.0152803337887439,0.0014));
#10072=CARTESIAN_POINT('',(0.00626955274288347,-0.0155401960244039,0.000466666666666667));
#10073=CARTESIAN_POINT('',(0.00626955274288347,-0.0155401960244039,0.0014));
#10074=CARTESIAN_POINT('',(0.00551015877387187,-0.0150226427869787,0.000466666666666667));
#10075=CARTESIAN_POINT('',(0.00551015877387187,-0.0150226427869787,0.000466666666666667));
#10076=CARTESIAN_POINT('',(0.00551015877387187,-0.0150226427869787,0.000466666666666667));
#10077=CARTESIAN_POINT('',(0.00591185561564811,-0.0151504026709139,0.000466666666666667));
#10078=CARTESIAN_POINT('',(0.00626955274288347,-0.0155401960244039,0.000466666666666667));
#10079=CARTESIAN_POINT('',(0.00667029086547236,-0.0146456930201858,0.000466666666666667));
#10080=CARTESIAN_POINT('',(0.00667029086547236,-0.0146456930201858,0.000466666666666667));
#10081=CARTESIAN_POINT('',(1.38777878078145E-17,3.46944695195361E-18,0.000466666666666667));
#10082=CARTESIAN_POINT('',(-0.00452861980200367,-0.016376437531209,0.000466666666666667));
#10083=CARTESIAN_POINT('',(-0.00452861980200367,-0.016376437531209,0.0014));
#10084=CARTESIAN_POINT('',(-0.00303595230823335,-0.01837421218407,0.0014));
#10085=CARTESIAN_POINT('',(-0.00602128729577398,-0.014378662878348,0.0014));
#10086=CARTESIAN_POINT('',(-0.00303595230823335,-0.01837421218407,0.000466666666666667));
#10087=CARTESIAN_POINT('',(-0.00303595230823335,-0.01837421218407,0.000466666666666667));
#10088=CARTESIAN_POINT('',(-0.00452861980200367,-0.016376437531209,0.000466666666666667));
#10089=CARTESIAN_POINT('',(-0.00602128729577398,-0.014378662878348,0.000466666666666667));
#10090=CARTESIAN_POINT('',(-0.00602128729577398,-0.014378662878348,0.000466666666666667));
#10091=CARTESIAN_POINT('',(-0.00497321397900184,-0.0177447577104803,0.000466666666666667));
#10092=CARTESIAN_POINT('',(-0.00497321397900184,-0.0177447577104803,0.0014));
#10093=CARTESIAN_POINT('',(-0.00691047564977033,-0.0171153032368906,0.0014));
#10094=CARTESIAN_POINT('',(-0.00691047564977033,-0.0171153032368905,0.000466666666666667));
#10095=CARTESIAN_POINT('',(-0.00691047564977033,-0.0171153032368905,0.000466666666666667));
#10096=CARTESIAN_POINT('',(-0.00497321397900184,-0.0177447577104803,0.000466666666666667));
#10097=CARTESIAN_POINT('',(-0.00612721524484429,-0.0131635403453459,0.000466666666666667));
#10098=CARTESIAN_POINT('',(-0.00647843331641101,-0.013049422676221,0.000466666666666667));
#10099=CARTESIAN_POINT('',(-0.00647843331641101,-0.013049422676221,0.000466666666666667));
#10100=CARTESIAN_POINT('',(-0.00612721524484429,-0.0131635403453459,0.000466666666666667));
#10101=CARTESIAN_POINT('',(-0.00577599717327756,-0.0132776580144709,0.000466666666666667));
#10102=CARTESIAN_POINT('',(-0.00577599717327756,-0.0132776580144709,0.000466666666666667));
#10103=CARTESIAN_POINT('',(-0.00708981485597645,-0.0149310615754744,0.000466666666666667));
#10104=CARTESIAN_POINT('',(-0.00770119639554188,-0.0168127004747278,0.000466666666666667));
#10105=CARTESIAN_POINT('',(-0.00770119639554188,-0.0168127004747278,0.000466666666666667));
#10106=CARTESIAN_POINT('',(-0.00708981485597645,-0.0149310615754744,0.000466666666666667));
#10107=CARTESIAN_POINT('',(-0.00851964574783538,-0.0165467701597986,0.000466666666666667));
#10108=CARTESIAN_POINT('',(-0.00933809510012887,-0.0162808398448693,0.000466666666666667));
#10109=CARTESIAN_POINT('',(-0.00933809510012887,-0.0162808398448693,0.000466666666666667));
#10110=CARTESIAN_POINT('',(-0.00851964574783538,-0.0165467701597986,0.000466666666666667));
#10111=CARTESIAN_POINT('',(-0.00948680952867182,-0.0167385357933363,0.000466666666666667));
#10112=CARTESIAN_POINT('',(-0.00963552395721476,-0.0171962317418034,0.000466666666666667));
#10113=CARTESIAN_POINT('',(-0.00963552395721476,-0.0171962317418034,0.000466666666666667));
#10114=CARTESIAN_POINT('',(-0.00948680952867182,-0.0167385357933363,0.000466666666666667));
#10115=CARTESIAN_POINT('',(-0.00881707460492127,-0.0174621620567326,0.000466666666666667));
#10116=CARTESIAN_POINT('',(-0.00799862525262777,-0.0177280923716619,0.000466666666666667));
#10117=CARTESIAN_POINT('',(-0.00799862525262777,-0.0177280923716619,0.000466666666666667));
#10118=CARTESIAN_POINT('',(-0.00881707460492127,-0.0174621620567326,0.000466666666666667));
#10119=CARTESIAN_POINT('',(-0.00816386350656437,-0.0182366434255142,0.000466666666666667));
#10120=CARTESIAN_POINT('',(-0.00832910176050098,-0.0187451944793664,0.000466666666666667));
#10121=CARTESIAN_POINT('',(-0.00832910176050098,-0.0187451944793664,0.000466666666666667));
#10122=CARTESIAN_POINT('',(-0.00816386350656437,-0.0182366434255142,0.000466666666666667));
#10123=CARTESIAN_POINT('',(-0.00792702858354903,-0.018875835973885,0.000466666666666667));
#10124=CARTESIAN_POINT('',(-0.00752495540659708,-0.0190064774684036,0.000466666666666667));
#10125=CARTESIAN_POINT('',(-0.00752495540659708,-0.0190064774684036,0.000466666666666667));
#10126=CARTESIAN_POINT('',(-0.00792702858354903,-0.018875835973885,0.000466666666666667));
#10127=CARTESIAN_POINT('',(-0.00735971715266047,-0.0184979264145514,0.000466666666666667));
#10128=CARTESIAN_POINT('',(-0.00719447889872387,-0.0179893753606991,0.000466666666666667));
#10129=CARTESIAN_POINT('',(-0.00719447889872387,-0.0179893753606991,0.000466666666666667));
#10130=CARTESIAN_POINT('',(-0.00735971715266047,-0.0184979264145514,0.000466666666666667));
#10131=CARTESIAN_POINT('',(-0.00477409372679572,-0.0187758061755286,0.000466666666666667));
#10132=CARTESIAN_POINT('',(-0.00235370855486758,-0.0195622369903581,0.000466666666666667));
#10133=CARTESIAN_POINT('',(-0.00235370855486758,-0.0195622369903581,0.000466666666666667));
#10134=CARTESIAN_POINT('',(-0.00477409372679572,-0.0187758061755286,0.000466666666666667));
#10135=CARTESIAN_POINT('',(-0.00217349558416797,-0.0190075984972506,0.000466666666666667));
#10136=CARTESIAN_POINT('',(-0.00199328261346836,-0.0184529600041429,0.000466666666666667));
#10137=CARTESIAN_POINT('',(-0.00199328261346836,-0.0184529600041429,0.000466666666666667));
#10138=CARTESIAN_POINT('',(-0.00217349558416797,-0.0190075984972506,0.000466666666666667));
#10139=CARTESIAN_POINT('',(-0.00388463989337297,-0.0158653090093069,0.000466666666666667));
#10140=CARTESIAN_POINT('',(-0.00388463989337297,-0.0158653090093069,0.000466666666666667));
#10141=CARTESIAN_POINT('',(-0.00646588147277215,-0.0157469830576192,0.000466666666666667));
#10142=CARTESIAN_POINT('',(-0.00646588147277215,-0.0157469830576192,0.0014));
#10143=CARTESIAN_POINT('',(-0.00646588147277215,-0.0157469830576192,0.000466666666666667));
#10144=CARTESIAN_POINT('',(1.38777878078145E-17,3.46944695195361E-18,0.000466666666666667));
#10145=CARTESIAN_POINT('',(0.00564190157435602,0.0166718286096823,0.000466666666666667));
#10146=CARTESIAN_POINT('',(0.00564190157435602,0.0166718286096823,0.0014));
#10147=CARTESIAN_POINT('',(0.00578958326381186,0.0171263461140628,0.000466666666666667));
#10148=CARTESIAN_POINT('',(0.00578958326381186,0.0171263461140628,0.0014));
#10149=CARTESIAN_POINT('',(0.00577011183253435,0.0175449822581588,0.000466666666666667));
#10150=CARTESIAN_POINT('',(0.00577011183253435,0.0175449822581588,0.0014));
#10151=CARTESIAN_POINT('',(0.00558348728052349,0.0179277370419703,0.000466666666666667));
#10152=CARTESIAN_POINT('',(0.00558348728052349,0.0179277370419703,0.0014));
#10153=CARTESIAN_POINT('',(0.00564190157435602,0.0166718286096823,0.0014));
#10154=CARTESIAN_POINT('',(0.00586342410853978,0.017353604866253,0.0014));
#10155=CARTESIAN_POINT('',(0.00558348728052349,0.0179277370419703,0.0014));
#10156=CARTESIAN_POINT('',(0.00564190157435602,0.0166718286096823,0.0014));
#10157=CARTESIAN_POINT('',(0.00558348728052349,0.0179277370419703,0.0014));
#10158=CARTESIAN_POINT('',(0.00564190157435602,0.0166718286096823,0.000466666666666667));
#10159=CARTESIAN_POINT('',(0.00564190157435602,0.0166718286096823,0.000466666666666667));
#10160=CARTESIAN_POINT('',(0.00564190157435602,0.0166718286096823,0.000466666666666667));
#10161=CARTESIAN_POINT('',(0.00586342410853978,0.017353604866253,0.000466666666666667));
#10162=CARTESIAN_POINT('',(0.00558348728052349,0.0179277370419703,0.000466666666666667));
#10163=CARTESIAN_POINT('',(0.00558348728052349,0.0179277370419703,0.000466666666666667));
#10164=CARTESIAN_POINT('',(0.00558348728052349,0.0179277370419703,0.000466666666666667));
#10165=CARTESIAN_POINT('',(0.00480132016175559,0.0156069940502281,0.000466666666666667));
#10166=CARTESIAN_POINT('',(0.00480132016175559,0.0156069940502281,0.0014));
#10167=CARTESIAN_POINT('',(0.00518992883533428,0.015788202556797,0.000466666666666667));
#10168=CARTESIAN_POINT('',(0.00518992883533428,0.015788202556797,0.0014));
#10169=CARTESIAN_POINT('',(0.00547012263953442,0.0161431474099484,0.000466666666666667));
#10170=CARTESIAN_POINT('',(0.00547012263953442,0.0161431474099484,0.0014));
#10171=CARTESIAN_POINT('',(0.00564190157435602,0.0166718286096823,0.000466666666666667));
#10172=CARTESIAN_POINT('',(0.00564190157435602,0.0166718286096823,0.0014));
#10173=CARTESIAN_POINT('',(0.00480132016175559,0.0156069940502281,0.0014));
#10174=CARTESIAN_POINT('',(0.00538423317212362,0.0158788068100814,0.0014));
#10175=CARTESIAN_POINT('',(0.00564190157435602,0.0166718286096823,0.0014));
#10176=CARTESIAN_POINT('',(0.00480132016175559,0.0156069940502281,0.0014));
#10177=CARTESIAN_POINT('',(0.00480132016175559,0.0156069940502281,0.000466666666666667));
#10178=CARTESIAN_POINT('',(0.00480132016175559,0.0156069940502281,0.000466666666666667));
#10179=CARTESIAN_POINT('',(0.00480132016175559,0.0156069940502281,0.000466666666666667));
#10180=CARTESIAN_POINT('',(0.00538423317212362,0.0158788068100814,0.000466666666666667));
#10181=CARTESIAN_POINT('',(0.00564190157435602,0.0166718286096823,0.000466666666666667));
#10182=CARTESIAN_POINT('',(0.0034762404571719,0.0155763258672135,0.000466666666666667));
#10183=CARTESIAN_POINT('',(0.0034762404571719,0.0155763258672135,0.0014));
#10184=CARTESIAN_POINT('',(0.00397101825331566,0.0154155628159877,0.000466666666666667));
#10185=CARTESIAN_POINT('',(0.00397101825331566,0.0154155628159877,0.0014));
#10186=CARTESIAN_POINT('',(0.00441271148817689,0.0154257855436592,0.000466666666666667));
#10187=CARTESIAN_POINT('',(0.00441271148817689,0.0154257855436592,0.0014));
#10188=CARTESIAN_POINT('',(0.00480132016175559,0.0156069940502281,0.000466666666666667));
#10189=CARTESIAN_POINT('',(0.00480132016175559,0.0156069940502281,0.0014));
#10190=CARTESIAN_POINT('',(0.0034762404571719,0.0155763258672135,0.0014));
#10191=CARTESIAN_POINT('',(0.00421840715138754,0.0153351812903748,0.0014));
#10192=CARTESIAN_POINT('',(0.00480132016175559,0.0156069940502281,0.0014));
#10193=CARTESIAN_POINT('',(0.0034762404571719,0.0155763258672135,0.0014));
#10194=CARTESIAN_POINT('',(0.0034762404571719,0.0155763258672135,0.000466666666666667));
#10195=CARTESIAN_POINT('',(0.0034762404571719,0.0155763258672135,0.000466666666666667));
#10196=CARTESIAN_POINT('',(0.0034762404571719,0.0155763258672135,0.000466666666666667));
#10197=CARTESIAN_POINT('',(0.00421840715138754,0.0153351812903748,0.000466666666666667));
#10198=CARTESIAN_POINT('',(0.00480132016175559,0.0156069940502281,0.000466666666666667));
#10199=CARTESIAN_POINT('',(0.00243333920384333,0.0163816687057939,0.000466666666666667));
#10200=CARTESIAN_POINT('',(0.00243333920384333,0.0163816687057939,0.0014));
#10201=CARTESIAN_POINT('',(0.00264018579809175,0.0160034710531252,0.000466666666666667));
#10202=CARTESIAN_POINT('',(0.00264018579809175,0.0160034710531252,0.0014));
#10203=CARTESIAN_POINT('',(0.00298781954920128,0.0157350234402651,0.000466666666666667));
#10204=CARTESIAN_POINT('',(0.00298781954920128,0.0157350234402651,0.0014));
#10205=CARTESIAN_POINT('',(0.0034762404571719,0.0155763258672135,0.000466666666666667));
#10206=CARTESIAN_POINT('',(0.0034762404571719,0.0155763258672135,0.0014));
#10207=CARTESIAN_POINT('',(0.00243333920384333,0.0163816687057939,0.0014));
#10208=CARTESIAN_POINT('',(0.00274360909521597,0.0158143722267909,0.0014));
#10209=CARTESIAN_POINT('',(0.0034762404571719,0.0155763258672135,0.0014));
#10210=CARTESIAN_POINT('',(0.00243333920384333,0.0163816687057939,0.0014));
#10211=CARTESIAN_POINT('',(0.00243333920384333,0.0163816687057939,0.000466666666666667));
#10212=CARTESIAN_POINT('',(0.00243333920384333,0.0163816687057939,0.000466666666666667));
#10213=CARTESIAN_POINT('',(0.00243333920384333,0.0163816687057939,0.000466666666666667));
#10214=CARTESIAN_POINT('',(0.00274360909521597,0.0158143722267909,0.000466666666666667));
#10215=CARTESIAN_POINT('',(0.0034762404571719,0.0155763258672135,0.000466666666666667));
#10216=CARTESIAN_POINT('',(0.00235440286798193,0.0176609366601899,0.000466666666666667));
#10217=CARTESIAN_POINT('',(0.00235440286798193,0.0176609366601899,0.0014));
#10218=CARTESIAN_POINT('',(0.0022001804976411,0.0171862890099278,0.000466666666666667));
#10219=CARTESIAN_POINT('',(0.0022001804976411,0.0171862890099278,0.0014));
#10220=CARTESIAN_POINT('',(0.0022264926095949,0.0167598663584624,0.000466666666666667));
#10221=CARTESIAN_POINT('',(0.0022264926095949,0.0167598663584624,0.0014));
#10222=CARTESIAN_POINT('',(0.00243333920384333,0.0163816687057939,0.000466666666666667));
#10223=CARTESIAN_POINT('',(0.00243333920384333,0.0163816687057939,0.0014));
#10224=CARTESIAN_POINT('',(0.00235440286798193,0.0176609366601899,0.0014));
#10225=CARTESIAN_POINT('',(0.00212306931247069,0.0169489651847968,0.0014));
#10226=CARTESIAN_POINT('',(0.00243333920384333,0.0163816687057939,0.0014));
#10227=CARTESIAN_POINT('',(0.00235440286798193,0.0176609366601899,0.0014));
#10228=CARTESIAN_POINT('',(0.00235440286798193,0.0176609366601899,0.000466666666666667));
#10229=CARTESIAN_POINT('',(0.00235440286798193,0.0176609366601899,0.000466666666666667));
#10230=CARTESIAN_POINT('',(0.00235440286798193,0.0176609366601899,0.000466666666666667));
#10231=CARTESIAN_POINT('',(0.00212306931247069,0.0169489651847968,0.000466666666666667));
#10232=CARTESIAN_POINT('',(0.00243333920384333,0.0163816687057939,0.000466666666666667));
#10233=CARTESIAN_POINT('',(0.00321175133886216,0.01870978126809,0.000466666666666667));
#10234=CARTESIAN_POINT('',(0.00321175133886216,0.01870978126809,0.0014));
#10235=CARTESIAN_POINT('',(0.00280783367008185,0.0185265189528776,0.000466666666666667));
#10236=CARTESIAN_POINT('',(0.00280783367008185,0.0185265189528776,0.0014));
#10237=CARTESIAN_POINT('',(0.00252205084645511,0.0181769040835775,0.000466666666666667));
#10238=CARTESIAN_POINT('',(0.00252205084645511,0.0181769040835775,0.0014));
#10239=CARTESIAN_POINT('',(0.00235440286798193,0.0176609366601899,0.000466666666666667));
#10240=CARTESIAN_POINT('',(0.00235440286798193,0.0176609366601899,0.0014));
#10241=CARTESIAN_POINT('',(0.00321175133886216,0.01870978126809,0.0014));
#10242=CARTESIAN_POINT('',(0.0026058748356917,0.0184348877952713,0.0014));
#10243=CARTESIAN_POINT('',(0.00235440286798193,0.0176609366601899,0.0014));
#10244=CARTESIAN_POINT('',(0.00321175133886216,0.01870978126809,0.0014));
#10245=CARTESIAN_POINT('',(0.00321175133886216,0.01870978126809,0.000466666666666667));
#10246=CARTESIAN_POINT('',(0.00321175133886216,0.01870978126809,0.000466666666666667));
#10247=CARTESIAN_POINT('',(0.00321175133886216,0.01870978126809,0.000466666666666667));
#10248=CARTESIAN_POINT('',(0.0026058748356917,0.0184348877952713,0.000466666666666667));
#10249=CARTESIAN_POINT('',(0.00235440286798193,0.0176609366601899,0.000466666666666667));
#10250=CARTESIAN_POINT('',(0.00458045442281101,0.0187368173600038,0.000466666666666667));
#10251=CARTESIAN_POINT('',(0.00458045442281101,0.0187368173600038,0.0014));
#10252=CARTESIAN_POINT('',(0.00407190336895874,0.0189020556139404,0.000466666666666667));
#10253=CARTESIAN_POINT('',(0.00407190336895874,0.0189020556139404,0.0014));
#10254=CARTESIAN_POINT('',(0.00361566900764246,0.0188930435833024,0.000466666666666667));
#10255=CARTESIAN_POINT('',(0.00361566900764246,0.0188930435833024,0.0014));
#10256=CARTESIAN_POINT('',(0.00321175133886216,0.01870978126809,0.000466666666666667));
#10257=CARTESIAN_POINT('',(0.00321175133886216,0.01870978126809,0.0014));
#10258=CARTESIAN_POINT('',(0.00458045442281101,0.0187368173600038,0.0014));
#10259=CARTESIAN_POINT('',(0.00381762784203261,0.0189846747409087,0.0014));
#10260=CARTESIAN_POINT('',(0.00321175133886216,0.01870978126809,0.0014));
#10261=CARTESIAN_POINT('',(0.00458045442281101,0.0187368173600038,0.0014));
#10262=CARTESIAN_POINT('',(0.00458045442281101,0.0187368173600038,0.000466666666666667));
#10263=CARTESIAN_POINT('',(0.00458045442281101,0.0187368173600038,0.000466666666666667));
#10264=CARTESIAN_POINT('',(0.00458045442281101,0.0187368173600038,0.000466666666666667));
#10265=CARTESIAN_POINT('',(0.00381762784203261,0.0189846747409087,0.000466666666666667));
#10266=CARTESIAN_POINT('',(0.00321175133886216,0.01870978126809,0.000466666666666667));
#10267=CARTESIAN_POINT('',(0.00666046963450352,0.0147560611729588,0.000466666666666667));
#10268=CARTESIAN_POINT('',(0.00666046963450352,0.0147560611729588,0.0014));
#10269=CARTESIAN_POINT('',(0.00706921209889523,0.0146982180578748,0.000466666666666667));
#10270=CARTESIAN_POINT('',(0.00706921209889523,0.0146982180578748,0.0014));
#10271=CARTESIAN_POINT('',(0.00741892761909512,0.0147588244979037,0.000466666666666667));
#10272=CARTESIAN_POINT('',(0.00741892761909512,0.0147588244979037,0.0014));
#10273=CARTESIAN_POINT('',(0.00770961619510319,0.0149378804930456,0.000466666666666667));
#10274=CARTESIAN_POINT('',(0.00770961619510319,0.0149378804930456,0.0014));
#10275=CARTESIAN_POINT('',(0.00666046963450352,0.0147560611729588,0.000466666666666667));
#10276=CARTESIAN_POINT('',(0.00666046963450352,0.0147560611729588,0.000466666666666667));
#10277=CARTESIAN_POINT('',(0.00666046963450352,0.0147560611729588,0.000466666666666667));
#10278=CARTESIAN_POINT('',(0.00727358333109109,0.0146692965003328,0.000466666666666667));
#10279=CARTESIAN_POINT('',(0.00770961619510319,0.0149378804930456,0.000466666666666667));
#10280=CARTESIAN_POINT('',(0.00770961619510319,0.0149378804930456,0.000466666666666667));
#10281=CARTESIAN_POINT('',(0.00770961619510319,0.0149378804930456,0.000466666666666667));
#10282=CARTESIAN_POINT('',(0.00652156622728807,0.0143285604433142,0.000466666666666667));
#10283=CARTESIAN_POINT('',(0.00638266282007261,0.0139010597136696,0.000466666666666667));
#10284=CARTESIAN_POINT('',(0.00638266282007261,0.0139010597136696,0.000466666666666667));
#10285=CARTESIAN_POINT('',(0.00652156622728807,0.0143285604433142,0.000466666666666667));
#10286=CARTESIAN_POINT('',(0.00802141550097655,0.0140995089726551,0.000466666666666667));
#10287=CARTESIAN_POINT('',(0.00802141550097655,0.0140995089726551,0.0014));
#10288=CARTESIAN_POINT('',(0.00752282813922059,0.0138339729950084,0.000466666666666667));
#10289=CARTESIAN_POINT('',(0.00752282813922059,0.0138339729950084,0.0014));
#10290=CARTESIAN_POINT('',(0.00697657724558594,0.0137678232420133,0.000466666666666667));
#10291=CARTESIAN_POINT('',(0.00697657724558594,0.0137678232420133,0.0014));
#10292=CARTESIAN_POINT('',(0.00638266282007261,0.0139010597136696,0.000466666666666667));
#10293=CARTESIAN_POINT('',(0.00638266282007261,0.0139010597136696,0.0014));
#10294=CARTESIAN_POINT('',(0.00802141550097655,0.0140995089726551,0.000466666666666667));
#10295=CARTESIAN_POINT('',(0.00802141550097655,0.0140995089726551,0.000466666666666667));
#10296=CARTESIAN_POINT('',(0.00802141550097655,0.0140995089726551,0.000466666666666667));
#10297=CARTESIAN_POINT('',(0.00727353445834261,0.0137012050061851,0.000466666666666667));
#10298=CARTESIAN_POINT('',(0.00638266282007261,0.0139010597136696,0.000466666666666667));
#10299=CARTESIAN_POINT('',(0.00910648585554986,0.0155355749333924,0.000466666666666667));
#10300=CARTESIAN_POINT('',(0.00910648585554986,0.0155355749333924,0.0014));
#10301=CARTESIAN_POINT('',(0.00888169298092361,0.0148437336038808,0.000466666666666667));
#10302=CARTESIAN_POINT('',(0.00888169298092361,0.0148437336038808,0.0014));
#10303=CARTESIAN_POINT('',(0.0085200028627325,0.0143650449503018,0.000466666666666667));
#10304=CARTESIAN_POINT('',(0.0085200028627325,0.0143650449503018,0.0014));
#10305=CARTESIAN_POINT('',(0.00802141550097655,0.0140995089726551,0.000466666666666667));
#10306=CARTESIAN_POINT('',(0.00802141550097655,0.0140995089726551,0.0014));
#10307=CARTESIAN_POINT('',(0.00910648585554986,0.0155355749333924,0.000466666666666667));
#10308=CARTESIAN_POINT('',(0.00910648585554986,0.0155355749333924,0.000466666666666667));
#10309=CARTESIAN_POINT('',(0.00910648585554986,0.0155355749333924,0.000466666666666667));
#10310=CARTESIAN_POINT('',(0.00876929654361048,0.0144978129391251,0.000466666666666667));
#10311=CARTESIAN_POINT('',(0.00802141550097655,0.0140995089726551,0.000466666666666667));
#10312=CARTESIAN_POINT('',(0.00915354624072546,0.017167472223452,0.000466666666666667));
#10313=CARTESIAN_POINT('',(0.00915354624072546,0.017167472223452,0.0014));
#10314=CARTESIAN_POINT('',(0.00932699923621731,0.0167099321072499,0.000466666666666667));
#10315=CARTESIAN_POINT('',(0.00932699923621731,0.0167099321072499,0.0014));
#10316=CARTESIAN_POINT('',(0.00931131244115878,0.0161659663438967,0.000466666666666667));
#10317=CARTESIAN_POINT('',(0.00931131244115878,0.0161659663438967,0.0014));
#10318=CARTESIAN_POINT('',(0.00910648585554986,0.0155355749333924,0.000466666666666667));
#10319=CARTESIAN_POINT('',(0.00910648585554986,0.0155355749333924,0.0014));
#10320=CARTESIAN_POINT('',(0.00915354624072546,0.017167472223452,0.000466666666666667));
#10321=CARTESIAN_POINT('',(0.00915354624072546,0.017167472223452,0.000466666666666667));
#10322=CARTESIAN_POINT('',(0.00915354624072546,0.017167472223452,0.000466666666666667));
#10323=CARTESIAN_POINT('',(0.00941372573396324,0.0164811620491489,0.000466666666666667));
#10324=CARTESIAN_POINT('',(0.00910648585554986,0.0155355749333924,0.000466666666666667));
#10325=CARTESIAN_POINT('',(0.00813338238903278,0.0183537243823532,0.000466666666666667));
#10326=CARTESIAN_POINT('',(0.00813338238903278,0.0183537243823532,0.0014));
#10327=CARTESIAN_POINT('',(0.00864003862800272,0.0180204297259544,0.000466666666666667));
#10328=CARTESIAN_POINT('',(0.00864003862800272,0.0180204297259544,0.0014));
#10329=CARTESIAN_POINT('',(0.00898009324523361,0.017625012339654,0.000466666666666667));
#10330=CARTESIAN_POINT('',(0.00898009324523361,0.017625012339654,0.0014));
#10331=CARTESIAN_POINT('',(0.00915354624072546,0.017167472223452,0.000466666666666667));
#10332=CARTESIAN_POINT('',(0.00915354624072546,0.017167472223452,0.0014));
#10333=CARTESIAN_POINT('',(0.00813338238903278,0.0183537243823532,0.000466666666666667));
#10334=CARTESIAN_POINT('',(0.00813338238903278,0.0183537243823532,0.000466666666666667));
#10335=CARTESIAN_POINT('',(0.00813338238903278,0.0183537243823532,0.000466666666666667));
#10336=CARTESIAN_POINT('',(0.00889336674748769,0.017853782397755,0.000466666666666667));
#10337=CARTESIAN_POINT('',(0.00915354624072546,0.017167472223452,0.000466666666666667));
#10338=CARTESIAN_POINT('',(0.00609248506368748,0.0192698602190543,0.000466666666666667));
#10339=CARTESIAN_POINT('',(0.00609248506368748,0.0192698602190543,0.0014));
#10340=CARTESIAN_POINT('',(0.00694642704161441,0.0189923976509858,0.000466666666666667));
#10341=CARTESIAN_POINT('',(0.00694642704161441,0.0189923976509858,0.0014));
#10342=CARTESIAN_POINT('',(0.00762672615006285,0.0186870190387521,0.000466666666666667));
#10343=CARTESIAN_POINT('',(0.00762672615006285,0.0186870190387521,0.0014));
#10344=CARTESIAN_POINT('',(0.00813338238903278,0.0183537243823532,0.000466666666666667));
#10345=CARTESIAN_POINT('',(0.00813338238903278,0.0183537243823532,0.0014));
#10346=CARTESIAN_POINT('',(0.00609248506368748,0.0192698602190543,0.000466666666666667));
#10347=CARTESIAN_POINT('',(0.00609248506368748,0.0192698602190543,0.000466666666666667));
#10348=CARTESIAN_POINT('',(0.00609248506368748,0.0192698602190543,0.000466666666666667));
#10349=CARTESIAN_POINT('',(0.00737339803057788,0.0188536663669515,0.000466666666666667));
#10350=CARTESIAN_POINT('',(0.00813338238903278,0.0183537243823532,0.000466666666666667));
#10351=CARTESIAN_POINT('',(0.00314905365483807,0.0195902048126747,0.000466666666666667));
#10352=CARTESIAN_POINT('',(0.00314905365483807,0.0195902048126747,0.0014));
#10353=CARTESIAN_POINT('',(0.00389081873149223,0.019773213559709,0.000466666666666667));
#10354=CARTESIAN_POINT('',(0.00389081873149223,0.019773213559709,0.0014));
#10355=CARTESIAN_POINT('',(0.00487196253444203,0.0196664320285022,0.000466666666666667));
#10356=CARTESIAN_POINT('',(0.00487196253444203,0.0196664320285022,0.0014));
#10357=CARTESIAN_POINT('',(0.00609248506368748,0.0192698602190543,0.000466666666666667));
#10358=CARTESIAN_POINT('',(0.00609248506368748,0.0192698602190543,0.0014));
#10359=CARTESIAN_POINT('',(0.00314905365483807,0.0195902048126747,0.000466666666666667));
#10360=CARTESIAN_POINT('',(0.00314905365483807,0.0195902048126747,0.000466666666666667));
#10361=CARTESIAN_POINT('',(0.00314905365483807,0.0195902048126747,0.000466666666666667));
#10362=CARTESIAN_POINT('',(0.00426170126981931,0.0198647179332261,0.000466666666666667));
#10363=CARTESIAN_POINT('',(0.00609248506368748,0.0192698602190543,0.000466666666666667));
#10364=CARTESIAN_POINT('',(0.00157373892883434,0.017891748741337,0.000466666666666667));
#10365=CARTESIAN_POINT('',(0.00157373892883434,0.017891748741337,0.0014));
#10366=CARTESIAN_POINT('',(0.00188218366951599,0.0188410440418612,0.000466666666666667));
#10367=CARTESIAN_POINT('',(0.00188218366951599,0.0188410440418612,0.0014));
#10368=CARTESIAN_POINT('',(0.00240728857818391,0.0194071960656404,0.000466666666666667));
#10369=CARTESIAN_POINT('',(0.00240728857818391,0.0194071960656404,0.0014));
#10370=CARTESIAN_POINT('',(0.00314905365483807,0.0195902048126747,0.000466666666666667));
#10371=CARTESIAN_POINT('',(0.00314905365483807,0.0195902048126747,0.0014));
#10372=CARTESIAN_POINT('',(0.00157373892883434,0.017891748741337,0.000466666666666667));
#10373=CARTESIAN_POINT('',(0.00157373892883434,0.017891748741337,0.000466666666666667));
#10374=CARTESIAN_POINT('',(0.00157373892883434,0.017891748741337,0.000466666666666667));
#10375=CARTESIAN_POINT('',(0.00203640603985683,0.0193156916921233,0.000466666666666667));
#10376=CARTESIAN_POINT('',(0.00314905365483807,0.0195902048126747,0.000466666666666667));
#10377=CARTESIAN_POINT('',(0.00165898546995437,0.0158856676970743,0.000466666666666667));
#10378=CARTESIAN_POINT('',(0.00165898546995437,0.0158856676970743,0.0014));
#10379=CARTESIAN_POINT('',(0.0013511988443748,0.0164506931468779,0.000466666666666667));
#10380=CARTESIAN_POINT('',(0.0013511988443748,0.0164506931468779,0.0014));
#10381=CARTESIAN_POINT('',(0.00132278333066812,0.0171193868282988,0.000466666666666667));
#10382=CARTESIAN_POINT('',(0.00132278333066812,0.0171193868282988,0.0014));
#10383=CARTESIAN_POINT('',(0.00157373892883434,0.017891748741337,0.000466666666666667));
#10384=CARTESIAN_POINT('',(0.00157373892883434,0.017891748741337,0.0014));
#10385=CARTESIAN_POINT('',(0.00165898546995437,0.0158856676970743,0.000466666666666667));
#10386=CARTESIAN_POINT('',(0.00165898546995437,0.0158856676970743,0.000466666666666667));
#10387=CARTESIAN_POINT('',(0.00165898546995437,0.0158856676970743,0.000466666666666667));
#10388=CARTESIAN_POINT('',(0.00119730553158501,0.0167332058717798,0.000466666666666667));
#10389=CARTESIAN_POINT('',(0.00157373892883434,0.017891748741337,0.000466666666666667));
#10390=CARTESIAN_POINT('',(0.00320769328593295,0.0146849327545793,0.000466666666666667));
#10391=CARTESIAN_POINT('',(0.00320769328593295,0.0146849327545793,0.0014));
#10392=CARTESIAN_POINT('',(0.00248300803419347,0.0149203972664389,0.000466666666666667));
#10393=CARTESIAN_POINT('',(0.00248300803419347,0.0149203972664389,0.0014));
#10394=CARTESIAN_POINT('',(0.00196677209553394,0.0153206422472706,0.000466666666666667));
#10395=CARTESIAN_POINT('',(0.00196677209553394,0.0153206422472706,0.0014));
#10396=CARTESIAN_POINT('',(0.00165898546995437,0.0158856676970743,0.000466666666666667));
#10397=CARTESIAN_POINT('',(0.00165898546995437,0.0158856676970743,0.0014));
#10398=CARTESIAN_POINT('',(0.00320769328593295,0.0146849327545793,0.000466666666666667));
#10399=CARTESIAN_POINT('',(0.00320769328593295,0.0146849327545793,0.000466666666666667));
#10400=CARTESIAN_POINT('',(0.00320769328593295,0.0146849327545793,0.000466666666666667));
#10401=CARTESIAN_POINT('',(0.00212066540832373,0.0150381295223687,0.000466666666666667));
#10402=CARTESIAN_POINT('',(0.00165898546995437,0.0158856676970743,0.000466666666666667));
#10403=CARTESIAN_POINT('',(0.00460920370276971,0.0145668985459499,0.000466666666666667));
#10404=CARTESIAN_POINT('',(0.00460920370276971,0.0145668985459499,0.0014));
#10405=CARTESIAN_POINT('',(0.00418341447873081,0.0144803497644329,0.000466666666666667));
#10406=CARTESIAN_POINT('',(0.00418341447873081,0.0144803497644329,0.0014));
#10407=CARTESIAN_POINT('',(0.00371624433978522,0.0145196945006427,0.000466666666666667));
#10408=CARTESIAN_POINT('',(0.00371624433978522,0.0145196945006427,0.0014));
#10409=CARTESIAN_POINT('',(0.00320769328593295,0.0146849327545793,0.000466666666666667));
#10410=CARTESIAN_POINT('',(0.00320769328593295,0.0146849327545793,0.0014));
#10411=CARTESIAN_POINT('',(0.00460920370276971,0.0145668985459499,0.000466666666666667));
#10412=CARTESIAN_POINT('',(0.00460920370276971,0.0145668985459499,0.000466666666666667));
#10413=CARTESIAN_POINT('',(0.00460920370276971,0.0145668985459499,0.000466666666666667));
#10414=CARTESIAN_POINT('',(0.00397051986671136,0.0144370753736744,0.000466666666666667));
#10415=CARTESIAN_POINT('',(0.00320769328593295,0.0146849327545793,0.000466666666666667));
#10416=CARTESIAN_POINT('',(0.00420737067916169,0.0166630657760412,0.000466666666666668));
#10417=CARTESIAN_POINT('',(0.00570109078508025,0.0151398192851051,0.000466666666666667));
#10418=CARTESIAN_POINT('',(0.00570109078508025,0.0151398192851051,0.000466666666666667));
#10419=CARTESIAN_POINT('',(0.00420737067916169,0.0166630657760412,0.000466666666666667));
#10420=CARTESIAN_POINT('',(0.00637581656551619,0.0162646931085556,0.000466666666666667));
#10421=CARTESIAN_POINT('',(0.00637581656551619,0.0162646931085556,0.0014));
#10422=CARTESIAN_POINT('',(0.00622813487606035,0.0158101756041751,0.000466666666666667));
#10423=CARTESIAN_POINT('',(0.00622813487606035,0.0158101756041751,0.0014));
#10424=CARTESIAN_POINT('',(0.0060032262825817,0.0154352176630249,0.000466666666666667));
#10425=CARTESIAN_POINT('',(0.0060032262825817,0.0154352176630249,0.0014));
#10426=CARTESIAN_POINT('',(0.00570109078508025,0.0151398192851051,0.000466666666666667));
#10427=CARTESIAN_POINT('',(0.00570109078508025,0.0151398192851051,0.0014));
#10428=CARTESIAN_POINT('',(0.00637581656551619,0.0162646931085556,0.000466666666666667));
#10429=CARTESIAN_POINT('',(0.00637581656551619,0.0162646931085556,0.000466666666666667));
#10430=CARTESIAN_POINT('',(0.00637581656551619,0.0162646931085556,0.000466666666666667));
#10431=CARTESIAN_POINT('',(0.00615429403133243,0.0155829168519848,0.000466666666666667));
#10432=CARTESIAN_POINT('',(0.00570109078508025,0.0151398192851051,0.000466666666666667));
#10433=CARTESIAN_POINT('',(0.00647614651806599,0.0174576019041199,0.000466666666666667));
#10434=CARTESIAN_POINT('',(0.00647614651806599,0.0174576019041199,0.0014));
#10435=CARTESIAN_POINT('',(0.00654145048618207,0.0170691702168255,0.000466666666666667));
#10436=CARTESIAN_POINT('',(0.00654145048618207,0.0170691702168255,0.0014));
#10437=CARTESIAN_POINT('',(0.00650800716866547,0.0166715339516374,0.000466666666666667));
#10438=CARTESIAN_POINT('',(0.00650800716866547,0.0166715339516374,0.0014));
#10439=CARTESIAN_POINT('',(0.00637581656551619,0.0162646931085556,0.000466666666666667));
#10440=CARTESIAN_POINT('',(0.00637581656551619,0.0162646931085556,0.0014));
#10441=CARTESIAN_POINT('',(0.00647614651806599,0.0174576019041199,0.000466666666666667));
#10442=CARTESIAN_POINT('',(0.00647614651806599,0.0174576019041199,0.000466666666666667));
#10443=CARTESIAN_POINT('',(0.00647614651806599,0.0174576019041199,0.000466666666666667));
#10444=CARTESIAN_POINT('',(0.00657410247024011,0.0168749543731783,0.000466666666666667));
#10445=CARTESIAN_POINT('',(0.00637581656551619,0.0162646931085556,0.000466666666666667));
#10446=CARTESIAN_POINT('',(0.00599020450580432,0.0184035088394484,0.000466666666666667));
#10447=CARTESIAN_POINT('',(0.00599020450580432,0.0184035088394484,0.0014));
#10448=CARTESIAN_POINT('',(0.00624886187919601,0.0181613359031905,0.000466666666666667));
#10449=CARTESIAN_POINT('',(0.00624886187919601,0.0181613359031905,0.0014));
#10450=CARTESIAN_POINT('',(0.0064108425499499,0.0178460335914143,0.000466666666666667));
#10451=CARTESIAN_POINT('',(0.0064108425499499,0.0178460335914143,0.0014));
#10452=CARTESIAN_POINT('',(0.00647614651806599,0.0174576019041199,0.000466666666666667));
#10453=CARTESIAN_POINT('',(0.00647614651806599,0.0174576019041199,0.0014));
#10454=CARTESIAN_POINT('',(0.00599020450580432,0.0184035088394484,0.000466666666666667));
#10455=CARTESIAN_POINT('',(0.00599020450580432,0.0184035088394484,0.000466666666666667));
#10456=CARTESIAN_POINT('',(0.00599020450580432,0.0184035088394484,0.000466666666666667));
#10457=CARTESIAN_POINT('',(0.00637819056589186,0.0180402494350615,0.000466666666666667));
#10458=CARTESIAN_POINT('',(0.00647614651806599,0.0174576019041199,0.000466666666666667));
#10459=CARTESIAN_POINT('',(0.00809410693527034,0.0172973508379778,0.000466666666666667));
#10460=CARTESIAN_POINT('',(0.00809410693527034,0.0172973508379778,0.0014));
#10461=CARTESIAN_POINT('',(0.00774028489509628,0.0177080763686764,0.000466666666666667));
#10462=CARTESIAN_POINT('',(0.00774028489509628,0.0177080763686764,0.0014));
#10463=CARTESIAN_POINT('',(0.00703898408527427,0.0180767957024999,0.000466666666666667));
#10464=CARTESIAN_POINT('',(0.00703898408527427,0.0180767957024999,0.0014));
#10465=CARTESIAN_POINT('',(0.00599020450580432,0.0184035088394484,0.000466666666666667));
#10466=CARTESIAN_POINT('',(0.00599020450580432,0.0184035088394484,0.0014));
#10467=CARTESIAN_POINT('',(0.00809410693527034,0.0172973508379778,0.000466666666666667));
#10468=CARTESIAN_POINT('',(0.00809410693527034,0.0172973508379778,0.000466666666666667));
#10469=CARTESIAN_POINT('',(0.00809410693527034,0.0172973508379778,0.000466666666666667));
#10470=CARTESIAN_POINT('',(0.00756337387500925,0.0179134391340257,0.000466666666666667));
#10471=CARTESIAN_POINT('',(0.00599020450580432,0.0184035088394484,0.000466666666666667));
#10472=CARTESIAN_POINT('',(0.00835064776790539,0.0158373856369438,0.000466666666666667));
#10473=CARTESIAN_POINT('',(0.00835064776790539,0.0158373856369438,0.0014));
#10474=CARTESIAN_POINT('',(0.00853344258632276,0.0163999702402679,0.000466666666666667));
#10475=CARTESIAN_POINT('',(0.00853344258632276,0.0163999702402679,0.0014));
#10476=CARTESIAN_POINT('',(0.00844792897544441,0.0168866253072792,0.000466666666666667));
#10477=CARTESIAN_POINT('',(0.00844792897544441,0.0168866253072792,0.0014));
#10478=CARTESIAN_POINT('',(0.00809410693527034,0.0172973508379778,0.000466666666666667));
#10479=CARTESIAN_POINT('',(0.00809410693527034,0.0172973508379778,0.0014));
#10480=CARTESIAN_POINT('',(0.00835064776790539,0.0158373856369438,0.000466666666666667));
#10481=CARTESIAN_POINT('',(0.00835064776790539,0.0158373856369438,0.000466666666666667));
#10482=CARTESIAN_POINT('',(0.00835064776790539,0.0158373856369438,0.000466666666666667));
#10483=CARTESIAN_POINT('',(0.00862483999553144,0.0166812625419299,0.000466666666666667));
#10484=CARTESIAN_POINT('',(0.00809410693527034,0.0172973508379778,0.000466666666666667));
#10485=CARTESIAN_POINT('',(0.00770961619510319,0.0149378804930456,0.000466666666666667));
#10486=CARTESIAN_POINT('',(0.00770961619510319,0.0149378804930456,0.0014));
#10487=CARTESIAN_POINT('',(0.00800030477111126,0.0151169364881874,0.000466666666666667));
#10488=CARTESIAN_POINT('',(0.00800030477111126,0.0151169364881874,0.0014));
#10489=CARTESIAN_POINT('',(0.00821398196204532,0.0154167715361535,0.000466666666666667));
#10490=CARTESIAN_POINT('',(0.00821398196204532,0.0154167715361535,0.0014));
#10491=CARTESIAN_POINT('',(0.00835064776790539,0.0158373856369438,0.000466666666666667));
#10492=CARTESIAN_POINT('',(0.00835064776790539,0.0158373856369438,0.0014));
#10493=CARTESIAN_POINT('',(0.00770961619510319,0.0149378804930456,0.000466666666666667));
#10494=CARTESIAN_POINT('',(0.00814564905911529,0.0152064644857583,0.000466666666666667));
#10495=CARTESIAN_POINT('',(0.00835064776790539,0.0158373856369438,0.000466666666666667));
#10496=CARTESIAN_POINT('',(0.00558348728052349,0.0179277370419703,0.000466666666666667));
#10497=CARTESIAN_POINT('',(0.00558348728052349,0.0179277370419703,0.0014));
#10498=CARTESIAN_POINT('',(0.00539686272851264,0.0183104918257819,0.000466666666666667));
#10499=CARTESIAN_POINT('',(0.00539686272851264,0.0183104918257819,0.0014));
#10500=CARTESIAN_POINT('',(0.00506251844260848,0.0185801852651264,0.000466666666666667));
#10501=CARTESIAN_POINT('',(0.00506251844260848,0.0185801852651264,0.0014));
#10502=CARTESIAN_POINT('',(0.00458045442281101,0.0187368173600038,0.000466666666666667));
#10503=CARTESIAN_POINT('',(0.00458045442281101,0.0187368173600038,0.0014));
#10504=CARTESIAN_POINT('',(0.00558348728052349,0.0179277370419703,0.0014));
#10505=CARTESIAN_POINT('',(0.00530355045250721,0.0185018692176876,0.0014));
#10506=CARTESIAN_POINT('',(0.00458045442281101,0.0187368173600038,0.0014));
#10507=CARTESIAN_POINT('',(0.00558348728052349,0.0179277370419703,0.000466666666666667));
#10508=CARTESIAN_POINT('',(0.00530355045250721,0.0185018692176876,0.000466666666666667));
#10509=CARTESIAN_POINT('',(0.00458045442281101,0.0187368173600038,0.000466666666666667));
#10510=CARTESIAN_POINT('',(1.38777878078145E-17,3.46944695195361E-18,0.000466666666666667));
#10511=CARTESIAN_POINT('',(0.0133239278841911,-0.0116537595906934,0.000466666666666667));
#10512=CARTESIAN_POINT('',(0.0133239278841911,-0.0116537595906934,0.0014));
#10513=CARTESIAN_POINT('',(0.0145374871847915,-0.0100064890612221,0.0014));
#10514=CARTESIAN_POINT('',(0.013725876385423,-0.00964805583552235,0.0014));
#10515=CARTESIAN_POINT('',(0.0145374871847915,-0.0100064890612221,0.000466666666666667));
#10516=CARTESIAN_POINT('',(0.0145374871847915,-0.0100064890612221,0.000466666666666667));
#10517=CARTESIAN_POINT('',(0.0133239278841911,-0.0116537595906934,0.000466666666666667));
#10518=CARTESIAN_POINT('',(0.0137258764220786,-0.0096480558429351,0.000466666666666667));
#10519=CARTESIAN_POINT('',(0.0137258594469014,-0.00964814054824742,0.000466666666666667));
#10520=CARTESIAN_POINT('',(0.0152687631276401,-0.011126453413058,0.000466666666666667));
#10521=CARTESIAN_POINT('',(0.0152687631276401,-0.011126453413058,0.0014));
#10522=CARTESIAN_POINT('',(0.0152246601815816,-0.0107019698940367,0.000466666666666667));
#10523=CARTESIAN_POINT('',(0.0152246601815816,-0.0107019698940367,0.0014));
#10524=CARTESIAN_POINT('',(0.0149809015339654,-0.0103286484434248,0.000466666666666667));
#10525=CARTESIAN_POINT('',(0.0149809015339654,-0.0103286484434248,0.0014));
#10526=CARTESIAN_POINT('',(0.0145374871847915,-0.0100064890612221,0.000466666666666667));
#10527=CARTESIAN_POINT('',(0.0145374871847915,-0.0100064890612221,0.0014));
#10528=CARTESIAN_POINT('',(0.0152687631276401,-0.011126453413058,0.0014));
#10529=CARTESIAN_POINT('',(0.0152026087085523,-0.0104897281345261,0.0014));
#10530=CARTESIAN_POINT('',(0.0145374871847915,-0.0100064890612221,0.0014));
#10531=CARTESIAN_POINT('',(0.0152687631276401,-0.011126453413058,0.0014));
#10532=CARTESIAN_POINT('',(0.0152687631276401,-0.011126453413058,0.000466666666666667));
#10533=CARTESIAN_POINT('',(0.0152687631276401,-0.011126453413058,0.000466666666666667));
#10534=CARTESIAN_POINT('',(0.0152687631276401,-0.011126453413058,0.000466666666666667));
#10535=CARTESIAN_POINT('',(0.0152026087085523,-0.0104897281345261,0.000466666666666667));
#10536=CARTESIAN_POINT('',(0.0145374871847915,-0.0100064890612221,0.000466666666666667));
#10537=CARTESIAN_POINT('',(0.0148448031207548,-0.0124377633264611,0.000466666666666667));
#10538=CARTESIAN_POINT('',(0.0148448031207548,-0.0124377633264611,0.0014));
#10539=CARTESIAN_POINT('',(0.0151715460714034,-0.0119880402365469,0.000466666666666667));
#10540=CARTESIAN_POINT('',(0.0151715460714034,-0.0119880402365469,0.0014));
#10541=CARTESIAN_POINT('',(0.0153128660736985,-0.0115509369320792,0.000466666666666667));
#10542=CARTESIAN_POINT('',(0.0153128660736985,-0.0115509369320792,0.0014));
#10543=CARTESIAN_POINT('',(0.0152687631276401,-0.011126453413058,0.000466666666666667));
#10544=CARTESIAN_POINT('',(0.0152687631276401,-0.011126453413058,0.0014));
#10545=CARTESIAN_POINT('',(0.0148448031207548,-0.0124377633264611,0.0014));
#10546=CARTESIAN_POINT('',(0.0153349175467277,-0.0117631786915898,0.0014));
#10547=CARTESIAN_POINT('',(0.0152687631276401,-0.011126453413058,0.0014));
#10548=CARTESIAN_POINT('',(0.0148448031207548,-0.0124377633264611,0.0014));
#10549=CARTESIAN_POINT('',(0.0148448031207548,-0.0124377633264611,0.000466666666666667));
#10550=CARTESIAN_POINT('',(0.0148448031207548,-0.0124377633264611,0.000466666666666667));
#10551=CARTESIAN_POINT('',(0.0148448031207548,-0.0124377633264611,0.000466666666666667));
#10552=CARTESIAN_POINT('',(0.0153349175467277,-0.0117631786915898,0.000466666666666667));
#10553=CARTESIAN_POINT('',(0.0152687631276401,-0.011126453413058,0.000466666666666667));
#10554=CARTESIAN_POINT('',(0.0137472715197729,-0.013193599529522,0.000466666666666667));
#10555=CARTESIAN_POINT('',(0.0137472715197729,-0.013193599529522,0.0014));
#10556=CARTESIAN_POINT('',(0.0141685861904192,-0.013116900600466,0.000466666666666667));
#10557=CARTESIAN_POINT('',(0.0141685861904192,-0.013116900600466,0.0014));
#10558=CARTESIAN_POINT('',(0.0145344300574132,-0.0128649551994457,0.000466666666666667));
#10559=CARTESIAN_POINT('',(0.0145344300574132,-0.0128649551994457,0.0014));
#10560=CARTESIAN_POINT('',(0.0148448031207548,-0.0124377633264611,0.000466666666666667));
#10561=CARTESIAN_POINT('',(0.0148448031207548,-0.0124377633264611,0.0014));
#10562=CARTESIAN_POINT('',(0.0137472715197729,-0.013193599529522,0.0014));
#10563=CARTESIAN_POINT('',(0.0143792435257424,-0.013078551135938,0.0014));
#10564=CARTESIAN_POINT('',(0.0148448031207548,-0.0124377633264611,0.0014));
#10565=CARTESIAN_POINT('',(0.0137472715197729,-0.013193599529522,0.0014));
#10566=CARTESIAN_POINT('',(0.0137472715197729,-0.013193599529522,0.000466666666666667));
#10567=CARTESIAN_POINT('',(0.0137472715197729,-0.013193599529522,0.000466666666666667));
#10568=CARTESIAN_POINT('',(0.0137472715197729,-0.013193599529522,0.000466666666666667));
#10569=CARTESIAN_POINT('',(0.0143792435257424,-0.013078551135938,0.000466666666666667));
#10570=CARTESIAN_POINT('',(0.0148448031207548,-0.0124377633264611,0.000466666666666667));
#10571=CARTESIAN_POINT('',(0.0125096604027365,-0.0128686253522925,0.000466666666666667));
#10572=CARTESIAN_POINT('',(0.0125096604027365,-0.0128686253522925,0.0014));
#10573=CARTESIAN_POINT('',(0.0129134198101144,-0.0131619737328348,0.000466666666666667));
#10574=CARTESIAN_POINT('',(0.0129134198101144,-0.0131619737328348,0.0014));
#10575=CARTESIAN_POINT('',(0.0133259568491265,-0.013270298458578,0.000466666666666667));
#10576=CARTESIAN_POINT('',(0.0133259568491265,-0.013270298458578,0.0014));
#10577=CARTESIAN_POINT('',(0.0137472715197729,-0.013193599529522,0.000466666666666667));
#10578=CARTESIAN_POINT('',(0.0137472715197729,-0.013193599529522,0.0014));
#10579=CARTESIAN_POINT('',(0.0125096604027365,-0.0128686253522925,0.0014));
#10580=CARTESIAN_POINT('',(0.0131152995138033,-0.0133086479231059,0.0014));
#10581=CARTESIAN_POINT('',(0.0137472715197729,-0.013193599529522,0.0014));
#10582=CARTESIAN_POINT('',(0.0125096604027365,-0.0128686253522925,0.0014));
#10583=CARTESIAN_POINT('',(0.0125096604027365,-0.0128686253522925,0.000466666666666667));
#10584=CARTESIAN_POINT('',(0.0125096604027365,-0.0128686253522925,0.000466666666666667));
#10585=CARTESIAN_POINT('',(0.0125096604027365,-0.0128686253522925,0.000466666666666667));
#10586=CARTESIAN_POINT('',(0.0131152995138033,-0.0133086479231059,0.000466666666666667));
#10587=CARTESIAN_POINT('',(0.0137472715197729,-0.013193599529522,0.000466666666666667));
#10588=CARTESIAN_POINT('',(0.0117179615599952,-0.0116655171087093,0.000466666666666667));
#10589=CARTESIAN_POINT('',(0.0117179615599952,-0.0116655171087093,0.0014));
#10590=CARTESIAN_POINT('',(0.0117726052329685,-0.0121238216376502,0.000466666666666667));
#10591=CARTESIAN_POINT('',(0.0117726052329685,-0.0121238216376502,0.0014));
#10592=CARTESIAN_POINT('',(0.0120365048472156,-0.0125248577188446,0.000466666666666667));
#10593=CARTESIAN_POINT('',(0.0120365048472156,-0.0125248577188446,0.0014));
#10594=CARTESIAN_POINT('',(0.0125096604027365,-0.0128686253522925,0.000466666666666667));
#10595=CARTESIAN_POINT('',(0.0125096604027365,-0.0128686253522925,0.0014));
#10596=CARTESIAN_POINT('',(0.0117179615599952,-0.0116655171087093,0.0014));
#10597=CARTESIAN_POINT('',(0.0117999270694551,-0.0123529739021206,0.0014));
#10598=CARTESIAN_POINT('',(0.0125096604027365,-0.0128686253522925,0.0014));
#10599=CARTESIAN_POINT('',(0.0117179615599952,-0.0116655171087093,0.0014));
#10600=CARTESIAN_POINT('',(0.0117179615599952,-0.0116655171087093,0.000466666666666667));
#10601=CARTESIAN_POINT('',(0.0117179615599952,-0.0116655171087093,0.000466666666666667));
#10602=CARTESIAN_POINT('',(0.0117179615599952,-0.0116655171087093,0.000466666666666667));
#10603=CARTESIAN_POINT('',(0.0117999270694551,-0.0123529739021206,0.000466666666666667));
#10604=CARTESIAN_POINT('',(0.0125096604027365,-0.0128686253522925,0.000466666666666667));
#10605=CARTESIAN_POINT('',(0.0121133419644088,-0.0103210500296317,0.000466666666666667));
#10606=CARTESIAN_POINT('',(0.0121133419644088,-0.0103210500296317,0.0014));
#10607=CARTESIAN_POINT('',(0.0117951113551598,-0.0107590568867425,0.000466666666666667));
#10608=CARTESIAN_POINT('',(0.0117951113551598,-0.0107590568867425,0.0014));
#10609=CARTESIAN_POINT('',(0.0116633178870219,-0.0112072125797684,0.000466666666666667));
#10610=CARTESIAN_POINT('',(0.0116633178870219,-0.0112072125797684,0.0014));
#10611=CARTESIAN_POINT('',(0.0117179615599952,-0.0116655171087093,0.000466666666666667));
#10612=CARTESIAN_POINT('',(0.0117179615599952,-0.0116655171087093,0.0014));
#10613=CARTESIAN_POINT('',(0.0121133419644088,-0.0103210500296317,0.0014));
#10614=CARTESIAN_POINT('',(0.0116359960505353,-0.0109780603152979,0.0014));
#10615=CARTESIAN_POINT('',(0.0117179615599952,-0.0116655171087093,0.0014));
#10616=CARTESIAN_POINT('',(0.0121133419644088,-0.0103210500296317,0.0014));
#10617=CARTESIAN_POINT('',(0.0121133419644088,-0.0103210500296317,0.000466666666666667));
#10618=CARTESIAN_POINT('',(0.0121133419644088,-0.0103210500296317,0.000466666666666667));
#10619=CARTESIAN_POINT('',(0.0121133419644088,-0.0103210500296317,0.000466666666666667));
#10620=CARTESIAN_POINT('',(0.0116359960505353,-0.0109780603152979,0.000466666666666667));
#10621=CARTESIAN_POINT('',(0.0117179615599952,-0.0116655171087093,0.000466666666666667));
#10622=CARTESIAN_POINT('',(0.0128604428107498,-0.00972060839778337,0.000466666666666667));
#10623=CARTESIAN_POINT('',(0.0128604428107498,-0.00972060839778337,0.0014));
#10624=CARTESIAN_POINT('',(0.0125758389103397,-0.00982709575025403,0.000466666666666667));
#10625=CARTESIAN_POINT('',(0.0125758389103397,-0.00982709575025403,0.0014));
#10626=CARTESIAN_POINT('',(0.0123268052948927,-0.0100272429608701,0.000466666666666667));
#10627=CARTESIAN_POINT('',(0.0123268052948927,-0.0100272429608701,0.0014));
#10628=CARTESIAN_POINT('',(0.0121133419644088,-0.0103210500296317,0.000466666666666667));
#10629=CARTESIAN_POINT('',(0.0121133419644088,-0.0103210500296317,0.0014));
#10630=CARTESIAN_POINT('',(0.0128604428107498,-0.00972060839778337,0.0014));
#10631=CARTESIAN_POINT('',(0.0124335369601346,-0.00988033942648936,0.0014));
#10632=CARTESIAN_POINT('',(0.0121133419644088,-0.0103210500296317,0.0014));
#10633=CARTESIAN_POINT('',(0.0128604428107498,-0.00972060839778337,0.0014));
#10634=CARTESIAN_POINT('',(0.0128604428107498,-0.00972060839778337,0.000466666666666667));
#10635=CARTESIAN_POINT('',(0.0128604428107498,-0.00972060839778337,0.000466666666666667));
#10636=CARTESIAN_POINT('',(0.0128604428107498,-0.00972060839778337,0.000466666666666667));
#10637=CARTESIAN_POINT('',(0.0124335369601346,-0.00988033942648936,0.000466666666666667));
#10638=CARTESIAN_POINT('',(0.0121133419644088,-0.0103210500296317,0.000466666666666667));
#10639=CARTESIAN_POINT('',(0.0166496468647318,-0.00957266219461719,0.000466666666666667));
#10640=CARTESIAN_POINT('',(0.0166496468647318,-0.00957266219461719,0.0014));
#10641=CARTESIAN_POINT('',(0.0169881303962615,-0.00883954822072852,0.000466666666666667));
#10642=CARTESIAN_POINT('',(0.0169881303962615,-0.00883954822072852,0.0014));
#10643=CARTESIAN_POINT('',(0.0168257126488231,-0.00823202649262448,0.000466666666666667));
#10644=CARTESIAN_POINT('',(0.0168257126488231,-0.00823202649262448,0.0014));
#10645=CARTESIAN_POINT('',(0.0161623936224165,-0.00775009701030505,0.000466666666666667));
#10646=CARTESIAN_POINT('',(0.0161623936224165,-0.00775009701030505,0.0014));
#10647=CARTESIAN_POINT('',(0.0166496468647318,-0.00957266219461719,0.000466666666666667));
#10648=CARTESIAN_POINT('',(0.0166496468647318,-0.00957266219461719,0.000466666666666667));
#10649=CARTESIAN_POINT('',(0.0166496468647318,-0.00957266219461719,0.000466666666666667));
#10650=CARTESIAN_POINT('',(0.0171573721620263,-0.00847299123378419,0.000466666666666667));
#10651=CARTESIAN_POINT('',(0.0161623936224165,-0.00775009701030505,0.000466666666666667));
#10652=CARTESIAN_POINT('',(0.0161623936224165,-0.00775009701030505,0.000466666666666667));
#10653=CARTESIAN_POINT('',(0.0161623936224165,-0.00775009701030505,0.000466666666666667));
#10654=CARTESIAN_POINT('',(0.0170133007059751,-0.00983687217575291,0.000466666666666667));
#10655=CARTESIAN_POINT('',(0.0173769545472184,-0.0101010821568886,0.000466666666666667));
#10656=CARTESIAN_POINT('',(0.0173769545472184,-0.0101010821568886,0.000466666666666667));
#10657=CARTESIAN_POINT('',(0.0170133007059751,-0.00983687217575291,0.000466666666666667));
#10658=CARTESIAN_POINT('',(0.0176485099966205,-0.00852619846612084,0.000466666666666667));
#10659=CARTESIAN_POINT('',(0.0176485099966205,-0.00852619846612084,0.0014));
#10660=CARTESIAN_POINT('',(0.017749631975507,-0.00906646595166882,0.000466666666666667));
#10661=CARTESIAN_POINT('',(0.017749631975507,-0.00906646595166882,0.0014));
#10662=CARTESIAN_POINT('',(0.0176591134923729,-0.00959142718192475,0.000466666666666667));
#10663=CARTESIAN_POINT('',(0.0176591134923729,-0.00959142718192475,0.0014));
#10664=CARTESIAN_POINT('',(0.0173769545472184,-0.0101010821568886,0.000466666666666667));
#10665=CARTESIAN_POINT('',(0.0173769545472184,-0.0101010821568886,0.0014));
#10666=CARTESIAN_POINT('',(0.0176485099966205,-0.00852619846612084,0.000466666666666667));
#10667=CARTESIAN_POINT('',(0.0176485099966205,-0.00852619846612084,0.000466666666666667));
#10668=CARTESIAN_POINT('',(0.0176485099966205,-0.00852619846612084,0.000466666666666667));
#10669=CARTESIAN_POINT('',(0.0178001929649502,-0.00933659969444281,0.000466666666666667));
#10670=CARTESIAN_POINT('',(0.0173769545472184,-0.0101010821568886,0.000466666666666667));
#10671=CARTESIAN_POINT('',(0.0166492026474004,-0.00709996207730779,0.000466666666666667));
#10672=CARTESIAN_POINT('',(0.0166492026474004,-0.00709996207730779,0.0014));
#10673=CARTESIAN_POINT('',(0.017214285567994,-0.0075105188509685,0.000466666666666667));
#10674=CARTESIAN_POINT('',(0.017214285567994,-0.0075105188509685,0.0014));
#10675=CARTESIAN_POINT('',(0.017547388017734,-0.00798593098057285,0.000466666666666667));
#10676=CARTESIAN_POINT('',(0.017547388017734,-0.00798593098057285,0.0014));
#10677=CARTESIAN_POINT('',(0.0176485099966205,-0.00852619846612084,0.000466666666666667));
#10678=CARTESIAN_POINT('',(0.0176485099966205,-0.00852619846612084,0.0014));
#10679=CARTESIAN_POINT('',(0.0166492026474004,-0.00709996207730779,0.000466666666666667));
#10680=CARTESIAN_POINT('',(0.0166492026474004,-0.00709996207730779,0.000466666666666667));
#10681=CARTESIAN_POINT('',(0.0166492026474004,-0.00709996207730779,0.000466666666666667));
#10682=CARTESIAN_POINT('',(0.0174968270282908,-0.00771579723779886,0.000466666666666667));
#10683=CARTESIAN_POINT('',(0.0176485099966205,-0.00852619846612084,0.000466666666666667));
#10684=CARTESIAN_POINT('',(0.0121263108574916,-0.00866569707358628,0.000466666666666667));
#10685=CARTESIAN_POINT('',(0.0121263108574916,-0.00866569707358628,0.0014));
#10686=CARTESIAN_POINT('',(0.0136644254688616,-0.00654866393088403,0.000466666666666667));
#10687=CARTESIAN_POINT('',(0.0136644254688616,-0.00654866393088403,0.0014));
#10688=CARTESIAN_POINT('',(0.0151720560654979,-0.00602675226545786,0.000466666666666667));
#10689=CARTESIAN_POINT('',(0.0151720560654979,-0.00602675226545786,0.0014));
#10690=CARTESIAN_POINT('',(0.0166492026474004,-0.00709996207730779,0.000466666666666667));
#10691=CARTESIAN_POINT('',(0.0166492026474004,-0.00709996207730779,0.0014));
#10692=CARTESIAN_POINT('',(0.0121263108574916,-0.00866569707358628,0.000466666666666667));
#10693=CARTESIAN_POINT('',(0.0121263108574916,-0.00866569707358628,0.000466666666666667));
#10694=CARTESIAN_POINT('',(0.0121263108574916,-0.00866569707358628,0.000466666666666667));
#10695=CARTESIAN_POINT('',(0.0144334827745467,-0.0054901473595329,0.000466666666666667));
#10696=CARTESIAN_POINT('',(0.0166492026474004,-0.00709996207730779,0.000466666666666667));
#10697=CARTESIAN_POINT('',(0.0110689958787564,-0.0105402920999366,0.000466666666666667));
#10698=CARTESIAN_POINT('',(0.0110689958787564,-0.0105402920999366,0.0014));
#10699=CARTESIAN_POINT('',(0.0112755731616201,-0.00997641232570579,0.000466666666666667));
#10700=CARTESIAN_POINT('',(0.0112755731616201,-0.00997641232570579,0.0014));
#10701=CARTESIAN_POINT('',(0.0116280114878651,-0.00935154731692235,0.000466666666666667));
#10702=CARTESIAN_POINT('',(0.0116280114878651,-0.00935154731692235,0.0014));
#10703=CARTESIAN_POINT('',(0.0121263108574916,-0.00866569707358628,0.000466666666666667));
#10704=CARTESIAN_POINT('',(0.0121263108574916,-0.00866569707358628,0.0014));
#10705=CARTESIAN_POINT('',(0.0110689958787564,-0.0105402920999366,0.000466666666666667));
#10706=CARTESIAN_POINT('',(0.0110689958787564,-0.0105402920999366,0.000466666666666667));
#10707=CARTESIAN_POINT('',(0.0110689958787564,-0.0105402920999366,0.000466666666666667));
#10708=CARTESIAN_POINT('',(0.0113788618030519,-0.00969447243859038,0.000466666666666667));
#10709=CARTESIAN_POINT('',(0.0121263108574916,-0.00866569707358628,0.000466666666666667));
#10710=CARTESIAN_POINT('',(0.0109714189345976,-0.0121486320558832,0.000466666666666667));
#10711=CARTESIAN_POINT('',(0.0109714189345976,-0.0121486320558832,0.0014));
#10712=CARTESIAN_POINT('',(0.0108298929478398,-0.0116402851928163,0.000466666666666667));
#10713=CARTESIAN_POINT('',(0.0108298929478398,-0.0116402851928163,0.0014));
#10714=CARTESIAN_POINT('',(0.0108624185958927,-0.0111041718741674,0.000466666666666667));
#10715=CARTESIAN_POINT('',(0.0108624185958927,-0.0111041718741674,0.0014));
#10716=CARTESIAN_POINT('',(0.0110689958787564,-0.0105402920999366,0.000466666666666667));
#10717=CARTESIAN_POINT('',(0.0110689958787564,-0.0105402920999366,0.0014));
#10718=CARTESIAN_POINT('',(0.0109714189345976,-0.0121486320558832,0.000466666666666667));
#10719=CARTESIAN_POINT('',(0.0109714189345976,-0.0121486320558832,0.000466666666666667));
#10720=CARTESIAN_POINT('',(0.0109714189345976,-0.0121486320558832,0.000466666666666667));
#10721=CARTESIAN_POINT('',(0.0107591299544609,-0.0113861117612828,0.000466666666666667));
#10722=CARTESIAN_POINT('',(0.0110689958787564,-0.0105402920999366,0.000466666666666667));
#10723=CARTESIAN_POINT('',(0.0120745922321294,-0.0135584176946041,0.000466666666666667));
#10724=CARTESIAN_POINT('',(0.0120745922321294,-0.0135584176946041,0.0014));
#10725=CARTESIAN_POINT('',(0.011480669353866,-0.0131269074651903,0.000466666666666667));
#10726=CARTESIAN_POINT('',(0.011480669353866,-0.0131269074651903,0.0014));
#10727=CARTESIAN_POINT('',(0.0111129449213554,-0.01265697891895,0.000466666666666667));
#10728=CARTESIAN_POINT('',(0.0111129449213554,-0.01265697891895,0.0014));
#10729=CARTESIAN_POINT('',(0.0109714189345976,-0.0121486320558832,0.000466666666666667));
#10730=CARTESIAN_POINT('',(0.0109714189345976,-0.0121486320558832,0.0014));
#10731=CARTESIAN_POINT('',(0.0120745922321294,-0.0135584176946041,0.000466666666666667));
#10732=CARTESIAN_POINT('',(0.0120745922321294,-0.0135584176946041,0.000466666666666667));
#10733=CARTESIAN_POINT('',(0.0120745922321294,-0.0135584176946041,0.000466666666666667));
#10734=CARTESIAN_POINT('',(0.0111837079147343,-0.0129111523504835,0.000466666666666667));
#10735=CARTESIAN_POINT('',(0.0109714189345976,-0.0121486320558832,0.000466666666666667));
#10736=CARTESIAN_POINT('',(0.0133966445760828,-0.0140955219210228,0.000466666666666667));
#10737=CARTESIAN_POINT('',(0.0133966445760828,-0.0140955219210228,0.0014));
#10738=CARTESIAN_POINT('',(0.0129541844525685,-0.0140563378414849,0.000466666666666667));
#10739=CARTESIAN_POINT('',(0.0129541844525685,-0.0140563378414849,0.0014));
#10740=CARTESIAN_POINT('',(0.0125135003379174,-0.0138773030993453,0.000466666666666667));
#10741=CARTESIAN_POINT('',(0.0125135003379174,-0.0138773030993453,0.0014));
#10742=CARTESIAN_POINT('',(0.0120745922321294,-0.0135584176946041,0.000466666666666667));
#10743=CARTESIAN_POINT('',(0.0120745922321294,-0.0135584176946041,0.0014));
#10744=CARTESIAN_POINT('',(0.0133966445760828,-0.0140955219210228,0.000466666666666667));
#10745=CARTESIAN_POINT('',(0.0133966445760828,-0.0140955219210228,0.000466666666666667));
#10746=CARTESIAN_POINT('',(0.0133966445760828,-0.0140955219210228,0.000466666666666667));
#10747=CARTESIAN_POINT('',(0.0127329543908114,-0.0140367458017159,0.000466666666666667));
#10748=CARTESIAN_POINT('',(0.0120745922321294,-0.0135584176946041,0.000466666666666667));
#10749=CARTESIAN_POINT('',(0.0136151543138359,-0.0119314848168712,0.000466666666666669));
#10750=CARTESIAN_POINT('',(0.0146295009379109,-0.0138541987639116,0.000466666666666667));
#10751=CARTESIAN_POINT('',(0.0146295009379109,-0.0138541987639116,0.000466666666666667));
#10752=CARTESIAN_POINT('',(0.0136151543138359,-0.0119314848168712,0.000466666666666667));
#10753=CARTESIAN_POINT('',(0.0156259211731814,-0.0129660347256318,0.000466666666666667));
#10754=CARTESIAN_POINT('',(0.0156259211731814,-0.0129660347256318,0.0014));
#10755=CARTESIAN_POINT('',(0.0153410851340388,-0.0133580779002063,0.000466666666666667));
#10756=CARTESIAN_POINT('',(0.0153410851340388,-0.0133580779002063,0.0014));
#10757=CARTESIAN_POINT('',(0.0150089450556153,-0.0136541325796329,0.000466666666666667));
#10758=CARTESIAN_POINT('',(0.0150089450556153,-0.0136541325796329,0.0014));
#10759=CARTESIAN_POINT('',(0.0146295009379109,-0.0138541987639116,0.000466666666666667));
#10760=CARTESIAN_POINT('',(0.0146295009379109,-0.0138541987639116,0.0014));
#10761=CARTESIAN_POINT('',(0.0156259211731814,-0.0129660347256318,0.000466666666666667));
#10762=CARTESIAN_POINT('',(0.0156259211731814,-0.0129660347256318,0.000466666666666667));
#10763=CARTESIAN_POINT('',(0.0156259211731814,-0.0129660347256318,0.000466666666666667));
#10764=CARTESIAN_POINT('',(0.0151986671144675,-0.0135540994874935,0.000466666666666667));
#10765=CARTESIAN_POINT('',(0.0146295009379109,-0.0138541987639116,0.000466666666666667));
#10766=CARTESIAN_POINT('',(0.0162061081440994,-0.0110473784628212,0.000466666666666667));
#10767=CARTESIAN_POINT('',(0.0162061081440994,-0.0110473784628212,0.0014));
#10768=CARTESIAN_POINT('',(0.0162927339710738,-0.0116748798444251,0.000466666666666667));
#10769=CARTESIAN_POINT('',(0.0162927339710738,-0.0116748798444251,0.0014));
#10770=CARTESIAN_POINT('',(0.0160993383141012,-0.0123144319320287,0.000466666666666667));
#10771=CARTESIAN_POINT('',(0.0160993383141012,-0.0123144319320287,0.0014));
#10772=CARTESIAN_POINT('',(0.0156259211731814,-0.0129660347256318,0.000466666666666667));
#10773=CARTESIAN_POINT('',(0.0156259211731814,-0.0129660347256318,0.0014));
#10774=CARTESIAN_POINT('',(0.0162061081440994,-0.0110473784628212,0.000466666666666667));
#10775=CARTESIAN_POINT('',(0.0162061081440994,-0.0110473784628212,0.000466666666666667));
#10776=CARTESIAN_POINT('',(0.0162061081440994,-0.0110473784628212,0.000466666666666667));
#10777=CARTESIAN_POINT('',(0.016336046884561,-0.0119886305352271,0.000466666666666667));
#10778=CARTESIAN_POINT('',(0.0156259211731814,-0.0129660347256318,0.000466666666666667));
#10779=CARTESIAN_POINT('',(0.0151852850862426,-0.00945886104629464,0.000466666666666667));
#10780=CARTESIAN_POINT('',(0.0151852850862426,-0.00945886104629464,0.0014));
#10781=CARTESIAN_POINT('',(0.015779207964506,-0.00989037127570837,0.000466666666666667));
#10782=CARTESIAN_POINT('',(0.015779207964506,-0.00989037127570837,0.0014));
#10783=CARTESIAN_POINT('',(0.016119482317125,-0.0104198770812172,0.000466666666666667));
#10784=CARTESIAN_POINT('',(0.016119482317125,-0.0104198770812172,0.0014));
#10785=CARTESIAN_POINT('',(0.0162061081440994,-0.0110473784628212,0.000466666666666667));
#10786=CARTESIAN_POINT('',(0.0162061081440994,-0.0110473784628212,0.0014));
#10787=CARTESIAN_POINT('',(0.0151852850862426,-0.00945886104629464,0.000466666666666667));
#10788=CARTESIAN_POINT('',(0.0151852850862426,-0.00945886104629464,0.000466666666666667));
#10789=CARTESIAN_POINT('',(0.0151852850862426,-0.00945886104629464,0.000466666666666667));
#10790=CARTESIAN_POINT('',(0.0160761694036377,-0.0101061263904152,0.000466666666666667));
#10791=CARTESIAN_POINT('',(0.0162061081440994,-0.0110473784628212,0.000466666666666667));
#10792=CARTESIAN_POINT('',(0.0139661436436214,-0.00896347831550175,0.000466666666666667));
#10793=CARTESIAN_POINT('',(0.0139661436436214,-0.00896347831550175,0.0014));
#10794=CARTESIAN_POINT('',(0.0143985776635977,-0.00901740977162074,0.000466666666666667));
#10795=CARTESIAN_POINT('',(0.0143985776635977,-0.00901740977162074,0.0014));
#10796=CARTESIAN_POINT('',(0.0148049581444715,-0.00918253734855171,0.000466666666666667));
#10797=CARTESIAN_POINT('',(0.0148049581444715,-0.00918253734855171,0.0014));
#10798=CARTESIAN_POINT('',(0.0151852850862426,-0.00945886104629464,0.000466666666666667));
#10799=CARTESIAN_POINT('',(0.0151852850862426,-0.00945886104629464,0.0014));
#10800=CARTESIAN_POINT('',(0.0139661436436214,-0.00896347831550175,0.000466666666666667));
#10801=CARTESIAN_POINT('',(0.0139661436436214,-0.00896347831550175,0.000466666666666667));
#10802=CARTESIAN_POINT('',(0.0139661436436214,-0.00896347831550175,0.000466666666666667));
#10803=CARTESIAN_POINT('',(0.0146147946735859,-0.00904437549968024,0.000466666666666667));
#10804=CARTESIAN_POINT('',(0.0151852850862426,-0.00945886104629464,0.000466666666666667));
#10805=CARTESIAN_POINT('',(0.0127916969319433,-0.0091883724395279,0.000466666666666667));
#10806=CARTESIAN_POINT('',(0.0127916969319433,-0.0091883724395279,0.0014));
#10807=CARTESIAN_POINT('',(0.013142227386419,-0.00898451156739148,0.000466666666666667));
#10808=CARTESIAN_POINT('',(0.013142227386419,-0.00898451156739148,0.0014));
#10809=CARTESIAN_POINT('',(0.013533709623645,-0.00890954685938276,0.000466666666666667));
#10810=CARTESIAN_POINT('',(0.013533709623645,-0.00890954685938276,0.0014));
#10811=CARTESIAN_POINT('',(0.0139661436436214,-0.00896347831550175,0.000466666666666667));
#10812=CARTESIAN_POINT('',(0.0139661436436214,-0.00896347831550175,0.0014));
#10813=CARTESIAN_POINT('',(0.0127916969319433,-0.0091883724395279,0.000466666666666667));
#10814=CARTESIAN_POINT('',(0.0127916969319433,-0.0091883724395279,0.000466666666666667));
#10815=CARTESIAN_POINT('',(0.0127916969319433,-0.0091883724395279,0.000466666666666667));
#10816=CARTESIAN_POINT('',(0.0133174926136569,-0.00888258113132327,0.000466666666666667));
#10817=CARTESIAN_POINT('',(0.0139661436436214,-0.00896347831550175,0.000466666666666667));
#10818=CARTESIAN_POINT('',(0.0145812579509444,-0.00750704688182423,0.000466666666666667));
#10819=CARTESIAN_POINT('',(0.0145812579509444,-0.00750704688182423,0.0014));
#10820=CARTESIAN_POINT('',(0.0140399780006133,-0.00771759209794538,0.000466666666666667));
#10821=CARTESIAN_POINT('',(0.0140399780006133,-0.00771759209794538,0.0014));
#10822=CARTESIAN_POINT('',(0.0134434576609462,-0.00827803395051327,0.000466666666666667));
#10823=CARTESIAN_POINT('',(0.0134434576609462,-0.00827803395051327,0.0014));
#10824=CARTESIAN_POINT('',(0.0127916969319433,-0.0091883724395279,0.000466666666666667));
#10825=CARTESIAN_POINT('',(0.0127916969319433,-0.0091883724395279,0.0014));
#10826=CARTESIAN_POINT('',(0.0145812579509444,-0.00750704688182423,0.000466666666666667));
#10827=CARTESIAN_POINT('',(0.0145812579509444,-0.00750704688182423,0.000466666666666667));
#10828=CARTESIAN_POINT('',(0.0145812579509444,-0.00750704688182423,0.000466666666666667));
#10829=CARTESIAN_POINT('',(0.0137693380254477,-0.00782286470600596,0.000466666666666667));
#10830=CARTESIAN_POINT('',(0.0127916969319433,-0.0091883724395279,0.000466666666666667));
#10831=CARTESIAN_POINT('',(0.0161623936224165,-0.00775009701030505,0.000466666666666667));
#10832=CARTESIAN_POINT('',(0.0161623936224165,-0.00775009701030505,0.0014));
#10833=CARTESIAN_POINT('',(0.0156495831250996,-0.00737751837519668,0.000466666666666667));
#10834=CARTESIAN_POINT('',(0.0156495831250996,-0.00737751837519668,0.0014));
#10835=CARTESIAN_POINT('',(0.0151225379012755,-0.00729650166570308,0.000466666666666667));
#10836=CARTESIAN_POINT('',(0.0151225379012755,-0.00729650166570308,0.0014));
#10837=CARTESIAN_POINT('',(0.0145812579509444,-0.00750704688182423,0.000466666666666667));
#10838=CARTESIAN_POINT('',(0.0145812579509444,-0.00750704688182423,0.0014));
#10839=CARTESIAN_POINT('',(0.0161623936224165,-0.00775009701030505,0.000466666666666667));
#10840=CARTESIAN_POINT('',(0.0153931778764411,-0.0071912290576425,0.000466666666666667));
#10841=CARTESIAN_POINT('',(0.0145812579509444,-0.00750704688182423,0.000466666666666667));
#10842=CARTESIAN_POINT('',(0.0134185333886423,-0.0111725083536777,0.000466666666666667));
#10843=CARTESIAN_POINT('',(0.0134185333886423,-0.0111725083536777,0.0014));
#10844=CARTESIAN_POINT('',(0.0134185333886423,-0.0111725083536777,0.000466666666666667));
#10845=CARTESIAN_POINT('',(1.38777878078145E-17,3.46944695195361E-18,0.000466666666666667));
#10846=CARTESIAN_POINT('',(-0.00480515099266201,0.0151023686434168,0.000466666666666667));
#10847=CARTESIAN_POINT('',(-0.00480515099266201,0.0151023686434168,0.0014));
#10848=CARTESIAN_POINT('',(-0.00421607935528313,0.0152937696208934,0.000466666666666667));
#10849=CARTESIAN_POINT('',(-0.00421607935528313,0.0152937696208934,0.0014));
#10850=CARTESIAN_POINT('',(-0.00372892007648597,0.015495103782401,0.000466666666666667));
#10851=CARTESIAN_POINT('',(-0.00372892007648597,0.015495103782401,0.0014));
#10852=CARTESIAN_POINT('',(-0.00334367315627052,0.0157063711279397,0.000466666666666667));
#10853=CARTESIAN_POINT('',(-0.00334367315627052,0.0157063711279397,0.0014));
#10854=CARTESIAN_POINT('',(-0.00480515099266201,0.0151023686434168,0.0014));
#10855=CARTESIAN_POINT('',(-0.00392154353659369,0.0153894701096316,0.0014));
#10856=CARTESIAN_POINT('',(-0.00334367315627052,0.0157063711279397,0.0014));
#10857=CARTESIAN_POINT('',(-0.00480515099266201,0.0151023686434168,0.0014));
#10858=CARTESIAN_POINT('',(-0.00334367315627052,0.0157063711279397,0.0014));
#10859=CARTESIAN_POINT('',(-0.00480515099266201,0.0151023686434168,0.000466666666666667));
#10860=CARTESIAN_POINT('',(-0.00480515099266201,0.0151023686434168,0.000466666666666667));
#10861=CARTESIAN_POINT('',(-0.00480515099266201,0.0151023686434168,0.000466666666666667));
#10862=CARTESIAN_POINT('',(-0.00392154353659369,0.0153894701096316,0.000466666666666667));
#10863=CARTESIAN_POINT('',(-0.00334367315627052,0.0157063711279397,0.000466666666666667));
#10864=CARTESIAN_POINT('',(-0.00334367315627052,0.0157063711279397,0.000466666666666667));
#10865=CARTESIAN_POINT('',(-0.00334367315627052,0.0157063711279397,0.000466666666666667));
#10866=CARTESIAN_POINT('',(-0.00637908725895125,0.0147201052997556,0.000466666666666667));
#10867=CARTESIAN_POINT('',(-0.00637908725895125,0.0147201052997556,0.0014));
#10868=CARTESIAN_POINT('',(-0.00594005767938114,0.0147766616241391,0.000466666666666667));
#10869=CARTESIAN_POINT('',(-0.00594005767938114,0.0147766616241391,0.0014));
#10870=CARTESIAN_POINT('',(-0.00541541225728473,0.0149040827386929,0.000466666666666667));
#10871=CARTESIAN_POINT('',(-0.00541541225728473,0.0149040827386929,0.0014));
#10872=CARTESIAN_POINT('',(-0.00480515099266201,0.0151023686434168,0.000466666666666667));
#10873=CARTESIAN_POINT('',(-0.00480515099266201,0.0151023686434168,0.0014));
#10874=CARTESIAN_POINT('',(-0.00637908725895125,0.0147201052997556,0.0014));
#10875=CARTESIAN_POINT('',(-0.00572054288959609,0.0148049397863309,0.0014));
#10876=CARTESIAN_POINT('',(-0.00480515099266201,0.0151023686434168,0.0014));
#10877=CARTESIAN_POINT('',(-0.00637908725895125,0.0147201052997556,0.0014));
#10878=CARTESIAN_POINT('',(-0.00637908725895125,0.0147201052997556,0.000466666666666667));
#10879=CARTESIAN_POINT('',(-0.00637908725895125,0.0147201052997556,0.000466666666666667));
#10880=CARTESIAN_POINT('',(-0.00637908725895125,0.0147201052997556,0.000466666666666667));
#10881=CARTESIAN_POINT('',(-0.00572054288959609,0.0148049397863309,0.000466666666666667));
#10882=CARTESIAN_POINT('',(-0.00480515099266201,0.0151023686434168,0.000466666666666667));
#10883=CARTESIAN_POINT('',(-0.0075317513237238,0.0148744392462065,0.000466666666666667));
#10884=CARTESIAN_POINT('',(-0.0075317513237238,0.0148744392462065,0.0014));
#10885=CARTESIAN_POINT('',(-0.00720233819344554,0.014714993624189,0.000466666666666667));
#10886=CARTESIAN_POINT('',(-0.00720233819344554,0.014714993624189,0.0014));
#10887=CARTESIAN_POINT('',(-0.00681811683852136,0.014663548975372,0.000466666666666667));
#10888=CARTESIAN_POINT('',(-0.00681811683852136,0.014663548975372,0.0014));
#10889=CARTESIAN_POINT('',(-0.00637908725895125,0.0147201052997556,0.000466666666666667));
#10890=CARTESIAN_POINT('',(-0.00637908725895125,0.0147201052997556,0.0014));
#10891=CARTESIAN_POINT('',(-0.0075317513237238,0.0148744392462065,0.0014));
#10892=CARTESIAN_POINT('',(-0.00703763162830641,0.0146352708131803,0.0014));
#10893=CARTESIAN_POINT('',(-0.00637908725895125,0.0147201052997556,0.0014));
#10894=CARTESIAN_POINT('',(-0.0075317513237238,0.0148744392462065,0.0014));
#10895=CARTESIAN_POINT('',(-0.0075317513237238,0.0148744392462065,0.000466666666666667));
#10896=CARTESIAN_POINT('',(-0.0075317513237238,0.0148744392462065,0.000466666666666667));
#10897=CARTESIAN_POINT('',(-0.0075317513237238,0.0148744392462065,0.000466666666666667));
#10898=CARTESIAN_POINT('',(-0.00703763162830641,0.0146352708131803,0.000466666666666667));
#10899=CARTESIAN_POINT('',(-0.00637908725895125,0.0147201052997556,0.000466666666666667));
#10900=CARTESIAN_POINT('',(-0.0082468771837814,0.0157937947137602,0.000466666666666667));
#10901=CARTESIAN_POINT('',(-0.0082468771837814,0.0157937947137602,0.0014));
#10902=CARTESIAN_POINT('',(-0.00809953974068793,0.015340336690742,0.000466666666666667));
#10903=CARTESIAN_POINT('',(-0.00809953974068793,0.015340336690742,0.0014));
#10904=CARTESIAN_POINT('',(-0.00786116445400207,0.0150338848682241,0.000466666666666667));
#10905=CARTESIAN_POINT('',(-0.00786116445400207,0.0150338848682241,0.0014));
#10906=CARTESIAN_POINT('',(-0.0075317513237238,0.0148744392462065,0.000466666666666667));
#10907=CARTESIAN_POINT('',(-0.0075317513237238,0.0148744392462065,0.0014));
#10908=CARTESIAN_POINT('',(-0.0082468771837814,0.0157937947137602,0.0014));
#10909=CARTESIAN_POINT('',(-0.0080258710191412,0.0151136076792328,0.0014));
#10910=CARTESIAN_POINT('',(-0.0075317513237238,0.0148744392462065,0.0014));
#10911=CARTESIAN_POINT('',(-0.0082468771837814,0.0157937947137602,0.0014));
#10912=CARTESIAN_POINT('',(-0.0082468771837814,0.0157937947137602,0.000466666666666667));
#10913=CARTESIAN_POINT('',(-0.0082468771837814,0.0157937947137602,0.000466666666666667));
#10914=CARTESIAN_POINT('',(-0.0082468771837814,0.0157937947137602,0.000466666666666667));
#10915=CARTESIAN_POINT('',(-0.0080258710191412,0.0151136076792328,0.000466666666666667));
#10916=CARTESIAN_POINT('',(-0.0075317513237238,0.0148744392462065,0.000466666666666667));
#10917=CARTESIAN_POINT('',(-0.00821258456689697,0.0169698285102822,0.000466666666666667));
#10918=CARTESIAN_POINT('',(-0.00821258456689697,0.0169698285102822,0.0014));
#10919=CARTESIAN_POINT('',(-0.00838553772547901,0.0166477398531834,0.000466666666666667));
#10920=CARTESIAN_POINT('',(-0.00838553772547901,0.0166477398531834,0.0014));
#10921=CARTESIAN_POINT('',(-0.00839696859777382,0.0162557285876761,0.000466666666666667));
#10922=CARTESIAN_POINT('',(-0.00839696859777382,0.0162557285876761,0.0014));
#10923=CARTESIAN_POINT('',(-0.0082468771837814,0.0157937947137602,0.000466666666666667));
#10924=CARTESIAN_POINT('',(-0.0082468771837814,0.0157937947137602,0.0014));
#10925=CARTESIAN_POINT('',(-0.00821258456689697,0.0169698285102822,0.0014));
#10926=CARTESIAN_POINT('',(-0.00847201430477003,0.016486695524634,0.0014));
#10927=CARTESIAN_POINT('',(-0.0082468771837814,0.0157937947137602,0.0014));
#10928=CARTESIAN_POINT('',(-0.00821258456689697,0.0169698285102822,0.0014));
#10929=CARTESIAN_POINT('',(-0.00821258456689697,0.0169698285102822,0.000466666666666667));
#10930=CARTESIAN_POINT('',(-0.00821258456689697,0.0169698285102822,0.000466666666666667));
#10931=CARTESIAN_POINT('',(-0.00821258456689697,0.0169698285102822,0.000466666666666667));
#10932=CARTESIAN_POINT('',(-0.00847201430477003,0.016486695524634,0.000466666666666667));
#10933=CARTESIAN_POINT('',(-0.0082468771837814,0.0157937947137602,0.000466666666666667));
#10934=CARTESIAN_POINT('',(-0.00737051678257088,0.0177714116228692,0.000466666666666667));
#10935=CARTESIAN_POINT('',(-0.00737051678257088,0.0177714116228692,0.0014));
#10936=CARTESIAN_POINT('',(-0.0077589421468729,0.0175591115382434,0.000466666666666667));
#10937=CARTESIAN_POINT('',(-0.0077589421468729,0.0175591115382434,0.0014));
#10938=CARTESIAN_POINT('',(-0.00803963140831493,0.0172919171673811,0.000466666666666667));
#10939=CARTESIAN_POINT('',(-0.00803963140831493,0.0172919171673811,0.0014));
#10940=CARTESIAN_POINT('',(-0.00821258456689697,0.0169698285102822,0.000466666666666667));
#10941=CARTESIAN_POINT('',(-0.00821258456689697,0.0169698285102822,0.0014));
#10942=CARTESIAN_POINT('',(-0.00737051678257088,0.0177714116228692,0.0014));
#10943=CARTESIAN_POINT('',(-0.00795315482902391,0.0174529614959305,0.0014));
#10944=CARTESIAN_POINT('',(-0.00821258456689697,0.0169698285102822,0.0014));
#10945=CARTESIAN_POINT('',(-0.00737051678257088,0.0177714116228692,0.0014));
#10946=CARTESIAN_POINT('',(-0.00737051678257088,0.0177714116228692,0.000466666666666667));
#10947=CARTESIAN_POINT('',(-0.00737051678257088,0.0177714116228692,0.000466666666666667));
#10948=CARTESIAN_POINT('',(-0.00737051678257088,0.0177714116228692,0.000466666666666667));
#10949=CARTESIAN_POINT('',(-0.00795315482902391,0.0174529614959305,0.000466666666666667));
#10950=CARTESIAN_POINT('',(-0.00821258456689697,0.0169698285102822,0.000466666666666667));
#10951=CARTESIAN_POINT('',(-0.00587248683918376,0.0183872906068938,0.000466666666666667));
#10952=CARTESIAN_POINT('',(-0.00587248683918376,0.0183872906068938,0.0014));
#10953=CARTESIAN_POINT('',(-0.00648274810380648,0.0181890047021699,0.000466666666666667));
#10954=CARTESIAN_POINT('',(-0.00648274810380648,0.0181890047021699,0.0014));
#10955=CARTESIAN_POINT('',(-0.00698209141826885,0.017983711707495,0.000466666666666667));
#10956=CARTESIAN_POINT('',(-0.00698209141826885,0.017983711707495,0.0014));
#10957=CARTESIAN_POINT('',(-0.00737051678257088,0.0177714116228692,0.000466666666666667));
#10958=CARTESIAN_POINT('',(-0.00737051678257088,0.0177714116228692,0.0014));
#10959=CARTESIAN_POINT('',(-0.00587248683918376,0.0183872906068938,0.0014));
#10960=CARTESIAN_POINT('',(-0.00678787873611784,0.0180898617498079,0.0014));
#10961=CARTESIAN_POINT('',(-0.00737051678257088,0.0177714116228692,0.0014));
#10962=CARTESIAN_POINT('',(-0.00587248683918376,0.0183872906068938,0.0014));
#10963=CARTESIAN_POINT('',(-0.00587248683918376,0.0183872906068938,0.000466666666666667));
#10964=CARTESIAN_POINT('',(-0.00587248683918376,0.0183872906068938,0.000466666666666667));
#10965=CARTESIAN_POINT('',(-0.00587248683918376,0.0183872906068938,0.000466666666666667));
#10966=CARTESIAN_POINT('',(-0.00678787873611784,0.0180898617498079,0.000466666666666667));
#10967=CARTESIAN_POINT('',(-0.00737051678257088,0.0177714116228692,0.000466666666666667));
#10968=CARTESIAN_POINT('',(-0.00433510267989014,0.0187576774510533,0.000466666666666667));
#10969=CARTESIAN_POINT('',(-0.00433510267989014,0.0187576774510533,0.0014));
#10970=CARTESIAN_POINT('',(-0.00477095381537367,0.0187021538657569,0.000466666666666667));
#10971=CARTESIAN_POINT('',(-0.00477095381537367,0.0187021538657569,0.0014));
#10972=CARTESIAN_POINT('',(-0.00528341520180488,0.0185786915843704,0.000466666666666667));
#10973=CARTESIAN_POINT('',(-0.00528341520180488,0.0185786915843704,0.0014));
#10974=CARTESIAN_POINT('',(-0.00587248683918376,0.0183872906068938,0.000466666666666667));
#10975=CARTESIAN_POINT('',(-0.00587248683918376,0.0183872906068938,0.0014));
#10976=CARTESIAN_POINT('',(-0.00433510267989014,0.0187576774510533,0.0014));
#10977=CARTESIAN_POINT('',(-0.00498887938311544,0.0186743920731086,0.0014));
#10978=CARTESIAN_POINT('',(-0.00587248683918376,0.0183872906068938,0.0014));
#10979=CARTESIAN_POINT('',(-0.00433510267989014,0.0187576774510533,0.0014));
#10980=CARTESIAN_POINT('',(-0.00433510267989014,0.0187576774510533,0.000466666666666667));
#10981=CARTESIAN_POINT('',(-0.00433510267989014,0.0187576774510533,0.000466666666666667));
#10982=CARTESIAN_POINT('',(-0.00433510267989014,0.0187576774510533,0.000466666666666667));
#10983=CARTESIAN_POINT('',(-0.00498887938311544,0.0186743920731086,0.000466666666666667));
#10984=CARTESIAN_POINT('',(-0.00587248683918376,0.0183872906068938,0.000466666666666667));
#10985=CARTESIAN_POINT('',(-0.00318825907704087,0.0186023308222215,0.000466666666666667));
#10986=CARTESIAN_POINT('',(-0.00318825907704087,0.0186023308222215,0.0014));
#10987=CARTESIAN_POINT('',(-0.00351697034345685,0.0187614188267392,0.000466666666666667));
#10988=CARTESIAN_POINT('',(-0.00351697034345685,0.0187614188267392,0.0014));
#10989=CARTESIAN_POINT('',(-0.00389925154440661,0.0188132010363497,0.000466666666666667));
#10990=CARTESIAN_POINT('',(-0.00389925154440661,0.0188132010363497,0.0014));
#10991=CARTESIAN_POINT('',(-0.00433510267989014,0.0187576774510533,0.000466666666666667));
#10992=CARTESIAN_POINT('',(-0.00433510267989014,0.0187576774510533,0.0014));
#10993=CARTESIAN_POINT('',(-0.00318825907704087,0.0186023308222215,0.0014));
#10994=CARTESIAN_POINT('',(-0.00368132597666484,0.018840962828998,0.0014));
#10995=CARTESIAN_POINT('',(-0.00433510267989014,0.0187576774510533,0.0014));
#10996=CARTESIAN_POINT('',(-0.00318825907704087,0.0186023308222215,0.0014));
#10997=CARTESIAN_POINT('',(-0.00318825907704087,0.0186023308222215,0.000466666666666667));
#10998=CARTESIAN_POINT('',(-0.00318825907704087,0.0186023308222215,0.000466666666666667));
#10999=CARTESIAN_POINT('',(-0.00318825907704087,0.0186023308222215,0.000466666666666667));
#11000=CARTESIAN_POINT('',(-0.00368132597666484,0.018840962828998,0.000466666666666667));
#11001=CARTESIAN_POINT('',(-0.00433510267989014,0.0187576774510533,0.000466666666666667));
#11002=CARTESIAN_POINT('',(-0.00247005505642828,0.0176707980045714,0.000466666666666667));
#11003=CARTESIAN_POINT('',(-0.00247005505642828,0.0176707980045714,0.0014));
#11004=CARTESIAN_POINT('',(-0.0026201464704207,0.0181327318784872,0.000466666666666667));
#11005=CARTESIAN_POINT('',(-0.0026201464704207,0.0181327318784872,0.0014));
#11006=CARTESIAN_POINT('',(-0.0028595478106249,0.0184432428177039,0.000466666666666667));
#11007=CARTESIAN_POINT('',(-0.0028595478106249,0.0184432428177039,0.0014));
#11008=CARTESIAN_POINT('',(-0.00318825907704087,0.0186023308222215,0.000466666666666667));
#11009=CARTESIAN_POINT('',(-0.00318825907704087,0.0186023308222215,0.0014));
#11010=CARTESIAN_POINT('',(-0.00247005505642828,0.0176707980045714,0.0014));
#11011=CARTESIAN_POINT('',(-0.00269519217741691,0.0183636988154451,0.0014));
#11012=CARTESIAN_POINT('',(-0.00318825907704087,0.0186023308222215,0.0014));
#11013=CARTESIAN_POINT('',(-0.00247005505642828,0.0176707980045714,0.0014));
#11014=CARTESIAN_POINT('',(-0.00247005505642828,0.0176707980045714,0.000466666666666667));
#11015=CARTESIAN_POINT('',(-0.00247005505642828,0.0176707980045714,0.000466666666666667));
#11016=CARTESIAN_POINT('',(-0.00247005505642828,0.0176707980045714,0.000466666666666667));
#11017=CARTESIAN_POINT('',(-0.00269519217741691,0.0183636988154451,0.000466666666666667));
#11018=CARTESIAN_POINT('',(-0.00318825907704087,0.0186023308222215,0.000466666666666667));
#11019=CARTESIAN_POINT('',(-0.00250742583386771,0.0165069415581458,0.000466666666666667));
#11020=CARTESIAN_POINT('',(-0.00250742583386771,0.0165069415581458,0.0014));
#11021=CARTESIAN_POINT('',(-0.00233517453914795,0.0168293878327446,0.000466666666666667));
#11022=CARTESIAN_POINT('',(-0.00233517453914795,0.0168293878327446,0.0014));
#11023=CARTESIAN_POINT('',(-0.00232271761333481,0.0172173399815531,0.000466666666666667));
#11024=CARTESIAN_POINT('',(-0.00232271761333481,0.0172173399815531,0.0014));
#11025=CARTESIAN_POINT('',(-0.00247005505642828,0.0176707980045714,0.000466666666666667));
#11026=CARTESIAN_POINT('',(-0.00247005505642828,0.0176707980045714,0.0014));
#11027=CARTESIAN_POINT('',(-0.00250742583386771,0.0165069415581458,0.0014));
#11028=CARTESIAN_POINT('',(-0.00224904889178807,0.016990610970044,0.0014));
#11029=CARTESIAN_POINT('',(-0.00247005505642828,0.0176707980045714,0.0014));
#11030=CARTESIAN_POINT('',(-0.00250742583386771,0.0165069415581458,0.0014));
#11031=CARTESIAN_POINT('',(-0.00250742583386771,0.0165069415581458,0.000466666666666667));
#11032=CARTESIAN_POINT('',(-0.00250742583386771,0.0165069415581458,0.000466666666666667));
#11033=CARTESIAN_POINT('',(-0.00250742583386771,0.0165069415581458,0.000466666666666667));
#11034=CARTESIAN_POINT('',(-0.00224904889178807,0.016990610970044,0.000466666666666667));
#11035=CARTESIAN_POINT('',(-0.00247005505642828,0.0176707980045714,0.000466666666666667));
#11036=CARTESIAN_POINT('',(-0.00616991569626964,0.0193026825038279,0.000466666666666667));
#11037=CARTESIAN_POINT('',(-0.00616991569626964,0.0193026825038279,0.0014));
#11038=CARTESIAN_POINT('',(-0.00500448619785819,0.0196813535024326,0.000466666666666667));
#11039=CARTESIAN_POINT('',(-0.00500448619785819,0.0196813535024326,0.0014));
#11040=CARTESIAN_POINT('',(-0.00403268554728062,0.0197871490935337,0.000466666666666667));
#11041=CARTESIAN_POINT('',(-0.00403268554728062,0.0197871490935337,0.0014));
#11042=CARTESIAN_POINT('',(-0.00325451374453692,0.0196200692771311,0.000466666666666667));
#11043=CARTESIAN_POINT('',(-0.00325451374453692,0.0196200692771311,0.0014));
#11044=CARTESIAN_POINT('',(-0.00616991569626964,0.0193026825038279,0.000466666666666667));
#11045=CARTESIAN_POINT('',(-0.00616991569626964,0.0193026825038279,0.000466666666666667));
#11046=CARTESIAN_POINT('',(-0.00616991569626964,0.0193026825038279,0.000466666666666667));
#11047=CARTESIAN_POINT('',(-0.00442177144865247,0.0198706890017349,0.000466666666666667));
#11048=CARTESIAN_POINT('',(-0.00325451374453692,0.0196200692771311,0.000466666666666667));
#11049=CARTESIAN_POINT('',(-0.00325451374453692,0.0196200692771311,0.000466666666666667));
#11050=CARTESIAN_POINT('',(-0.00325451374453692,0.0196200692771311,0.000466666666666667));
#11051=CARTESIAN_POINT('',(-0.00875163279227129,0.0178339470259852,0.000466666666666667));
#11052=CARTESIAN_POINT('',(-0.00875163279227129,0.0178339470259852,0.0014));
#11053=CARTESIAN_POINT('',(-0.00821710718725882,0.0184275480853615,0.000466666666666667));
#11054=CARTESIAN_POINT('',(-0.00821710718725882,0.0184275480853615,0.0014));
#11055=CARTESIAN_POINT('',(-0.00735653482192494,0.0189171265779758,0.000466666666666667));
#11056=CARTESIAN_POINT('',(-0.00735653482192494,0.0189171265779758,0.0014));
#11057=CARTESIAN_POINT('',(-0.00616991569626964,0.0193026825038279,0.000466666666666667));
#11058=CARTESIAN_POINT('',(-0.00616991569626964,0.0193026825038279,0.0014));
#11059=CARTESIAN_POINT('',(-0.00875163279227129,0.0178339470259852,0.000466666666666667));
#11060=CARTESIAN_POINT('',(-0.00875163279227129,0.0178339470259852,0.000466666666666667));
#11061=CARTESIAN_POINT('',(-0.00875163279227129,0.0178339470259852,0.000466666666666667));
#11062=CARTESIAN_POINT('',(-0.00794984438475259,0.0187243486150497,0.000466666666666667));
#11063=CARTESIAN_POINT('',(-0.00616991569626964,0.0193026825038279,0.000466666666666667));
#11064=CARTESIAN_POINT('',(-0.00909075408876751,0.0155196024861342,0.000466666666666667));
#11065=CARTESIAN_POINT('',(-0.00909075408876751,0.0155196024861342,0.0014));
#11066=CARTESIAN_POINT('',(-0.00939919882944917,0.0164688977866584,0.000466666666666667));
#11067=CARTESIAN_POINT('',(-0.00939919882944917,0.0164688977866584,0.0014));
#11068=CARTESIAN_POINT('',(-0.00928615839728376,0.0172403459666088,0.000466666666666667));
#11069=CARTESIAN_POINT('',(-0.00928615839728376,0.0172403459666088,0.0014));
#11070=CARTESIAN_POINT('',(-0.00875163279227129,0.0178339470259852,0.000466666666666667));
#11071=CARTESIAN_POINT('',(-0.00875163279227129,0.0178339470259852,0.0014));
#11072=CARTESIAN_POINT('',(-0.00909075408876751,0.0155196024861342,0.000466666666666667));
#11073=CARTESIAN_POINT('',(-0.00909075408876751,0.0155196024861342,0.000466666666666667));
#11074=CARTESIAN_POINT('',(-0.00909075408876751,0.0155196024861342,0.000466666666666667));
#11075=CARTESIAN_POINT('',(-0.00955342119979,0.0169435454369206,0.000466666666666667));
#11076=CARTESIAN_POINT('',(-0.00875163279227129,0.0178339470259852,0.000466666666666667));
#11077=CARTESIAN_POINT('',(-0.00745967619430447,0.0138577134736777,0.000466666666666667));
#11078=CARTESIAN_POINT('',(-0.00745967619430447,0.0138577134736777,0.0014));
#11079=CARTESIAN_POINT('',(-0.00824102644113475,0.0140237605509932,0.000466666666666667));
#11080=CARTESIAN_POINT('',(-0.00824102644113475,0.0140237605509932,0.0014));
#11081=CARTESIAN_POINT('',(-0.00878471907262243,0.0145777235551453,0.000466666666666667));
#11082=CARTESIAN_POINT('',(-0.00878471907262243,0.0145777235551453,0.0014));
#11083=CARTESIAN_POINT('',(-0.00909075408876751,0.0155196024861342,0.000466666666666667));
#11084=CARTESIAN_POINT('',(-0.00909075408876751,0.0155196024861342,0.0014));
#11085=CARTESIAN_POINT('',(-0.00745967619430447,0.0138577134736777,0.000466666666666667));
#11086=CARTESIAN_POINT('',(-0.00745967619430447,0.0138577134736777,0.000466666666666667));
#11087=CARTESIAN_POINT('',(-0.00745967619430447,0.0138577134736777,0.000466666666666667));
#11088=CARTESIAN_POINT('',(-0.00863170156454989,0.0141067840896509,0.000466666666666667));
#11089=CARTESIAN_POINT('',(-0.00909075408876751,0.0155196024861342,0.000466666666666667));
#11090=CARTESIAN_POINT('',(-0.00450772213557612,0.0141869767464827,0.000466666666666667));
#11091=CARTESIAN_POINT('',(-0.00450772213557612,0.0141869767464827,0.0014));
#11092=CARTESIAN_POINT('',(-0.00569434126123141,0.0138014208206306,0.000466666666666667));
#11093=CARTESIAN_POINT('',(-0.00569434126123141,0.0138014208206306,0.0014));
#11094=CARTESIAN_POINT('',(-0.0066783259474742,0.0136916663963623,0.000466666666666667));
#11095=CARTESIAN_POINT('',(-0.0066783259474742,0.0136916663963623,0.0014));
#11096=CARTESIAN_POINT('',(-0.00745967619430447,0.0138577134736777,0.000466666666666667));
#11097=CARTESIAN_POINT('',(-0.00745967619430447,0.0138577134736777,0.0014));
#11098=CARTESIAN_POINT('',(-0.00450772213557612,0.0141869767464827,0.000466666666666667));
#11099=CARTESIAN_POINT('',(-0.00450772213557612,0.0141869767464827,0.000466666666666667));
#11100=CARTESIAN_POINT('',(-0.00450772213557612,0.0141869767464827,0.000466666666666667));
#11101=CARTESIAN_POINT('',(-0.00628765082405906,0.0136086428577046,0.000466666666666667));
#11102=CARTESIAN_POINT('',(-0.00745967619430447,0.0138577134736777,0.000466666666666667));
#11103=CARTESIAN_POINT('',(-0.0019625571465701,0.0156438357248237,0.000466666666666667));
#11104=CARTESIAN_POINT('',(-0.0019625571465701,0.0156438357248237,0.0014));
#11105=CARTESIAN_POINT('',(-0.002493904307496,0.0150512674045344,0.000466666666666667));
#11106=CARTESIAN_POINT('',(-0.002493904307496,0.0150512674045344,0.0014));
#11107=CARTESIAN_POINT('',(-0.00334229263716467,0.0145656477450874,0.000466666666666667));
#11108=CARTESIAN_POINT('',(-0.00334229263716467,0.0145656477450874,0.0014));
#11109=CARTESIAN_POINT('',(-0.00450772213557612,0.0141869767464827,0.000466666666666667));
#11110=CARTESIAN_POINT('',(-0.00450772213557612,0.0141869767464827,0.0014));
#11111=CARTESIAN_POINT('',(-0.0019625571465701,0.0156438357248237,0.000466666666666667));
#11112=CARTESIAN_POINT('',(-0.0019625571465701,0.0156438357248237,0.000466666666666667));
#11113=CARTESIAN_POINT('',(-0.0019625571465701,0.0156438357248237,0.000466666666666667));
#11114=CARTESIAN_POINT('',(-0.00275957788795895,0.0147549832443898,0.000466666666666667));
#11115=CARTESIAN_POINT('',(-0.00450772213557612,0.0141869767464827,0.000466666666666667));
#11116=CARTESIAN_POINT('',(-0.00162458892939888,0.017945506601741,0.000466666666666667));
#11117=CARTESIAN_POINT('',(-0.00162458892939888,0.017945506601741,0.0014));
#11118=CARTESIAN_POINT('',(-0.0013185539132538,0.0170036276707521,0.000466666666666667));
#11119=CARTESIAN_POINT('',(-0.0013185539132538,0.0170036276707521,0.0014));
#11120=CARTESIAN_POINT('',(-0.0014312099856442,0.016236404045113,0.000466666666666667));
#11121=CARTESIAN_POINT('',(-0.0014312099856442,0.016236404045113,0.0014));
#11122=CARTESIAN_POINT('',(-0.0019625571465701,0.0156438357248237,0.000466666666666667));
#11123=CARTESIAN_POINT('',(-0.0019625571465701,0.0156438357248237,0.0014));
#11124=CARTESIAN_POINT('',(-0.00162458892939888,0.017945506601741,0.000466666666666667));
#11125=CARTESIAN_POINT('',(-0.00162458892939888,0.017945506601741,0.000466666666666667));
#11126=CARTESIAN_POINT('',(-0.00162458892939888,0.017945506601741,0.000466666666666667));
#11127=CARTESIAN_POINT('',(-0.00116553640518125,0.0165326882052576,0.000466666666666667));
#11128=CARTESIAN_POINT('',(-0.0019625571465701,0.0156438357248237,0.000466666666666667));
#11129=CARTESIAN_POINT('',(-0.00325451374453692,0.0196200692771311,0.000466666666666667));
#11130=CARTESIAN_POINT('',(-0.00325451374453692,0.0196200692771311,0.0014));
#11131=CARTESIAN_POINT('',(-0.00247634194179322,0.0194529894607286,0.000466666666666667));
#11132=CARTESIAN_POINT('',(-0.00247634194179322,0.0194529894607286,0.0014));
#11133=CARTESIAN_POINT('',(-0.00193303367008054,0.0188948019022652,0.000466666666666667));
#11134=CARTESIAN_POINT('',(-0.00193303367008054,0.0188948019022652,0.0014));
#11135=CARTESIAN_POINT('',(-0.00162458892939888,0.017945506601741,0.000466666666666667));
#11136=CARTESIAN_POINT('',(-0.00162458892939888,0.017945506601741,0.0014));
#11137=CARTESIAN_POINT('',(-0.00325451374453692,0.0196200692771311,0.000466666666666667));
#11138=CARTESIAN_POINT('',(-0.00208725604042138,0.0193694495525274,0.000466666666666667));
#11139=CARTESIAN_POINT('',(-0.00162458892939888,0.017945506601741,0.000466666666666667));
#11140=CARTESIAN_POINT('',(-0.00334367315627052,0.0157063711279397,0.000466666666666667));
#11141=CARTESIAN_POINT('',(-0.00334367315627052,0.0157063711279397,0.0014));
#11142=CARTESIAN_POINT('',(-0.00295842623605507,0.0159176384734784,0.000466666666666667));
#11143=CARTESIAN_POINT('',(-0.00295842623605507,0.0159176384734784,0.0014));
#11144=CARTESIAN_POINT('',(-0.00267967712858747,0.0161844952835471,0.000466666666666667));
#11145=CARTESIAN_POINT('',(-0.00267967712858747,0.0161844952835471,0.0014));
#11146=CARTESIAN_POINT('',(-0.00250742583386771,0.0165069415581458,0.000466666666666667));
#11147=CARTESIAN_POINT('',(-0.00250742583386771,0.0165069415581458,0.0014));
#11148=CARTESIAN_POINT('',(-0.00334367315627052,0.0157063711279397,0.0014));
#11149=CARTESIAN_POINT('',(-0.00276580277594735,0.0160232721462477,0.0014));
#11150=CARTESIAN_POINT('',(-0.00250742583386771,0.0165069415581458,0.0014));
#11151=CARTESIAN_POINT('',(-0.00334367315627052,0.0157063711279397,0.000466666666666667));
#11152=CARTESIAN_POINT('',(-0.00276580277594735,0.0160232721462477,0.000466666666666667));
#11153=CARTESIAN_POINT('',(-0.00250742583386771,0.0165069415581458,0.000466666666666667));
#11154=CARTESIAN_POINT('',(1.38777878078145E-17,3.46944695195361E-18,0.000466666666666667));
#11155=CARTESIAN_POINT('',(-3.46944695195361E-18,0.,0.0014));
#11156=CARTESIAN_POINT('',(-3.46944695195361E-18,0.,0.0014));
#11157=CARTESIAN_POINT('',(-3.46944695195361E-18,0.,0.0014));
#11158=CARTESIAN_POINT('',(-3.46944695195361E-18,0.,0.0014));
#11159=CARTESIAN_POINT('',(-3.46944695195361E-18,0.,0.0014));
#11160=CARTESIAN_POINT('',(0.0141982482512803,-0.0103156311777329,0.0001));
#11161=CARTESIAN_POINT('',(0.0141982482512803,-0.0103156311777329,-0.00105));
#11162=CARTESIAN_POINT('',(0.0139246441741603,-0.0114326096058967,-0.0010500000000011));
#11163=CARTESIAN_POINT('',(0.0151760095543856,-0.00971025292064908,-0.00105));
#11164=CARTESIAN_POINT('',(0.0151760095543856,-0.00971025292064909,-0.00105000000000001));
#11165=CARTESIAN_POINT('',(0.0152494348329716,-0.00982884389287358,-0.0011757641663512));
#11166=CARTESIAN_POINT('',(0.0153034682216398,-0.00996199881346191,-0.00129325903340571));
#11167=CARTESIAN_POINT('',(0.0153305672963589,-0.0101147491721868,-0.0014));
#11168=CARTESIAN_POINT('',(0.014357103938883,-0.0114546065376579,-0.0014));
#11169=CARTESIAN_POINT('',(0.0142034556402316,-0.0114760362428034,-0.00129325903340603));
#11170=CARTESIAN_POINT('',(0.0140601205499676,-0.0114657945697597,-0.00117576416635189));
#11171=CARTESIAN_POINT('',(0.0139246441741603,-0.0114326096058967,-0.00105000000000111));
#11172=CARTESIAN_POINT('',(0.00542324825128033,-0.0166910418609799,0.0001));
#11173=CARTESIAN_POINT('',(0.00542324825128033,-0.0166910418609799,-0.00105));
#11174=CARTESIAN_POINT('',(0.00454535445595642,-0.0174338759502164,-0.00105000000000109));
#11175=CARTESIAN_POINT('',(0.0065701061735071,-0.0167759942372016,-0.00105));
#11176=CARTESIAN_POINT('',(0.0065701061735071,-0.0167759942372016,-0.00105));
#11177=CARTESIAN_POINT('',(0.00655980244717132,-0.016915094645009,-0.0011757641663512));
#11178=CARTESIAN_POINT('',(0.0065252498782755,-0.0170545792676401,-0.00129325903340571));
#11179=CARTESIAN_POINT('',(0.00645738908211429,-0.0171940853402161,-0.00140000000000001));
#11180=CARTESIAN_POINT('',(0.00488229228291554,-0.0177058653137492,-0.0014));
#11181=CARTESIAN_POINT('',(0.00474539213350429,-0.0176328901054093,-0.00129325903340601));
#11182=CARTESIAN_POINT('',(0.00463545151396436,-0.0175403541656729,-0.00117576416635187));
#11183=CARTESIAN_POINT('',(0.00454535445595641,-0.0174338759502164,-0.0010500000000011));
#11184=CARTESIAN_POINT('',(-0.00542324825128032,-0.0166910418609799,0.0001));
#11185=CARTESIAN_POINT('',(-0.00542324825128032,-0.0166910418609799,-0.00105));
#11186=CARTESIAN_POINT('',(-0.00657010617350709,-0.0167759942372016,-0.00105));
#11187=CARTESIAN_POINT('',(-0.00454535445595563,-0.0174338759502155,-0.00105));
#11188=CARTESIAN_POINT('',(-0.00454535445595562,-0.0174338759502155,-0.00105000000000001));
#11189=CARTESIAN_POINT('',(-0.00463545151396372,-0.0175403541656723,-0.00117576416635121));
#11190=CARTESIAN_POINT('',(-0.00474539213350391,-0.0176328901054091,-0.00129325903340573));
#11191=CARTESIAN_POINT('',(-0.00488229228291555,-0.0177058653137492,-0.00140000000000001));
#11192=CARTESIAN_POINT('',(-0.00645738908211428,-0.0171940853402161,-0.00140000000000001));
#11193=CARTESIAN_POINT('',(-0.0065252498782755,-0.0170545792676401,-0.00129325903340571));
#11194=CARTESIAN_POINT('',(-0.00655980244717131,-0.016915094645009,-0.00117576416635119));
#11195=CARTESIAN_POINT('',(-0.00657010617350709,-0.0167759942372016,-0.00105));
#11196=CARTESIAN_POINT('',(-0.0141982482512803,-0.0103156311777329,0.0001));
#11197=CARTESIAN_POINT('',(-0.0141982482512803,-0.0103156311777329,-0.00105));
#11198=CARTESIAN_POINT('',(-0.0151760095543862,-0.00971025292065013,-0.0010500000000011));
#11199=CARTESIAN_POINT('',(-0.0139246441741591,-0.0114326096058964,-0.00105));
#11200=CARTESIAN_POINT('',(-0.0139246441741591,-0.0114326096058964,-0.00105000000000001));
#11201=CARTESIAN_POINT('',(-0.0140601205499668,-0.0114657945697596,-0.00117576416635121));
#11202=CARTESIAN_POINT('',(-0.0142034556402312,-0.0114760362428035,-0.00129325903340572));
#11203=CARTESIAN_POINT('',(-0.014357103938883,-0.0114546065376579,-0.0014));
#11204=CARTESIAN_POINT('',(-0.0153305672963589,-0.0101147491721868,-0.0014));
#11205=CARTESIAN_POINT('',(-0.0153034682216398,-0.00996199881346236,-0.00129325903340602));
#11206=CARTESIAN_POINT('',(-0.0152494348329719,-0.00982884389287436,-0.00117576416635188));
#11207=CARTESIAN_POINT('',(-0.0151760095543863,-0.00971025292065012,-0.00105000000000111));
#11208=CARTESIAN_POINT('',(-0.01755,-7.31836466427716E-18,0.0001));
#11209=CARTESIAN_POINT('',(-0.01755,-7.31836466427716E-18,-0.00105));
#11210=CARTESIAN_POINT('',(-0.0179851930990831,0.00106447497223299,-0.00105000000000109));
#11211=CARTESIAN_POINT('',(-0.017985193099082,-0.00106447497223346,-0.00105));
#11212=CARTESIAN_POINT('',(-0.017985193099082,-0.00106447497223346,-0.00105000000000002));
#11213=CARTESIAN_POINT('',(-0.0181143014218034,-0.00101169115622272,-0.00117576416635122));
#11214=CARTESIAN_POINT('',(-0.0182362818500916,-0.000935726591572622,-0.00129325903340573));
#11215=CARTESIAN_POINT('',(-0.0183479898702121,-0.000828077391938045,-0.00140000000000001));
#11216=CARTESIAN_POINT('',(-0.0183479898702121,0.00082807739193803,-0.00140000000000001));
#11217=CARTESIAN_POINT('',(-0.0182362818500919,0.000935726591572298,-0.00129325903340603));
#11218=CARTESIAN_POINT('',(-0.0181143014218041,0.00101169115622226,-0.00117576416635189));
#11219=CARTESIAN_POINT('',(-0.0179851930990831,0.00106447497223299,-0.0010500000000011));
#11220=CARTESIAN_POINT('',(-0.0141982482512803,0.0103156311777329,0.0001));
#11221=CARTESIAN_POINT('',(-0.0141982482512803,0.0103156311777329,-0.00105));
#11222=CARTESIAN_POINT('',(-0.0139246441741603,0.0114326096058967,-0.0010500000000011));
#11223=CARTESIAN_POINT('',(-0.0151760095543856,0.00971025292064908,-0.00105));
#11224=CARTESIAN_POINT('',(-0.0151760095543856,0.00971025292064908,-0.00105000000000002));
#11225=CARTESIAN_POINT('',(-0.0152494348329717,0.00982884389287358,-0.00117576416635121));
#11226=CARTESIAN_POINT('',(-0.0153034682216398,0.00996199881346191,-0.00129325903340572));
#11227=CARTESIAN_POINT('',(-0.015330567296359,0.0101147491721868,-0.00140000000000001));
#11228=CARTESIAN_POINT('',(-0.014357103938883,0.0114546065376579,-0.0014));
#11229=CARTESIAN_POINT('',(-0.0142034556402316,0.0114760362428034,-0.00129325903340603));
#11230=CARTESIAN_POINT('',(-0.0140601205499676,0.0114657945697597,-0.00117576416635189));
#11231=CARTESIAN_POINT('',(-0.0139246441741603,0.0114326096058967,-0.00105000000000111));
#11232=CARTESIAN_POINT('',(-0.00542324825128034,0.0166910418609799,0.0001));
#11233=CARTESIAN_POINT('',(-0.00542324825128034,0.0166910418609799,-0.00105));
#11234=CARTESIAN_POINT('',(-0.00454535445595642,0.0174338759502164,-0.0010500000000011));
#11235=CARTESIAN_POINT('',(-0.0065701061735071,0.0167759942372016,-0.00105));
#11236=CARTESIAN_POINT('',(-0.00657010617350711,0.0167759942372016,-0.00105000000000001));
#11237=CARTESIAN_POINT('',(-0.00655980244717133,0.016915094645009,-0.00117576416635119));
#11238=CARTESIAN_POINT('',(-0.00652524987827552,0.0170545792676401,-0.00129325903340571));
#11239=CARTESIAN_POINT('',(-0.0064573890821143,0.0171940853402161,-0.00140000000000002));
#11240=CARTESIAN_POINT('',(-0.00488229228291554,0.0177058653137492,-0.0014));
#11241=CARTESIAN_POINT('',(-0.00474539213350431,0.0176328901054093,-0.00129325903340602));
#11242=CARTESIAN_POINT('',(-0.00463545151396437,0.0175403541656729,-0.00117576416635188));
#11243=CARTESIAN_POINT('',(-0.00454535445595642,0.0174338759502164,-0.0010500000000011));
#11244=CARTESIAN_POINT('',(0.00542324825128032,0.0166910418609799,0.0001));
#11245=CARTESIAN_POINT('',(0.00542324825128032,0.0166910418609799,-0.00105));
#11246=CARTESIAN_POINT('',(0.00657010617350709,0.0167759942372016,-0.00105));
#11247=CARTESIAN_POINT('',(0.00454535445595563,0.0174338759502155,-0.00105));
#11248=CARTESIAN_POINT('',(0.00454535445595562,0.0174338759502155,-0.00105000000000001));
#11249=CARTESIAN_POINT('',(0.00463545151396371,0.0175403541656723,-0.0011757641663512));
#11250=CARTESIAN_POINT('',(0.00474539213350389,0.0176328901054091,-0.00129325903340572));
#11251=CARTESIAN_POINT('',(0.00488229228291555,0.0177058653137492,-0.00140000000000001));
#11252=CARTESIAN_POINT('',(0.00645738908211428,0.0171940853402161,-0.00140000000000001));
#11253=CARTESIAN_POINT('',(0.0065252498782755,0.0170545792676401,-0.00129325903340571));
#11254=CARTESIAN_POINT('',(0.00655980244717131,0.016915094645009,-0.00117576416635119));
#11255=CARTESIAN_POINT('',(0.00657010617350709,0.0167759942372016,-0.00105));
#11256=CARTESIAN_POINT('',(0.0141982482512803,0.0103156311777329,0.0001));
#11257=CARTESIAN_POINT('',(0.0141982482512803,0.0103156311777329,-0.00105));
#11258=CARTESIAN_POINT('',(0.0151760095543862,0.00971025292065013,-0.00105000000000109));
#11259=CARTESIAN_POINT('',(0.0139246441741591,0.0114326096058964,-0.00105));
#11260=CARTESIAN_POINT('',(0.0139246441741591,0.0114326096058964,-0.00105000000000001));
#11261=CARTESIAN_POINT('',(0.0140601205499668,0.0114657945697596,-0.00117576416635121));
#11262=CARTESIAN_POINT('',(0.0142034556402312,0.0114760362428035,-0.00129325903340572));
#11263=CARTESIAN_POINT('',(0.014357103938883,0.0114546065376579,-0.0014));
#11264=CARTESIAN_POINT('',(0.0153305672963589,0.0101147491721868,-0.0014));
#11265=CARTESIAN_POINT('',(0.0153034682216398,0.00996199881346237,-0.00129325903340602));
#11266=CARTESIAN_POINT('',(0.015249434832972,0.00982884389287437,-0.00117576416635188));
#11267=CARTESIAN_POINT('',(0.0151760095543863,0.00971025292065012,-0.0010500000000011));
#11268=CARTESIAN_POINT('',(0.01755,4.71627945031194E-18,0.0001));
#11269=CARTESIAN_POINT('',(0.01755,4.71627945031194E-18,-0.00105));
#11270=CARTESIAN_POINT('',(0.0179851930990831,-0.00106447497223299,-0.0010500000000011));
#11271=CARTESIAN_POINT('',(0.017985193099082,0.00106447497223346,-0.00105));
#11272=CARTESIAN_POINT('',(0.017985193099082,0.00106447497223346,-0.00105000000000002));
#11273=CARTESIAN_POINT('',(0.0181143014218034,0.00101169115622272,-0.00117576416635122));
#11274=CARTESIAN_POINT('',(0.0182362818500916,0.000935726591572621,-0.00129325903340572));
#11275=CARTESIAN_POINT('',(0.0183479898702121,0.000828077391938044,-0.00140000000000001));
#11276=CARTESIAN_POINT('',(0.0183479898702121,-0.000828077391938033,-0.00140000000000001));
#11277=CARTESIAN_POINT('',(0.0182362818500919,-0.000935726591572301,-0.00129325903340603));
#11278=CARTESIAN_POINT('',(0.0181143014218041,-0.00101169115622227,-0.00117576416635189));
#11279=CARTESIAN_POINT('',(0.0179851930990831,-0.001064474972233,-0.0010500000000011));
#11280=CARTESIAN_POINT('',(-0.00542324825128032,-0.0166910418609799,-0.00105));
#11281=CARTESIAN_POINT('',(-0.00542324825128032,-0.0166910418609799,-0.00095));
#11282=CARTESIAN_POINT('',(-0.00448368369003612,-0.0173465709871475,-0.00095));
#11283=CARTESIAN_POINT('',(-0.00427864941703638,-0.0166421183630732,-0.00095));
#11284=CARTESIAN_POINT('',(-0.00448368369003613,-0.0173465709871475,-0.000950000000000013));
#11285=CARTESIAN_POINT('',(-0.0045013362744995,-0.0173770473886136,-0.000983924260456343));
#11286=CARTESIAN_POINT('',(-0.00452189535297987,-0.0174061515885515,-0.00101725404142691));
#11287=CARTESIAN_POINT('',(-0.00454535445595562,-0.0174338759502155,-0.00105000000000001));
#11288=CARTESIAN_POINT('',(-0.00657010617350709,-0.0167759942372016,-0.00105));
#11289=CARTESIAN_POINT('',(-0.00657278901557195,-0.0167397758426961,-0.0010172540414269));
#11290=CARTESIAN_POINT('',(-0.00657231463994797,-0.0167041457272071,-0.000983924260456337));
#11291=CARTESIAN_POINT('',(-0.00656868230144878,-0.0166691138716813,-0.000950000000000008));
#11292=CARTESIAN_POINT('',(-0.00656868230144881,-0.0166691138716813,-0.00095));
#11293=CARTESIAN_POINT('',(-0.00542324825128032,-0.0166910418609799,-0.00095));
#11294=CARTESIAN_POINT('',(-0.00632049164936529,-0.0159786836051894,-0.00095));
#11295=CARTESIAN_POINT('',(-0.00625509556933724,-0.0158969826443963,-0.00105));
#11296=CARTESIAN_POINT('',(-0.00627959323603725,-0.0159226461187537,-0.00101714885544066));
#11297=CARTESIAN_POINT('',(-0.00630138996280635,-0.0159498777099856,-0.000983812551065574));
#11298=CARTESIAN_POINT('',(-0.00632049164936529,-0.0159786836051894,-0.000949999999999999));
#11299=CARTESIAN_POINT('',(-0.00427864941703639,-0.0166421183630732,-0.000950000000000016));
#11300=CARTESIAN_POINT('',(-0.00427717132570393,-0.016607586214662,-0.000983812551065467));
#11301=CARTESIAN_POINT('',(-0.00427879892035925,-0.0165727436000284,-0.00101714885544055));
#11302=CARTESIAN_POINT('',(-0.00428353333729224,-0.0165375820459366,-0.00105));
#11303=CARTESIAN_POINT('',(0.00542324825128033,-0.0166910418609799,-0.00105));
#11304=CARTESIAN_POINT('',(0.00542324825128033,-0.0166910418609799,-0.00095));
#11305=CARTESIAN_POINT('',(0.00656868230144882,-0.0166691138716813,-0.00095));
#11306=CARTESIAN_POINT('',(0.0063204916493653,-0.0159786836051894,-0.00095));
#11307=CARTESIAN_POINT('',(0.00656868230144879,-0.0166691138716813,-0.000950000000000011));
#11308=CARTESIAN_POINT('',(0.00657231463994798,-0.0167041457272071,-0.000983924260456335));
#11309=CARTESIAN_POINT('',(0.00657278901557196,-0.0167397758426961,-0.0010172540414269));
#11310=CARTESIAN_POINT('',(0.0065701061735071,-0.0167759942372016,-0.00105));
#11311=CARTESIAN_POINT('',(0.00454535445595641,-0.0174338759502164,-0.0010500000000011));
#11312=CARTESIAN_POINT('',(0.00452189535298034,-0.0174061515885522,-0.00101725404142764));
#11313=CARTESIAN_POINT('',(0.00450133627449971,-0.0173770473886139,-0.00098392426045672));
#11314=CARTESIAN_POINT('',(0.00448368369003614,-0.0173465709871475,-0.000950000000000012));
#11315=CARTESIAN_POINT('',(0.00448368369003613,-0.0173465709871475,-0.00095));
#11316=CARTESIAN_POINT('',(0.00542324825128033,-0.0166910418609799,-0.00095));
#11317=CARTESIAN_POINT('',(0.00427864941703639,-0.0166421183630732,-0.00095));
#11318=CARTESIAN_POINT('',(0.00428353333729234,-0.0165375820459359,-0.00105000000000063));
#11319=CARTESIAN_POINT('',(0.0042787989203593,-0.0165727436000278,-0.00101714885544108));
#11320=CARTESIAN_POINT('',(0.00427717132570393,-0.0166075862146617,-0.000983812551065797));
#11321=CARTESIAN_POINT('',(0.0042786494170364,-0.0166421183630732,-0.000950000000000015));
#11322=CARTESIAN_POINT('',(0.0063204916493653,-0.0159786836051894,-0.000949999999999998));
#11323=CARTESIAN_POINT('',(0.00630138996280642,-0.0159498777099857,-0.000983812551065459));
#11324=CARTESIAN_POINT('',(0.00627959323603734,-0.0159226461187537,-0.00101714885544055));
#11325=CARTESIAN_POINT('',(0.00625509556933725,-0.0158969826443963,-0.00105000000000001));
#11326=CARTESIAN_POINT('',(0.0141982482512803,-0.0103156311777329,-0.00105));
#11327=CARTESIAN_POINT('',(0.0139246441741603,-0.0114326096058967,-0.00105000000000111));
#11328=CARTESIAN_POINT('',(0.0138893693902644,-0.0114239690409135,-0.00101725404142765));
#11329=CARTESIAN_POINT('',(0.0138556297268814,-0.0114125075716874,-0.000983924260456717));
#11330=CARTESIAN_POINT('',(0.0138234349067308,-0.0113982275737862,-0.000950000000000001));
#11331=CARTESIAN_POINT('',(0.0138234349067308,-0.0113982275737862,-0.00095));
#11332=CARTESIAN_POINT('',(0.0141982482512803,-0.0103156311777329,-0.00095));
#11333=CARTESIAN_POINT('',(0.0132434918320751,-0.0109488295510618,-0.00095));
#11334=CARTESIAN_POINT('',(0.0131859981010194,-0.0108613871976692,-0.00105000000000001));
#11335=CARTESIAN_POINT('',(0.0132028353202049,-0.0108926163129294,-0.00101714885544066));
#11336=CARTESIAN_POINT('',(0.0132219985435018,-0.0109217612564316,-0.000983812551065578));
#11337=CARTESIAN_POINT('',(0.0132434918320751,-0.0109488295510618,-0.000950000000000002));
#11338=CARTESIAN_POINT('',(0.0145054197313193,-0.00921193480560393,-0.000950000000000003));
#11339=CARTESIAN_POINT('',(0.0144730344618922,-0.00919985803649918,-0.000983812551065463));
#11340=CARTESIAN_POINT('',(0.0144393942117916,-0.00919063901095176,-0.00101714885544055));
#11341=CARTESIAN_POINT('',(0.0144044905713588,-0.00918427619126373,-0.00105000000000001));
#11342=CARTESIAN_POINT('',(0.0145054197313193,-0.00921193480560391,-0.00095));
#11343=CARTESIAN_POINT('',(0.0141982482512803,-0.0103156311777329,-0.00095));
#11344=CARTESIAN_POINT('',(0.0151120349150802,-0.00962462181957514,-0.00095));
#11345=CARTESIAN_POINT('',(0.0151120349150802,-0.00962462181957516,-0.000950000000000006));
#11346=CARTESIAN_POINT('',(0.0151355647466939,-0.00965082815103891,-0.000983924260456336));
#11347=CARTESIAN_POINT('',(0.0151568913810573,-0.00967937468898519,-0.0010172540414269));
#11348=CARTESIAN_POINT('',(0.0151760095543856,-0.00971025292064909,-0.00105000000000001));
#11349=CARTESIAN_POINT('',(0.01755,4.71627945031194E-18,-0.00105));
#11350=CARTESIAN_POINT('',(0.0179851930990831,-0.001064474972233,-0.0010500000000011));
#11351=CARTESIAN_POINT('',(0.0179515764027698,-0.00107821860607238,-0.00101725404142764));
#11352=CARTESIAN_POINT('',(0.0179175435591278,-0.00108877775924181,-0.000983924260456715));
#11353=CARTESIAN_POINT('',(0.017883103830326,-0.00109614863874482,-0.000950000000000004));
#11354=CARTESIAN_POINT('',(0.0178831038303261,-0.00109614863874484,-0.00095));
#11355=CARTESIAN_POINT('',(0.01755,4.71627945031194E-18,-0.00095));
#11356=CARTESIAN_POINT('',(0.0171497704969927,-0.00107345998757409,-0.00095));
#11357=CARTESIAN_POINT('',(0.0170518597657481,-0.00103651160486481,-0.00105000000000063));
#11358=CARTESIAN_POINT('',(0.0170838373755995,-0.00105187982070286,-0.00101714885544109));
#11359=CARTESIAN_POINT('',(0.0171164717168833,-0.00106419471525607,-0.000983812551065798));
#11360=CARTESIAN_POINT('',(0.0171497704969927,-0.00107345998757408,-0.000950000000000016));
#11361=CARTESIAN_POINT('',(0.0171497704969927,0.00107345998757409,-0.000950000000000015));
#11362=CARTESIAN_POINT('',(0.0171164717168836,0.00106419471525617,-0.000983812551065472));
#11363=CARTESIAN_POINT('',(0.0170838373756,0.00105187982070308,-0.00101714885544056));
#11364=CARTESIAN_POINT('',(0.0170518597657487,0.0010365116048651,-0.00105000000000001));
#11365=CARTESIAN_POINT('',(0.0171497704969927,0.00107345998757409,-0.00095));
#11366=CARTESIAN_POINT('',(0.01755,4.71627945031194E-18,-0.00095));
#11367=CARTESIAN_POINT('',(0.0178831038303261,0.00109614863874485,-0.00095));
#11368=CARTESIAN_POINT('',(0.017883103830326,0.00109614863874482,-0.000950000000000004));
#11369=CARTESIAN_POINT('',(0.0179175435591274,0.0010887777592419,-0.000983924260456337));
#11370=CARTESIAN_POINT('',(0.017951576402769,0.00107821860607262,-0.0010172540414269));
#11371=CARTESIAN_POINT('',(0.017985193099082,0.00106447497223346,-0.00105000000000001));
#11372=CARTESIAN_POINT('',(0.0141982482512803,0.0103156311777329,-0.00105));
#11373=CARTESIAN_POINT('',(0.0151760095543863,0.00971025292065012,-0.0010500000000011));
#11374=CARTESIAN_POINT('',(0.0151568913810577,0.00967937468898584,-0.00101725404142765));
#11375=CARTESIAN_POINT('',(0.0151355647466941,0.00965082815103921,-0.000983924260456725));
#11376=CARTESIAN_POINT('',(0.0151120349150802,0.00962462181957517,-0.000950000000000016));
#11377=CARTESIAN_POINT('',(0.0151120349150802,0.00962462181957516,-0.00095));
#11378=CARTESIAN_POINT('',(0.0141982482512803,0.0103156311777329,-0.00095));
#11379=CARTESIAN_POINT('',(0.0145054197313193,0.00921193480560393,-0.00095));
#11380=CARTESIAN_POINT('',(0.0144044905713581,0.00918427619126361,-0.00105000000000063));
#11381=CARTESIAN_POINT('',(0.0144393942117911,0.00919063901095162,-0.00101714885544108));
#11382=CARTESIAN_POINT('',(0.0144730344618918,0.00919985803649906,-0.000983812551065795));
#11383=CARTESIAN_POINT('',(0.0145054197313193,0.00921193480560393,-0.000950000000000011));
#11384=CARTESIAN_POINT('',(0.0132434918320751,0.0109488295510618,-0.000950000000000008));
#11385=CARTESIAN_POINT('',(0.0132219985435018,0.0109217612564317,-0.000983812551065466));
#11386=CARTESIAN_POINT('',(0.013202835320205,0.0108926163129295,-0.00101714885544055));
#11387=CARTESIAN_POINT('',(0.0131859981010194,0.0108613871976692,-0.00105000000000001));
#11388=CARTESIAN_POINT('',(0.0132434918320751,0.0109488295510618,-0.00095));
#11389=CARTESIAN_POINT('',(0.0141982482512803,0.0103156311777329,-0.00095));
#11390=CARTESIAN_POINT('',(0.0138234349067308,0.0113982275737862,-0.00095));
#11391=CARTESIAN_POINT('',(0.0138234349067308,0.0113982275737862,-0.000950000000000005));
#11392=CARTESIAN_POINT('',(0.013855629726881,0.0114125075716872,-0.000983924260456337));
#11393=CARTESIAN_POINT('',(0.0138893693902636,0.0114239690409132,-0.0010172540414269));
#11394=CARTESIAN_POINT('',(0.0139246441741591,0.0114326096058964,-0.00105000000000001));
#11395=CARTESIAN_POINT('',(-0.0141982482512803,-0.0103156311777329,-0.00105));
#11396=CARTESIAN_POINT('',(-0.0141982482512803,-0.0103156311777329,-0.00095));
#11397=CARTESIAN_POINT('',(-0.0138234349067308,-0.0113982275737862,-0.00095));
#11398=CARTESIAN_POINT('',(-0.0132434918320751,-0.0109488295510618,-0.00095));
#11399=CARTESIAN_POINT('',(-0.0138234349067308,-0.0113982275737862,-0.000950000000000005));
#11400=CARTESIAN_POINT('',(-0.013855629726881,-0.0114125075716872,-0.000983924260456337));
#11401=CARTESIAN_POINT('',(-0.0138893693902636,-0.0114239690409132,-0.0010172540414269));
#11402=CARTESIAN_POINT('',(-0.0139246441741591,-0.0114326096058964,-0.00105000000000001));
#11403=CARTESIAN_POINT('',(-0.0151760095543863,-0.00971025292065012,-0.0010500000000011));
#11404=CARTESIAN_POINT('',(-0.0151568913810577,-0.00967937468898583,-0.00101725404142765));
#11405=CARTESIAN_POINT('',(-0.0151355647466941,-0.0096508281510392,-0.00098392426045672));
#11406=CARTESIAN_POINT('',(-0.0151120349150802,-0.00962462181957517,-0.000950000000000011));
#11407=CARTESIAN_POINT('',(-0.0151120349150802,-0.00962462181957515,-0.00095));
#11408=CARTESIAN_POINT('',(-0.0141982482512803,-0.0103156311777329,-0.00095));
#11409=CARTESIAN_POINT('',(-0.0145054197313193,-0.00921193480560393,-0.00095));
#11410=CARTESIAN_POINT('',(-0.0144044905713581,-0.00918427619126361,-0.00105000000000063));
#11411=CARTESIAN_POINT('',(-0.0144393942117911,-0.00919063901095162,-0.00101714885544108));
#11412=CARTESIAN_POINT('',(-0.0144730344618918,-0.00919985803649906,-0.000983812551065795));
#11413=CARTESIAN_POINT('',(-0.0145054197313193,-0.00921193480560393,-0.000950000000000011));
#11414=CARTESIAN_POINT('',(-0.0132434918320751,-0.0109488295510618,-0.000950000000000002));
#11415=CARTESIAN_POINT('',(-0.0132219985435018,-0.0109217612564317,-0.000983812551065463));
#11416=CARTESIAN_POINT('',(-0.013202835320205,-0.0108926163129295,-0.00101714885544055));
#11417=CARTESIAN_POINT('',(-0.0131859981010194,-0.0108613871976692,-0.00105000000000001));
#11418=CARTESIAN_POINT('',(-0.01755,-7.31836466427716E-18,-0.00105));
#11419=CARTESIAN_POINT('',(-0.01755,-7.31836466427716E-18,-0.00095));
#11420=CARTESIAN_POINT('',(-0.0178831038303261,-0.00109614863874485,-0.00095));
#11421=CARTESIAN_POINT('',(-0.0171497704969927,-0.0010734599875741,-0.00095));
#11422=CARTESIAN_POINT('',(-0.017883103830326,-0.00109614863874483,-0.000950000000000005));
#11423=CARTESIAN_POINT('',(-0.0179175435591274,-0.0010887777592419,-0.000983924260456338));
#11424=CARTESIAN_POINT('',(-0.017951576402769,-0.00107821860607263,-0.0010172540414269));
#11425=CARTESIAN_POINT('',(-0.017985193099082,-0.00106447497223346,-0.00105000000000001));
#11426=CARTESIAN_POINT('',(-0.0179851930990831,0.00106447497223299,-0.0010500000000011));
#11427=CARTESIAN_POINT('',(-0.0179515764027698,0.00107821860607238,-0.00101725404142764));
#11428=CARTESIAN_POINT('',(-0.0179175435591278,0.0010887777592418,-0.000983924260456716));
#11429=CARTESIAN_POINT('',(-0.017883103830326,0.00109614863874481,-0.000950000000000006));
#11430=CARTESIAN_POINT('',(-0.0178831038303261,0.00109614863874484,-0.00095));
#11431=CARTESIAN_POINT('',(-0.01755,-7.31836466427716E-18,-0.00095));
#11432=CARTESIAN_POINT('',(-0.0171497704969927,0.00107345998757408,-0.00095));
#11433=CARTESIAN_POINT('',(-0.0170518597657481,0.0010365116048648,-0.00105000000000063));
#11434=CARTESIAN_POINT('',(-0.0170838373755995,0.00105187982070286,-0.00101714885544109));
#11435=CARTESIAN_POINT('',(-0.0171164717168833,0.00106419471525606,-0.000983812551065798));
#11436=CARTESIAN_POINT('',(-0.0171497704969927,0.00107345998757408,-0.000950000000000016));
#11437=CARTESIAN_POINT('',(-0.0171497704969927,-0.00107345998757409,-0.000950000000000015));
#11438=CARTESIAN_POINT('',(-0.0171164717168836,-0.00106419471525617,-0.000983812551065472));
#11439=CARTESIAN_POINT('',(-0.0170838373756,-0.00105187982070308,-0.00101714885544056));
#11440=CARTESIAN_POINT('',(-0.0170518597657487,-0.00103651160486511,-0.00105000000000001));
#11441=CARTESIAN_POINT('',(-0.0141982482512803,0.0103156311777329,-0.00105));
#11442=CARTESIAN_POINT('',(-0.0141982482512803,0.0103156311777329,-0.00095));
#11443=CARTESIAN_POINT('',(-0.0151120349150802,0.00962462181957514,-0.00095));
#11444=CARTESIAN_POINT('',(-0.0145054197313193,0.00921193480560391,-0.00095));
#11445=CARTESIAN_POINT('',(-0.0151120349150802,0.00962462181957515,-0.000950000000000009));
#11446=CARTESIAN_POINT('',(-0.0151355647466939,0.0096508281510389,-0.000983924260456341));
#11447=CARTESIAN_POINT('',(-0.0151568913810573,0.00967937468898518,-0.00101725404142691));
#11448=CARTESIAN_POINT('',(-0.0151760095543856,0.00971025292064908,-0.00105000000000002));
#11449=CARTESIAN_POINT('',(-0.0139246441741603,0.0114326096058967,-0.00105000000000111));
#11450=CARTESIAN_POINT('',(-0.0138893693902644,0.0114239690409135,-0.00101725404142765));
#11451=CARTESIAN_POINT('',(-0.0138556297268814,0.0114125075716874,-0.000983924260456715));
#11452=CARTESIAN_POINT('',(-0.0138234349067308,0.0113982275737862,-0.000949999999999999));
#11453=CARTESIAN_POINT('',(-0.0138234349067308,0.0113982275737862,-0.00095));
#11454=CARTESIAN_POINT('',(-0.0141982482512803,0.0103156311777329,-0.00095));
#11455=CARTESIAN_POINT('',(-0.0132434918320751,0.0109488295510618,-0.00095));
#11456=CARTESIAN_POINT('',(-0.0131859981010191,0.0108613871976686,-0.00105000000000062));
#11457=CARTESIAN_POINT('',(-0.0132028353202047,0.010892616312929,-0.00101714885544108));
#11458=CARTESIAN_POINT('',(-0.0132219985435016,0.0109217612564314,-0.00098381255106579));
#11459=CARTESIAN_POINT('',(-0.0132434918320751,0.0109488295510618,-0.000950000000000007));
#11460=CARTESIAN_POINT('',(-0.0145054197313193,0.00921193480560392,-0.000950000000000005));
#11461=CARTESIAN_POINT('',(-0.0144730344618922,0.00919985803649918,-0.000983812551065465));
#11462=CARTESIAN_POINT('',(-0.0144393942117916,0.00919063901095175,-0.00101714885544055));
#11463=CARTESIAN_POINT('',(-0.0144044905713588,0.00918427619126373,-0.00105000000000001));
#11464=CARTESIAN_POINT('',(-0.00542324825128034,0.0166910418609799,-0.00105));
#11465=CARTESIAN_POINT('',(-0.00542324825128034,0.0166910418609799,-0.00095));
#11466=CARTESIAN_POINT('',(-0.00656868230144882,0.0166691138716813,-0.00095));
#11467=CARTESIAN_POINT('',(-0.0063204916493653,0.0159786836051894,-0.00095));
#11468=CARTESIAN_POINT('',(-0.0065686823014488,0.0166691138716813,-0.000950000000000011));
#11469=CARTESIAN_POINT('',(-0.00657231463994799,0.0167041457272071,-0.000983924260456335));
#11470=CARTESIAN_POINT('',(-0.00657278901557197,0.0167397758426961,-0.0010172540414269));
#11471=CARTESIAN_POINT('',(-0.00657010617350711,0.0167759942372016,-0.00105000000000001));
#11472=CARTESIAN_POINT('',(-0.00454535445595641,0.0174338759502164,-0.0010500000000011));
#11473=CARTESIAN_POINT('',(-0.00452189535298034,0.0174061515885522,-0.00101725404142764));
#11474=CARTESIAN_POINT('',(-0.00450133627449971,0.0173770473886139,-0.00098392426045672));
#11475=CARTESIAN_POINT('',(-0.00448368369003615,0.0173465709871475,-0.000950000000000013));
#11476=CARTESIAN_POINT('',(-0.00448368369003613,0.0173465709871475,-0.00095));
#11477=CARTESIAN_POINT('',(-0.00542324825128034,0.0166910418609799,-0.00095));
#11478=CARTESIAN_POINT('',(-0.00427864941703639,0.0166421183630732,-0.00095));
#11479=CARTESIAN_POINT('',(-0.00428353333729235,0.0165375820459359,-0.00105000000000063));
#11480=CARTESIAN_POINT('',(-0.00427879892035931,0.0165727436000278,-0.00101714885544108));
#11481=CARTESIAN_POINT('',(-0.00427717132570394,0.0166075862146617,-0.000983812551065795));
#11482=CARTESIAN_POINT('',(-0.00427864941703641,0.0166421183630732,-0.000950000000000012));
#11483=CARTESIAN_POINT('',(-0.0063204916493653,0.0159786836051894,-0.000949999999999999));
#11484=CARTESIAN_POINT('',(-0.00630138996280643,0.0159498777099857,-0.00098381255106546));
#11485=CARTESIAN_POINT('',(-0.00627959323603735,0.0159226461187537,-0.00101714885544055));
#11486=CARTESIAN_POINT('',(-0.00625509556933726,0.0158969826443962,-0.00105000000000001));
#11487=CARTESIAN_POINT('',(0.00542324825128032,0.0166910418609799,-0.00105));
#11488=CARTESIAN_POINT('',(0.00657010617350709,0.0167759942372016,-0.00105));
#11489=CARTESIAN_POINT('',(0.00657278901557195,0.0167397758426961,-0.0010172540414269));
#11490=CARTESIAN_POINT('',(0.00657231463994797,0.0167041457272071,-0.000983924260456336));
#11491=CARTESIAN_POINT('',(0.00656868230144878,0.0166691138716813,-0.000950000000000008));
#11492=CARTESIAN_POINT('',(0.00656868230144881,0.0166691138716813,-0.00095));
#11493=CARTESIAN_POINT('',(0.00542324825128032,0.0166910418609799,-0.00095));
#11494=CARTESIAN_POINT('',(0.00632049164936529,0.0159786836051894,-0.00095));
#11495=CARTESIAN_POINT('',(0.00625509556933678,0.0158969826443958,-0.00105000000000063));
#11496=CARTESIAN_POINT('',(0.00627959323603697,0.0159226461187533,-0.00101714885544108));
#11497=CARTESIAN_POINT('',(0.00630138996280623,0.0159498777099854,-0.00098381255106579));
#11498=CARTESIAN_POINT('',(0.00632049164936529,0.0159786836051894,-0.000950000000000001));
#11499=CARTESIAN_POINT('',(0.00427864941703639,0.0166421183630732,-0.000950000000000016));
#11500=CARTESIAN_POINT('',(0.00427717132570393,0.016607586214662,-0.000983812551065467));
#11501=CARTESIAN_POINT('',(0.00427879892035925,0.0165727436000284,-0.00101714885544055));
#11502=CARTESIAN_POINT('',(0.00428353333729224,0.0165375820459366,-0.00105));
#11503=CARTESIAN_POINT('',(0.00427864941703638,0.0166421183630732,-0.00095));
#11504=CARTESIAN_POINT('',(0.00542324825128032,0.0166910418609799,-0.00095));
#11505=CARTESIAN_POINT('',(0.00448368369003612,0.0173465709871475,-0.00095));
#11506=CARTESIAN_POINT('',(0.00448368369003613,0.0173465709871475,-0.000950000000000013));
#11507=CARTESIAN_POINT('',(0.0045013362744995,0.0173770473886136,-0.000983924260456343));
#11508=CARTESIAN_POINT('',(0.00452189535297987,0.0174061515885515,-0.00101725404142691));
#11509=CARTESIAN_POINT('',(0.00454535445595562,0.0174338759502155,-0.00105000000000001));
#11510=CARTESIAN_POINT('',(0.,1.62265700887024E-19,-0.00095));
#11511=CARTESIAN_POINT('',(0.,1.62265700887024E-19,-0.00095));
#11512=CARTESIAN_POINT('',(0.,1.62265700887024E-19,-0.00095));
#11513=CARTESIAN_POINT('',(0.,1.62265700887024E-19,-0.0014));
#11514=CARTESIAN_POINT('',(0.,1.62265700887024E-19,-0.0014));
#11515=CARTESIAN_POINT('',(0.,1.62265700887024E-19,-0.00095));
#11516=CARTESIAN_POINT('',(0.,1.62265700887024E-19,-0.00095));
#11517=CARTESIAN_POINT('',(0.,1.62265700887024E-19,-0.00095));
#11518=CARTESIAN_POINT('',(0.,1.62265700887024E-19,-0.0014));
#11519=CARTESIAN_POINT('',(0.,1.62265700887024E-19,-0.0014));
#11520=CARTESIAN_POINT('',(0.,1.62265700887024E-19,-0.00095));
#11521=CARTESIAN_POINT('',(0.,1.62265700887024E-19,-0.00095));
#11522=CARTESIAN_POINT('',(0.,1.62265700887024E-19,-0.00095));
#11523=CARTESIAN_POINT('',(0.,1.62265700887024E-19,-0.0014));
#11524=CARTESIAN_POINT('',(0.,1.62265700887024E-19,-0.0014));
#11525=CARTESIAN_POINT('',(0.,1.62265700887024E-19,-0.00095));
#11526=CARTESIAN_POINT('',(0.,1.62265700887024E-19,-0.00095));
#11527=CARTESIAN_POINT('',(0.,1.62265700887024E-19,-0.00095));
#11528=CARTESIAN_POINT('',(0.,1.62265700887024E-19,-0.0014));
#11529=CARTESIAN_POINT('',(0.,1.62265700887024E-19,-0.0014));
#11530=CARTESIAN_POINT('',(0.,1.62265700887024E-19,-0.00095));
#11531=CARTESIAN_POINT('',(0.,1.62265700887024E-19,-0.00095));
#11532=CARTESIAN_POINT('',(0.,1.62265700887024E-19,-0.00095));
#11533=CARTESIAN_POINT('',(0.,1.62265700887024E-19,-0.0014));
#11534=CARTESIAN_POINT('',(0.,1.62265700887024E-19,-0.0014));
#11535=CARTESIAN_POINT('',(0.,1.62265700887024E-19,-0.00095));
#11536=CARTESIAN_POINT('',(0.,1.62265700887024E-19,-0.00095));
#11537=CARTESIAN_POINT('',(0.,1.62265700887024E-19,-0.00095));
#11538=CARTESIAN_POINT('',(0.,1.62265700887024E-19,-0.0014));
#11539=CARTESIAN_POINT('',(0.,1.62265700887024E-19,-0.0014));
#11540=CARTESIAN_POINT('',(0.,1.62265700887024E-19,-0.00095));
#11541=CARTESIAN_POINT('',(0.,1.62265700887024E-19,-0.00095));
#11542=CARTESIAN_POINT('',(0.,1.62265700887024E-19,-0.00095));
#11543=CARTESIAN_POINT('',(0.,1.62265700887024E-19,-0.0014));
#11544=CARTESIAN_POINT('',(0.,1.62265700887024E-19,-0.0014));
#11545=CARTESIAN_POINT('',(0.,1.62265700887024E-19,-0.00095));
#11546=CARTESIAN_POINT('',(0.,1.62265700887024E-19,-0.00095));
#11547=CARTESIAN_POINT('',(0.,1.62265700887024E-19,-0.00095));
#11548=CARTESIAN_POINT('',(0.,1.62265700887024E-19,-0.0014));
#11549=CARTESIAN_POINT('',(0.,1.62265700887024E-19,-0.0014));
#11550=CARTESIAN_POINT('',(0.,1.62265700887024E-19,-0.00095));
#11551=CARTESIAN_POINT('',(0.,1.62265700887024E-19,-0.00095));
#11552=CARTESIAN_POINT('',(0.,1.62265700887024E-19,-0.00095));
#11553=CARTESIAN_POINT('',(0.,1.62265700887024E-19,-0.0014));
#11554=CARTESIAN_POINT('',(0.,1.62265700887024E-19,-0.0014));
#11555=CARTESIAN_POINT('',(0.,1.62265700887024E-19,-0.0014));
#11556=CARTESIAN_POINT('',(0.,1.62265700887024E-19,-0.00095));
#11557=CARTESIAN_POINT('',(0.,1.62265700887024E-19,-0.0014));
#11558=CARTESIAN_POINT('',(0.,1.62265700887024E-19,-0.00095));
#11559=CARTESIAN_POINT('',(0.,1.62265700887024E-19,-0.00095));
#11560=MECHANICAL_DESIGN_GEOMETRIC_PRESENTATION_REPRESENTATION('',(#6233),
#11561);
#11561=(
GEOMETRIC_REPRESENTATION_CONTEXT(3)
GLOBAL_UNCERTAINTY_ASSIGNED_CONTEXT((#11562))
GLOBAL_UNIT_ASSIGNED_CONTEXT((#11565,#11564,#11563))
REPRESENTATION_CONTEXT('Wheel','TOP_LEVEL_ASSEMBLY_PART')
);
#11562=UNCERTAINTY_MEASURE_WITH_UNIT(LENGTH_MEASURE(2.E-5),#11565,
'DISTANCE_ACCURACY_VALUE','Maximum Tolerance applied to model');
#11563=(
NAMED_UNIT(*)
SI_UNIT($,.STERADIAN.)
SOLID_ANGLE_UNIT()
);
#11564=(
NAMED_UNIT(*)
PLANE_ANGLE_UNIT()
SI_UNIT($,.RADIAN.)
);
#11565=(
LENGTH_UNIT()
NAMED_UNIT(*)
SI_UNIT($,.METRE.)
);
#11566=PRODUCT_DEFINITION_SHAPE('','',#11567);
#11567=PRODUCT_DEFINITION('','',#11569,#11568);
#11568=PRODUCT_DEFINITION_CONTEXT('',#11575,'design');
#11569=PRODUCT_DEFINITION_FORMATION_WITH_SPECIFIED_SOURCE('','',#11571,
 .NOT_KNOWN.);
#11570=PRODUCT_RELATED_PRODUCT_CATEGORY('','',(#11571));
#11571=PRODUCT('Wheel','Wheel','Wheel',(#11573));
#11572=PRODUCT_CATEGORY('','');
#11573=PRODUCT_CONTEXT('',#11575,'mechanical');
#11574=APPLICATION_PROTOCOL_DEFINITION('international standard',
'ap242_managed_model_based_3d_engineering',2020,#11575);
#11575=APPLICATION_CONTEXT('managed model based 3d engineering');
ENDSEC;
END-ISO-10303-21;
