ISO-10303-21;
HEADER;
/* Generated by software containing ST-Developer
 * from STEP Tools, Inc. (www.steptools.com) 
 */
/* OPTION: using custom renumber hook */

FILE_DESCRIPTION(
/* description */ ('STEP AP242 Edition 2',
'CAx-IF Rec.Pracs.---Representation and Presentation of Product Manufa
cturing Information (PMI)---4.0---2014-10-13',
'CAx-IF Rec.Pracs.---3D Tessellated Geometry---0.4---2014-09-14','2;1',
'CAx-IF Rec.Pracs.---User Defined Attributes---1.5---2016-08-15'),
/* implementation_level */ '2;1');

FILE_NAME(
/* name */ 'MunchMoir - Wheel (2)',
/* time_stamp */ '2026-09-19T09:01:35Z',
/* author */ (''),
/* organization */ (''),
/* preprocessor_version */ 'ST-DEVELOPER v20',
/* originating_system */ 'ONSHAPE BY PTC INC, 1.221',
/* authorisation */ '  ');

FILE_SCHEMA (('AP242_MANAGED_MODEL_BASED_3D_ENGINEERING_MIM_LF { 1 0 10303 442 3 1 4 }'));
ENDSEC;

DATA;
#10=SHAPE_REPRESENTATION_RELATIONSHIP('','',#6375,#11);
#11=ADVANCED_BREP_SHAPE_REPRESENTATION('',(#6373),#11767);
#12=SPHERICAL_SURFACE('',#6668,0.00115);
#13=SPHERICAL_SURFACE('',#6671,0.00115);
#14=SPHERICAL_SURFACE('',#6674,0.00115);
#15=SPHERICAL_SURFACE('',#6677,0.00115);
#16=SPHERICAL_SURFACE('',#6680,0.00115);
#17=SPHERICAL_SURFACE('',#6683,0.00115);
#18=SPHERICAL_SURFACE('',#6686,0.00115);
#19=SPHERICAL_SURFACE('',#6689,0.00115);
#20=SPHERICAL_SURFACE('',#6692,0.00115);
#21=SPHERICAL_SURFACE('',#6695,0.00115);
#22=B_SPLINE_SURFACE_WITH_KNOTS('',3,1,((#8952,#8953),(#8954,#8955),(#8956,
#8957),(#8958,#8959)),.SURF_OF_LINEAR_EXTRUSION.,.F.,.F.,.F.,(4,4),(2,2),
(0.,1.),(0.,1.),.PIECEWISE_BEZIER_KNOTS.);
#23=B_SPLINE_SURFACE_WITH_KNOTS('',3,1,((#8972,#8973),(#8974,#8975),(#8976,
#8977),(#8978,#8979)),.SURF_OF_LINEAR_EXTRUSION.,.F.,.F.,.F.,(4,4),(2,2),
(0.,1.),(0.,1.),.PIECEWISE_BEZIER_KNOTS.);
#24=B_SPLINE_SURFACE_WITH_KNOTS('',3,1,((#8989,#8990),(#8991,#8992),(#8993,
#8994),(#8995,#8996)),.SURF_OF_LINEAR_EXTRUSION.,.F.,.F.,.F.,(4,4),(2,2),
(0.,1.),(0.,1.),.PIECEWISE_BEZIER_KNOTS.);
#25=B_SPLINE_SURFACE_WITH_KNOTS('',3,1,((#9006,#9007),(#9008,#9009),(#9010,
#9011),(#9012,#9013)),.SURF_OF_LINEAR_EXTRUSION.,.F.,.F.,.F.,(4,4),(2,2),
(0.,1.),(0.,1.),.PIECEWISE_BEZIER_KNOTS.);
#26=B_SPLINE_SURFACE_WITH_KNOTS('',3,1,((#9023,#9024),(#9025,#9026),(#9027,
#9028),(#9029,#9030)),.SURF_OF_LINEAR_EXTRUSION.,.F.,.F.,.F.,(4,4),(2,2),
(0.,1.),(0.,1.),.PIECEWISE_BEZIER_KNOTS.);
#27=B_SPLINE_SURFACE_WITH_KNOTS('',3,1,((#9040,#9041),(#9042,#9043),(#9044,
#9045),(#9046,#9047)),.SURF_OF_LINEAR_EXTRUSION.,.F.,.F.,.F.,(4,4),(2,2),
(0.,1.),(0.,1.),.PIECEWISE_BEZIER_KNOTS.);
#28=B_SPLINE_SURFACE_WITH_KNOTS('',3,1,((#9057,#9058),(#9059,#9060),(#9061,
#9062),(#9063,#9064)),.SURF_OF_LINEAR_EXTRUSION.,.F.,.F.,.F.,(4,4),(2,2),
(0.,1.),(0.,1.),.PIECEWISE_BEZIER_KNOTS.);
#29=B_SPLINE_SURFACE_WITH_KNOTS('',3,1,((#9074,#9075),(#9076,#9077),(#9078,
#9079),(#9080,#9081)),.SURF_OF_LINEAR_EXTRUSION.,.F.,.F.,.F.,(4,4),(2,2),
(0.,1.),(0.,1.),.PIECEWISE_BEZIER_KNOTS.);
#30=B_SPLINE_SURFACE_WITH_KNOTS('',3,1,((#9094,#9095),(#9096,#9097),(#9098,
#9099),(#9100,#9101)),.SURF_OF_LINEAR_EXTRUSION.,.F.,.F.,.F.,(4,4),(2,2),
(0.,1.),(0.,1.),.PIECEWISE_BEZIER_KNOTS.);
#31=B_SPLINE_SURFACE_WITH_KNOTS('',3,1,((#9111,#9112),(#9113,#9114),(#9115,
#9116),(#9117,#9118)),.SURF_OF_LINEAR_EXTRUSION.,.F.,.F.,.F.,(4,4),(2,2),
(0.,1.),(0.,1.),.PIECEWISE_BEZIER_KNOTS.);
#32=B_SPLINE_SURFACE_WITH_KNOTS('',3,1,((#9128,#9129),(#9130,#9131),(#9132,
#9133),(#9134,#9135)),.SURF_OF_LINEAR_EXTRUSION.,.F.,.F.,.F.,(4,4),(2,2),
(0.,1.),(0.,1.),.PIECEWISE_BEZIER_KNOTS.);
#33=B_SPLINE_SURFACE_WITH_KNOTS('',3,1,((#9145,#9146),(#9147,#9148),(#9149,
#9150),(#9151,#9152)),.SURF_OF_LINEAR_EXTRUSION.,.F.,.F.,.F.,(4,4),(2,2),
(0.,1.),(0.,1.),.PIECEWISE_BEZIER_KNOTS.);
#34=B_SPLINE_SURFACE_WITH_KNOTS('',3,1,((#9162,#9163),(#9164,#9165),(#9166,
#9167),(#9168,#9169)),.SURF_OF_LINEAR_EXTRUSION.,.F.,.F.,.F.,(4,4),(2,2),
(0.,1.),(0.,1.),.PIECEWISE_BEZIER_KNOTS.);
#35=B_SPLINE_SURFACE_WITH_KNOTS('',3,1,((#9179,#9180),(#9181,#9182),(#9183,
#9184),(#9185,#9186)),.SURF_OF_LINEAR_EXTRUSION.,.F.,.F.,.F.,(4,4),(2,2),
(0.,1.),(0.,1.),.PIECEWISE_BEZIER_KNOTS.);
#36=B_SPLINE_SURFACE_WITH_KNOTS('',3,1,((#9196,#9197),(#9198,#9199),(#9200,
#9201),(#9202,#9203)),.SURF_OF_LINEAR_EXTRUSION.,.F.,.F.,.F.,(4,4),(2,2),
(0.,1.),(0.,1.),.PIECEWISE_BEZIER_KNOTS.);
#37=B_SPLINE_SURFACE_WITH_KNOTS('',3,1,((#9211,#9212),(#9213,#9214),(#9215,
#9216),(#9217,#9218)),.SURF_OF_LINEAR_EXTRUSION.,.F.,.F.,.F.,(4,4),(2,2),
(0.,1.),(0.,1.),.PIECEWISE_BEZIER_KNOTS.);
#38=B_SPLINE_SURFACE_WITH_KNOTS('',3,1,((#9224,#9225),(#9226,#9227),(#9228,
#9229),(#9230,#9231)),.SURF_OF_LINEAR_EXTRUSION.,.F.,.F.,.F.,(4,4),(2,2),
(0.,1.),(0.,1.),.PIECEWISE_BEZIER_KNOTS.);
#39=B_SPLINE_SURFACE_WITH_KNOTS('',3,1,((#9237,#9238),(#9239,#9240),(#9241,
#9242),(#9243,#9244)),.SURF_OF_LINEAR_EXTRUSION.,.F.,.F.,.F.,(4,4),(2,2),
(0.,1.),(0.,1.),.PIECEWISE_BEZIER_KNOTS.);
#40=B_SPLINE_SURFACE_WITH_KNOTS('',3,1,((#9250,#9251),(#9252,#9253),(#9254,
#9255),(#9256,#9257)),.SURF_OF_LINEAR_EXTRUSION.,.F.,.F.,.F.,(4,4),(2,2),
(0.,1.),(0.,1.),.PIECEWISE_BEZIER_KNOTS.);
#41=B_SPLINE_SURFACE_WITH_KNOTS('',3,1,((#9263,#9264),(#9265,#9266),(#9267,
#9268),(#9269,#9270)),.SURF_OF_LINEAR_EXTRUSION.,.F.,.F.,.F.,(4,4),(2,2),
(0.,1.),(0.,1.),.PIECEWISE_BEZIER_KNOTS.);
#42=B_SPLINE_SURFACE_WITH_KNOTS('',3,1,((#9276,#9277),(#9278,#9279),(#9280,
#9281),(#9282,#9283)),.SURF_OF_LINEAR_EXTRUSION.,.F.,.F.,.F.,(4,4),(2,2),
(0.,1.),(0.,1.),.PIECEWISE_BEZIER_KNOTS.);
#43=B_SPLINE_SURFACE_WITH_KNOTS('',3,1,((#9289,#9290),(#9291,#9292),(#9293,
#9294),(#9295,#9296)),.SURF_OF_LINEAR_EXTRUSION.,.F.,.F.,.F.,(4,4),(2,2),
(0.,1.),(0.,1.),.PIECEWISE_BEZIER_KNOTS.);
#44=B_SPLINE_SURFACE_WITH_KNOTS('',3,1,((#9302,#9303),(#9304,#9305),(#9306,
#9307),(#9308,#9309)),.SURF_OF_LINEAR_EXTRUSION.,.F.,.F.,.F.,(4,4),(2,2),
(0.,1.),(0.,1.),.PIECEWISE_BEZIER_KNOTS.);
#45=B_SPLINE_SURFACE_WITH_KNOTS('',3,1,((#9315,#9316),(#9317,#9318),(#9319,
#9320),(#9321,#9322)),.SURF_OF_LINEAR_EXTRUSION.,.F.,.F.,.F.,(4,4),(2,2),
(0.,1.),(0.,1.),.PIECEWISE_BEZIER_KNOTS.);
#46=B_SPLINE_SURFACE_WITH_KNOTS('',3,1,((#9328,#9329),(#9330,#9331),(#9332,
#9333),(#9334,#9335)),.SURF_OF_LINEAR_EXTRUSION.,.F.,.F.,.F.,(4,4),(2,2),
(0.,1.),(0.,1.),.PIECEWISE_BEZIER_KNOTS.);
#47=B_SPLINE_SURFACE_WITH_KNOTS('',3,1,((#9341,#9342),(#9343,#9344),(#9345,
#9346),(#9347,#9348)),.SURF_OF_LINEAR_EXTRUSION.,.F.,.F.,.F.,(4,4),(2,2),
(0.,1.),(0.,1.),.PIECEWISE_BEZIER_KNOTS.);
#48=B_SPLINE_SURFACE_WITH_KNOTS('',3,1,((#9354,#9355),(#9356,#9357),(#9358,
#9359),(#9360,#9361)),.SURF_OF_LINEAR_EXTRUSION.,.F.,.F.,.F.,(4,4),(2,2),
(0.,1.),(0.,1.),.PIECEWISE_BEZIER_KNOTS.);
#49=B_SPLINE_SURFACE_WITH_KNOTS('',3,1,((#9371,#9372),(#9373,#9374),(#9375,
#9376),(#9377,#9378)),.SURF_OF_LINEAR_EXTRUSION.,.F.,.F.,.F.,(4,4),(2,2),
(0.,1.),(0.,1.),.PIECEWISE_BEZIER_KNOTS.);
#50=B_SPLINE_SURFACE_WITH_KNOTS('',3,1,((#9384,#9385),(#9386,#9387),(#9388,
#9389),(#9390,#9391)),.SURF_OF_LINEAR_EXTRUSION.,.F.,.F.,.F.,(4,4),(2,2),
(0.,1.),(0.,1.),.PIECEWISE_BEZIER_KNOTS.);
#51=B_SPLINE_SURFACE_WITH_KNOTS('',3,1,((#9397,#9398),(#9399,#9400),(#9401,
#9402),(#9403,#9404)),.SURF_OF_LINEAR_EXTRUSION.,.F.,.F.,.F.,(4,4),(2,2),
(0.,1.),(0.,1.),.PIECEWISE_BEZIER_KNOTS.);
#52=B_SPLINE_SURFACE_WITH_KNOTS('',3,1,((#9410,#9411),(#9412,#9413),(#9414,
#9415),(#9416,#9417)),.SURF_OF_LINEAR_EXTRUSION.,.F.,.F.,.F.,(4,4),(2,2),
(0.,1.),(0.,1.),.PIECEWISE_BEZIER_KNOTS.);
#53=B_SPLINE_SURFACE_WITH_KNOTS('',3,1,((#9427,#9428),(#9429,#9430),(#9431,
#9432),(#9433,#9434)),.SURF_OF_LINEAR_EXTRUSION.,.F.,.F.,.F.,(4,4),(2,2),
(0.,1.),(0.,1.),.PIECEWISE_BEZIER_KNOTS.);
#54=B_SPLINE_SURFACE_WITH_KNOTS('',3,1,((#9441,#9442),(#9443,#9444),(#9445,
#9446),(#9447,#9448)),.SURF_OF_LINEAR_EXTRUSION.,.F.,.F.,.F.,(4,4),(2,2),
(0.,1.),(0.,1.),.PIECEWISE_BEZIER_KNOTS.);
#55=B_SPLINE_SURFACE_WITH_KNOTS('',3,1,((#9452,#9453),(#9454,#9455),(#9456,
#9457),(#9458,#9459)),.SURF_OF_LINEAR_EXTRUSION.,.F.,.F.,.F.,(4,4),(2,2),
(0.,1.),(0.,1.),.PIECEWISE_BEZIER_KNOTS.);
#56=B_SPLINE_SURFACE_WITH_KNOTS('',3,1,((#9560,#9561),(#9562,#9563),(#9564,
#9565),(#9566,#9567)),.SURF_OF_LINEAR_EXTRUSION.,.F.,.F.,.F.,(4,4),(2,2),
(0.,1.),(0.,1.),.PIECEWISE_BEZIER_KNOTS.);
#57=B_SPLINE_SURFACE_WITH_KNOTS('',3,1,((#9579,#9580),(#9581,#9582),(#9583,
#9584),(#9585,#9586)),.SURF_OF_LINEAR_EXTRUSION.,.F.,.F.,.F.,(4,4),(2,2),
(0.,1.),(0.,1.),.PIECEWISE_BEZIER_KNOTS.);
#58=B_SPLINE_SURFACE_WITH_KNOTS('',3,1,((#9592,#9593),(#9594,#9595),(#9596,
#9597),(#9598,#9599)),.SURF_OF_LINEAR_EXTRUSION.,.F.,.F.,.F.,(4,4),(2,2),
(0.,1.),(0.,1.),.PIECEWISE_BEZIER_KNOTS.);
#59=B_SPLINE_SURFACE_WITH_KNOTS('',3,1,((#9605,#9606),(#9607,#9608),(#9609,
#9610),(#9611,#9612)),.SURF_OF_LINEAR_EXTRUSION.,.F.,.F.,.F.,(4,4),(2,2),
(0.,1.),(0.,1.),.PIECEWISE_BEZIER_KNOTS.);
#60=B_SPLINE_SURFACE_WITH_KNOTS('',3,1,((#9618,#9619),(#9620,#9621),(#9622,
#9623),(#9624,#9625)),.SURF_OF_LINEAR_EXTRUSION.,.F.,.F.,.F.,(4,4),(2,2),
(0.,1.),(0.,1.),.PIECEWISE_BEZIER_KNOTS.);
#61=B_SPLINE_SURFACE_WITH_KNOTS('',3,1,((#9631,#9632),(#9633,#9634),(#9635,
#9636),(#9637,#9638)),.SURF_OF_LINEAR_EXTRUSION.,.F.,.F.,.F.,(4,4),(2,2),
(0.,1.),(0.,1.),.PIECEWISE_BEZIER_KNOTS.);
#62=B_SPLINE_SURFACE_WITH_KNOTS('',3,1,((#9644,#9645),(#9646,#9647),(#9648,
#9649),(#9650,#9651)),.SURF_OF_LINEAR_EXTRUSION.,.F.,.F.,.F.,(4,4),(2,2),
(0.,1.),(0.,1.),.PIECEWISE_BEZIER_KNOTS.);
#63=B_SPLINE_SURFACE_WITH_KNOTS('',3,1,((#9669,#9670),(#9671,#9672),(#9673,
#9674),(#9675,#9676)),.SURF_OF_LINEAR_EXTRUSION.,.F.,.F.,.F.,(4,4),(2,2),
(0.,1.),(0.,1.),.PIECEWISE_BEZIER_KNOTS.);
#64=B_SPLINE_SURFACE_WITH_KNOTS('',3,1,((#9682,#9683),(#9684,#9685),(#9686,
#9687),(#9688,#9689)),.SURF_OF_LINEAR_EXTRUSION.,.F.,.F.,.F.,(4,4),(2,2),
(0.,1.),(0.,1.),.PIECEWISE_BEZIER_KNOTS.);
#65=B_SPLINE_SURFACE_WITH_KNOTS('',3,1,((#9695,#9696),(#9697,#9698),(#9699,
#9700),(#9701,#9702)),.SURF_OF_LINEAR_EXTRUSION.,.F.,.F.,.F.,(4,4),(2,2),
(0.,1.),(0.,1.),.PIECEWISE_BEZIER_KNOTS.);
#66=B_SPLINE_SURFACE_WITH_KNOTS('',3,1,((#9708,#9709),(#9710,#9711),(#9712,
#9713),(#9714,#9715)),.SURF_OF_LINEAR_EXTRUSION.,.F.,.F.,.F.,(4,4),(2,2),
(0.,1.),(0.,1.),.PIECEWISE_BEZIER_KNOTS.);
#67=B_SPLINE_SURFACE_WITH_KNOTS('',3,1,((#9721,#9722),(#9723,#9724),(#9725,
#9726),(#9727,#9728)),.SURF_OF_LINEAR_EXTRUSION.,.F.,.F.,.F.,(4,4),(2,2),
(0.,1.),(0.,1.),.PIECEWISE_BEZIER_KNOTS.);
#68=B_SPLINE_SURFACE_WITH_KNOTS('',3,1,((#9734,#9735),(#9736,#9737),(#9738,
#9739),(#9740,#9741)),.SURF_OF_LINEAR_EXTRUSION.,.F.,.F.,.F.,(4,4),(2,2),
(0.,1.),(0.,1.),.PIECEWISE_BEZIER_KNOTS.);
#69=B_SPLINE_SURFACE_WITH_KNOTS('',3,1,((#9751,#9752),(#9753,#9754),(#9755,
#9756),(#9757,#9758)),.SURF_OF_LINEAR_EXTRUSION.,.F.,.F.,.F.,(4,4),(2,2),
(0.,1.),(0.,1.),.PIECEWISE_BEZIER_KNOTS.);
#70=B_SPLINE_SURFACE_WITH_KNOTS('',3,1,((#9764,#9765),(#9766,#9767),(#9768,
#9769),(#9770,#9771)),.SURF_OF_LINEAR_EXTRUSION.,.F.,.F.,.F.,(4,4),(2,2),
(0.,1.),(0.,1.),.PIECEWISE_BEZIER_KNOTS.);
#71=B_SPLINE_SURFACE_WITH_KNOTS('',3,1,((#9777,#9778),(#9779,#9780),(#9781,
#9782),(#9783,#9784)),.SURF_OF_LINEAR_EXTRUSION.,.F.,.F.,.F.,(4,4),(2,2),
(0.,1.),(0.,1.),.PIECEWISE_BEZIER_KNOTS.);
#72=B_SPLINE_SURFACE_WITH_KNOTS('',3,1,((#9790,#9791),(#9792,#9793),(#9794,
#9795),(#9796,#9797)),.SURF_OF_LINEAR_EXTRUSION.,.F.,.F.,.F.,(4,4),(2,2),
(0.,1.),(0.,1.),.PIECEWISE_BEZIER_KNOTS.);
#73=B_SPLINE_SURFACE_WITH_KNOTS('',3,1,((#9803,#9804),(#9805,#9806),(#9807,
#9808),(#9809,#9810)),.SURF_OF_LINEAR_EXTRUSION.,.F.,.F.,.F.,(4,4),(2,2),
(0.,1.),(0.,1.),.PIECEWISE_BEZIER_KNOTS.);
#74=B_SPLINE_SURFACE_WITH_KNOTS('',3,1,((#9816,#9817),(#9818,#9819),(#9820,
#9821),(#9822,#9823)),.SURF_OF_LINEAR_EXTRUSION.,.F.,.F.,.F.,(4,4),(2,2),
(0.,1.),(0.,1.),.PIECEWISE_BEZIER_KNOTS.);
#75=B_SPLINE_SURFACE_WITH_KNOTS('',3,1,((#9829,#9830),(#9831,#9832),(#9833,
#9834),(#9835,#9836)),.SURF_OF_LINEAR_EXTRUSION.,.F.,.F.,.F.,(4,4),(2,2),
(0.,1.),(0.,1.),.PIECEWISE_BEZIER_KNOTS.);
#76=B_SPLINE_SURFACE_WITH_KNOTS('',3,1,((#9850,#9851),(#9852,#9853),(#9854,
#9855),(#9856,#9857)),.SURF_OF_LINEAR_EXTRUSION.,.F.,.F.,.F.,(4,4),(2,2),
(0.,1.),(0.,1.),.PIECEWISE_BEZIER_KNOTS.);
#77=B_SPLINE_SURFACE_WITH_KNOTS('',3,1,((#9863,#9864),(#9865,#9866),(#9867,
#9868),(#9869,#9870)),.SURF_OF_LINEAR_EXTRUSION.,.F.,.F.,.F.,(4,4),(2,2),
(0.,1.),(0.,1.),.PIECEWISE_BEZIER_KNOTS.);
#78=B_SPLINE_SURFACE_WITH_KNOTS('',3,1,((#9876,#9877),(#9878,#9879),(#9880,
#9881),(#9882,#9883)),.SURF_OF_LINEAR_EXTRUSION.,.F.,.F.,.F.,(4,4),(2,2),
(0.,1.),(0.,1.),.PIECEWISE_BEZIER_KNOTS.);
#79=B_SPLINE_SURFACE_WITH_KNOTS('',3,1,((#9889,#9890),(#9891,#9892),(#9893,
#9894),(#9895,#9896)),.SURF_OF_LINEAR_EXTRUSION.,.F.,.F.,.F.,(4,4),(2,2),
(0.,1.),(0.,1.),.PIECEWISE_BEZIER_KNOTS.);
#80=B_SPLINE_SURFACE_WITH_KNOTS('',3,1,((#9902,#9903),(#9904,#9905),(#9906,
#9907),(#9908,#9909)),.SURF_OF_LINEAR_EXTRUSION.,.F.,.F.,.F.,(4,4),(2,2),
(0.,1.),(0.,1.),.PIECEWISE_BEZIER_KNOTS.);
#81=B_SPLINE_SURFACE_WITH_KNOTS('',3,1,((#9914,#9915),(#9916,#9917),(#9918,
#9919),(#9920,#9921)),.SURF_OF_LINEAR_EXTRUSION.,.F.,.F.,.F.,(4,4),(2,2),
(0.,1.),(0.,1.),.PIECEWISE_BEZIER_KNOTS.);
#82=B_SPLINE_SURFACE_WITH_KNOTS('',3,1,((#9945,#9946),(#9947,#9948),(#9949,
#9950),(#9951,#9952)),.SURF_OF_LINEAR_EXTRUSION.,.F.,.F.,.F.,(4,4),(2,2),
(0.,1.),(0.,1.),.PIECEWISE_BEZIER_KNOTS.);
#83=B_SPLINE_SURFACE_WITH_KNOTS('',3,1,((#9962,#9963),(#9964,#9965),(#9966,
#9967),(#9968,#9969)),.SURF_OF_LINEAR_EXTRUSION.,.F.,.F.,.F.,(4,4),(2,2),
(0.,1.),(0.,1.),.PIECEWISE_BEZIER_KNOTS.);
#84=B_SPLINE_SURFACE_WITH_KNOTS('',3,1,((#9975,#9976),(#9977,#9978),(#9979,
#9980),(#9981,#9982)),.SURF_OF_LINEAR_EXTRUSION.,.F.,.F.,.F.,(4,4),(2,2),
(0.,1.),(0.,1.),.PIECEWISE_BEZIER_KNOTS.);
#85=B_SPLINE_SURFACE_WITH_KNOTS('',3,1,((#9988,#9989),(#9990,#9991),(#9992,
#9993),(#9994,#9995)),.SURF_OF_LINEAR_EXTRUSION.,.F.,.F.,.F.,(4,4),(2,2),
(0.,1.),(0.,1.),.PIECEWISE_BEZIER_KNOTS.);
#86=B_SPLINE_SURFACE_WITH_KNOTS('',3,1,((#10001,#10002),(#10003,#10004),
(#10005,#10006),(#10007,#10008)),.SURF_OF_LINEAR_EXTRUSION.,.F.,.F.,.F.,
(4,4),(2,2),(0.,1.),(0.,1.),.PIECEWISE_BEZIER_KNOTS.);
#87=B_SPLINE_SURFACE_WITH_KNOTS('',3,1,((#10014,#10015),(#10016,#10017),
(#10018,#10019),(#10020,#10021)),.SURF_OF_LINEAR_EXTRUSION.,.F.,.F.,.F.,
(4,4),(2,2),(0.,1.),(0.,1.),.PIECEWISE_BEZIER_KNOTS.);
#88=B_SPLINE_SURFACE_WITH_KNOTS('',3,1,((#10031,#10032),(#10033,#10034),
(#10035,#10036),(#10037,#10038)),.SURF_OF_LINEAR_EXTRUSION.,.F.,.F.,.F.,
(4,4),(2,2),(0.,1.),(0.,1.),.PIECEWISE_BEZIER_KNOTS.);
#89=B_SPLINE_SURFACE_WITH_KNOTS('',3,1,((#10044,#10045),(#10046,#10047),
(#10048,#10049),(#10050,#10051)),.SURF_OF_LINEAR_EXTRUSION.,.F.,.F.,.F.,
(4,4),(2,2),(0.,1.),(0.,1.),.PIECEWISE_BEZIER_KNOTS.);
#90=B_SPLINE_SURFACE_WITH_KNOTS('',3,1,((#10057,#10058),(#10059,#10060),
(#10061,#10062),(#10063,#10064)),.SURF_OF_LINEAR_EXTRUSION.,.F.,.F.,.F.,
(4,4),(2,2),(0.,1.),(0.,1.),.PIECEWISE_BEZIER_KNOTS.);
#91=B_SPLINE_SURFACE_WITH_KNOTS('',3,1,((#10070,#10071),(#10072,#10073),
(#10074,#10075),(#10076,#10077)),.SURF_OF_LINEAR_EXTRUSION.,.F.,.F.,.F.,
(4,4),(2,2),(0.,1.),(0.,1.),.PIECEWISE_BEZIER_KNOTS.);
#92=B_SPLINE_SURFACE_WITH_KNOTS('',3,1,((#10083,#10084),(#10085,#10086),
(#10087,#10088),(#10089,#10090)),.SURF_OF_LINEAR_EXTRUSION.,.F.,.F.,.F.,
(4,4),(2,2),(0.,1.),(0.,1.),.PIECEWISE_BEZIER_KNOTS.);
#93=B_SPLINE_SURFACE_WITH_KNOTS('',3,1,((#10124,#10125),(#10126,#10127),
(#10128,#10129),(#10130,#10131)),.SURF_OF_LINEAR_EXTRUSION.,.F.,.F.,.F.,
(4,4),(2,2),(0.,1.),(0.,1.),.PIECEWISE_BEZIER_KNOTS.);
#94=B_SPLINE_SURFACE_WITH_KNOTS('',3,1,((#10144,#10145),(#10146,#10147),
(#10148,#10149),(#10150,#10151)),.SURF_OF_LINEAR_EXTRUSION.,.F.,.F.,.F.,
(4,4),(2,2),(0.,1.),(0.,1.),.PIECEWISE_BEZIER_KNOTS.);
#95=B_SPLINE_SURFACE_WITH_KNOTS('',3,1,((#10161,#10162),(#10163,#10164),
(#10165,#10166),(#10167,#10168)),.SURF_OF_LINEAR_EXTRUSION.,.F.,.F.,.F.,
(4,4),(2,2),(0.,1.),(0.,1.),.PIECEWISE_BEZIER_KNOTS.);
#96=B_SPLINE_SURFACE_WITH_KNOTS('',3,1,((#10178,#10179),(#10180,#10181),
(#10182,#10183),(#10184,#10185)),.SURF_OF_LINEAR_EXTRUSION.,.F.,.F.,.F.,
(4,4),(2,2),(0.,1.),(0.,1.),.PIECEWISE_BEZIER_KNOTS.);
#97=B_SPLINE_SURFACE_WITH_KNOTS('',3,1,((#10195,#10196),(#10197,#10198),
(#10199,#10200),(#10201,#10202)),.SURF_OF_LINEAR_EXTRUSION.,.F.,.F.,.F.,
(4,4),(2,2),(0.,1.),(0.,1.),.PIECEWISE_BEZIER_KNOTS.);
#98=B_SPLINE_SURFACE_WITH_KNOTS('',3,1,((#10212,#10213),(#10214,#10215),
(#10216,#10217),(#10218,#10219)),.SURF_OF_LINEAR_EXTRUSION.,.F.,.F.,.F.,
(4,4),(2,2),(0.,1.),(0.,1.),.PIECEWISE_BEZIER_KNOTS.);
#99=B_SPLINE_SURFACE_WITH_KNOTS('',3,1,((#10229,#10230),(#10231,#10232),
(#10233,#10234),(#10235,#10236)),.SURF_OF_LINEAR_EXTRUSION.,.F.,.F.,.F.,
(4,4),(2,2),(0.,1.),(0.,1.),.PIECEWISE_BEZIER_KNOTS.);
#100=B_SPLINE_SURFACE_WITH_KNOTS('',3,1,((#10246,#10247),(#10248,#10249),
(#10250,#10251),(#10252,#10253)),.SURF_OF_LINEAR_EXTRUSION.,.F.,.F.,.F.,
(4,4),(2,2),(0.,1.),(0.,1.),.PIECEWISE_BEZIER_KNOTS.);
#101=B_SPLINE_SURFACE_WITH_KNOTS('',3,1,((#10265,#10266),(#10267,#10268),
(#10269,#10270),(#10271,#10272)),.SURF_OF_LINEAR_EXTRUSION.,.F.,.F.,.F.,
(4,4),(2,2),(0.,1.),(0.,1.),.PIECEWISE_BEZIER_KNOTS.);
#102=B_SPLINE_SURFACE_WITH_KNOTS('',3,1,((#10278,#10279),(#10280,#10281),
(#10282,#10283),(#10284,#10285)),.SURF_OF_LINEAR_EXTRUSION.,.F.,.F.,.F.,
(4,4),(2,2),(0.,1.),(0.,1.),.PIECEWISE_BEZIER_KNOTS.);
#103=B_SPLINE_SURFACE_WITH_KNOTS('',3,1,((#10291,#10292),(#10293,#10294),
(#10295,#10296),(#10297,#10298)),.SURF_OF_LINEAR_EXTRUSION.,.F.,.F.,.F.,
(4,4),(2,2),(0.,1.),(0.,1.),.PIECEWISE_BEZIER_KNOTS.);
#104=B_SPLINE_SURFACE_WITH_KNOTS('',3,1,((#10304,#10305),(#10306,#10307),
(#10308,#10309),(#10310,#10311)),.SURF_OF_LINEAR_EXTRUSION.,.F.,.F.,.F.,
(4,4),(2,2),(0.,1.),(0.,1.),.PIECEWISE_BEZIER_KNOTS.);
#105=B_SPLINE_SURFACE_WITH_KNOTS('',3,1,((#10317,#10318),(#10319,#10320),
(#10321,#10322),(#10323,#10324)),.SURF_OF_LINEAR_EXTRUSION.,.F.,.F.,.F.,
(4,4),(2,2),(0.,1.),(0.,1.),.PIECEWISE_BEZIER_KNOTS.);
#106=B_SPLINE_SURFACE_WITH_KNOTS('',3,1,((#10330,#10331),(#10332,#10333),
(#10334,#10335),(#10336,#10337)),.SURF_OF_LINEAR_EXTRUSION.,.F.,.F.,.F.,
(4,4),(2,2),(0.,1.),(0.,1.),.PIECEWISE_BEZIER_KNOTS.);
#107=B_SPLINE_SURFACE_WITH_KNOTS('',3,1,((#10343,#10344),(#10345,#10346),
(#10347,#10348),(#10349,#10350)),.SURF_OF_LINEAR_EXTRUSION.,.F.,.F.,.F.,
(4,4),(2,2),(0.,1.),(0.,1.),.PIECEWISE_BEZIER_KNOTS.);
#108=B_SPLINE_SURFACE_WITH_KNOTS('',3,1,((#10356,#10357),(#10358,#10359),
(#10360,#10361),(#10362,#10363)),.SURF_OF_LINEAR_EXTRUSION.,.F.,.F.,.F.,
(4,4),(2,2),(0.,1.),(0.,1.),.PIECEWISE_BEZIER_KNOTS.);
#109=B_SPLINE_SURFACE_WITH_KNOTS('',3,1,((#10369,#10370),(#10371,#10372),
(#10373,#10374),(#10375,#10376)),.SURF_OF_LINEAR_EXTRUSION.,.F.,.F.,.F.,
(4,4),(2,2),(0.,1.),(0.,1.),.PIECEWISE_BEZIER_KNOTS.);
#110=B_SPLINE_SURFACE_WITH_KNOTS('',3,1,((#10382,#10383),(#10384,#10385),
(#10386,#10387),(#10388,#10389)),.SURF_OF_LINEAR_EXTRUSION.,.F.,.F.,.F.,
(4,4),(2,2),(0.,1.),(0.,1.),.PIECEWISE_BEZIER_KNOTS.);
#111=B_SPLINE_SURFACE_WITH_KNOTS('',3,1,((#10399,#10400),(#10401,#10402),
(#10403,#10404),(#10405,#10406)),.SURF_OF_LINEAR_EXTRUSION.,.F.,.F.,.F.,
(4,4),(2,2),(0.,1.),(0.,1.),.PIECEWISE_BEZIER_KNOTS.);
#112=B_SPLINE_SURFACE_WITH_KNOTS('',3,1,((#10412,#10413),(#10414,#10415),
(#10416,#10417),(#10418,#10419)),.SURF_OF_LINEAR_EXTRUSION.,.F.,.F.,.F.,
(4,4),(2,2),(0.,1.),(0.,1.),.PIECEWISE_BEZIER_KNOTS.);
#113=B_SPLINE_SURFACE_WITH_KNOTS('',3,1,((#10425,#10426),(#10427,#10428),
(#10429,#10430),(#10431,#10432)),.SURF_OF_LINEAR_EXTRUSION.,.F.,.F.,.F.,
(4,4),(2,2),(0.,1.),(0.,1.),.PIECEWISE_BEZIER_KNOTS.);
#114=B_SPLINE_SURFACE_WITH_KNOTS('',3,1,((#10438,#10439),(#10440,#10441),
(#10442,#10443),(#10444,#10445)),.SURF_OF_LINEAR_EXTRUSION.,.F.,.F.,.F.,
(4,4),(2,2),(0.,1.),(0.,1.),.PIECEWISE_BEZIER_KNOTS.);
#115=B_SPLINE_SURFACE_WITH_KNOTS('',3,1,((#10451,#10452),(#10453,#10454),
(#10455,#10456),(#10457,#10458)),.SURF_OF_LINEAR_EXTRUSION.,.F.,.F.,.F.,
(4,4),(2,2),(0.,1.),(0.,1.),.PIECEWISE_BEZIER_KNOTS.);
#116=B_SPLINE_SURFACE_WITH_KNOTS('',3,1,((#10464,#10465),(#10466,#10467),
(#10468,#10469),(#10470,#10471)),.SURF_OF_LINEAR_EXTRUSION.,.F.,.F.,.F.,
(4,4),(2,2),(0.,1.),(0.,1.),.PIECEWISE_BEZIER_KNOTS.);
#117=B_SPLINE_SURFACE_WITH_KNOTS('',3,1,((#10475,#10476),(#10477,#10478),
(#10479,#10480),(#10481,#10482)),.SURF_OF_LINEAR_EXTRUSION.,.F.,.F.,.F.,
(4,4),(2,2),(0.,1.),(0.,1.),.PIECEWISE_BEZIER_KNOTS.);
#118=B_SPLINE_SURFACE_WITH_KNOTS('',3,1,((#10499,#10500),(#10501,#10502),
(#10503,#10504),(#10505,#10506)),.SURF_OF_LINEAR_EXTRUSION.,.F.,.F.,.F.,
(4,4),(2,2),(0.,1.),(0.,1.),.PIECEWISE_BEZIER_KNOTS.);
#119=B_SPLINE_SURFACE_WITH_KNOTS('',3,1,((#10516,#10517),(#10518,#10519),
(#10520,#10521),(#10522,#10523)),.SURF_OF_LINEAR_EXTRUSION.,.F.,.F.,.F.,
(4,4),(2,2),(0.,1.),(0.,1.),.PIECEWISE_BEZIER_KNOTS.);
#120=B_SPLINE_SURFACE_WITH_KNOTS('',3,1,((#10533,#10534),(#10535,#10536),
(#10537,#10538),(#10539,#10540)),.SURF_OF_LINEAR_EXTRUSION.,.F.,.F.,.F.,
(4,4),(2,2),(0.,1.),(0.,1.),.PIECEWISE_BEZIER_KNOTS.);
#121=B_SPLINE_SURFACE_WITH_KNOTS('',3,1,((#10550,#10551),(#10552,#10553),
(#10554,#10555),(#10556,#10557)),.SURF_OF_LINEAR_EXTRUSION.,.F.,.F.,.F.,
(4,4),(2,2),(0.,1.),(0.,1.),.PIECEWISE_BEZIER_KNOTS.);
#122=B_SPLINE_SURFACE_WITH_KNOTS('',3,1,((#10567,#10568),(#10569,#10570),
(#10571,#10572),(#10573,#10574)),.SURF_OF_LINEAR_EXTRUSION.,.F.,.F.,.F.,
(4,4),(2,2),(0.,1.),(0.,1.),.PIECEWISE_BEZIER_KNOTS.);
#123=B_SPLINE_SURFACE_WITH_KNOTS('',3,1,((#10584,#10585),(#10586,#10587),
(#10588,#10589),(#10590,#10591)),.SURF_OF_LINEAR_EXTRUSION.,.F.,.F.,.F.,
(4,4),(2,2),(0.,1.),(0.,1.),.PIECEWISE_BEZIER_KNOTS.);
#124=B_SPLINE_SURFACE_WITH_KNOTS('',3,1,((#10601,#10602),(#10603,#10604),
(#10605,#10606),(#10607,#10608)),.SURF_OF_LINEAR_EXTRUSION.,.F.,.F.,.F.,
(4,4),(2,2),(0.,1.),(0.,1.),.PIECEWISE_BEZIER_KNOTS.);
#125=B_SPLINE_SURFACE_WITH_KNOTS('',3,1,((#10618,#10619),(#10620,#10621),
(#10622,#10623),(#10624,#10625)),.SURF_OF_LINEAR_EXTRUSION.,.F.,.F.,.F.,
(4,4),(2,2),(0.,1.),(0.,1.),.PIECEWISE_BEZIER_KNOTS.);
#126=B_SPLINE_SURFACE_WITH_KNOTS('',3,1,((#10637,#10638),(#10639,#10640),
(#10641,#10642),(#10643,#10644)),.SURF_OF_LINEAR_EXTRUSION.,.F.,.F.,.F.,
(4,4),(2,2),(0.,1.),(0.,1.),.PIECEWISE_BEZIER_KNOTS.);
#127=B_SPLINE_SURFACE_WITH_KNOTS('',3,1,((#10650,#10651),(#10652,#10653),
(#10654,#10655),(#10656,#10657)),.SURF_OF_LINEAR_EXTRUSION.,.F.,.F.,.F.,
(4,4),(2,2),(0.,1.),(0.,1.),.PIECEWISE_BEZIER_KNOTS.);
#128=B_SPLINE_SURFACE_WITH_KNOTS('',3,1,((#10663,#10664),(#10665,#10666),
(#10667,#10668),(#10669,#10670)),.SURF_OF_LINEAR_EXTRUSION.,.F.,.F.,.F.,
(4,4),(2,2),(0.,1.),(0.,1.),.PIECEWISE_BEZIER_KNOTS.);
#129=B_SPLINE_SURFACE_WITH_KNOTS('',3,1,((#10676,#10677),(#10678,#10679),
(#10680,#10681),(#10682,#10683)),.SURF_OF_LINEAR_EXTRUSION.,.F.,.F.,.F.,
(4,4),(2,2),(0.,1.),(0.,1.),.PIECEWISE_BEZIER_KNOTS.);
#130=B_SPLINE_SURFACE_WITH_KNOTS('',3,1,((#10689,#10690),(#10691,#10692),
(#10693,#10694),(#10695,#10696)),.SURF_OF_LINEAR_EXTRUSION.,.F.,.F.,.F.,
(4,4),(2,2),(0.,1.),(0.,1.),.PIECEWISE_BEZIER_KNOTS.);
#131=B_SPLINE_SURFACE_WITH_KNOTS('',3,1,((#10702,#10703),(#10704,#10705),
(#10706,#10707),(#10708,#10709)),.SURF_OF_LINEAR_EXTRUSION.,.F.,.F.,.F.,
(4,4),(2,2),(0.,1.),(0.,1.),.PIECEWISE_BEZIER_KNOTS.);
#132=B_SPLINE_SURFACE_WITH_KNOTS('',3,1,((#10715,#10716),(#10717,#10718),
(#10719,#10720),(#10721,#10722)),.SURF_OF_LINEAR_EXTRUSION.,.F.,.F.,.F.,
(4,4),(2,2),(0.,1.),(0.,1.),.PIECEWISE_BEZIER_KNOTS.);
#133=B_SPLINE_SURFACE_WITH_KNOTS('',3,1,((#10732,#10733),(#10734,#10735),
(#10736,#10737),(#10738,#10739)),.SURF_OF_LINEAR_EXTRUSION.,.F.,.F.,.F.,
(4,4),(2,2),(0.,1.),(0.,1.),.PIECEWISE_BEZIER_KNOTS.);
#134=B_SPLINE_SURFACE_WITH_KNOTS('',3,1,((#10745,#10746),(#10747,#10748),
(#10749,#10750),(#10751,#10752)),.SURF_OF_LINEAR_EXTRUSION.,.F.,.F.,.F.,
(4,4),(2,2),(0.,1.),(0.,1.),.PIECEWISE_BEZIER_KNOTS.);
#135=B_SPLINE_SURFACE_WITH_KNOTS('',3,1,((#10758,#10759),(#10760,#10761),
(#10762,#10763),(#10764,#10765)),.SURF_OF_LINEAR_EXTRUSION.,.F.,.F.,.F.,
(4,4),(2,2),(0.,1.),(0.,1.),.PIECEWISE_BEZIER_KNOTS.);
#136=B_SPLINE_SURFACE_WITH_KNOTS('',3,1,((#10771,#10772),(#10773,#10774),
(#10775,#10776),(#10777,#10778)),.SURF_OF_LINEAR_EXTRUSION.,.F.,.F.,.F.,
(4,4),(2,2),(0.,1.),(0.,1.),.PIECEWISE_BEZIER_KNOTS.);
#137=B_SPLINE_SURFACE_WITH_KNOTS('',3,1,((#10784,#10785),(#10786,#10787),
(#10788,#10789),(#10790,#10791)),.SURF_OF_LINEAR_EXTRUSION.,.F.,.F.,.F.,
(4,4),(2,2),(0.,1.),(0.,1.),.PIECEWISE_BEZIER_KNOTS.);
#138=B_SPLINE_SURFACE_WITH_KNOTS('',3,1,((#10797,#10798),(#10799,#10800),
(#10801,#10802),(#10803,#10804)),.SURF_OF_LINEAR_EXTRUSION.,.F.,.F.,.F.,
(4,4),(2,2),(0.,1.),(0.,1.),.PIECEWISE_BEZIER_KNOTS.);
#139=B_SPLINE_SURFACE_WITH_KNOTS('',3,1,((#10810,#10811),(#10812,#10813),
(#10814,#10815),(#10816,#10817)),.SURF_OF_LINEAR_EXTRUSION.,.F.,.F.,.F.,
(4,4),(2,2),(0.,1.),(0.,1.),.PIECEWISE_BEZIER_KNOTS.);
#140=B_SPLINE_SURFACE_WITH_KNOTS('',3,1,((#10825,#10826),(#10827,#10828),
(#10829,#10830),(#10831,#10832)),.SURF_OF_LINEAR_EXTRUSION.,.F.,.F.,.F.,
(4,4),(2,2),(0.,1.),(0.,1.),.PIECEWISE_BEZIER_KNOTS.);
#141=B_SPLINE_SURFACE_WITH_KNOTS('',3,1,((#10845,#10846),(#10847,#10848),
(#10849,#10850),(#10851,#10852)),.SURF_OF_LINEAR_EXTRUSION.,.F.,.F.,.F.,
(4,4),(2,2),(0.,1.),(0.,1.),.PIECEWISE_BEZIER_KNOTS.);
#142=B_SPLINE_SURFACE_WITH_KNOTS('',3,1,((#10862,#10863),(#10864,#10865),
(#10866,#10867),(#10868,#10869)),.SURF_OF_LINEAR_EXTRUSION.,.F.,.F.,.F.,
(4,4),(2,2),(0.,1.),(0.,1.),.PIECEWISE_BEZIER_KNOTS.);
#143=B_SPLINE_SURFACE_WITH_KNOTS('',3,1,((#10879,#10880),(#10881,#10882),
(#10883,#10884),(#10885,#10886)),.SURF_OF_LINEAR_EXTRUSION.,.F.,.F.,.F.,
(4,4),(2,2),(0.,1.),(0.,1.),.PIECEWISE_BEZIER_KNOTS.);
#144=B_SPLINE_SURFACE_WITH_KNOTS('',3,1,((#10896,#10897),(#10898,#10899),
(#10900,#10901),(#10902,#10903)),.SURF_OF_LINEAR_EXTRUSION.,.F.,.F.,.F.,
(4,4),(2,2),(0.,1.),(0.,1.),.PIECEWISE_BEZIER_KNOTS.);
#145=B_SPLINE_SURFACE_WITH_KNOTS('',3,1,((#10913,#10914),(#10915,#10916),
(#10917,#10918),(#10919,#10920)),.SURF_OF_LINEAR_EXTRUSION.,.F.,.F.,.F.,
(4,4),(2,2),(0.,1.),(0.,1.),.PIECEWISE_BEZIER_KNOTS.);
#146=B_SPLINE_SURFACE_WITH_KNOTS('',3,1,((#10930,#10931),(#10932,#10933),
(#10934,#10935),(#10936,#10937)),.SURF_OF_LINEAR_EXTRUSION.,.F.,.F.,.F.,
(4,4),(2,2),(0.,1.),(0.,1.),.PIECEWISE_BEZIER_KNOTS.);
#147=B_SPLINE_SURFACE_WITH_KNOTS('',3,1,((#10947,#10948),(#10949,#10950),
(#10951,#10952),(#10953,#10954)),.SURF_OF_LINEAR_EXTRUSION.,.F.,.F.,.F.,
(4,4),(2,2),(0.,1.),(0.,1.),.PIECEWISE_BEZIER_KNOTS.);
#148=B_SPLINE_SURFACE_WITH_KNOTS('',3,1,((#10964,#10965),(#10966,#10967),
(#10968,#10969),(#10970,#10971)),.SURF_OF_LINEAR_EXTRUSION.,.F.,.F.,.F.,
(4,4),(2,2),(0.,1.),(0.,1.),.PIECEWISE_BEZIER_KNOTS.);
#149=B_SPLINE_SURFACE_WITH_KNOTS('',3,1,((#10981,#10982),(#10983,#10984),
(#10985,#10986),(#10987,#10988)),.SURF_OF_LINEAR_EXTRUSION.,.F.,.F.,.F.,
(4,4),(2,2),(0.,1.),(0.,1.),.PIECEWISE_BEZIER_KNOTS.);
#150=B_SPLINE_SURFACE_WITH_KNOTS('',3,1,((#10998,#10999),(#11000,#11001),
(#11002,#11003),(#11004,#11005)),.SURF_OF_LINEAR_EXTRUSION.,.F.,.F.,.F.,
(4,4),(2,2),(0.,1.),(0.,1.),.PIECEWISE_BEZIER_KNOTS.);
#151=B_SPLINE_SURFACE_WITH_KNOTS('',3,1,((#11015,#11016),(#11017,#11018),
(#11019,#11020),(#11021,#11022)),.SURF_OF_LINEAR_EXTRUSION.,.F.,.F.,.F.,
(4,4),(2,2),(0.,1.),(0.,1.),.PIECEWISE_BEZIER_KNOTS.);
#152=B_SPLINE_SURFACE_WITH_KNOTS('',3,1,((#11030,#11031),(#11032,#11033),
(#11034,#11035),(#11036,#11037)),.SURF_OF_LINEAR_EXTRUSION.,.F.,.F.,.F.,
(4,4),(2,2),(0.,1.),(0.,1.),.PIECEWISE_BEZIER_KNOTS.);
#153=B_SPLINE_SURFACE_WITH_KNOTS('',3,1,((#11043,#11044),(#11045,#11046),
(#11047,#11048),(#11049,#11050)),.SURF_OF_LINEAR_EXTRUSION.,.F.,.F.,.F.,
(4,4),(2,2),(0.,1.),(0.,1.),.PIECEWISE_BEZIER_KNOTS.);
#154=B_SPLINE_SURFACE_WITH_KNOTS('',3,1,((#11056,#11057),(#11058,#11059),
(#11060,#11061),(#11062,#11063)),.SURF_OF_LINEAR_EXTRUSION.,.F.,.F.,.F.,
(4,4),(2,2),(0.,1.),(0.,1.),.PIECEWISE_BEZIER_KNOTS.);
#155=B_SPLINE_SURFACE_WITH_KNOTS('',3,1,((#11069,#11070),(#11071,#11072),
(#11073,#11074),(#11075,#11076)),.SURF_OF_LINEAR_EXTRUSION.,.F.,.F.,.F.,
(4,4),(2,2),(0.,1.),(0.,1.),.PIECEWISE_BEZIER_KNOTS.);
#156=B_SPLINE_SURFACE_WITH_KNOTS('',3,1,((#11082,#11083),(#11084,#11085),
(#11086,#11087),(#11088,#11089)),.SURF_OF_LINEAR_EXTRUSION.,.F.,.F.,.F.,
(4,4),(2,2),(0.,1.),(0.,1.),.PIECEWISE_BEZIER_KNOTS.);
#157=B_SPLINE_SURFACE_WITH_KNOTS('',3,1,((#11095,#11096),(#11097,#11098),
(#11099,#11100),(#11101,#11102)),.SURF_OF_LINEAR_EXTRUSION.,.F.,.F.,.F.,
(4,4),(2,2),(0.,1.),(0.,1.),.PIECEWISE_BEZIER_KNOTS.);
#158=B_SPLINE_SURFACE_WITH_KNOTS('',3,1,((#11108,#11109),(#11110,#11111),
(#11112,#11113),(#11114,#11115)),.SURF_OF_LINEAR_EXTRUSION.,.F.,.F.,.F.,
(4,4),(2,2),(0.,1.),(0.,1.),.PIECEWISE_BEZIER_KNOTS.);
#159=B_SPLINE_SURFACE_WITH_KNOTS('',3,1,((#11119,#11120),(#11121,#11122),
(#11123,#11124),(#11125,#11126)),.SURF_OF_LINEAR_EXTRUSION.,.F.,.F.,.F.,
(4,4),(2,2),(0.,1.),(0.,1.),.PIECEWISE_BEZIER_KNOTS.);
#160=B_SPLINE_SURFACE_WITH_KNOTS('',3,1,((#11160,#11161),(#11162,#11163),
(#11164,#11165),(#11166,#11167)),.SURF_OF_LINEAR_EXTRUSION.,.F.,.F.,.F.,
(4,4),(2,2),(0.,1.),(0.,1.),.PIECEWISE_BEZIER_KNOTS.);
#161=B_SPLINE_SURFACE_WITH_KNOTS('',3,1,((#11173,#11174),(#11175,#11176),
(#11177,#11178),(#11179,#11180)),.SURF_OF_LINEAR_EXTRUSION.,.F.,.F.,.F.,
(4,4),(2,2),(0.,1.),(0.,1.),.PIECEWISE_BEZIER_KNOTS.);
#162=B_SPLINE_SURFACE_WITH_KNOTS('',3,1,((#11186,#11187),(#11188,#11189),
(#11190,#11191),(#11192,#11193)),.SURF_OF_LINEAR_EXTRUSION.,.F.,.F.,.F.,
(4,4),(2,2),(0.,1.),(0.,1.),.PIECEWISE_BEZIER_KNOTS.);
#163=B_SPLINE_SURFACE_WITH_KNOTS('',3,1,((#11199,#11200),(#11201,#11202),
(#11203,#11204),(#11205,#11206)),.SURF_OF_LINEAR_EXTRUSION.,.F.,.F.,.F.,
(4,4),(2,2),(0.,1.),(0.,1.),.PIECEWISE_BEZIER_KNOTS.);
#164=B_SPLINE_SURFACE_WITH_KNOTS('',3,1,((#11212,#11213),(#11214,#11215),
(#11216,#11217),(#11218,#11219)),.SURF_OF_LINEAR_EXTRUSION.,.F.,.F.,.F.,
(4,4),(2,2),(0.,1.),(0.,1.),.PIECEWISE_BEZIER_KNOTS.);
#165=B_SPLINE_SURFACE_WITH_KNOTS('',3,1,((#11225,#11226),(#11227,#11228),
(#11229,#11230),(#11231,#11232)),.SURF_OF_LINEAR_EXTRUSION.,.F.,.F.,.F.,
(4,4),(2,2),(0.,1.),(0.,1.),.PIECEWISE_BEZIER_KNOTS.);
#166=B_SPLINE_SURFACE_WITH_KNOTS('',3,1,((#11238,#11239),(#11240,#11241),
(#11242,#11243),(#11244,#11245)),.SURF_OF_LINEAR_EXTRUSION.,.F.,.F.,.F.,
(4,4),(2,2),(0.,1.),(0.,1.),.PIECEWISE_BEZIER_KNOTS.);
#167=B_SPLINE_SURFACE_WITH_KNOTS('',3,1,((#11255,#11256),(#11257,#11258),
(#11259,#11260),(#11261,#11262)),.SURF_OF_LINEAR_EXTRUSION.,.F.,.F.,.F.,
(4,4),(2,2),(0.,1.),(0.,1.),.PIECEWISE_BEZIER_KNOTS.);
#168=B_SPLINE_SURFACE_WITH_KNOTS('',3,1,((#11268,#11269),(#11270,#11271),
(#11272,#11273),(#11274,#11275)),.SURF_OF_LINEAR_EXTRUSION.,.F.,.F.,.F.,
(4,4),(2,2),(0.,1.),(0.,1.),.PIECEWISE_BEZIER_KNOTS.);
#169=B_SPLINE_SURFACE_WITH_KNOTS('',3,1,((#11281,#11282),(#11283,#11284),
(#11285,#11286),(#11287,#11288)),.SURF_OF_LINEAR_EXTRUSION.,.F.,.F.,.F.,
(4,4),(2,2),(0.,1.),(0.,1.),.PIECEWISE_BEZIER_KNOTS.);
#170=B_SPLINE_SURFACE_WITH_KNOTS('',3,1,((#11298,#11299),(#11300,#11301),
(#11302,#11303),(#11304,#11305)),.SURF_OF_LINEAR_EXTRUSION.,.F.,.F.,.F.,
(4,4),(2,2),(0.,1.),(0.,1.),.PIECEWISE_BEZIER_KNOTS.);
#171=B_SPLINE_SURFACE_WITH_KNOTS('',3,1,((#11315,#11316),(#11317,#11318),
(#11319,#11320),(#11321,#11322)),.SURF_OF_LINEAR_EXTRUSION.,.F.,.F.,.F.,
(4,4),(2,2),(0.,1.),(0.,1.),.PIECEWISE_BEZIER_KNOTS.);
#172=B_SPLINE_SURFACE_WITH_KNOTS('',3,1,((#11328,#11329),(#11330,#11331),
(#11332,#11333),(#11334,#11335)),.SURF_OF_LINEAR_EXTRUSION.,.F.,.F.,.F.,
(4,4),(2,2),(0.,1.),(0.,1.),.PIECEWISE_BEZIER_KNOTS.);
#173=B_SPLINE_SURFACE_WITH_KNOTS('',3,1,((#11345,#11346),(#11347,#11348),
(#11349,#11350),(#11351,#11352)),.SURF_OF_LINEAR_EXTRUSION.,.F.,.F.,.F.,
(4,4),(2,2),(0.,1.),(0.,1.),.PIECEWISE_BEZIER_KNOTS.);
#174=CONICAL_SURFACE('',#6543,0.0036,0.785398163397448);
#175=CONICAL_SURFACE('',#6545,0.00515,0.785398163397448);
#176=CONICAL_SURFACE('',#6548,0.00475,0.785398163397449);
#177=CONICAL_SURFACE('',#6549,0.00265,0.785398163397448);
#178=CONICAL_SURFACE('',#6701,0.0114520833333333,0.785398163397448);
#179=CONICAL_SURFACE('',#6702,0.0130854166666667,0.785398163397448);
#180=CONICAL_SURFACE('',#6706,0.0114520833333333,0.785398163397448);
#181=CONICAL_SURFACE('',#6707,0.0130854166666667,0.785398163397448);
#182=CONICAL_SURFACE('',#6711,0.0114520833333333,0.785398163397448);
#183=CONICAL_SURFACE('',#6712,0.0130854166666667,0.785398163397448);
#184=CONICAL_SURFACE('',#6716,0.0114520833333333,0.785398163397448);
#185=CONICAL_SURFACE('',#6717,0.0130854166666667,0.785398163397448);
#186=CONICAL_SURFACE('',#6721,0.0114520833333333,0.785398163397448);
#187=CONICAL_SURFACE('',#6722,0.0130854166666667,0.785398163397448);
#188=CONICAL_SURFACE('',#6726,0.0114520833333333,0.785398163397448);
#189=CONICAL_SURFACE('',#6727,0.0130854166666667,0.785398163397448);
#190=CONICAL_SURFACE('',#6731,0.0114520833333333,0.785398163397448);
#191=CONICAL_SURFACE('',#6732,0.0130854166666667,0.785398163397448);
#192=CONICAL_SURFACE('',#6736,0.0114520833333333,0.785398163397448);
#193=CONICAL_SURFACE('',#6737,0.0130854166666667,0.785398163397448);
#194=CONICAL_SURFACE('',#6741,0.0114520833333333,0.785398163397448);
#195=CONICAL_SURFACE('',#6742,0.0130854166666667,0.785398163397448);
#196=CONICAL_SURFACE('',#6743,0.0130854166666667,0.785398163397448);
#197=CONICAL_SURFACE('',#6745,0.0114520833333333,0.785398163397448);
#198=B_SPLINE_CURVE_WITH_KNOTS('',3,(#8019,#8020,#8021,#8022),
 .UNSPECIFIED.,.F.,.F.,(4,4),(2.9048435094837E-7,0.000542574907935811),
 .UNSPECIFIED.);
#199=B_SPLINE_CURVE_WITH_KNOTS('',3,(#8027,#8028,#8029,#8030),
 .UNSPECIFIED.,.F.,.F.,(4,4),(3.35431803924412E-7,0.000542619855388782),
 .UNSPECIFIED.);
#200=B_SPLINE_CURVE_WITH_KNOTS('',3,(#8034,#8035,#8036,#8037),
 .UNSPECIFIED.,.F.,.F.,(4,4),(2.90484350914039E-7,0.000542574907935774),
 .UNSPECIFIED.);
#201=B_SPLINE_CURVE_WITH_KNOTS('',3,(#8042,#8043,#8044,#8045),
 .UNSPECIFIED.,.F.,.F.,(4,4),(3.35431803225136E-7,0.000542619855388099),
 .UNSPECIFIED.);
#202=B_SPLINE_CURVE_WITH_KNOTS('',3,(#8049,#8050,#8051,#8052),
 .UNSPECIFIED.,.F.,.F.,(4,4),(2.90484350969449E-7,0.000542574907935842),
 .UNSPECIFIED.);
#203=B_SPLINE_CURVE_WITH_KNOTS('',3,(#8057,#8058,#8059,#8060),
 .UNSPECIFIED.,.F.,.F.,(4,4),(3.35431810126843E-7,0.000542619855394988),
 .UNSPECIFIED.);
#204=B_SPLINE_CURVE_WITH_KNOTS('',3,(#8064,#8065,#8066,#8067),
 .UNSPECIFIED.,.F.,.F.,(4,4),(2.90484351051912E-7,0.000542574907935909),
 .UNSPECIFIED.);
#205=B_SPLINE_CURVE_WITH_KNOTS('',3,(#8072,#8073,#8074,#8075),
 .UNSPECIFIED.,.F.,.F.,(4,4),(3.35431810118572E-7,0.000542619855394975),
 .UNSPECIFIED.);
#206=B_SPLINE_CURVE_WITH_KNOTS('',3,(#8079,#8080,#8081,#8082),
 .UNSPECIFIED.,.F.,.F.,(4,4),(2.90484350969323E-7,0.000542574907935839),
 .UNSPECIFIED.);
#207=B_SPLINE_CURVE_WITH_KNOTS('',3,(#8087,#8088,#8089,#8090),
 .UNSPECIFIED.,.F.,.F.,(4,4),(3.35431808914674E-7,0.00054261985539301),
 .UNSPECIFIED.);
#208=B_SPLINE_CURVE_WITH_KNOTS('',3,(#8094,#8095,#8096,#8097),
 .UNSPECIFIED.,.F.,.F.,(4,4),(2.9048435094837E-7,0.000542574907935811),
 .UNSPECIFIED.);
#209=B_SPLINE_CURVE_WITH_KNOTS('',3,(#8102,#8103,#8104,#8105),
 .UNSPECIFIED.,.F.,.F.,(4,4),(3.35431803923219E-7,0.000542619855388008),
 .UNSPECIFIED.);
#210=B_SPLINE_CURVE_WITH_KNOTS('',3,(#8109,#8110,#8111,#8112),
 .UNSPECIFIED.,.F.,.F.,(4,4),(2.90484350929488E-7,0.00054257490793579),
 .UNSPECIFIED.);
#211=B_SPLINE_CURVE_WITH_KNOTS('',3,(#8117,#8118,#8119,#8120),
 .UNSPECIFIED.,.F.,.F.,(4,4),(3.35431803226917E-7,0.000542619855388099),
 .UNSPECIFIED.);
#212=B_SPLINE_CURVE_WITH_KNOTS('',3,(#8124,#8125,#8126,#8127),
 .UNSPECIFIED.,.F.,.F.,(4,4),(2.90484350969449E-7,0.000542574907935842),
 .UNSPECIFIED.);
#213=B_SPLINE_CURVE_WITH_KNOTS('',3,(#8132,#8133,#8134,#8135),
 .UNSPECIFIED.,.F.,.F.,(4,4),(3.35431810126843E-7,0.000542619855394219),
 .UNSPECIFIED.);
#214=B_SPLINE_CURVE_WITH_KNOTS('',3,(#8139,#8140,#8141,#8142),
 .UNSPECIFIED.,.F.,.F.,(4,4),(2.90484351099732E-7,0.000542574907935958),
 .UNSPECIFIED.);
#215=B_SPLINE_CURVE_WITH_KNOTS('',3,(#8147,#8148,#8149,#8150),
 .UNSPECIFIED.,.F.,.F.,(4,4),(3.35431810118572E-7,0.000542619855394974),
 .UNSPECIFIED.);
#216=B_SPLINE_CURVE_WITH_KNOTS('',3,(#8154,#8155,#8156,#8157),
 .UNSPECIFIED.,.F.,.F.,(4,4),(2.90484350984397E-7,0.000542574907935841),
 .UNSPECIFIED.);
#217=B_SPLINE_CURVE_WITH_KNOTS('',3,(#8162,#8163,#8164,#8165),
 .UNSPECIFIED.,.F.,.F.,(4,4),(3.35431810129422E-7,0.000542619855395001),
 .UNSPECIFIED.);
#218=B_SPLINE_CURVE_WITH_KNOTS('',2,(#8172,#8173,#8174),.UNSPECIFIED.,.F.,
 .F.,(3,3),(0.,1.),.PIECEWISE_BEZIER_KNOTS.);
#219=B_SPLINE_CURVE_WITH_KNOTS('',2,(#8176,#8177,#8178),.UNSPECIFIED.,.F.,
 .F.,(3,3),(0.,1.),.PIECEWISE_BEZIER_KNOTS.);
#220=B_SPLINE_CURVE_WITH_KNOTS('',2,(#8180,#8181,#8182),.UNSPECIFIED.,.F.,
 .F.,(3,3),(0.,1.),.PIECEWISE_BEZIER_KNOTS.);
#221=B_SPLINE_CURVE_WITH_KNOTS('',2,(#8184,#8185,#8186),.UNSPECIFIED.,.F.,
 .F.,(3,3),(0.,1.),.PIECEWISE_BEZIER_KNOTS.);
#222=B_SPLINE_CURVE_WITH_KNOTS('',2,(#8188,#8189,#8190),.UNSPECIFIED.,.F.,
 .F.,(3,3),(0.,1.),.PIECEWISE_BEZIER_KNOTS.);
#223=B_SPLINE_CURVE_WITH_KNOTS('',2,(#8192,#8193,#8194),.UNSPECIFIED.,.F.,
 .F.,(3,3),(0.,1.),.PIECEWISE_BEZIER_KNOTS.);
#224=B_SPLINE_CURVE_WITH_KNOTS('',2,(#8196,#8197,#8198),.UNSPECIFIED.,.F.,
 .F.,(3,3),(0.,1.),.PIECEWISE_BEZIER_KNOTS.);
#225=B_SPLINE_CURVE_WITH_KNOTS('',2,(#8200,#8201,#8202),.UNSPECIFIED.,.F.,
 .F.,(3,3),(0.,1.),.PIECEWISE_BEZIER_KNOTS.);
#226=B_SPLINE_CURVE_WITH_KNOTS('',2,(#8206,#8207,#8208),.UNSPECIFIED.,.F.,
 .F.,(3,3),(0.,1.),.PIECEWISE_BEZIER_KNOTS.);
#227=B_SPLINE_CURVE_WITH_KNOTS('',2,(#8210,#8211,#8212),.UNSPECIFIED.,.F.,
 .F.,(3,3),(0.,1.),.PIECEWISE_BEZIER_KNOTS.);
#228=B_SPLINE_CURVE_WITH_KNOTS('',2,(#8214,#8215,#8216),.UNSPECIFIED.,.F.,
 .F.,(3,3),(0.,1.),.PIECEWISE_BEZIER_KNOTS.);
#229=B_SPLINE_CURVE_WITH_KNOTS('',2,(#8218,#8219,#8220),.UNSPECIFIED.,.F.,
 .F.,(3,3),(0.,1.),.PIECEWISE_BEZIER_KNOTS.);
#230=B_SPLINE_CURVE_WITH_KNOTS('',2,(#8222,#8223,#8224),.UNSPECIFIED.,.F.,
 .F.,(3,3),(0.,1.),.PIECEWISE_BEZIER_KNOTS.);
#231=B_SPLINE_CURVE_WITH_KNOTS('',2,(#8226,#8227,#8228),.UNSPECIFIED.,.F.,
 .F.,(3,3),(0.,1.),.PIECEWISE_BEZIER_KNOTS.);
#232=B_SPLINE_CURVE_WITH_KNOTS('',2,(#8230,#8231,#8232),.UNSPECIFIED.,.F.,
 .F.,(3,3),(0.,1.),.PIECEWISE_BEZIER_KNOTS.);
#233=B_SPLINE_CURVE_WITH_KNOTS('',2,(#8248,#8249,#8250),.UNSPECIFIED.,.F.,
 .F.,(3,3),(0.,1.),.PIECEWISE_BEZIER_KNOTS.);
#234=B_SPLINE_CURVE_WITH_KNOTS('',2,(#8254,#8255,#8256),.UNSPECIFIED.,.F.,
 .F.,(3,3),(0.,1.),.PIECEWISE_BEZIER_KNOTS.);
#235=B_SPLINE_CURVE_WITH_KNOTS('',2,(#8258,#8259,#8260),.UNSPECIFIED.,.F.,
 .F.,(3,3),(0.,1.),.PIECEWISE_BEZIER_KNOTS.);
#236=B_SPLINE_CURVE_WITH_KNOTS('',2,(#8262,#8263,#8264),.UNSPECIFIED.,.F.,
 .F.,(3,3),(0.,1.),.PIECEWISE_BEZIER_KNOTS.);
#237=B_SPLINE_CURVE_WITH_KNOTS('',2,(#8266,#8267,#8268),.UNSPECIFIED.,.F.,
 .F.,(3,3),(0.,1.),.PIECEWISE_BEZIER_KNOTS.);
#238=B_SPLINE_CURVE_WITH_KNOTS('',2,(#8270,#8271,#8272),.UNSPECIFIED.,.F.,
 .F.,(3,3),(0.,1.),.PIECEWISE_BEZIER_KNOTS.);
#239=B_SPLINE_CURVE_WITH_KNOTS('',2,(#8276,#8277,#8278),.UNSPECIFIED.,.F.,
 .F.,(3,3),(0.,1.),.PIECEWISE_BEZIER_KNOTS.);
#240=B_SPLINE_CURVE_WITH_KNOTS('',2,(#8280,#8281,#8282),.UNSPECIFIED.,.F.,
 .F.,(3,3),(0.,1.),.PIECEWISE_BEZIER_KNOTS.);
#241=B_SPLINE_CURVE_WITH_KNOTS('',2,(#8284,#8285,#8286),.UNSPECIFIED.,.F.,
 .F.,(3,3),(0.,1.),.PIECEWISE_BEZIER_KNOTS.);
#242=B_SPLINE_CURVE_WITH_KNOTS('',2,(#8288,#8289,#8290),.UNSPECIFIED.,.F.,
 .F.,(3,3),(0.,1.),.PIECEWISE_BEZIER_KNOTS.);
#243=B_SPLINE_CURVE_WITH_KNOTS('',2,(#8292,#8293,#8294),.UNSPECIFIED.,.F.,
 .F.,(3,3),(0.,1.),.PIECEWISE_BEZIER_KNOTS.);
#244=B_SPLINE_CURVE_WITH_KNOTS('',2,(#8298,#8299,#8300),.UNSPECIFIED.,.F.,
 .F.,(3,3),(0.,1.),.PIECEWISE_BEZIER_KNOTS.);
#245=B_SPLINE_CURVE_WITH_KNOTS('',2,(#8310,#8311,#8312),.UNSPECIFIED.,.F.,
 .F.,(3,3),(0.,1.),.PIECEWISE_BEZIER_KNOTS.);
#246=B_SPLINE_CURVE_WITH_KNOTS('',2,(#8314,#8315,#8316),.UNSPECIFIED.,.F.,
 .F.,(3,3),(0.,1.),.PIECEWISE_BEZIER_KNOTS.);
#247=B_SPLINE_CURVE_WITH_KNOTS('',2,(#8318,#8319,#8320),.UNSPECIFIED.,.F.,
 .F.,(3,3),(0.,1.),.PIECEWISE_BEZIER_KNOTS.);
#248=B_SPLINE_CURVE_WITH_KNOTS('',2,(#8322,#8323,#8324),.UNSPECIFIED.,.F.,
 .F.,(3,3),(0.,1.),.PIECEWISE_BEZIER_KNOTS.);
#249=B_SPLINE_CURVE_WITH_KNOTS('',2,(#8326,#8327,#8328),.UNSPECIFIED.,.F.,
 .F.,(3,3),(0.,1.),.PIECEWISE_BEZIER_KNOTS.);
#250=B_SPLINE_CURVE_WITH_KNOTS('',2,(#8330,#8331,#8332),.UNSPECIFIED.,.F.,
 .F.,(3,3),(0.,1.),.PIECEWISE_BEZIER_KNOTS.);
#251=B_SPLINE_CURVE_WITH_KNOTS('',2,(#8338,#8339,#8340),.UNSPECIFIED.,.F.,
 .F.,(3,3),(0.,1.),.PIECEWISE_BEZIER_KNOTS.);
#252=B_SPLINE_CURVE_WITH_KNOTS('',2,(#8342,#8343,#8344),.UNSPECIFIED.,.F.,
 .F.,(3,3),(0.,1.),.PIECEWISE_BEZIER_KNOTS.);
#253=B_SPLINE_CURVE_WITH_KNOTS('',2,(#8346,#8347,#8348),.UNSPECIFIED.,.F.,
 .F.,(3,3),(0.,1.),.PIECEWISE_BEZIER_KNOTS.);
#254=B_SPLINE_CURVE_WITH_KNOTS('',2,(#8350,#8351,#8352),.UNSPECIFIED.,.F.,
 .F.,(3,3),(0.,1.),.PIECEWISE_BEZIER_KNOTS.);
#255=B_SPLINE_CURVE_WITH_KNOTS('',2,(#8354,#8355,#8356),.UNSPECIFIED.,.F.,
 .F.,(3,3),(0.,1.),.PIECEWISE_BEZIER_KNOTS.);
#256=B_SPLINE_CURVE_WITH_KNOTS('',2,(#8358,#8359,#8360),.UNSPECIFIED.,.F.,
 .F.,(3,3),(0.,1.),.PIECEWISE_BEZIER_KNOTS.);
#257=B_SPLINE_CURVE_WITH_KNOTS('',2,(#8362,#8363,#8364),.UNSPECIFIED.,.F.,
 .F.,(3,3),(0.,1.),.PIECEWISE_BEZIER_KNOTS.);
#258=B_SPLINE_CURVE_WITH_KNOTS('',2,(#8368,#8369,#8370),.UNSPECIFIED.,.F.,
 .F.,(3,3),(0.,1.),.PIECEWISE_BEZIER_KNOTS.);
#259=B_SPLINE_CURVE_WITH_KNOTS('',2,(#8372,#8373,#8374),.UNSPECIFIED.,.F.,
 .F.,(3,3),(0.,1.),.PIECEWISE_BEZIER_KNOTS.);
#260=B_SPLINE_CURVE_WITH_KNOTS('',2,(#8376,#8377,#8378),.UNSPECIFIED.,.F.,
 .F.,(3,3),(0.,1.),.PIECEWISE_BEZIER_KNOTS.);
#261=B_SPLINE_CURVE_WITH_KNOTS('',2,(#8380,#8381,#8382),.UNSPECIFIED.,.F.,
 .F.,(3,3),(0.,1.),.PIECEWISE_BEZIER_KNOTS.);
#262=B_SPLINE_CURVE_WITH_KNOTS('',2,(#8384,#8385,#8386),.UNSPECIFIED.,.F.,
 .F.,(3,3),(0.,1.),.PIECEWISE_BEZIER_KNOTS.);
#263=B_SPLINE_CURVE_WITH_KNOTS('',2,(#8388,#8389,#8390),.UNSPECIFIED.,.F.,
 .F.,(3,3),(0.,1.),.PIECEWISE_BEZIER_KNOTS.);
#264=B_SPLINE_CURVE_WITH_KNOTS('',2,(#8398,#8399,#8400),.UNSPECIFIED.,.F.,
 .F.,(3,3),(0.,1.),.PIECEWISE_BEZIER_KNOTS.);
#265=B_SPLINE_CURVE_WITH_KNOTS('',2,(#8402,#8403,#8404),.UNSPECIFIED.,.F.,
 .F.,(3,3),(0.,1.),.PIECEWISE_BEZIER_KNOTS.);
#266=B_SPLINE_CURVE_WITH_KNOTS('',2,(#8406,#8407,#8408),.UNSPECIFIED.,.F.,
 .F.,(3,3),(0.,1.),.PIECEWISE_BEZIER_KNOTS.);
#267=B_SPLINE_CURVE_WITH_KNOTS('',2,(#8410,#8411,#8412),.UNSPECIFIED.,.F.,
 .F.,(3,3),(0.,1.),.PIECEWISE_BEZIER_KNOTS.);
#268=B_SPLINE_CURVE_WITH_KNOTS('',2,(#8414,#8415,#8416),.UNSPECIFIED.,.F.,
 .F.,(3,3),(0.,1.),.PIECEWISE_BEZIER_KNOTS.);
#269=B_SPLINE_CURVE_WITH_KNOTS('',2,(#8418,#8419,#8420),.UNSPECIFIED.,.F.,
 .F.,(3,3),(0.,1.),.PIECEWISE_BEZIER_KNOTS.);
#270=B_SPLINE_CURVE_WITH_KNOTS('',2,(#8551,#8552,#8553),.UNSPECIFIED.,.F.,
 .F.,(3,3),(0.,1.),.PIECEWISE_BEZIER_KNOTS.);
#271=B_SPLINE_CURVE_WITH_KNOTS('',2,(#8556,#8557,#8558),.UNSPECIFIED.,.F.,
 .F.,(3,3),(0.,1.),.PIECEWISE_BEZIER_KNOTS.);
#272=B_SPLINE_CURVE_WITH_KNOTS('',2,(#8560,#8561,#8562),.UNSPECIFIED.,.F.,
 .F.,(3,3),(0.,1.),.PIECEWISE_BEZIER_KNOTS.);
#273=B_SPLINE_CURVE_WITH_KNOTS('',2,(#8566,#8567,#8568),.UNSPECIFIED.,.F.,
 .F.,(3,3),(0.,1.),.PIECEWISE_BEZIER_KNOTS.);
#274=B_SPLINE_CURVE_WITH_KNOTS('',2,(#8570,#8571,#8572),.UNSPECIFIED.,.F.,
 .F.,(3,3),(0.,1.),.PIECEWISE_BEZIER_KNOTS.);
#275=B_SPLINE_CURVE_WITH_KNOTS('',2,(#8574,#8575,#8576),.UNSPECIFIED.,.F.,
 .F.,(3,3),(0.,1.),.PIECEWISE_BEZIER_KNOTS.);
#276=B_SPLINE_CURVE_WITH_KNOTS('',2,(#8578,#8579,#8580),.UNSPECIFIED.,.F.,
 .F.,(3,3),(0.,1.),.PIECEWISE_BEZIER_KNOTS.);
#277=B_SPLINE_CURVE_WITH_KNOTS('',2,(#8584,#8585,#8586),.UNSPECIFIED.,.F.,
 .F.,(3,3),(0.,1.),.PIECEWISE_BEZIER_KNOTS.);
#278=B_SPLINE_CURVE_WITH_KNOTS('',2,(#8588,#8589,#8590),.UNSPECIFIED.,.F.,
 .F.,(3,3),(0.,1.),.PIECEWISE_BEZIER_KNOTS.);
#279=B_SPLINE_CURVE_WITH_KNOTS('',2,(#8592,#8593,#8594),.UNSPECIFIED.,.F.,
 .F.,(3,3),(0.,1.),.PIECEWISE_BEZIER_KNOTS.);
#280=B_SPLINE_CURVE_WITH_KNOTS('',2,(#8596,#8597,#8598),.UNSPECIFIED.,.F.,
 .F.,(3,3),(0.,1.),.PIECEWISE_BEZIER_KNOTS.);
#281=B_SPLINE_CURVE_WITH_KNOTS('',2,(#8600,#8601,#8602),.UNSPECIFIED.,.F.,
 .F.,(3,3),(0.,1.),.PIECEWISE_BEZIER_KNOTS.);
#282=B_SPLINE_CURVE_WITH_KNOTS('',2,(#8604,#8605,#8606),.UNSPECIFIED.,.F.,
 .F.,(3,3),(0.,1.),.PIECEWISE_BEZIER_KNOTS.);
#283=B_SPLINE_CURVE_WITH_KNOTS('',2,(#8608,#8609,#8610),.UNSPECIFIED.,.F.,
 .F.,(3,3),(0.,1.),.PIECEWISE_BEZIER_KNOTS.);
#284=B_SPLINE_CURVE_WITH_KNOTS('',2,(#8612,#8613,#8614),.UNSPECIFIED.,.F.,
 .F.,(3,3),(0.,1.),.PIECEWISE_BEZIER_KNOTS.);
#285=B_SPLINE_CURVE_WITH_KNOTS('',2,(#8616,#8617,#8618),.UNSPECIFIED.,.F.,
 .F.,(3,3),(0.,1.),.PIECEWISE_BEZIER_KNOTS.);
#286=B_SPLINE_CURVE_WITH_KNOTS('',2,(#8620,#8621,#8622),.UNSPECIFIED.,.F.,
 .F.,(3,3),(0.,1.),.PIECEWISE_BEZIER_KNOTS.);
#287=B_SPLINE_CURVE_WITH_KNOTS('',2,(#8624,#8625,#8626),.UNSPECIFIED.,.F.,
 .F.,(3,3),(0.,1.),.PIECEWISE_BEZIER_KNOTS.);
#288=B_SPLINE_CURVE_WITH_KNOTS('',2,(#8630,#8631,#8632),.UNSPECIFIED.,.F.,
 .F.,(3,3),(0.,1.),.PIECEWISE_BEZIER_KNOTS.);
#289=B_SPLINE_CURVE_WITH_KNOTS('',2,(#8634,#8635,#8636),.UNSPECIFIED.,.F.,
 .F.,(3,3),(0.,1.),.PIECEWISE_BEZIER_KNOTS.);
#290=B_SPLINE_CURVE_WITH_KNOTS('',2,(#8638,#8639,#8640),.UNSPECIFIED.,.F.,
 .F.,(3,3),(0.,1.),.PIECEWISE_BEZIER_KNOTS.);
#291=B_SPLINE_CURVE_WITH_KNOTS('',2,(#8642,#8643,#8644),.UNSPECIFIED.,.F.,
 .F.,(3,3),(0.,1.),.PIECEWISE_BEZIER_KNOTS.);
#292=B_SPLINE_CURVE_WITH_KNOTS('',2,(#8646,#8647,#8648),.UNSPECIFIED.,.F.,
 .F.,(3,3),(0.,1.),.PIECEWISE_BEZIER_KNOTS.);
#293=B_SPLINE_CURVE_WITH_KNOTS('',2,(#8650,#8651,#8652),.UNSPECIFIED.,.F.,
 .F.,(3,3),(0.,1.),.PIECEWISE_BEZIER_KNOTS.);
#294=B_SPLINE_CURVE_WITH_KNOTS('',2,(#8654,#8655,#8656),.UNSPECIFIED.,.F.,
 .F.,(3,3),(0.,1.),.PIECEWISE_BEZIER_KNOTS.);
#295=B_SPLINE_CURVE_WITH_KNOTS('',2,(#8660,#8661,#8662),.UNSPECIFIED.,.F.,
 .F.,(3,3),(0.,1.),.PIECEWISE_BEZIER_KNOTS.);
#296=B_SPLINE_CURVE_WITH_KNOTS('',2,(#8664,#8665,#8666),.UNSPECIFIED.,.F.,
 .F.,(3,3),(0.,1.),.PIECEWISE_BEZIER_KNOTS.);
#297=B_SPLINE_CURVE_WITH_KNOTS('',2,(#8668,#8669,#8670),.UNSPECIFIED.,.F.,
 .F.,(3,3),(0.,1.),.PIECEWISE_BEZIER_KNOTS.);
#298=B_SPLINE_CURVE_WITH_KNOTS('',2,(#8672,#8673,#8674),.UNSPECIFIED.,.F.,
 .F.,(3,3),(0.,1.),.PIECEWISE_BEZIER_KNOTS.);
#299=B_SPLINE_CURVE_WITH_KNOTS('',2,(#8676,#8677,#8678),.UNSPECIFIED.,.F.,
 .F.,(3,3),(0.,1.),.PIECEWISE_BEZIER_KNOTS.);
#300=B_SPLINE_CURVE_WITH_KNOTS('',2,(#8680,#8681,#8682),.UNSPECIFIED.,.F.,
 .F.,(3,3),(0.,1.),.PIECEWISE_BEZIER_KNOTS.);
#301=B_SPLINE_CURVE_WITH_KNOTS('',2,(#8684,#8685,#8686),.UNSPECIFIED.,.F.,
 .F.,(3,3),(0.,1.),.PIECEWISE_BEZIER_KNOTS.);
#302=B_SPLINE_CURVE_WITH_KNOTS('',2,(#8688,#8689,#8690),.UNSPECIFIED.,.F.,
 .F.,(3,3),(0.,1.),.PIECEWISE_BEZIER_KNOTS.);
#303=B_SPLINE_CURVE_WITH_KNOTS('',2,(#8692,#8693,#8694),.UNSPECIFIED.,.F.,
 .F.,(3,3),(0.,1.),.PIECEWISE_BEZIER_KNOTS.);
#304=B_SPLINE_CURVE_WITH_KNOTS('',2,(#8696,#8697,#8698),.UNSPECIFIED.,.F.,
 .F.,(3,3),(0.,1.),.PIECEWISE_BEZIER_KNOTS.);
#305=B_SPLINE_CURVE_WITH_KNOTS('',2,(#8699,#8700,#8701),.UNSPECIFIED.,.F.,
 .F.,(3,3),(0.,1.),.PIECEWISE_BEZIER_KNOTS.);
#306=B_SPLINE_CURVE_WITH_KNOTS('',2,(#8704,#8705,#8706),.UNSPECIFIED.,.F.,
 .F.,(3,3),(0.,1.),.PIECEWISE_BEZIER_KNOTS.);
#307=B_SPLINE_CURVE_WITH_KNOTS('',2,(#8708,#8709,#8710),.UNSPECIFIED.,.F.,
 .F.,(3,3),(0.,1.),.PIECEWISE_BEZIER_KNOTS.);
#308=B_SPLINE_CURVE_WITH_KNOTS('',2,(#8712,#8713,#8714),.UNSPECIFIED.,.F.,
 .F.,(3,3),(0.,1.),.PIECEWISE_BEZIER_KNOTS.);
#309=B_SPLINE_CURVE_WITH_KNOTS('',2,(#8716,#8717,#8718),.UNSPECIFIED.,.F.,
 .F.,(3,3),(0.,1.),.PIECEWISE_BEZIER_KNOTS.);
#310=B_SPLINE_CURVE_WITH_KNOTS('',2,(#8720,#8721,#8722),.UNSPECIFIED.,.F.,
 .F.,(3,3),(0.,1.),.PIECEWISE_BEZIER_KNOTS.);
#311=B_SPLINE_CURVE_WITH_KNOTS('',2,(#8724,#8725,#8726),.UNSPECIFIED.,.F.,
 .F.,(3,3),(0.,1.),.PIECEWISE_BEZIER_KNOTS.);
#312=B_SPLINE_CURVE_WITH_KNOTS('',2,(#8728,#8729,#8730),.UNSPECIFIED.,.F.,
 .F.,(3,3),(0.,1.),.PIECEWISE_BEZIER_KNOTS.);
#313=B_SPLINE_CURVE_WITH_KNOTS('',2,(#8738,#8739,#8740),.UNSPECIFIED.,.F.,
 .F.,(3,3),(0.,1.),.PIECEWISE_BEZIER_KNOTS.);
#314=B_SPLINE_CURVE_WITH_KNOTS('',2,(#8744,#8745,#8746),.UNSPECIFIED.,.F.,
 .F.,(3,3),(0.,1.),.PIECEWISE_BEZIER_KNOTS.);
#315=B_SPLINE_CURVE_WITH_KNOTS('',2,(#8748,#8749,#8750),.UNSPECIFIED.,.F.,
 .F.,(3,3),(0.,1.),.PIECEWISE_BEZIER_KNOTS.);
#316=B_SPLINE_CURVE_WITH_KNOTS('',2,(#8754,#8755,#8756),.UNSPECIFIED.,.F.,
 .F.,(3,3),(0.,1.),.PIECEWISE_BEZIER_KNOTS.);
#317=B_SPLINE_CURVE_WITH_KNOTS('',2,(#8760,#8761,#8762),.UNSPECIFIED.,.F.,
 .F.,(3,3),(0.,1.),.PIECEWISE_BEZIER_KNOTS.);
#318=B_SPLINE_CURVE_WITH_KNOTS('',2,(#8764,#8765,#8766),.UNSPECIFIED.,.F.,
 .F.,(3,3),(0.,1.),.PIECEWISE_BEZIER_KNOTS.);
#319=B_SPLINE_CURVE_WITH_KNOTS('',2,(#8768,#8769,#8770),.UNSPECIFIED.,.F.,
 .F.,(3,3),(0.,1.),.PIECEWISE_BEZIER_KNOTS.);
#320=B_SPLINE_CURVE_WITH_KNOTS('',2,(#8774,#8775,#8776),.UNSPECIFIED.,.F.,
 .F.,(3,3),(0.,1.),.PIECEWISE_BEZIER_KNOTS.);
#321=B_SPLINE_CURVE_WITH_KNOTS('',2,(#8778,#8779,#8780),.UNSPECIFIED.,.F.,
 .F.,(3,3),(0.,1.),.PIECEWISE_BEZIER_KNOTS.);
#322=B_SPLINE_CURVE_WITH_KNOTS('',2,(#8782,#8783,#8784),.UNSPECIFIED.,.F.,
 .F.,(3,3),(0.,1.),.PIECEWISE_BEZIER_KNOTS.);
#323=B_SPLINE_CURVE_WITH_KNOTS('',2,(#8786,#8787,#8788),.UNSPECIFIED.,.F.,
 .F.,(3,3),(0.,1.),.PIECEWISE_BEZIER_KNOTS.);
#324=B_SPLINE_CURVE_WITH_KNOTS('',2,(#8790,#8791,#8792),.UNSPECIFIED.,.F.,
 .F.,(3,3),(0.,1.),.PIECEWISE_BEZIER_KNOTS.);
#325=B_SPLINE_CURVE_WITH_KNOTS('',2,(#8794,#8795,#8796),.UNSPECIFIED.,.F.,
 .F.,(3,3),(0.,1.),.PIECEWISE_BEZIER_KNOTS.);
#326=B_SPLINE_CURVE_WITH_KNOTS('',2,(#8798,#8799,#8800),.UNSPECIFIED.,.F.,
 .F.,(3,3),(0.,1.),.PIECEWISE_BEZIER_KNOTS.);
#327=B_SPLINE_CURVE_WITH_KNOTS('',2,(#8960,#8961,#8962),.UNSPECIFIED.,.F.,
 .F.,(3,3),(0.,1.),.PIECEWISE_BEZIER_KNOTS.);
#328=B_SPLINE_CURVE_WITH_KNOTS('',2,(#8967,#8968,#8969),.UNSPECIFIED.,.F.,
 .F.,(3,3),(0.,1.),.PIECEWISE_BEZIER_KNOTS.);
#329=B_SPLINE_CURVE_WITH_KNOTS('',2,(#8980,#8981,#8982),.UNSPECIFIED.,.F.,
 .F.,(3,3),(0.,1.),.PIECEWISE_BEZIER_KNOTS.);
#330=B_SPLINE_CURVE_WITH_KNOTS('',2,(#8986,#8987,#8988),.UNSPECIFIED.,.F.,
 .F.,(3,3),(0.,1.),.PIECEWISE_BEZIER_KNOTS.);
#331=B_SPLINE_CURVE_WITH_KNOTS('',2,(#8997,#8998,#8999),.UNSPECIFIED.,.F.,
 .F.,(3,3),(0.,1.),.PIECEWISE_BEZIER_KNOTS.);
#332=B_SPLINE_CURVE_WITH_KNOTS('',2,(#9003,#9004,#9005),.UNSPECIFIED.,.F.,
 .F.,(3,3),(0.,1.),.PIECEWISE_BEZIER_KNOTS.);
#333=B_SPLINE_CURVE_WITH_KNOTS('',2,(#9014,#9015,#9016),.UNSPECIFIED.,.F.,
 .F.,(3,3),(0.,1.),.PIECEWISE_BEZIER_KNOTS.);
#334=B_SPLINE_CURVE_WITH_KNOTS('',2,(#9020,#9021,#9022),.UNSPECIFIED.,.F.,
 .F.,(3,3),(0.,1.),.PIECEWISE_BEZIER_KNOTS.);
#335=B_SPLINE_CURVE_WITH_KNOTS('',2,(#9031,#9032,#9033),.UNSPECIFIED.,.F.,
 .F.,(3,3),(0.,1.),.PIECEWISE_BEZIER_KNOTS.);
#336=B_SPLINE_CURVE_WITH_KNOTS('',2,(#9037,#9038,#9039),.UNSPECIFIED.,.F.,
 .F.,(3,3),(0.,1.),.PIECEWISE_BEZIER_KNOTS.);
#337=B_SPLINE_CURVE_WITH_KNOTS('',2,(#9048,#9049,#9050),.UNSPECIFIED.,.F.,
 .F.,(3,3),(0.,1.),.PIECEWISE_BEZIER_KNOTS.);
#338=B_SPLINE_CURVE_WITH_KNOTS('',2,(#9054,#9055,#9056),.UNSPECIFIED.,.F.,
 .F.,(3,3),(0.,1.),.PIECEWISE_BEZIER_KNOTS.);
#339=B_SPLINE_CURVE_WITH_KNOTS('',2,(#9065,#9066,#9067),.UNSPECIFIED.,.F.,
 .F.,(3,3),(0.,1.),.PIECEWISE_BEZIER_KNOTS.);
#340=B_SPLINE_CURVE_WITH_KNOTS('',2,(#9071,#9072,#9073),.UNSPECIFIED.,.F.,
 .F.,(3,3),(0.,1.),.PIECEWISE_BEZIER_KNOTS.);
#341=B_SPLINE_CURVE_WITH_KNOTS('',2,(#9082,#9083,#9084),.UNSPECIFIED.,.F.,
 .F.,(3,3),(0.,1.),.PIECEWISE_BEZIER_KNOTS.);
#342=B_SPLINE_CURVE_WITH_KNOTS('',2,(#9089,#9090,#9091),.UNSPECIFIED.,.F.,
 .F.,(3,3),(0.,1.),.PIECEWISE_BEZIER_KNOTS.);
#343=B_SPLINE_CURVE_WITH_KNOTS('',2,(#9102,#9103,#9104),.UNSPECIFIED.,.F.,
 .F.,(3,3),(0.,1.),.PIECEWISE_BEZIER_KNOTS.);
#344=B_SPLINE_CURVE_WITH_KNOTS('',2,(#9108,#9109,#9110),.UNSPECIFIED.,.F.,
 .F.,(3,3),(0.,1.),.PIECEWISE_BEZIER_KNOTS.);
#345=B_SPLINE_CURVE_WITH_KNOTS('',2,(#9119,#9120,#9121),.UNSPECIFIED.,.F.,
 .F.,(3,3),(0.,1.),.PIECEWISE_BEZIER_KNOTS.);
#346=B_SPLINE_CURVE_WITH_KNOTS('',2,(#9125,#9126,#9127),.UNSPECIFIED.,.F.,
 .F.,(3,3),(0.,1.),.PIECEWISE_BEZIER_KNOTS.);
#347=B_SPLINE_CURVE_WITH_KNOTS('',2,(#9136,#9137,#9138),.UNSPECIFIED.,.F.,
 .F.,(3,3),(0.,1.),.PIECEWISE_BEZIER_KNOTS.);
#348=B_SPLINE_CURVE_WITH_KNOTS('',2,(#9142,#9143,#9144),.UNSPECIFIED.,.F.,
 .F.,(3,3),(0.,1.),.PIECEWISE_BEZIER_KNOTS.);
#349=B_SPLINE_CURVE_WITH_KNOTS('',2,(#9153,#9154,#9155),.UNSPECIFIED.,.F.,
 .F.,(3,3),(0.,1.),.PIECEWISE_BEZIER_KNOTS.);
#350=B_SPLINE_CURVE_WITH_KNOTS('',2,(#9159,#9160,#9161),.UNSPECIFIED.,.F.,
 .F.,(3,3),(0.,1.),.PIECEWISE_BEZIER_KNOTS.);
#351=B_SPLINE_CURVE_WITH_KNOTS('',2,(#9170,#9171,#9172),.UNSPECIFIED.,.F.,
 .F.,(3,3),(0.,1.),.PIECEWISE_BEZIER_KNOTS.);
#352=B_SPLINE_CURVE_WITH_KNOTS('',2,(#9176,#9177,#9178),.UNSPECIFIED.,.F.,
 .F.,(3,3),(0.,1.),.PIECEWISE_BEZIER_KNOTS.);
#353=B_SPLINE_CURVE_WITH_KNOTS('',2,(#9187,#9188,#9189),.UNSPECIFIED.,.F.,
 .F.,(3,3),(0.,1.),.PIECEWISE_BEZIER_KNOTS.);
#354=B_SPLINE_CURVE_WITH_KNOTS('',2,(#9193,#9194,#9195),.UNSPECIFIED.,.F.,
 .F.,(3,3),(0.,1.),.PIECEWISE_BEZIER_KNOTS.);
#355=B_SPLINE_CURVE_WITH_KNOTS('',2,(#9206,#9207,#9208),.UNSPECIFIED.,.F.,
 .F.,(3,3),(0.,1.),.PIECEWISE_BEZIER_KNOTS.);
#356=B_SPLINE_CURVE_WITH_KNOTS('',2,(#9221,#9222,#9223),.UNSPECIFIED.,.F.,
 .F.,(3,3),(0.,1.),.PIECEWISE_BEZIER_KNOTS.);
#357=B_SPLINE_CURVE_WITH_KNOTS('',2,(#9234,#9235,#9236),.UNSPECIFIED.,.F.,
 .F.,(3,3),(0.,1.),.PIECEWISE_BEZIER_KNOTS.);
#358=B_SPLINE_CURVE_WITH_KNOTS('',2,(#9247,#9248,#9249),.UNSPECIFIED.,.F.,
 .F.,(3,3),(0.,1.),.PIECEWISE_BEZIER_KNOTS.);
#359=B_SPLINE_CURVE_WITH_KNOTS('',2,(#9260,#9261,#9262),.UNSPECIFIED.,.F.,
 .F.,(3,3),(0.,1.),.PIECEWISE_BEZIER_KNOTS.);
#360=B_SPLINE_CURVE_WITH_KNOTS('',2,(#9273,#9274,#9275),.UNSPECIFIED.,.F.,
 .F.,(3,3),(0.,1.),.PIECEWISE_BEZIER_KNOTS.);
#361=B_SPLINE_CURVE_WITH_KNOTS('',2,(#9286,#9287,#9288),.UNSPECIFIED.,.F.,
 .F.,(3,3),(0.,1.),.PIECEWISE_BEZIER_KNOTS.);
#362=B_SPLINE_CURVE_WITH_KNOTS('',2,(#9299,#9300,#9301),.UNSPECIFIED.,.F.,
 .F.,(3,3),(0.,1.),.PIECEWISE_BEZIER_KNOTS.);
#363=B_SPLINE_CURVE_WITH_KNOTS('',2,(#9312,#9313,#9314),.UNSPECIFIED.,.F.,
 .F.,(3,3),(0.,1.),.PIECEWISE_BEZIER_KNOTS.);
#364=B_SPLINE_CURVE_WITH_KNOTS('',2,(#9325,#9326,#9327),.UNSPECIFIED.,.F.,
 .F.,(3,3),(0.,1.),.PIECEWISE_BEZIER_KNOTS.);
#365=B_SPLINE_CURVE_WITH_KNOTS('',2,(#9338,#9339,#9340),.UNSPECIFIED.,.F.,
 .F.,(3,3),(0.,1.),.PIECEWISE_BEZIER_KNOTS.);
#366=B_SPLINE_CURVE_WITH_KNOTS('',2,(#9351,#9352,#9353),.UNSPECIFIED.,.F.,
 .F.,(3,3),(0.,1.),.PIECEWISE_BEZIER_KNOTS.);
#367=B_SPLINE_CURVE_WITH_KNOTS('',2,(#9364,#9365,#9366),.UNSPECIFIED.,.F.,
 .F.,(3,3),(0.,1.),.PIECEWISE_BEZIER_KNOTS.);
#368=B_SPLINE_CURVE_WITH_KNOTS('',2,(#9381,#9382,#9383),.UNSPECIFIED.,.F.,
 .F.,(3,3),(0.,1.),.PIECEWISE_BEZIER_KNOTS.);
#369=B_SPLINE_CURVE_WITH_KNOTS('',2,(#9394,#9395,#9396),.UNSPECIFIED.,.F.,
 .F.,(3,3),(0.,1.),.PIECEWISE_BEZIER_KNOTS.);
#370=B_SPLINE_CURVE_WITH_KNOTS('',2,(#9407,#9408,#9409),.UNSPECIFIED.,.F.,
 .F.,(3,3),(0.,1.),.PIECEWISE_BEZIER_KNOTS.);
#371=B_SPLINE_CURVE_WITH_KNOTS('',2,(#9420,#9421,#9422),.UNSPECIFIED.,.F.,
 .F.,(3,3),(0.,1.),.PIECEWISE_BEZIER_KNOTS.);
#372=B_SPLINE_CURVE_WITH_KNOTS('',2,(#9435,#9436,#9437),.UNSPECIFIED.,.F.,
 .F.,(3,3),(0.,1.),.PIECEWISE_BEZIER_KNOTS.);
#373=B_SPLINE_CURVE_WITH_KNOTS('',2,(#9438,#9439,#9440),.UNSPECIFIED.,.F.,
 .F.,(3,3),(0.,1.),.PIECEWISE_BEZIER_KNOTS.);
#374=B_SPLINE_CURVE_WITH_KNOTS('',2,(#9449,#9450,#9451),.UNSPECIFIED.,.F.,
 .F.,(3,3),(0.,1.),.PIECEWISE_BEZIER_KNOTS.);
#375=B_SPLINE_CURVE_WITH_KNOTS('',2,(#9460,#9461,#9462),.UNSPECIFIED.,.F.,
 .F.,(3,3),(0.,1.),.PIECEWISE_BEZIER_KNOTS.);
#376=B_SPLINE_CURVE_WITH_KNOTS('',2,(#9463,#9464,#9465),.UNSPECIFIED.,.F.,
 .F.,(3,3),(0.,1.),.PIECEWISE_BEZIER_KNOTS.);
#377=B_SPLINE_CURVE_WITH_KNOTS('',2,(#9570,#9571,#9572),.UNSPECIFIED.,.F.,
 .F.,(3,3),(0.,1.),.PIECEWISE_BEZIER_KNOTS.);
#378=B_SPLINE_CURVE_WITH_KNOTS('',2,(#9589,#9590,#9591),.UNSPECIFIED.,.F.,
 .F.,(3,3),(0.,1.),.PIECEWISE_BEZIER_KNOTS.);
#379=B_SPLINE_CURVE_WITH_KNOTS('',2,(#9602,#9603,#9604),.UNSPECIFIED.,.F.,
 .F.,(3,3),(0.,1.),.PIECEWISE_BEZIER_KNOTS.);
#380=B_SPLINE_CURVE_WITH_KNOTS('',2,(#9615,#9616,#9617),.UNSPECIFIED.,.F.,
 .F.,(3,3),(0.,1.),.PIECEWISE_BEZIER_KNOTS.);
#381=B_SPLINE_CURVE_WITH_KNOTS('',2,(#9628,#9629,#9630),.UNSPECIFIED.,.F.,
 .F.,(3,3),(0.,1.),.PIECEWISE_BEZIER_KNOTS.);
#382=B_SPLINE_CURVE_WITH_KNOTS('',2,(#9641,#9642,#9643),.UNSPECIFIED.,.F.,
 .F.,(3,3),(0.,1.),.PIECEWISE_BEZIER_KNOTS.);
#383=B_SPLINE_CURVE_WITH_KNOTS('',2,(#9654,#9655,#9656),.UNSPECIFIED.,.F.,
 .F.,(3,3),(0.,1.),.PIECEWISE_BEZIER_KNOTS.);
#384=B_SPLINE_CURVE_WITH_KNOTS('',2,(#9679,#9680,#9681),.UNSPECIFIED.,.F.,
 .F.,(3,3),(0.,1.),.PIECEWISE_BEZIER_KNOTS.);
#385=B_SPLINE_CURVE_WITH_KNOTS('',2,(#9692,#9693,#9694),.UNSPECIFIED.,.F.,
 .F.,(3,3),(0.,1.),.PIECEWISE_BEZIER_KNOTS.);
#386=B_SPLINE_CURVE_WITH_KNOTS('',2,(#9705,#9706,#9707),.UNSPECIFIED.,.F.,
 .F.,(3,3),(0.,1.),.PIECEWISE_BEZIER_KNOTS.);
#387=B_SPLINE_CURVE_WITH_KNOTS('',2,(#9718,#9719,#9720),.UNSPECIFIED.,.F.,
 .F.,(3,3),(0.,1.),.PIECEWISE_BEZIER_KNOTS.);
#388=B_SPLINE_CURVE_WITH_KNOTS('',2,(#9731,#9732,#9733),.UNSPECIFIED.,.F.,
 .F.,(3,3),(0.,1.),.PIECEWISE_BEZIER_KNOTS.);
#389=B_SPLINE_CURVE_WITH_KNOTS('',2,(#9744,#9745,#9746),.UNSPECIFIED.,.F.,
 .F.,(3,3),(0.,1.),.PIECEWISE_BEZIER_KNOTS.);
#390=B_SPLINE_CURVE_WITH_KNOTS('',2,(#9761,#9762,#9763),.UNSPECIFIED.,.F.,
 .F.,(3,3),(0.,1.),.PIECEWISE_BEZIER_KNOTS.);
#391=B_SPLINE_CURVE_WITH_KNOTS('',2,(#9774,#9775,#9776),.UNSPECIFIED.,.F.,
 .F.,(3,3),(0.,1.),.PIECEWISE_BEZIER_KNOTS.);
#392=B_SPLINE_CURVE_WITH_KNOTS('',2,(#9787,#9788,#9789),.UNSPECIFIED.,.F.,
 .F.,(3,3),(0.,1.),.PIECEWISE_BEZIER_KNOTS.);
#393=B_SPLINE_CURVE_WITH_KNOTS('',2,(#9800,#9801,#9802),.UNSPECIFIED.,.F.,
 .F.,(3,3),(0.,1.),.PIECEWISE_BEZIER_KNOTS.);
#394=B_SPLINE_CURVE_WITH_KNOTS('',2,(#9813,#9814,#9815),.UNSPECIFIED.,.F.,
 .F.,(3,3),(0.,1.),.PIECEWISE_BEZIER_KNOTS.);
#395=B_SPLINE_CURVE_WITH_KNOTS('',2,(#9826,#9827,#9828),.UNSPECIFIED.,.F.,
 .F.,(3,3),(0.,1.),.PIECEWISE_BEZIER_KNOTS.);
#396=B_SPLINE_CURVE_WITH_KNOTS('',2,(#9839,#9840,#9841),.UNSPECIFIED.,.F.,
 .F.,(3,3),(0.,1.),.PIECEWISE_BEZIER_KNOTS.);
#397=B_SPLINE_CURVE_WITH_KNOTS('',2,(#9860,#9861,#9862),.UNSPECIFIED.,.F.,
 .F.,(3,3),(0.,1.),.PIECEWISE_BEZIER_KNOTS.);
#398=B_SPLINE_CURVE_WITH_KNOTS('',2,(#9873,#9874,#9875),.UNSPECIFIED.,.F.,
 .F.,(3,3),(0.,1.),.PIECEWISE_BEZIER_KNOTS.);
#399=B_SPLINE_CURVE_WITH_KNOTS('',2,(#9886,#9887,#9888),.UNSPECIFIED.,.F.,
 .F.,(3,3),(0.,1.),.PIECEWISE_BEZIER_KNOTS.);
#400=B_SPLINE_CURVE_WITH_KNOTS('',2,(#9899,#9900,#9901),.UNSPECIFIED.,.F.,
 .F.,(3,3),(0.,1.),.PIECEWISE_BEZIER_KNOTS.);
#401=B_SPLINE_CURVE_WITH_KNOTS('',2,(#9910,#9911,#9912),.UNSPECIFIED.,.F.,
 .F.,(3,3),(0.,1.),.PIECEWISE_BEZIER_KNOTS.);
#402=B_SPLINE_CURVE_WITH_KNOTS('',2,(#9924,#9925,#9926),.UNSPECIFIED.,.F.,
 .F.,(3,3),(0.,1.),.PIECEWISE_BEZIER_KNOTS.);
#403=B_SPLINE_CURVE_WITH_KNOTS('',2,(#9955,#9956,#9957),.UNSPECIFIED.,.F.,
 .F.,(3,3),(0.,1.),.PIECEWISE_BEZIER_KNOTS.);
#404=B_SPLINE_CURVE_WITH_KNOTS('',2,(#9972,#9973,#9974),.UNSPECIFIED.,.F.,
 .F.,(3,3),(0.,1.),.PIECEWISE_BEZIER_KNOTS.);
#405=B_SPLINE_CURVE_WITH_KNOTS('',2,(#9985,#9986,#9987),.UNSPECIFIED.,.F.,
 .F.,(3,3),(0.,1.),.PIECEWISE_BEZIER_KNOTS.);
#406=B_SPLINE_CURVE_WITH_KNOTS('',2,(#9998,#9999,#10000),.UNSPECIFIED.,
 .F.,.F.,(3,3),(0.,1.),.PIECEWISE_BEZIER_KNOTS.);
#407=B_SPLINE_CURVE_WITH_KNOTS('',2,(#10011,#10012,#10013),
 .UNSPECIFIED.,.F.,.F.,(3,3),(0.,1.),.PIECEWISE_BEZIER_KNOTS.);
#408=B_SPLINE_CURVE_WITH_KNOTS('',2,(#10024,#10025,#10026),
 .UNSPECIFIED.,.F.,.F.,(3,3),(0.,1.),.PIECEWISE_BEZIER_KNOTS.);
#409=B_SPLINE_CURVE_WITH_KNOTS('',2,(#10041,#10042,#10043),
 .UNSPECIFIED.,.F.,.F.,(3,3),(0.,1.),.PIECEWISE_BEZIER_KNOTS.);
#410=B_SPLINE_CURVE_WITH_KNOTS('',2,(#10054,#10055,#10056),
 .UNSPECIFIED.,.F.,.F.,(3,3),(0.,1.),.PIECEWISE_BEZIER_KNOTS.);
#411=B_SPLINE_CURVE_WITH_KNOTS('',2,(#10067,#10068,#10069),
 .UNSPECIFIED.,.F.,.F.,(3,3),(0.,1.),.PIECEWISE_BEZIER_KNOTS.);
#412=B_SPLINE_CURVE_WITH_KNOTS('',2,(#10080,#10081,#10082),
 .UNSPECIFIED.,.F.,.F.,(3,3),(0.,1.),.PIECEWISE_BEZIER_KNOTS.);
#413=B_SPLINE_CURVE_WITH_KNOTS('',2,(#10093,#10094,#10095),
 .UNSPECIFIED.,.F.,.F.,(3,3),(0.,1.),.PIECEWISE_BEZIER_KNOTS.);
#414=B_SPLINE_CURVE_WITH_KNOTS('',2,(#10132,#10133,#10134),
 .UNSPECIFIED.,.F.,.F.,(3,3),(0.,1.),.PIECEWISE_BEZIER_KNOTS.);
#415=B_SPLINE_CURVE_WITH_KNOTS('',2,(#10139,#10140,#10141),
 .UNSPECIFIED.,.F.,.F.,(3,3),(0.,1.),.PIECEWISE_BEZIER_KNOTS.);
#416=B_SPLINE_CURVE_WITH_KNOTS('',2,(#10152,#10153,#10154),
 .UNSPECIFIED.,.F.,.F.,(3,3),(0.,1.),.PIECEWISE_BEZIER_KNOTS.);
#417=B_SPLINE_CURVE_WITH_KNOTS('',2,(#10158,#10159,#10160),
 .UNSPECIFIED.,.F.,.F.,(3,3),(0.,1.),.PIECEWISE_BEZIER_KNOTS.);
#418=B_SPLINE_CURVE_WITH_KNOTS('',2,(#10169,#10170,#10171),
 .UNSPECIFIED.,.F.,.F.,(3,3),(0.,1.),.PIECEWISE_BEZIER_KNOTS.);
#419=B_SPLINE_CURVE_WITH_KNOTS('',2,(#10175,#10176,#10177),
 .UNSPECIFIED.,.F.,.F.,(3,3),(0.,1.),.PIECEWISE_BEZIER_KNOTS.);
#420=B_SPLINE_CURVE_WITH_KNOTS('',2,(#10186,#10187,#10188),
 .UNSPECIFIED.,.F.,.F.,(3,3),(0.,1.),.PIECEWISE_BEZIER_KNOTS.);
#421=B_SPLINE_CURVE_WITH_KNOTS('',2,(#10192,#10193,#10194),
 .UNSPECIFIED.,.F.,.F.,(3,3),(0.,1.),.PIECEWISE_BEZIER_KNOTS.);
#422=B_SPLINE_CURVE_WITH_KNOTS('',2,(#10203,#10204,#10205),
 .UNSPECIFIED.,.F.,.F.,(3,3),(0.,1.),.PIECEWISE_BEZIER_KNOTS.);
#423=B_SPLINE_CURVE_WITH_KNOTS('',2,(#10209,#10210,#10211),
 .UNSPECIFIED.,.F.,.F.,(3,3),(0.,1.),.PIECEWISE_BEZIER_KNOTS.);
#424=B_SPLINE_CURVE_WITH_KNOTS('',2,(#10220,#10221,#10222),
 .UNSPECIFIED.,.F.,.F.,(3,3),(0.,1.),.PIECEWISE_BEZIER_KNOTS.);
#425=B_SPLINE_CURVE_WITH_KNOTS('',2,(#10226,#10227,#10228),
 .UNSPECIFIED.,.F.,.F.,(3,3),(0.,1.),.PIECEWISE_BEZIER_KNOTS.);
#426=B_SPLINE_CURVE_WITH_KNOTS('',2,(#10237,#10238,#10239),
 .UNSPECIFIED.,.F.,.F.,(3,3),(0.,1.),.PIECEWISE_BEZIER_KNOTS.);
#427=B_SPLINE_CURVE_WITH_KNOTS('',2,(#10243,#10244,#10245),
 .UNSPECIFIED.,.F.,.F.,(3,3),(0.,1.),.PIECEWISE_BEZIER_KNOTS.);
#428=B_SPLINE_CURVE_WITH_KNOTS('',2,(#10256,#10257,#10258),
 .UNSPECIFIED.,.F.,.F.,(3,3),(0.,1.),.PIECEWISE_BEZIER_KNOTS.);
#429=B_SPLINE_CURVE_WITH_KNOTS('',2,(#10275,#10276,#10277),
 .UNSPECIFIED.,.F.,.F.,(3,3),(0.,1.),.PIECEWISE_BEZIER_KNOTS.);
#430=B_SPLINE_CURVE_WITH_KNOTS('',2,(#10288,#10289,#10290),
 .UNSPECIFIED.,.F.,.F.,(3,3),(0.,1.),.PIECEWISE_BEZIER_KNOTS.);
#431=B_SPLINE_CURVE_WITH_KNOTS('',2,(#10301,#10302,#10303),
 .UNSPECIFIED.,.F.,.F.,(3,3),(0.,1.),.PIECEWISE_BEZIER_KNOTS.);
#432=B_SPLINE_CURVE_WITH_KNOTS('',2,(#10314,#10315,#10316),
 .UNSPECIFIED.,.F.,.F.,(3,3),(0.,1.),.PIECEWISE_BEZIER_KNOTS.);
#433=B_SPLINE_CURVE_WITH_KNOTS('',2,(#10327,#10328,#10329),
 .UNSPECIFIED.,.F.,.F.,(3,3),(0.,1.),.PIECEWISE_BEZIER_KNOTS.);
#434=B_SPLINE_CURVE_WITH_KNOTS('',2,(#10340,#10341,#10342),
 .UNSPECIFIED.,.F.,.F.,(3,3),(0.,1.),.PIECEWISE_BEZIER_KNOTS.);
#435=B_SPLINE_CURVE_WITH_KNOTS('',2,(#10353,#10354,#10355),
 .UNSPECIFIED.,.F.,.F.,(3,3),(0.,1.),.PIECEWISE_BEZIER_KNOTS.);
#436=B_SPLINE_CURVE_WITH_KNOTS('',2,(#10366,#10367,#10368),
 .UNSPECIFIED.,.F.,.F.,(3,3),(0.,1.),.PIECEWISE_BEZIER_KNOTS.);
#437=B_SPLINE_CURVE_WITH_KNOTS('',2,(#10379,#10380,#10381),
 .UNSPECIFIED.,.F.,.F.,(3,3),(0.,1.),.PIECEWISE_BEZIER_KNOTS.);
#438=B_SPLINE_CURVE_WITH_KNOTS('',2,(#10392,#10393,#10394),
 .UNSPECIFIED.,.F.,.F.,(3,3),(0.,1.),.PIECEWISE_BEZIER_KNOTS.);
#439=B_SPLINE_CURVE_WITH_KNOTS('',2,(#10409,#10410,#10411),
 .UNSPECIFIED.,.F.,.F.,(3,3),(0.,1.),.PIECEWISE_BEZIER_KNOTS.);
#440=B_SPLINE_CURVE_WITH_KNOTS('',2,(#10422,#10423,#10424),
 .UNSPECIFIED.,.F.,.F.,(3,3),(0.,1.),.PIECEWISE_BEZIER_KNOTS.);
#441=B_SPLINE_CURVE_WITH_KNOTS('',2,(#10435,#10436,#10437),
 .UNSPECIFIED.,.F.,.F.,(3,3),(0.,1.),.PIECEWISE_BEZIER_KNOTS.);
#442=B_SPLINE_CURVE_WITH_KNOTS('',2,(#10448,#10449,#10450),
 .UNSPECIFIED.,.F.,.F.,(3,3),(0.,1.),.PIECEWISE_BEZIER_KNOTS.);
#443=B_SPLINE_CURVE_WITH_KNOTS('',2,(#10461,#10462,#10463),
 .UNSPECIFIED.,.F.,.F.,(3,3),(0.,1.),.PIECEWISE_BEZIER_KNOTS.);
#444=B_SPLINE_CURVE_WITH_KNOTS('',2,(#10472,#10473,#10474),
 .UNSPECIFIED.,.F.,.F.,(3,3),(0.,1.),.PIECEWISE_BEZIER_KNOTS.);
#445=B_SPLINE_CURVE_WITH_KNOTS('',2,(#10483,#10484,#10485),
 .UNSPECIFIED.,.F.,.F.,(3,3),(0.,1.),.PIECEWISE_BEZIER_KNOTS.);
#446=B_SPLINE_CURVE_WITH_KNOTS('',2,(#10486,#10487,#10488),
 .UNSPECIFIED.,.F.,.F.,(3,3),(0.,1.),.PIECEWISE_BEZIER_KNOTS.);
#447=B_SPLINE_CURVE_WITH_KNOTS('',2,(#10507,#10508,#10509),
 .UNSPECIFIED.,.F.,.F.,(3,3),(0.,1.),.PIECEWISE_BEZIER_KNOTS.);
#448=B_SPLINE_CURVE_WITH_KNOTS('',2,(#10513,#10514,#10515),
 .UNSPECIFIED.,.F.,.F.,(3,3),(0.,1.),.PIECEWISE_BEZIER_KNOTS.);
#449=B_SPLINE_CURVE_WITH_KNOTS('',2,(#10524,#10525,#10526),
 .UNSPECIFIED.,.F.,.F.,(3,3),(0.,1.),.PIECEWISE_BEZIER_KNOTS.);
#450=B_SPLINE_CURVE_WITH_KNOTS('',2,(#10530,#10531,#10532),
 .UNSPECIFIED.,.F.,.F.,(3,3),(0.,1.),.PIECEWISE_BEZIER_KNOTS.);
#451=B_SPLINE_CURVE_WITH_KNOTS('',2,(#10541,#10542,#10543),
 .UNSPECIFIED.,.F.,.F.,(3,3),(0.,1.),.PIECEWISE_BEZIER_KNOTS.);
#452=B_SPLINE_CURVE_WITH_KNOTS('',2,(#10547,#10548,#10549),
 .UNSPECIFIED.,.F.,.F.,(3,3),(0.,1.),.PIECEWISE_BEZIER_KNOTS.);
#453=B_SPLINE_CURVE_WITH_KNOTS('',2,(#10558,#10559,#10560),
 .UNSPECIFIED.,.F.,.F.,(3,3),(0.,1.),.PIECEWISE_BEZIER_KNOTS.);
#454=B_SPLINE_CURVE_WITH_KNOTS('',2,(#10564,#10565,#10566),
 .UNSPECIFIED.,.F.,.F.,(3,3),(0.,1.),.PIECEWISE_BEZIER_KNOTS.);
#455=B_SPLINE_CURVE_WITH_KNOTS('',2,(#10575,#10576,#10577),
 .UNSPECIFIED.,.F.,.F.,(3,3),(0.,1.),.PIECEWISE_BEZIER_KNOTS.);
#456=B_SPLINE_CURVE_WITH_KNOTS('',2,(#10581,#10582,#10583),
 .UNSPECIFIED.,.F.,.F.,(3,3),(0.,1.),.PIECEWISE_BEZIER_KNOTS.);
#457=B_SPLINE_CURVE_WITH_KNOTS('',2,(#10592,#10593,#10594),
 .UNSPECIFIED.,.F.,.F.,(3,3),(0.,1.),.PIECEWISE_BEZIER_KNOTS.);
#458=B_SPLINE_CURVE_WITH_KNOTS('',2,(#10598,#10599,#10600),
 .UNSPECIFIED.,.F.,.F.,(3,3),(0.,1.),.PIECEWISE_BEZIER_KNOTS.);
#459=B_SPLINE_CURVE_WITH_KNOTS('',2,(#10609,#10610,#10611),
 .UNSPECIFIED.,.F.,.F.,(3,3),(0.,1.),.PIECEWISE_BEZIER_KNOTS.);
#460=B_SPLINE_CURVE_WITH_KNOTS('',2,(#10615,#10616,#10617),
 .UNSPECIFIED.,.F.,.F.,(3,3),(0.,1.),.PIECEWISE_BEZIER_KNOTS.);
#461=B_SPLINE_CURVE_WITH_KNOTS('',2,(#10628,#10629,#10630),
 .UNSPECIFIED.,.F.,.F.,(3,3),(0.,1.),.PIECEWISE_BEZIER_KNOTS.);
#462=B_SPLINE_CURVE_WITH_KNOTS('',2,(#10647,#10648,#10649),
 .UNSPECIFIED.,.F.,.F.,(3,3),(0.,1.),.PIECEWISE_BEZIER_KNOTS.);
#463=B_SPLINE_CURVE_WITH_KNOTS('',2,(#10660,#10661,#10662),
 .UNSPECIFIED.,.F.,.F.,(3,3),(0.,1.),.PIECEWISE_BEZIER_KNOTS.);
#464=B_SPLINE_CURVE_WITH_KNOTS('',2,(#10673,#10674,#10675),
 .UNSPECIFIED.,.F.,.F.,(3,3),(0.,1.),.PIECEWISE_BEZIER_KNOTS.);
#465=B_SPLINE_CURVE_WITH_KNOTS('',2,(#10686,#10687,#10688),
 .UNSPECIFIED.,.F.,.F.,(3,3),(0.,1.),.PIECEWISE_BEZIER_KNOTS.);
#466=B_SPLINE_CURVE_WITH_KNOTS('',2,(#10699,#10700,#10701),
 .UNSPECIFIED.,.F.,.F.,(3,3),(0.,1.),.PIECEWISE_BEZIER_KNOTS.);
#467=B_SPLINE_CURVE_WITH_KNOTS('',2,(#10712,#10713,#10714),
 .UNSPECIFIED.,.F.,.F.,(3,3),(0.,1.),.PIECEWISE_BEZIER_KNOTS.);
#468=B_SPLINE_CURVE_WITH_KNOTS('',2,(#10725,#10726,#10727),
 .UNSPECIFIED.,.F.,.F.,(3,3),(0.,1.),.PIECEWISE_BEZIER_KNOTS.);
#469=B_SPLINE_CURVE_WITH_KNOTS('',2,(#10742,#10743,#10744),
 .UNSPECIFIED.,.F.,.F.,(3,3),(0.,1.),.PIECEWISE_BEZIER_KNOTS.);
#470=B_SPLINE_CURVE_WITH_KNOTS('',2,(#10755,#10756,#10757),
 .UNSPECIFIED.,.F.,.F.,(3,3),(0.,1.),.PIECEWISE_BEZIER_KNOTS.);
#471=B_SPLINE_CURVE_WITH_KNOTS('',2,(#10768,#10769,#10770),
 .UNSPECIFIED.,.F.,.F.,(3,3),(0.,1.),.PIECEWISE_BEZIER_KNOTS.);
#472=B_SPLINE_CURVE_WITH_KNOTS('',2,(#10781,#10782,#10783),
 .UNSPECIFIED.,.F.,.F.,(3,3),(0.,1.),.PIECEWISE_BEZIER_KNOTS.);
#473=B_SPLINE_CURVE_WITH_KNOTS('',2,(#10794,#10795,#10796),
 .UNSPECIFIED.,.F.,.F.,(3,3),(0.,1.),.PIECEWISE_BEZIER_KNOTS.);
#474=B_SPLINE_CURVE_WITH_KNOTS('',2,(#10807,#10808,#10809),
 .UNSPECIFIED.,.F.,.F.,(3,3),(0.,1.),.PIECEWISE_BEZIER_KNOTS.);
#475=B_SPLINE_CURVE_WITH_KNOTS('',2,(#10818,#10819,#10820),
 .UNSPECIFIED.,.F.,.F.,(3,3),(0.,1.),.PIECEWISE_BEZIER_KNOTS.);
#476=B_SPLINE_CURVE_WITH_KNOTS('',2,(#10833,#10834,#10835),
 .UNSPECIFIED.,.F.,.F.,(3,3),(0.,1.),.PIECEWISE_BEZIER_KNOTS.);
#477=B_SPLINE_CURVE_WITH_KNOTS('',2,(#10840,#10841,#10842),
 .UNSPECIFIED.,.F.,.F.,(3,3),(0.,1.),.PIECEWISE_BEZIER_KNOTS.);
#478=B_SPLINE_CURVE_WITH_KNOTS('',2,(#10853,#10854,#10855),
 .UNSPECIFIED.,.F.,.F.,(3,3),(0.,1.),.PIECEWISE_BEZIER_KNOTS.);
#479=B_SPLINE_CURVE_WITH_KNOTS('',2,(#10859,#10860,#10861),
 .UNSPECIFIED.,.F.,.F.,(3,3),(0.,1.),.PIECEWISE_BEZIER_KNOTS.);
#480=B_SPLINE_CURVE_WITH_KNOTS('',2,(#10870,#10871,#10872),
 .UNSPECIFIED.,.F.,.F.,(3,3),(0.,1.),.PIECEWISE_BEZIER_KNOTS.);
#481=B_SPLINE_CURVE_WITH_KNOTS('',2,(#10876,#10877,#10878),
 .UNSPECIFIED.,.F.,.F.,(3,3),(0.,1.),.PIECEWISE_BEZIER_KNOTS.);
#482=B_SPLINE_CURVE_WITH_KNOTS('',2,(#10887,#10888,#10889),
 .UNSPECIFIED.,.F.,.F.,(3,3),(0.,1.),.PIECEWISE_BEZIER_KNOTS.);
#483=B_SPLINE_CURVE_WITH_KNOTS('',2,(#10893,#10894,#10895),
 .UNSPECIFIED.,.F.,.F.,(3,3),(0.,1.),.PIECEWISE_BEZIER_KNOTS.);
#484=B_SPLINE_CURVE_WITH_KNOTS('',2,(#10904,#10905,#10906),
 .UNSPECIFIED.,.F.,.F.,(3,3),(0.,1.),.PIECEWISE_BEZIER_KNOTS.);
#485=B_SPLINE_CURVE_WITH_KNOTS('',2,(#10910,#10911,#10912),
 .UNSPECIFIED.,.F.,.F.,(3,3),(0.,1.),.PIECEWISE_BEZIER_KNOTS.);
#486=B_SPLINE_CURVE_WITH_KNOTS('',2,(#10921,#10922,#10923),
 .UNSPECIFIED.,.F.,.F.,(3,3),(0.,1.),.PIECEWISE_BEZIER_KNOTS.);
#487=B_SPLINE_CURVE_WITH_KNOTS('',2,(#10927,#10928,#10929),
 .UNSPECIFIED.,.F.,.F.,(3,3),(0.,1.),.PIECEWISE_BEZIER_KNOTS.);
#488=B_SPLINE_CURVE_WITH_KNOTS('',2,(#10938,#10939,#10940),
 .UNSPECIFIED.,.F.,.F.,(3,3),(0.,1.),.PIECEWISE_BEZIER_KNOTS.);
#489=B_SPLINE_CURVE_WITH_KNOTS('',2,(#10944,#10945,#10946),
 .UNSPECIFIED.,.F.,.F.,(3,3),(0.,1.),.PIECEWISE_BEZIER_KNOTS.);
#490=B_SPLINE_CURVE_WITH_KNOTS('',2,(#10955,#10956,#10957),
 .UNSPECIFIED.,.F.,.F.,(3,3),(0.,1.),.PIECEWISE_BEZIER_KNOTS.);
#491=B_SPLINE_CURVE_WITH_KNOTS('',2,(#10961,#10962,#10963),
 .UNSPECIFIED.,.F.,.F.,(3,3),(0.,1.),.PIECEWISE_BEZIER_KNOTS.);
#492=B_SPLINE_CURVE_WITH_KNOTS('',2,(#10972,#10973,#10974),
 .UNSPECIFIED.,.F.,.F.,(3,3),(0.,1.),.PIECEWISE_BEZIER_KNOTS.);
#493=B_SPLINE_CURVE_WITH_KNOTS('',2,(#10978,#10979,#10980),
 .UNSPECIFIED.,.F.,.F.,(3,3),(0.,1.),.PIECEWISE_BEZIER_KNOTS.);
#494=B_SPLINE_CURVE_WITH_KNOTS('',2,(#10989,#10990,#10991),
 .UNSPECIFIED.,.F.,.F.,(3,3),(0.,1.),.PIECEWISE_BEZIER_KNOTS.);
#495=B_SPLINE_CURVE_WITH_KNOTS('',2,(#10995,#10996,#10997),
 .UNSPECIFIED.,.F.,.F.,(3,3),(0.,1.),.PIECEWISE_BEZIER_KNOTS.);
#496=B_SPLINE_CURVE_WITH_KNOTS('',2,(#11006,#11007,#11008),
 .UNSPECIFIED.,.F.,.F.,(3,3),(0.,1.),.PIECEWISE_BEZIER_KNOTS.);
#497=B_SPLINE_CURVE_WITH_KNOTS('',2,(#11012,#11013,#11014),
 .UNSPECIFIED.,.F.,.F.,(3,3),(0.,1.),.PIECEWISE_BEZIER_KNOTS.);
#498=B_SPLINE_CURVE_WITH_KNOTS('',2,(#11025,#11026,#11027),
 .UNSPECIFIED.,.F.,.F.,(3,3),(0.,1.),.PIECEWISE_BEZIER_KNOTS.);
#499=B_SPLINE_CURVE_WITH_KNOTS('',2,(#11040,#11041,#11042),
 .UNSPECIFIED.,.F.,.F.,(3,3),(0.,1.),.PIECEWISE_BEZIER_KNOTS.);
#500=B_SPLINE_CURVE_WITH_KNOTS('',2,(#11053,#11054,#11055),
 .UNSPECIFIED.,.F.,.F.,(3,3),(0.,1.),.PIECEWISE_BEZIER_KNOTS.);
#501=B_SPLINE_CURVE_WITH_KNOTS('',2,(#11066,#11067,#11068),
 .UNSPECIFIED.,.F.,.F.,(3,3),(0.,1.),.PIECEWISE_BEZIER_KNOTS.);
#502=B_SPLINE_CURVE_WITH_KNOTS('',2,(#11079,#11080,#11081),
 .UNSPECIFIED.,.F.,.F.,(3,3),(0.,1.),.PIECEWISE_BEZIER_KNOTS.);
#503=B_SPLINE_CURVE_WITH_KNOTS('',2,(#11092,#11093,#11094),
 .UNSPECIFIED.,.F.,.F.,(3,3),(0.,1.),.PIECEWISE_BEZIER_KNOTS.);
#504=B_SPLINE_CURVE_WITH_KNOTS('',2,(#11105,#11106,#11107),
 .UNSPECIFIED.,.F.,.F.,(3,3),(0.,1.),.PIECEWISE_BEZIER_KNOTS.);
#505=B_SPLINE_CURVE_WITH_KNOTS('',2,(#11116,#11117,#11118),
 .UNSPECIFIED.,.F.,.F.,(3,3),(0.,1.),.PIECEWISE_BEZIER_KNOTS.);
#506=B_SPLINE_CURVE_WITH_KNOTS('',2,(#11127,#11128,#11129),
 .UNSPECIFIED.,.F.,.F.,(3,3),(0.,1.),.PIECEWISE_BEZIER_KNOTS.);
#507=B_SPLINE_CURVE_WITH_KNOTS('',2,(#11130,#11131,#11132),
 .UNSPECIFIED.,.F.,.F.,(3,3),(0.,1.),.PIECEWISE_BEZIER_KNOTS.);
#508=B_SPLINE_CURVE_WITH_KNOTS('',2,(#11170,#11171,#11172),
 .UNSPECIFIED.,.F.,.F.,(3,3),(0.,1.),.PIECEWISE_BEZIER_KNOTS.);
#509=B_SPLINE_CURVE_WITH_KNOTS('',2,(#11183,#11184,#11185),
 .UNSPECIFIED.,.F.,.F.,(3,3),(0.,1.),.PIECEWISE_BEZIER_KNOTS.);
#510=B_SPLINE_CURVE_WITH_KNOTS('',2,(#11196,#11197,#11198),
 .UNSPECIFIED.,.F.,.F.,(3,3),(0.,1.),.PIECEWISE_BEZIER_KNOTS.);
#511=B_SPLINE_CURVE_WITH_KNOTS('',2,(#11209,#11210,#11211),
 .UNSPECIFIED.,.F.,.F.,(3,3),(0.,1.),.PIECEWISE_BEZIER_KNOTS.);
#512=B_SPLINE_CURVE_WITH_KNOTS('',2,(#11222,#11223,#11224),
 .UNSPECIFIED.,.F.,.F.,(3,3),(0.,1.),.PIECEWISE_BEZIER_KNOTS.);
#513=B_SPLINE_CURVE_WITH_KNOTS('',2,(#11235,#11236,#11237),
 .UNSPECIFIED.,.F.,.F.,(3,3),(0.,1.),.PIECEWISE_BEZIER_KNOTS.);
#514=B_SPLINE_CURVE_WITH_KNOTS('',2,(#11248,#11249,#11250),
 .UNSPECIFIED.,.F.,.F.,(3,3),(0.,1.),.PIECEWISE_BEZIER_KNOTS.);
#515=B_SPLINE_CURVE_WITH_KNOTS('',2,(#11265,#11266,#11267),
 .UNSPECIFIED.,.F.,.F.,(3,3),(0.,1.),.PIECEWISE_BEZIER_KNOTS.);
#516=B_SPLINE_CURVE_WITH_KNOTS('',2,(#11278,#11279,#11280),
 .UNSPECIFIED.,.F.,.F.,(3,3),(0.,1.),.PIECEWISE_BEZIER_KNOTS.);
#517=B_SPLINE_CURVE_WITH_KNOTS('',2,(#11291,#11292,#11293),
 .UNSPECIFIED.,.F.,.F.,(3,3),(0.,1.),.PIECEWISE_BEZIER_KNOTS.);
#518=B_SPLINE_CURVE_WITH_KNOTS('',2,(#11308,#11309,#11310),
 .UNSPECIFIED.,.F.,.F.,(3,3),(0.,1.),.PIECEWISE_BEZIER_KNOTS.);
#519=B_SPLINE_CURVE_WITH_KNOTS('',2,(#11325,#11326,#11327),
 .UNSPECIFIED.,.F.,.F.,(3,3),(0.,1.),.PIECEWISE_BEZIER_KNOTS.);
#520=B_SPLINE_CURVE_WITH_KNOTS('',2,(#11338,#11339,#11340),
 .UNSPECIFIED.,.F.,.F.,(3,3),(0.,1.),.PIECEWISE_BEZIER_KNOTS.);
#521=B_SPLINE_CURVE_WITH_KNOTS('',2,(#11355,#11356,#11357),
 .UNSPECIFIED.,.F.,.F.,(3,3),(0.,1.),.PIECEWISE_BEZIER_KNOTS.);
#522=B_SPLINE_CURVE_WITH_KNOTS('',3,(#11370,#11371,#11372,#11373),
 .UNSPECIFIED.,.F.,.F.,(4,4),(2.96032290202722E-7,0.000559743371396545),
 .UNSPECIFIED.);
#523=B_SPLINE_CURVE_WITH_KNOTS('',3,(#11374,#11375,#11376,#11377),
 .UNSPECIFIED.,.F.,.F.,(4,4),(3.49972120059436E-7,0.000559797311224601),
 .UNSPECIFIED.);
#524=B_SPLINE_CURVE_WITH_KNOTS('',3,(#11382,#11383,#11384,#11385),
 .UNSPECIFIED.,.F.,.F.,(4,4),(2.96032288252221E-7,0.000559743371394589),
 .UNSPECIFIED.);
#525=B_SPLINE_CURVE_WITH_KNOTS('',3,(#11386,#11387,#11388,#11389),
 .UNSPECIFIED.,.F.,.F.,(4,4),(3.49972118966113E-7,0.000559797311223496),
 .UNSPECIFIED.);
#526=B_SPLINE_CURVE_WITH_KNOTS('',3,(#11394,#11395,#11396,#11397),
 .UNSPECIFIED.,.F.,.F.,(4,4),(2.96032288251943E-7,0.000559743371394591),
 .UNSPECIFIED.);
#527=B_SPLINE_CURVE_WITH_KNOTS('',3,(#11398,#11399,#11400,#11401),
 .UNSPECIFIED.,.F.,.F.,(4,4),(3.49972120061453E-7,0.000559797311224594),
 .UNSPECIFIED.);
#528=B_SPLINE_CURVE_WITH_KNOTS('',3,(#11406,#11407,#11408,#11409),
 .UNSPECIFIED.,.F.,.F.,(4,4),(2.96032288253323E-7,0.000559743371394588),
 .UNSPECIFIED.);
#529=B_SPLINE_CURVE_WITH_KNOTS('',3,(#11410,#11411,#11412,#11413),
 .UNSPECIFIED.,.F.,.F.,(4,4),(3.49972119140731E-7,0.000559797311225477),
 .UNSPECIFIED.);
#530=B_SPLINE_CURVE_WITH_KNOTS('',3,(#11418,#11419,#11420,#11421),
 .UNSPECIFIED.,.F.,.F.,(4,4),(2.96032288258369E-7,0.000559743371394598),
 .UNSPECIFIED.);
#531=B_SPLINE_CURVE_WITH_KNOTS('',3,(#11422,#11423,#11424,#11425),
 .UNSPECIFIED.,.F.,.F.,(4,4),(3.49972120066547E-7,0.000559797311226407),
 .UNSPECIFIED.);
#532=B_SPLINE_CURVE_WITH_KNOTS('',3,(#11430,#11431,#11432,#11433),
 .UNSPECIFIED.,.F.,.F.,(4,4),(2.96032288250122E-7,0.000559743371394593),
 .UNSPECIFIED.);
#533=B_SPLINE_CURVE_WITH_KNOTS('',3,(#11434,#11435,#11436,#11437),
 .UNSPECIFIED.,.F.,.F.,(4,4),(3.49972120059436E-7,0.000559797311224602),
 .UNSPECIFIED.);
#534=B_SPLINE_CURVE_WITH_KNOTS('',3,(#11442,#11443,#11444,#11445),
 .UNSPECIFIED.,.F.,.F.,(4,4),(2.96032288254345E-7,0.000559743371394588),
 .UNSPECIFIED.);
#535=B_SPLINE_CURVE_WITH_KNOTS('',3,(#11446,#11447,#11448,#11449),
 .UNSPECIFIED.,.F.,.F.,(4,4),(3.49972120071351E-7,0.000559797311226401),
 .UNSPECIFIED.);
#536=B_SPLINE_CURVE_WITH_KNOTS('',3,(#11454,#11455,#11456,#11457),
 .UNSPECIFIED.,.F.,.F.,(4,4),(2.96032288251943E-7,0.000559743371394588),
 .UNSPECIFIED.);
#537=B_SPLINE_CURVE_WITH_KNOTS('',3,(#11458,#11459,#11460,#11461),
 .UNSPECIFIED.,.F.,.F.,(4,4),(3.49972119401615E-7,0.000559797311225738),
 .UNSPECIFIED.);
#538=B_SPLINE_CURVE_WITH_KNOTS('',3,(#11466,#11467,#11468,#11469),
 .UNSPECIFIED.,.F.,.F.,(4,4),(2.96032288253323E-7,0.000559743371394588),
 .UNSPECIFIED.);
#539=B_SPLINE_CURVE_WITH_KNOTS('',3,(#11470,#11471,#11472,#11473),
 .UNSPECIFIED.,.F.,.F.,(4,4),(3.49972119147853E-7,0.000559797311223675),
 .UNSPECIFIED.);
#540=B_SPLINE_CURVE_WITH_KNOTS('',3,(#11478,#11479,#11480,#11481),
 .UNSPECIFIED.,.F.,.F.,(4,4),(2.96032288259873E-7,0.000559743371394598),
 .UNSPECIFIED.);
#541=B_SPLINE_CURVE_WITH_KNOTS('',3,(#11482,#11483,#11484,#11485),
 .UNSPECIFIED.,.F.,.F.,(4,4),(3.49972120066593E-7,0.000559797311226406),
 .UNSPECIFIED.);
#542=B_SPLINE_CURVE_WITH_KNOTS('',3,(#11490,#11491,#11492,#11493),
 .UNSPECIFIED.,.F.,.F.,(4,4),(2.88195044115424E-7,0.000147047270448731),
 .UNSPECIFIED.);
#543=B_SPLINE_CURVE_WITH_KNOTS('',3,(#11494,#11495,#11496,#11497),
 .UNSPECIFIED.,.F.,.F.,(4,4),(2.98993728727726E-7,0.000147058069135165),
 .UNSPECIFIED.);
#544=B_SPLINE_CURVE_WITH_KNOTS('',3,(#11501,#11502,#11503,#11504),
 .UNSPECIFIED.,.F.,.F.,(4,4),(2.9290338231937E-7,0.000144725004062602),
 .UNSPECIFIED.);
#545=B_SPLINE_CURVE_WITH_KNOTS('',3,(#11505,#11506,#11507,#11508),
 .UNSPECIFIED.,.F.,.F.,(4,4),(2.84969579113107E-7,0.0001447170702594),
 .UNSPECIFIED.);
#546=B_SPLINE_CURVE_WITH_KNOTS('',3,(#11513,#11514,#11515,#11516),
 .UNSPECIFIED.,.F.,.F.,(4,4),(2.88195044117026E-7,0.00014704727044873),
 .UNSPECIFIED.);
#547=B_SPLINE_CURVE_WITH_KNOTS('',3,(#11517,#11518,#11519,#11520),
 .UNSPECIFIED.,.F.,.F.,(4,4),(2.98993728733414E-7,0.000147058069135167),
 .UNSPECIFIED.);
#548=B_SPLINE_CURVE_WITH_KNOTS('',3,(#11524,#11525,#11526,#11527),
 .UNSPECIFIED.,.F.,.F.,(4,4),(2.92903382266076E-7,0.000144725004062538),
 .UNSPECIFIED.);
#549=B_SPLINE_CURVE_WITH_KNOTS('',3,(#11528,#11529,#11530,#11531),
 .UNSPECIFIED.,.F.,.F.,(4,4),(2.84969581106559E-7,0.000144717070261389),
 .UNSPECIFIED.);
#550=B_SPLINE_CURVE_WITH_KNOTS('',3,(#11533,#11534,#11535,#11536),
 .UNSPECIFIED.,.F.,.F.,(4,4),(2.98993728734862E-7,0.000147058069135168),
 .UNSPECIFIED.);
#551=B_SPLINE_CURVE_WITH_KNOTS('',3,(#11540,#11541,#11542,#11543),
 .UNSPECIFIED.,.F.,.F.,(4,4),(2.92903382182119E-7,0.000144725004062471),
 .UNSPECIFIED.);
#552=B_SPLINE_CURVE_WITH_KNOTS('',3,(#11544,#11545,#11546,#11547),
 .UNSPECIFIED.,.F.,.F.,(4,4),(2.84969579073293E-7,0.000144717070259353),
 .UNSPECIFIED.);
#553=B_SPLINE_CURVE_WITH_KNOTS('',3,(#11551,#11552,#11553,#11554),
 .UNSPECIFIED.,.F.,.F.,(4,4),(2.88195044117344E-7,0.000147047270448728),
 .UNSPECIFIED.);
#554=B_SPLINE_CURVE_WITH_KNOTS('',3,(#11556,#11557,#11558,#11559),
 .UNSPECIFIED.,.F.,.F.,(4,4),(2.98993730545499E-7,0.00014705806913515),
 .UNSPECIFIED.);
#555=B_SPLINE_CURVE_WITH_KNOTS('',3,(#11563,#11564,#11565,#11566),
 .UNSPECIFIED.,.F.,.F.,(4,4),(2.92903382267137E-7,0.000144725004062549),
 .UNSPECIFIED.);
#556=B_SPLINE_CURVE_WITH_KNOTS('',3,(#11567,#11568,#11569,#11570),
 .UNSPECIFIED.,.F.,.F.,(4,4),(2.8496957906997E-7,0.000144717070259366),
 .UNSPECIFIED.);
#557=B_SPLINE_CURVE_WITH_KNOTS('',3,(#11574,#11575,#11576,#11577),
 .UNSPECIFIED.,.F.,.F.,(4,4),(2.88195044291079E-7,0.000147047270448894),
 .UNSPECIFIED.);
#558=B_SPLINE_CURVE_WITH_KNOTS('',3,(#11579,#11580,#11581,#11582),
 .UNSPECIFIED.,.F.,.F.,(4,4),(2.98993728732523E-7,0.000147058069135171),
 .UNSPECIFIED.);
#559=B_SPLINE_CURVE_WITH_KNOTS('',3,(#11586,#11587,#11588,#11589),
 .UNSPECIFIED.,.F.,.F.,(4,4),(2.92903382276836E-7,0.000144725004062569),
 .UNSPECIFIED.);
#560=B_SPLINE_CURVE_WITH_KNOTS('',3,(#11590,#11591,#11592,#11593),
 .UNSPECIFIED.,.F.,.F.,(4,4),(2.84969580443104E-7,0.000144717070260729),
 .UNSPECIFIED.);
#561=B_SPLINE_CURVE_WITH_KNOTS('',3,(#11597,#11598,#11599,#11600),
 .UNSPECIFIED.,.F.,.F.,(4,4),(2.88195044117012E-7,0.000147047270448729),
 .UNSPECIFIED.);
#562=B_SPLINE_CURVE_WITH_KNOTS('',3,(#11605,#11606,#11607,#11608),
 .UNSPECIFIED.,.F.,.F.,(4,4),(2.88195044117012E-7,0.000147047270448729),
 .UNSPECIFIED.);
#563=B_SPLINE_CURVE_WITH_KNOTS('',3,(#11609,#11610,#11611,#11612),
 .UNSPECIFIED.,.F.,.F.,(4,4),(2.98993728603359E-7,0.000147058069133213),
 .UNSPECIFIED.);
#564=B_SPLINE_CURVE_WITH_KNOTS('',3,(#11616,#11617,#11618,#11619),
 .UNSPECIFIED.,.F.,.F.,(4,4),(2.92903382276836E-7,0.000144725004062569),
 .UNSPECIFIED.);
#565=B_SPLINE_CURVE_WITH_KNOTS('',3,(#11620,#11621,#11622,#11623),
 .UNSPECIFIED.,.F.,.F.,(4,4),(2.84969579070532E-7,0.000144717070259356),
 .UNSPECIFIED.);
#566=B_SPLINE_CURVE_WITH_KNOTS('',3,(#11628,#11629,#11630,#11631),
 .UNSPECIFIED.,.F.,.F.,(4,4),(2.88195044422229E-7,0.000147047270449026),
 .UNSPECIFIED.);
#567=B_SPLINE_CURVE_WITH_KNOTS('',3,(#11632,#11633,#11634,#11635),
 .UNSPECIFIED.,.F.,.F.,(4,4),(2.98993730545499E-7,0.00014705806913515),
 .UNSPECIFIED.);
#568=B_SPLINE_CURVE_WITH_KNOTS('',3,(#11639,#11640,#11641,#11642),
 .UNSPECIFIED.,.F.,.F.,(4,4),(2.92903381483686E-7,0.000144725004062549),
 .UNSPECIFIED.);
#569=B_SPLINE_CURVE_WITH_KNOTS('',3,(#11643,#11644,#11645,#11646),
 .UNSPECIFIED.,.F.,.F.,(4,4),(2.84969579070478E-7,0.000144717070259352),
 .UNSPECIFIED.);
#570=B_SPLINE_CURVE_WITH_KNOTS('',3,(#11651,#11652,#11653,#11654),
 .UNSPECIFIED.,.F.,.F.,(4,4),(2.8819504411727E-7,0.000147047270448728),
 .UNSPECIFIED.);
#571=B_SPLINE_CURVE_WITH_KNOTS('',3,(#11655,#11656,#11657,#11658),
 .UNSPECIFIED.,.F.,.F.,(4,4),(2.98993728734862E-7,0.000147058069135166),
 .UNSPECIFIED.);
#572=B_SPLINE_CURVE_WITH_KNOTS('',3,(#11662,#11663,#11664,#11665),
 .UNSPECIFIED.,.F.,.F.,(4,4),(2.92903381358967E-7,0.000144725004062425),
 .UNSPECIFIED.);
#573=B_SPLINE_CURVE_WITH_KNOTS('',3,(#11666,#11667,#11668,#11669),
 .UNSPECIFIED.,.F.,.F.,(4,4),(2.84969579073293E-7,0.000144717070259352),
 .UNSPECIFIED.);
#574=B_SPLINE_CURVE_WITH_KNOTS('',3,(#11674,#11675,#11676,#11677),
 .UNSPECIFIED.,.F.,.F.,(4,4),(2.88195044730475E-7,0.000147047270449343),
 .UNSPECIFIED.);
#575=B_SPLINE_CURVE_WITH_KNOTS('',3,(#11678,#11679,#11680,#11681),
 .UNSPECIFIED.,.F.,.F.,(4,4),(2.98993730551013E-7,0.000147058069135167),
 .UNSPECIFIED.);
#576=B_SPLINE_CURVE_WITH_KNOTS('',3,(#11685,#11686,#11687,#11688),
 .UNSPECIFIED.,.F.,.F.,(4,4),(2.92903382264076E-7,0.000144725004062551),
 .UNSPECIFIED.);
#577=B_SPLINE_CURVE_WITH_KNOTS('',3,(#11689,#11690,#11691,#11692),
 .UNSPECIFIED.,.F.,.F.,(4,4),(2.84969581106259E-7,0.000144717070261389),
 .UNSPECIFIED.);
#578=B_SPLINE_CURVE_WITH_KNOTS('',3,(#11694,#11695,#11696,#11697),
 .UNSPECIFIED.,.F.,.F.,(4,4),(2.98993730551064E-7,0.000147058069135165),
 .UNSPECIFIED.);
#579=B_SPLINE_CURVE_WITH_KNOTS('',3,(#11701,#11702,#11703,#11704),
 .UNSPECIFIED.,.F.,.F.,(4,4),(2.92903381545083E-7,0.000144725004062601),
 .UNSPECIFIED.);
#580=B_SPLINE_CURVE_WITH_KNOTS('',3,(#11705,#11706,#11707,#11708),
 .UNSPECIFIED.,.F.,.F.,(4,4),(2.84969579113182E-7,0.0001447170702594),
 .UNSPECIFIED.);
#581=B_SPLINE_CURVE_WITH_KNOTS('',3,(#11712,#11713,#11714,#11715),
 .UNSPECIFIED.,.F.,.F.,(4,4),(2.88195044495152E-7,0.000147047270449111),
 .UNSPECIFIED.);
#582=CYLINDRICAL_SURFACE('',#6418,0.00115);
#583=CYLINDRICAL_SURFACE('',#6421,0.00115);
#584=CYLINDRICAL_SURFACE('',#6424,0.00115);
#585=CYLINDRICAL_SURFACE('',#6427,0.00115);
#586=CYLINDRICAL_SURFACE('',#6430,0.00115);
#587=CYLINDRICAL_SURFACE('',#6433,0.00115);
#588=CYLINDRICAL_SURFACE('',#6436,0.00115);
#589=CYLINDRICAL_SURFACE('',#6439,0.00115);
#590=CYLINDRICAL_SURFACE('',#6442,0.00115);
#591=CYLINDRICAL_SURFACE('',#6445,0.00115);
#592=CYLINDRICAL_SURFACE('',#6504,0.00265);
#593=CYLINDRICAL_SURFACE('',#6518,0.005);
#594=CYLINDRICAL_SURFACE('',#6519,0.005);
#595=CYLINDRICAL_SURFACE('',#6520,0.005);
#596=CYLINDRICAL_SURFACE('',#6521,0.005);
#597=CYLINDRICAL_SURFACE('',#6522,0.005);
#598=CYLINDRICAL_SURFACE('',#6523,0.005);
#599=CYLINDRICAL_SURFACE('',#6524,0.005);
#600=CYLINDRICAL_SURFACE('',#6525,0.005);
#601=CYLINDRICAL_SURFACE('',#6526,0.005);
#602=CYLINDRICAL_SURFACE('',#6527,0.005);
#603=CYLINDRICAL_SURFACE('',#6528,0.002);
#604=CYLINDRICAL_SURFACE('',#6529,0.002);
#605=CYLINDRICAL_SURFACE('',#6530,0.002);
#606=CYLINDRICAL_SURFACE('',#6531,0.002);
#607=CYLINDRICAL_SURFACE('',#6532,0.002);
#608=CYLINDRICAL_SURFACE('',#6533,0.002);
#609=CYLINDRICAL_SURFACE('',#6534,0.002);
#610=CYLINDRICAL_SURFACE('',#6535,0.002);
#611=CYLINDRICAL_SURFACE('',#6536,0.002);
#612=CYLINDRICAL_SURFACE('',#6537,0.002);
#613=CYLINDRICAL_SURFACE('',#6538,0.00515);
#614=CYLINDRICAL_SURFACE('',#6557,0.00162590129878112);
#615=CYLINDRICAL_SURFACE('',#6559,0.00164703345426052);
#616=CYLINDRICAL_SURFACE('',#6592,0.00145517624691299);
#617=CYLINDRICAL_SURFACE('',#6599,0.00644010188422515);
#618=CYLINDRICAL_SURFACE('',#6602,0.00732627335280686);
#619=CYLINDRICAL_SURFACE('',#6613,0.00181838021766406);
#620=CYLINDRICAL_SURFACE('',#6616,0.00174346830072772);
#621=CYLINDRICAL_SURFACE('',#6620,0.00185296190848222);
#622=CYLINDRICAL_SURFACE('',#6622,0.00132533095655815);
#623=CYLINDRICAL_SURFACE('',#6632,0.00133496001891402);
#624=CYLINDRICAL_SURFACE('',#6635,0.00186987586848839);
#625=CYLINDRICAL_SURFACE('',#6637,0.00273075429678987);
#626=CYLINDRICAL_SURFACE('',#6639,0.0021028762567077);
#627=CYLINDRICAL_SURFACE('',#6648,0.00115);
#628=CYLINDRICAL_SURFACE('',#6650,0.00115);
#629=CYLINDRICAL_SURFACE('',#6652,0.00115);
#630=CYLINDRICAL_SURFACE('',#6654,0.00115);
#631=CYLINDRICAL_SURFACE('',#6656,0.00115);
#632=CYLINDRICAL_SURFACE('',#6658,0.00115);
#633=CYLINDRICAL_SURFACE('',#6660,0.00115);
#634=CYLINDRICAL_SURFACE('',#6662,0.00115);
#635=CYLINDRICAL_SURFACE('',#6664,0.00115);
#636=CYLINDRICAL_SURFACE('',#6666,0.00115);
#637=CIRCLE('',#6378,0.002);
#638=CIRCLE('',#6379,0.005);
#639=CIRCLE('',#6380,0.002);
#640=CIRCLE('',#6381,0.005);
#641=CIRCLE('',#6382,0.002);
#642=CIRCLE('',#6383,0.005);
#643=CIRCLE('',#6384,0.002);
#644=CIRCLE('',#6385,0.005);
#645=CIRCLE('',#6386,0.002);
#646=CIRCLE('',#6387,0.005);
#647=CIRCLE('',#6388,0.002);
#648=CIRCLE('',#6389,0.005);
#649=CIRCLE('',#6390,0.002);
#650=CIRCLE('',#6391,0.005);
#651=CIRCLE('',#6392,0.002);
#652=CIRCLE('',#6393,0.005);
#653=CIRCLE('',#6394,0.002);
#654=CIRCLE('',#6395,0.005);
#655=CIRCLE('',#6396,0.002);
#656=CIRCLE('',#6397,0.005);
#657=CIRCLE('',#6398,0.0130854166666667);
#658=CIRCLE('',#6399,0.00115);
#659=CIRCLE('',#6400,0.0130854166666667);
#660=CIRCLE('',#6401,0.00115);
#661=CIRCLE('',#6402,0.0130854166666667);
#662=CIRCLE('',#6403,0.00115);
#663=CIRCLE('',#6404,0.0130854166666667);
#664=CIRCLE('',#6405,0.00115);
#665=CIRCLE('',#6406,0.0130854166666667);
#666=CIRCLE('',#6407,0.00115);
#667=CIRCLE('',#6408,0.0130854166666667);
#668=CIRCLE('',#6409,0.00115);
#669=CIRCLE('',#6410,0.0130854166666667);
#670=CIRCLE('',#6411,0.00115);
#671=CIRCLE('',#6412,0.0130854166666667);
#672=CIRCLE('',#6413,0.00115);
#673=CIRCLE('',#6414,0.0130854166666667);
#674=CIRCLE('',#6415,0.00115);
#675=CIRCLE('',#6416,0.0130854166666667);
#676=CIRCLE('',#6417,0.00115);
#677=CIRCLE('',#6419,0.00115);
#678=CIRCLE('',#6420,0.00115);
#679=CIRCLE('',#6422,0.00115);
#680=CIRCLE('',#6423,0.00115);
#681=CIRCLE('',#6425,0.00115);
#682=CIRCLE('',#6426,0.00115);
#683=CIRCLE('',#6428,0.00115);
#684=CIRCLE('',#6429,0.00115);
#685=CIRCLE('',#6431,0.00115);
#686=CIRCLE('',#6432,0.00115);
#687=CIRCLE('',#6434,0.00115);
#688=CIRCLE('',#6435,0.00115);
#689=CIRCLE('',#6437,0.00115);
#690=CIRCLE('',#6438,0.00115);
#691=CIRCLE('',#6440,0.00115);
#692=CIRCLE('',#6441,0.00115);
#693=CIRCLE('',#6443,0.00115);
#694=CIRCLE('',#6444,0.00115);
#695=CIRCLE('',#6446,0.00115);
#696=CIRCLE('',#6447,0.00115);
#697=CIRCLE('',#6449,0.00185296190848222);
#698=CIRCLE('',#6450,0.00732627335280686);
#699=CIRCLE('',#6451,0.00644010188422515);
#700=CIRCLE('',#6452,0.00145517624691299);
#701=CIRCLE('',#6453,0.002);
#702=CIRCLE('',#6454,0.005);
#703=CIRCLE('',#6455,0.002);
#704=CIRCLE('',#6456,0.005);
#705=CIRCLE('',#6457,0.002);
#706=CIRCLE('',#6458,0.005);
#707=CIRCLE('',#6459,0.002);
#708=CIRCLE('',#6460,0.005);
#709=CIRCLE('',#6461,0.002);
#710=CIRCLE('',#6462,0.005);
#711=CIRCLE('',#6463,0.002);
#712=CIRCLE('',#6464,0.005);
#713=CIRCLE('',#6465,0.002);
#714=CIRCLE('',#6466,0.005);
#715=CIRCLE('',#6467,0.002);
#716=CIRCLE('',#6468,0.005);
#717=CIRCLE('',#6469,0.002);
#718=CIRCLE('',#6470,0.005);
#719=CIRCLE('',#6471,0.002);
#720=CIRCLE('',#6472,0.005);
#721=CIRCLE('',#6473,0.00515);
#722=CIRCLE('',#6474,0.00164703345426052);
#723=CIRCLE('',#6475,0.00162590129878112);
#724=CIRCLE('',#6476,0.00181838021766406);
#725=CIRCLE('',#6477,0.0021028762567077);
#726=CIRCLE('',#6478,0.00273075429678987);
#727=CIRCLE('',#6479,0.00186987586848839);
#728=CIRCLE('',#6480,0.00133496001891402);
#729=CIRCLE('',#6482,0.00265);
#730=CIRCLE('',#6483,0.0036);
#731=CIRCLE('',#6505,0.00265);
#732=CIRCLE('',#6507,0.0114520833333333);
#733=CIRCLE('',#6508,0.0114520833333333);
#734=CIRCLE('',#6509,0.0114520833333333);
#735=CIRCLE('',#6510,0.0114520833333333);
#736=CIRCLE('',#6511,0.0114520833333333);
#737=CIRCLE('',#6512,0.0114520833333333);
#738=CIRCLE('',#6513,0.0114520833333333);
#739=CIRCLE('',#6514,0.0114520833333333);
#740=CIRCLE('',#6515,0.0114520833333333);
#741=CIRCLE('',#6516,0.0114520833333333);
#742=CIRCLE('',#6517,0.00515);
#743=CIRCLE('',#6539,0.00515);
#744=CIRCLE('',#6541,0.00475);
#745=CIRCLE('',#6542,0.00305);
#746=CIRCLE('',#6544,0.00435);
#747=CIRCLE('',#6546,0.0044);
#748=CIRCLE('',#6558,0.00162590129878112);
#749=CIRCLE('',#6560,0.00164703345426052);
#750=CIRCLE('',#6593,0.00145517624691299);
#751=CIRCLE('',#6600,0.00644010188422515);
#752=CIRCLE('',#6603,0.00732627335280686);
#753=CIRCLE('',#6614,0.00181838021766406);
#754=CIRCLE('',#6617,0.00174346830072772);
#755=CIRCLE('',#6618,0.00174346830072772);
#756=CIRCLE('',#6621,0.00185296190848222);
#757=CIRCLE('',#6623,0.00132533095655815);
#758=CIRCLE('',#6624,0.00132533095655815);
#759=CIRCLE('',#6633,0.00133496001891402);
#760=CIRCLE('',#6636,0.00186987586848839);
#761=CIRCLE('',#6638,0.00273075429678987);
#762=CIRCLE('',#6640,0.0021028762567077);
#763=CIRCLE('',#6649,0.00115);
#764=CIRCLE('',#6651,0.00115);
#765=CIRCLE('',#6653,0.00115);
#766=CIRCLE('',#6655,0.00115);
#767=CIRCLE('',#6657,0.00115);
#768=CIRCLE('',#6659,0.00115);
#769=CIRCLE('',#6661,0.00115);
#770=CIRCLE('',#6663,0.00115);
#771=CIRCLE('',#6665,0.00115);
#772=CIRCLE('',#6667,0.00115);
#773=CIRCLE('',#6669,0.00114564392373896);
#774=CIRCLE('',#6670,0.00114564392373896);
#775=CIRCLE('',#6672,0.00114564392373896);
#776=CIRCLE('',#6673,0.00114564392373896);
#777=CIRCLE('',#6675,0.00114564392373896);
#778=CIRCLE('',#6676,0.00114564392373896);
#779=CIRCLE('',#6678,0.00114564392373896);
#780=CIRCLE('',#6679,0.00114564392373896);
#781=CIRCLE('',#6681,0.00114564392373896);
#782=CIRCLE('',#6682,0.00114564392373896);
#783=CIRCLE('',#6684,0.00114564392373896);
#784=CIRCLE('',#6685,0.00114564392373896);
#785=CIRCLE('',#6687,0.00114564392373896);
#786=CIRCLE('',#6688,0.00114564392373896);
#787=CIRCLE('',#6690,0.00114564392373896);
#788=CIRCLE('',#6691,0.00114564392373896);
#789=CIRCLE('',#6693,0.00114564392373896);
#790=CIRCLE('',#6694,0.00114564392373896);
#791=CIRCLE('',#6696,0.00114564392373896);
#792=CIRCLE('',#6697,0.00114564392373896);
#793=CIRCLE('',#6699,0.0126354166666667);
#794=CIRCLE('',#6700,0.0119020833333333);
#795=CIRCLE('',#6704,0.0119020833333333);
#796=CIRCLE('',#6705,0.0126354166666667);
#797=CIRCLE('',#6709,0.0126354166666667);
#798=CIRCLE('',#6710,0.0119020833333333);
#799=CIRCLE('',#6714,0.0126354166666667);
#800=CIRCLE('',#6715,0.0119020833333333);
#801=CIRCLE('',#6719,0.0126354166666667);
#802=CIRCLE('',#6720,0.0119020833333333);
#803=CIRCLE('',#6724,0.0126354166666667);
#804=CIRCLE('',#6725,0.0119020833333333);
#805=CIRCLE('',#6729,0.0119020833333333);
#806=CIRCLE('',#6730,0.0126354166666667);
#807=CIRCLE('',#6734,0.0119020833333333);
#808=CIRCLE('',#6735,0.0126354166666667);
#809=CIRCLE('',#6739,0.0119020833333333);
#810=CIRCLE('',#6740,0.0126354166666667);
#811=CIRCLE('',#6744,0.0126354166666667);
#812=CIRCLE('',#6746,0.0119020833333333);
#813=ORIENTED_EDGE('',*,*,#2741,.F.);
#814=ORIENTED_EDGE('',*,*,#2742,.T.);
#815=ORIENTED_EDGE('',*,*,#2743,.F.);
#816=ORIENTED_EDGE('',*,*,#2744,.T.);
#817=ORIENTED_EDGE('',*,*,#2745,.F.);
#818=ORIENTED_EDGE('',*,*,#2746,.T.);
#819=ORIENTED_EDGE('',*,*,#2747,.F.);
#820=ORIENTED_EDGE('',*,*,#2748,.T.);
#821=ORIENTED_EDGE('',*,*,#2749,.F.);
#822=ORIENTED_EDGE('',*,*,#2750,.T.);
#823=ORIENTED_EDGE('',*,*,#2751,.F.);
#824=ORIENTED_EDGE('',*,*,#2752,.T.);
#825=ORIENTED_EDGE('',*,*,#2753,.F.);
#826=ORIENTED_EDGE('',*,*,#2754,.T.);
#827=ORIENTED_EDGE('',*,*,#2755,.F.);
#828=ORIENTED_EDGE('',*,*,#2756,.T.);
#829=ORIENTED_EDGE('',*,*,#2757,.F.);
#830=ORIENTED_EDGE('',*,*,#2758,.T.);
#831=ORIENTED_EDGE('',*,*,#2759,.F.);
#832=ORIENTED_EDGE('',*,*,#2760,.T.);
#833=ORIENTED_EDGE('',*,*,#2761,.F.);
#834=ORIENTED_EDGE('',*,*,#2762,.T.);
#835=ORIENTED_EDGE('',*,*,#2763,.F.);
#836=ORIENTED_EDGE('',*,*,#2764,.T.);
#837=ORIENTED_EDGE('',*,*,#2765,.F.);
#838=ORIENTED_EDGE('',*,*,#2766,.T.);
#839=ORIENTED_EDGE('',*,*,#2767,.F.);
#840=ORIENTED_EDGE('',*,*,#2768,.T.);
#841=ORIENTED_EDGE('',*,*,#2769,.F.);
#842=ORIENTED_EDGE('',*,*,#2770,.T.);
#843=ORIENTED_EDGE('',*,*,#2771,.F.);
#844=ORIENTED_EDGE('',*,*,#2772,.T.);
#845=ORIENTED_EDGE('',*,*,#2773,.F.);
#846=ORIENTED_EDGE('',*,*,#2774,.T.);
#847=ORIENTED_EDGE('',*,*,#2775,.F.);
#848=ORIENTED_EDGE('',*,*,#2776,.T.);
#849=ORIENTED_EDGE('',*,*,#2777,.F.);
#850=ORIENTED_EDGE('',*,*,#2778,.T.);
#851=ORIENTED_EDGE('',*,*,#2779,.F.);
#852=ORIENTED_EDGE('',*,*,#2780,.T.);
#853=ORIENTED_EDGE('',*,*,#2781,.F.);
#854=ORIENTED_EDGE('',*,*,#2782,.F.);
#855=ORIENTED_EDGE('',*,*,#2783,.F.);
#856=ORIENTED_EDGE('',*,*,#2784,.F.);
#857=ORIENTED_EDGE('',*,*,#2785,.F.);
#858=ORIENTED_EDGE('',*,*,#2786,.F.);
#859=ORIENTED_EDGE('',*,*,#2787,.F.);
#860=ORIENTED_EDGE('',*,*,#2788,.F.);
#861=ORIENTED_EDGE('',*,*,#2789,.F.);
#862=ORIENTED_EDGE('',*,*,#2790,.F.);
#863=ORIENTED_EDGE('',*,*,#2791,.F.);
#864=ORIENTED_EDGE('',*,*,#2792,.F.);
#865=ORIENTED_EDGE('',*,*,#2793,.F.);
#866=ORIENTED_EDGE('',*,*,#2794,.F.);
#867=ORIENTED_EDGE('',*,*,#2795,.F.);
#868=ORIENTED_EDGE('',*,*,#2796,.F.);
#869=ORIENTED_EDGE('',*,*,#2797,.F.);
#870=ORIENTED_EDGE('',*,*,#2798,.F.);
#871=ORIENTED_EDGE('',*,*,#2799,.F.);
#872=ORIENTED_EDGE('',*,*,#2800,.F.);
#873=ORIENTED_EDGE('',*,*,#2801,.F.);
#874=ORIENTED_EDGE('',*,*,#2802,.T.);
#875=ORIENTED_EDGE('',*,*,#2803,.F.);
#876=ORIENTED_EDGE('',*,*,#2804,.T.);
#877=ORIENTED_EDGE('',*,*,#2805,.F.);
#878=ORIENTED_EDGE('',*,*,#2806,.T.);
#879=ORIENTED_EDGE('',*,*,#2807,.F.);
#880=ORIENTED_EDGE('',*,*,#2808,.T.);
#881=ORIENTED_EDGE('',*,*,#2809,.F.);
#882=ORIENTED_EDGE('',*,*,#2810,.T.);
#883=ORIENTED_EDGE('',*,*,#2811,.F.);
#884=ORIENTED_EDGE('',*,*,#2812,.T.);
#885=ORIENTED_EDGE('',*,*,#2813,.F.);
#886=ORIENTED_EDGE('',*,*,#2814,.T.);
#887=ORIENTED_EDGE('',*,*,#2815,.F.);
#888=ORIENTED_EDGE('',*,*,#2816,.T.);
#889=ORIENTED_EDGE('',*,*,#2817,.F.);
#890=ORIENTED_EDGE('',*,*,#2818,.T.);
#891=ORIENTED_EDGE('',*,*,#2819,.F.);
#892=ORIENTED_EDGE('',*,*,#2820,.T.);
#893=ORIENTED_EDGE('',*,*,#2821,.F.);
#894=ORIENTED_EDGE('',*,*,#2822,.T.);
#895=ORIENTED_EDGE('',*,*,#2823,.F.);
#896=ORIENTED_EDGE('',*,*,#2824,.T.);
#897=ORIENTED_EDGE('',*,*,#2825,.F.);
#898=ORIENTED_EDGE('',*,*,#2826,.T.);
#899=ORIENTED_EDGE('',*,*,#2827,.F.);
#900=ORIENTED_EDGE('',*,*,#2828,.T.);
#901=ORIENTED_EDGE('',*,*,#2829,.F.);
#902=ORIENTED_EDGE('',*,*,#2830,.T.);
#903=ORIENTED_EDGE('',*,*,#2831,.F.);
#904=ORIENTED_EDGE('',*,*,#2832,.T.);
#905=ORIENTED_EDGE('',*,*,#2833,.F.);
#906=ORIENTED_EDGE('',*,*,#2834,.T.);
#907=ORIENTED_EDGE('',*,*,#2835,.F.);
#908=ORIENTED_EDGE('',*,*,#2836,.T.);
#909=ORIENTED_EDGE('',*,*,#2837,.F.);
#910=ORIENTED_EDGE('',*,*,#2838,.T.);
#911=ORIENTED_EDGE('',*,*,#2839,.F.);
#912=ORIENTED_EDGE('',*,*,#2840,.T.);
#913=ORIENTED_EDGE('',*,*,#2841,.T.);
#914=ORIENTED_EDGE('',*,*,#2842,.T.);
#915=ORIENTED_EDGE('',*,*,#2843,.T.);
#916=ORIENTED_EDGE('',*,*,#2844,.T.);
#917=ORIENTED_EDGE('',*,*,#2845,.T.);
#918=ORIENTED_EDGE('',*,*,#2846,.T.);
#919=ORIENTED_EDGE('',*,*,#2847,.T.);
#920=ORIENTED_EDGE('',*,*,#2848,.T.);
#921=ORIENTED_EDGE('',*,*,#2849,.T.);
#922=ORIENTED_EDGE('',*,*,#2850,.T.);
#923=ORIENTED_EDGE('',*,*,#2851,.T.);
#924=ORIENTED_EDGE('',*,*,#2852,.T.);
#925=ORIENTED_EDGE('',*,*,#2853,.T.);
#926=ORIENTED_EDGE('',*,*,#2854,.T.);
#927=ORIENTED_EDGE('',*,*,#2855,.T.);
#928=ORIENTED_EDGE('',*,*,#2856,.T.);
#929=ORIENTED_EDGE('',*,*,#2857,.T.);
#930=ORIENTED_EDGE('',*,*,#2858,.T.);
#931=ORIENTED_EDGE('',*,*,#2859,.T.);
#932=ORIENTED_EDGE('',*,*,#2860,.T.);
#933=ORIENTED_EDGE('',*,*,#2861,.T.);
#934=ORIENTED_EDGE('',*,*,#2862,.T.);
#935=ORIENTED_EDGE('',*,*,#2863,.T.);
#936=ORIENTED_EDGE('',*,*,#2864,.T.);
#937=ORIENTED_EDGE('',*,*,#2865,.T.);
#938=ORIENTED_EDGE('',*,*,#2866,.T.);
#939=ORIENTED_EDGE('',*,*,#2867,.T.);
#940=ORIENTED_EDGE('',*,*,#2868,.T.);
#941=ORIENTED_EDGE('',*,*,#2869,.T.);
#942=ORIENTED_EDGE('',*,*,#2870,.T.);
#943=ORIENTED_EDGE('',*,*,#2871,.T.);
#944=ORIENTED_EDGE('',*,*,#2872,.T.);
#945=ORIENTED_EDGE('',*,*,#2873,.T.);
#946=ORIENTED_EDGE('',*,*,#2874,.T.);
#947=ORIENTED_EDGE('',*,*,#2875,.T.);
#948=ORIENTED_EDGE('',*,*,#2876,.T.);
#949=ORIENTED_EDGE('',*,*,#2877,.T.);
#950=ORIENTED_EDGE('',*,*,#2878,.T.);
#951=ORIENTED_EDGE('',*,*,#2879,.T.);
#952=ORIENTED_EDGE('',*,*,#2880,.T.);
#953=ORIENTED_EDGE('',*,*,#2881,.T.);
#954=ORIENTED_EDGE('',*,*,#2882,.T.);
#955=ORIENTED_EDGE('',*,*,#2883,.T.);
#956=ORIENTED_EDGE('',*,*,#2884,.T.);
#957=ORIENTED_EDGE('',*,*,#2885,.T.);
#958=ORIENTED_EDGE('',*,*,#2886,.T.);
#959=ORIENTED_EDGE('',*,*,#2887,.T.);
#960=ORIENTED_EDGE('',*,*,#2888,.T.);
#961=ORIENTED_EDGE('',*,*,#2889,.T.);
#962=ORIENTED_EDGE('',*,*,#2890,.T.);
#963=ORIENTED_EDGE('',*,*,#2891,.T.);
#964=ORIENTED_EDGE('',*,*,#2892,.T.);
#965=ORIENTED_EDGE('',*,*,#2893,.T.);
#966=ORIENTED_EDGE('',*,*,#2894,.T.);
#967=ORIENTED_EDGE('',*,*,#2895,.T.);
#968=ORIENTED_EDGE('',*,*,#2896,.T.);
#969=ORIENTED_EDGE('',*,*,#2897,.T.);
#970=ORIENTED_EDGE('',*,*,#2898,.T.);
#971=ORIENTED_EDGE('',*,*,#2899,.T.);
#972=ORIENTED_EDGE('',*,*,#2900,.T.);
#973=ORIENTED_EDGE('',*,*,#2901,.T.);
#974=ORIENTED_EDGE('',*,*,#2902,.T.);
#975=ORIENTED_EDGE('',*,*,#2903,.T.);
#976=ORIENTED_EDGE('',*,*,#2904,.T.);
#977=ORIENTED_EDGE('',*,*,#2905,.T.);
#978=ORIENTED_EDGE('',*,*,#2906,.T.);
#979=ORIENTED_EDGE('',*,*,#2907,.T.);
#980=ORIENTED_EDGE('',*,*,#2908,.T.);
#981=ORIENTED_EDGE('',*,*,#2909,.T.);
#982=ORIENTED_EDGE('',*,*,#2910,.T.);
#983=ORIENTED_EDGE('',*,*,#2911,.T.);
#984=ORIENTED_EDGE('',*,*,#2912,.T.);
#985=ORIENTED_EDGE('',*,*,#2913,.T.);
#986=ORIENTED_EDGE('',*,*,#2914,.T.);
#987=ORIENTED_EDGE('',*,*,#2915,.T.);
#988=ORIENTED_EDGE('',*,*,#2916,.T.);
#989=ORIENTED_EDGE('',*,*,#2917,.T.);
#990=ORIENTED_EDGE('',*,*,#2918,.T.);
#991=ORIENTED_EDGE('',*,*,#2919,.T.);
#992=ORIENTED_EDGE('',*,*,#2920,.T.);
#993=ORIENTED_EDGE('',*,*,#2921,.T.);
#994=ORIENTED_EDGE('',*,*,#2922,.T.);
#995=ORIENTED_EDGE('',*,*,#2923,.T.);
#996=ORIENTED_EDGE('',*,*,#2924,.T.);
#997=ORIENTED_EDGE('',*,*,#2925,.T.);
#998=ORIENTED_EDGE('',*,*,#2926,.T.);
#999=ORIENTED_EDGE('',*,*,#2927,.T.);
#1000=ORIENTED_EDGE('',*,*,#2928,.T.);
#1001=ORIENTED_EDGE('',*,*,#2929,.T.);
#1002=ORIENTED_EDGE('',*,*,#2930,.T.);
#1003=ORIENTED_EDGE('',*,*,#2931,.T.);
#1004=ORIENTED_EDGE('',*,*,#2932,.T.);
#1005=ORIENTED_EDGE('',*,*,#2933,.T.);
#1006=ORIENTED_EDGE('',*,*,#2934,.T.);
#1007=ORIENTED_EDGE('',*,*,#2935,.T.);
#1008=ORIENTED_EDGE('',*,*,#2936,.T.);
#1009=ORIENTED_EDGE('',*,*,#2937,.T.);
#1010=ORIENTED_EDGE('',*,*,#2938,.T.);
#1011=ORIENTED_EDGE('',*,*,#2939,.T.);
#1012=ORIENTED_EDGE('',*,*,#2940,.T.);
#1013=ORIENTED_EDGE('',*,*,#2941,.T.);
#1014=ORIENTED_EDGE('',*,*,#2942,.T.);
#1015=ORIENTED_EDGE('',*,*,#2943,.T.);
#1016=ORIENTED_EDGE('',*,*,#2944,.T.);
#1017=ORIENTED_EDGE('',*,*,#2945,.T.);
#1018=ORIENTED_EDGE('',*,*,#2946,.T.);
#1019=ORIENTED_EDGE('',*,*,#2947,.T.);
#1020=ORIENTED_EDGE('',*,*,#2948,.T.);
#1021=ORIENTED_EDGE('',*,*,#2949,.T.);
#1022=ORIENTED_EDGE('',*,*,#2950,.T.);
#1023=ORIENTED_EDGE('',*,*,#2951,.T.);
#1024=ORIENTED_EDGE('',*,*,#2952,.T.);
#1025=ORIENTED_EDGE('',*,*,#2953,.T.);
#1026=ORIENTED_EDGE('',*,*,#2954,.T.);
#1027=ORIENTED_EDGE('',*,*,#2955,.T.);
#1028=ORIENTED_EDGE('',*,*,#2956,.T.);
#1029=ORIENTED_EDGE('',*,*,#2957,.T.);
#1030=ORIENTED_EDGE('',*,*,#2958,.T.);
#1031=ORIENTED_EDGE('',*,*,#2959,.T.);
#1032=ORIENTED_EDGE('',*,*,#2960,.T.);
#1033=ORIENTED_EDGE('',*,*,#2961,.T.);
#1034=ORIENTED_EDGE('',*,*,#2962,.T.);
#1035=ORIENTED_EDGE('',*,*,#2963,.T.);
#1036=ORIENTED_EDGE('',*,*,#2964,.T.);
#1037=ORIENTED_EDGE('',*,*,#2965,.T.);
#1038=ORIENTED_EDGE('',*,*,#2966,.T.);
#1039=ORIENTED_EDGE('',*,*,#2967,.T.);
#1040=ORIENTED_EDGE('',*,*,#2968,.T.);
#1041=ORIENTED_EDGE('',*,*,#2969,.T.);
#1042=ORIENTED_EDGE('',*,*,#2970,.T.);
#1043=ORIENTED_EDGE('',*,*,#2971,.T.);
#1044=ORIENTED_EDGE('',*,*,#2972,.T.);
#1045=ORIENTED_EDGE('',*,*,#2973,.T.);
#1046=ORIENTED_EDGE('',*,*,#2974,.T.);
#1047=ORIENTED_EDGE('',*,*,#2975,.T.);
#1048=ORIENTED_EDGE('',*,*,#2976,.T.);
#1049=ORIENTED_EDGE('',*,*,#2977,.T.);
#1050=ORIENTED_EDGE('',*,*,#2978,.T.);
#1051=ORIENTED_EDGE('',*,*,#2979,.F.);
#1052=ORIENTED_EDGE('',*,*,#2980,.T.);
#1053=ORIENTED_EDGE('',*,*,#2981,.T.);
#1054=ORIENTED_EDGE('',*,*,#2982,.T.);
#1055=ORIENTED_EDGE('',*,*,#2983,.T.);
#1056=ORIENTED_EDGE('',*,*,#2984,.T.);
#1057=ORIENTED_EDGE('',*,*,#2985,.T.);
#1058=ORIENTED_EDGE('',*,*,#2986,.T.);
#1059=ORIENTED_EDGE('',*,*,#2987,.T.);
#1060=ORIENTED_EDGE('',*,*,#2988,.T.);
#1061=ORIENTED_EDGE('',*,*,#2989,.T.);
#1062=ORIENTED_EDGE('',*,*,#2990,.T.);
#1063=ORIENTED_EDGE('',*,*,#2991,.T.);
#1064=ORIENTED_EDGE('',*,*,#2992,.T.);
#1065=ORIENTED_EDGE('',*,*,#2993,.T.);
#1066=ORIENTED_EDGE('',*,*,#2994,.T.);
#1067=ORIENTED_EDGE('',*,*,#2995,.T.);
#1068=ORIENTED_EDGE('',*,*,#2996,.T.);
#1069=ORIENTED_EDGE('',*,*,#2997,.T.);
#1070=ORIENTED_EDGE('',*,*,#2998,.T.);
#1071=ORIENTED_EDGE('',*,*,#2999,.T.);
#1072=ORIENTED_EDGE('',*,*,#3000,.T.);
#1073=ORIENTED_EDGE('',*,*,#3001,.T.);
#1074=ORIENTED_EDGE('',*,*,#3002,.T.);
#1075=ORIENTED_EDGE('',*,*,#3003,.T.);
#1076=ORIENTED_EDGE('',*,*,#3004,.T.);
#1077=ORIENTED_EDGE('',*,*,#3005,.T.);
#1078=ORIENTED_EDGE('',*,*,#3006,.T.);
#1079=ORIENTED_EDGE('',*,*,#3007,.T.);
#1080=ORIENTED_EDGE('',*,*,#3008,.T.);
#1081=ORIENTED_EDGE('',*,*,#3009,.T.);
#1082=ORIENTED_EDGE('',*,*,#3010,.T.);
#1083=ORIENTED_EDGE('',*,*,#3011,.T.);
#1084=ORIENTED_EDGE('',*,*,#3012,.T.);
#1085=ORIENTED_EDGE('',*,*,#3013,.T.);
#1086=ORIENTED_EDGE('',*,*,#3014,.T.);
#1087=ORIENTED_EDGE('',*,*,#3015,.T.);
#1088=ORIENTED_EDGE('',*,*,#3016,.T.);
#1089=ORIENTED_EDGE('',*,*,#3017,.T.);
#1090=ORIENTED_EDGE('',*,*,#3018,.T.);
#1091=ORIENTED_EDGE('',*,*,#3019,.T.);
#1092=ORIENTED_EDGE('',*,*,#3020,.T.);
#1093=ORIENTED_EDGE('',*,*,#3021,.T.);
#1094=ORIENTED_EDGE('',*,*,#3022,.T.);
#1095=ORIENTED_EDGE('',*,*,#3023,.T.);
#1096=ORIENTED_EDGE('',*,*,#3024,.T.);
#1097=ORIENTED_EDGE('',*,*,#3025,.T.);
#1098=ORIENTED_EDGE('',*,*,#3026,.T.);
#1099=ORIENTED_EDGE('',*,*,#3027,.T.);
#1100=ORIENTED_EDGE('',*,*,#3028,.T.);
#1101=ORIENTED_EDGE('',*,*,#3029,.T.);
#1102=ORIENTED_EDGE('',*,*,#3030,.T.);
#1103=ORIENTED_EDGE('',*,*,#3031,.T.);
#1104=ORIENTED_EDGE('',*,*,#3032,.T.);
#1105=ORIENTED_EDGE('',*,*,#3033,.T.);
#1106=ORIENTED_EDGE('',*,*,#3034,.T.);
#1107=ORIENTED_EDGE('',*,*,#3035,.T.);
#1108=ORIENTED_EDGE('',*,*,#3036,.T.);
#1109=ORIENTED_EDGE('',*,*,#3037,.T.);
#1110=ORIENTED_EDGE('',*,*,#3038,.T.);
#1111=ORIENTED_EDGE('',*,*,#3039,.T.);
#1112=ORIENTED_EDGE('',*,*,#3040,.T.);
#1113=ORIENTED_EDGE('',*,*,#3041,.T.);
#1114=ORIENTED_EDGE('',*,*,#3042,.T.);
#1115=ORIENTED_EDGE('',*,*,#3043,.T.);
#1116=ORIENTED_EDGE('',*,*,#3044,.T.);
#1117=ORIENTED_EDGE('',*,*,#3045,.T.);
#1118=ORIENTED_EDGE('',*,*,#3046,.T.);
#1119=ORIENTED_EDGE('',*,*,#3047,.T.);
#1120=ORIENTED_EDGE('',*,*,#3048,.T.);
#1121=ORIENTED_EDGE('',*,*,#3049,.T.);
#1122=ORIENTED_EDGE('',*,*,#3050,.T.);
#1123=ORIENTED_EDGE('',*,*,#3051,.T.);
#1124=ORIENTED_EDGE('',*,*,#3052,.T.);
#1125=ORIENTED_EDGE('',*,*,#3053,.F.);
#1126=ORIENTED_EDGE('',*,*,#2763,.T.);
#1127=ORIENTED_EDGE('',*,*,#3054,.T.);
#1128=ORIENTED_EDGE('',*,*,#2959,.F.);
#1129=ORIENTED_EDGE('',*,*,#3055,.T.);
#1130=ORIENTED_EDGE('',*,*,#2961,.F.);
#1131=ORIENTED_EDGE('',*,*,#3056,.T.);
#1132=ORIENTED_EDGE('',*,*,#2761,.T.);
#1133=ORIENTED_EDGE('',*,*,#3057,.T.);
#1134=ORIENTED_EDGE('',*,*,#2759,.T.);
#1135=ORIENTED_EDGE('',*,*,#3058,.T.);
#1136=ORIENTED_EDGE('',*,*,#2963,.F.);
#1137=ORIENTED_EDGE('',*,*,#3059,.T.);
#1138=ORIENTED_EDGE('',*,*,#2965,.F.);
#1139=ORIENTED_EDGE('',*,*,#3060,.T.);
#1140=ORIENTED_EDGE('',*,*,#2757,.T.);
#1141=ORIENTED_EDGE('',*,*,#3061,.T.);
#1142=ORIENTED_EDGE('',*,*,#2755,.T.);
#1143=ORIENTED_EDGE('',*,*,#3062,.T.);
#1144=ORIENTED_EDGE('',*,*,#2967,.F.);
#1145=ORIENTED_EDGE('',*,*,#3063,.T.);
#1146=ORIENTED_EDGE('',*,*,#2969,.F.);
#1147=ORIENTED_EDGE('',*,*,#3064,.T.);
#1148=ORIENTED_EDGE('',*,*,#2753,.T.);
#1149=ORIENTED_EDGE('',*,*,#3065,.T.);
#1150=ORIENTED_EDGE('',*,*,#2751,.T.);
#1151=ORIENTED_EDGE('',*,*,#3066,.T.);
#1152=ORIENTED_EDGE('',*,*,#2971,.F.);
#1153=ORIENTED_EDGE('',*,*,#3067,.T.);
#1154=ORIENTED_EDGE('',*,*,#2973,.F.);
#1155=ORIENTED_EDGE('',*,*,#3068,.T.);
#1156=ORIENTED_EDGE('',*,*,#2749,.T.);
#1157=ORIENTED_EDGE('',*,*,#3069,.T.);
#1158=ORIENTED_EDGE('',*,*,#2747,.T.);
#1159=ORIENTED_EDGE('',*,*,#3070,.T.);
#1160=ORIENTED_EDGE('',*,*,#2975,.F.);
#1161=ORIENTED_EDGE('',*,*,#3071,.T.);
#1162=ORIENTED_EDGE('',*,*,#2977,.F.);
#1163=ORIENTED_EDGE('',*,*,#3072,.T.);
#1164=ORIENTED_EDGE('',*,*,#2745,.T.);
#1165=ORIENTED_EDGE('',*,*,#3073,.T.);
#1166=ORIENTED_EDGE('',*,*,#2743,.T.);
#1167=ORIENTED_EDGE('',*,*,#3074,.T.);
#1168=ORIENTED_EDGE('',*,*,#2939,.F.);
#1169=ORIENTED_EDGE('',*,*,#3075,.T.);
#1170=ORIENTED_EDGE('',*,*,#2941,.F.);
#1171=ORIENTED_EDGE('',*,*,#3076,.T.);
#1172=ORIENTED_EDGE('',*,*,#2741,.T.);
#1173=ORIENTED_EDGE('',*,*,#3077,.T.);
#1174=ORIENTED_EDGE('',*,*,#2779,.T.);
#1175=ORIENTED_EDGE('',*,*,#3078,.T.);
#1176=ORIENTED_EDGE('',*,*,#2943,.F.);
#1177=ORIENTED_EDGE('',*,*,#3079,.T.);
#1178=ORIENTED_EDGE('',*,*,#2945,.F.);
#1179=ORIENTED_EDGE('',*,*,#3080,.T.);
#1180=ORIENTED_EDGE('',*,*,#2777,.T.);
#1181=ORIENTED_EDGE('',*,*,#3081,.T.);
#1182=ORIENTED_EDGE('',*,*,#2775,.T.);
#1183=ORIENTED_EDGE('',*,*,#3082,.T.);
#1184=ORIENTED_EDGE('',*,*,#2947,.F.);
#1185=ORIENTED_EDGE('',*,*,#3083,.T.);
#1186=ORIENTED_EDGE('',*,*,#2949,.F.);
#1187=ORIENTED_EDGE('',*,*,#3084,.T.);
#1188=ORIENTED_EDGE('',*,*,#2773,.T.);
#1189=ORIENTED_EDGE('',*,*,#3085,.T.);
#1190=ORIENTED_EDGE('',*,*,#2771,.T.);
#1191=ORIENTED_EDGE('',*,*,#3086,.T.);
#1192=ORIENTED_EDGE('',*,*,#2951,.F.);
#1193=ORIENTED_EDGE('',*,*,#3087,.T.);
#1194=ORIENTED_EDGE('',*,*,#2953,.F.);
#1195=ORIENTED_EDGE('',*,*,#3088,.T.);
#1196=ORIENTED_EDGE('',*,*,#2769,.T.);
#1197=ORIENTED_EDGE('',*,*,#3089,.T.);
#1198=ORIENTED_EDGE('',*,*,#2767,.T.);
#1199=ORIENTED_EDGE('',*,*,#3090,.T.);
#1200=ORIENTED_EDGE('',*,*,#2955,.F.);
#1201=ORIENTED_EDGE('',*,*,#3091,.T.);
#1202=ORIENTED_EDGE('',*,*,#2957,.F.);
#1203=ORIENTED_EDGE('',*,*,#3092,.T.);
#1204=ORIENTED_EDGE('',*,*,#2765,.T.);
#1205=ORIENTED_EDGE('',*,*,#3093,.T.);
#1206=ORIENTED_EDGE('',*,*,#3094,.T.);
#1207=ORIENTED_EDGE('',*,*,#3052,.F.);
#1208=ORIENTED_EDGE('',*,*,#2820,.F.);
#1209=ORIENTED_EDGE('',*,*,#3095,.T.);
#1210=ORIENTED_EDGE('',*,*,#2824,.F.);
#1211=ORIENTED_EDGE('',*,*,#3096,.T.);
#1212=ORIENTED_EDGE('',*,*,#2828,.F.);
#1213=ORIENTED_EDGE('',*,*,#3097,.T.);
#1214=ORIENTED_EDGE('',*,*,#2832,.F.);
#1215=ORIENTED_EDGE('',*,*,#3098,.T.);
#1216=ORIENTED_EDGE('',*,*,#2836,.F.);
#1217=ORIENTED_EDGE('',*,*,#3099,.T.);
#1218=ORIENTED_EDGE('',*,*,#2840,.F.);
#1219=ORIENTED_EDGE('',*,*,#3100,.T.);
#1220=ORIENTED_EDGE('',*,*,#2804,.F.);
#1221=ORIENTED_EDGE('',*,*,#3101,.T.);
#1222=ORIENTED_EDGE('',*,*,#2808,.F.);
#1223=ORIENTED_EDGE('',*,*,#3102,.T.);
#1224=ORIENTED_EDGE('',*,*,#2812,.F.);
#1225=ORIENTED_EDGE('',*,*,#3103,.T.);
#1226=ORIENTED_EDGE('',*,*,#2816,.F.);
#1227=ORIENTED_EDGE('',*,*,#3104,.T.);
#1228=ORIENTED_EDGE('',*,*,#3105,.T.);
#1229=ORIENTED_EDGE('',*,*,#2974,.F.);
#1230=ORIENTED_EDGE('',*,*,#3069,.F.);
#1231=ORIENTED_EDGE('',*,*,#2748,.F.);
#1232=ORIENTED_EDGE('',*,*,#3071,.F.);
#1233=ORIENTED_EDGE('',*,*,#2978,.F.);
#1234=ORIENTED_EDGE('',*,*,#3073,.F.);
#1235=ORIENTED_EDGE('',*,*,#2744,.F.);
#1236=ORIENTED_EDGE('',*,*,#3075,.F.);
#1237=ORIENTED_EDGE('',*,*,#2942,.F.);
#1238=ORIENTED_EDGE('',*,*,#3077,.F.);
#1239=ORIENTED_EDGE('',*,*,#2780,.F.);
#1240=ORIENTED_EDGE('',*,*,#3079,.F.);
#1241=ORIENTED_EDGE('',*,*,#2946,.F.);
#1242=ORIENTED_EDGE('',*,*,#3081,.F.);
#1243=ORIENTED_EDGE('',*,*,#2776,.F.);
#1244=ORIENTED_EDGE('',*,*,#3083,.F.);
#1245=ORIENTED_EDGE('',*,*,#2950,.F.);
#1246=ORIENTED_EDGE('',*,*,#3085,.F.);
#1247=ORIENTED_EDGE('',*,*,#2772,.F.);
#1248=ORIENTED_EDGE('',*,*,#3087,.F.);
#1249=ORIENTED_EDGE('',*,*,#2954,.F.);
#1250=ORIENTED_EDGE('',*,*,#3089,.F.);
#1251=ORIENTED_EDGE('',*,*,#2768,.F.);
#1252=ORIENTED_EDGE('',*,*,#3091,.F.);
#1253=ORIENTED_EDGE('',*,*,#2958,.F.);
#1254=ORIENTED_EDGE('',*,*,#3093,.F.);
#1255=ORIENTED_EDGE('',*,*,#2764,.F.);
#1256=ORIENTED_EDGE('',*,*,#3055,.F.);
#1257=ORIENTED_EDGE('',*,*,#2962,.F.);
#1258=ORIENTED_EDGE('',*,*,#3057,.F.);
#1259=ORIENTED_EDGE('',*,*,#2760,.F.);
#1260=ORIENTED_EDGE('',*,*,#3059,.F.);
#1261=ORIENTED_EDGE('',*,*,#2966,.F.);
#1262=ORIENTED_EDGE('',*,*,#3061,.F.);
#1263=ORIENTED_EDGE('',*,*,#2756,.F.);
#1264=ORIENTED_EDGE('',*,*,#3063,.F.);
#1265=ORIENTED_EDGE('',*,*,#2970,.F.);
#1266=ORIENTED_EDGE('',*,*,#3065,.F.);
#1267=ORIENTED_EDGE('',*,*,#2752,.F.);
#1268=ORIENTED_EDGE('',*,*,#3067,.F.);
#1269=ORIENTED_EDGE('',*,*,#2940,.F.);
#1270=ORIENTED_EDGE('',*,*,#3074,.F.);
#1271=ORIENTED_EDGE('',*,*,#2742,.F.);
#1272=ORIENTED_EDGE('',*,*,#3076,.F.);
#1273=ORIENTED_EDGE('',*,*,#2944,.F.);
#1274=ORIENTED_EDGE('',*,*,#3078,.F.);
#1275=ORIENTED_EDGE('',*,*,#2778,.F.);
#1276=ORIENTED_EDGE('',*,*,#3080,.F.);
#1277=ORIENTED_EDGE('',*,*,#2948,.F.);
#1278=ORIENTED_EDGE('',*,*,#3082,.F.);
#1279=ORIENTED_EDGE('',*,*,#2774,.F.);
#1280=ORIENTED_EDGE('',*,*,#3084,.F.);
#1281=ORIENTED_EDGE('',*,*,#2952,.F.);
#1282=ORIENTED_EDGE('',*,*,#3086,.F.);
#1283=ORIENTED_EDGE('',*,*,#2770,.F.);
#1284=ORIENTED_EDGE('',*,*,#3088,.F.);
#1285=ORIENTED_EDGE('',*,*,#2956,.F.);
#1286=ORIENTED_EDGE('',*,*,#3090,.F.);
#1287=ORIENTED_EDGE('',*,*,#2766,.F.);
#1288=ORIENTED_EDGE('',*,*,#3092,.F.);
#1289=ORIENTED_EDGE('',*,*,#2960,.F.);
#1290=ORIENTED_EDGE('',*,*,#3054,.F.);
#1291=ORIENTED_EDGE('',*,*,#2762,.F.);
#1292=ORIENTED_EDGE('',*,*,#3056,.F.);
#1293=ORIENTED_EDGE('',*,*,#2964,.F.);
#1294=ORIENTED_EDGE('',*,*,#3058,.F.);
#1295=ORIENTED_EDGE('',*,*,#2758,.F.);
#1296=ORIENTED_EDGE('',*,*,#3060,.F.);
#1297=ORIENTED_EDGE('',*,*,#2976,.F.);
#1298=ORIENTED_EDGE('',*,*,#3070,.F.);
#1299=ORIENTED_EDGE('',*,*,#2746,.F.);
#1300=ORIENTED_EDGE('',*,*,#3072,.F.);
#1301=ORIENTED_EDGE('',*,*,#2972,.F.);
#1302=ORIENTED_EDGE('',*,*,#3066,.F.);
#1303=ORIENTED_EDGE('',*,*,#2750,.F.);
#1304=ORIENTED_EDGE('',*,*,#3068,.F.);
#1305=ORIENTED_EDGE('',*,*,#2968,.F.);
#1306=ORIENTED_EDGE('',*,*,#3062,.F.);
#1307=ORIENTED_EDGE('',*,*,#2754,.F.);
#1308=ORIENTED_EDGE('',*,*,#3064,.F.);
#1309=ORIENTED_EDGE('',*,*,#3106,.T.);
#1310=ORIENTED_EDGE('',*,*,#2979,.T.);
#1311=ORIENTED_EDGE('',*,*,#3107,.T.);
#1312=ORIENTED_EDGE('',*,*,#3108,.T.);
#1313=ORIENTED_EDGE('',*,*,#3109,.F.);
#1314=ORIENTED_EDGE('',*,*,#3053,.T.);
#1315=ORIENTED_EDGE('',*,*,#3110,.T.);
#1316=ORIENTED_EDGE('',*,*,#3105,.F.);
#1317=ORIENTED_EDGE('',*,*,#3109,.T.);
#1318=ORIENTED_EDGE('',*,*,#3110,.F.);
#1319=ORIENTED_EDGE('',*,*,#3106,.F.);
#1320=ORIENTED_EDGE('',*,*,#3107,.F.);
#1321=ORIENTED_EDGE('',*,*,#3108,.F.);
#1322=ORIENTED_EDGE('',*,*,#3094,.F.);
#1323=ORIENTED_EDGE('',*,*,#2934,.F.);
#1324=ORIENTED_EDGE('',*,*,#3111,.F.);
#1325=ORIENTED_EDGE('',*,*,#3112,.T.);
#1326=ORIENTED_EDGE('',*,*,#3113,.T.);
#1327=ORIENTED_EDGE('',*,*,#2933,.F.);
#1328=ORIENTED_EDGE('',*,*,#3114,.F.);
#1329=ORIENTED_EDGE('',*,*,#3115,.T.);
#1330=ORIENTED_EDGE('',*,*,#3111,.T.);
#1331=ORIENTED_EDGE('',*,*,#2938,.F.);
#1332=ORIENTED_EDGE('',*,*,#3116,.F.);
#1333=ORIENTED_EDGE('',*,*,#3117,.T.);
#1334=ORIENTED_EDGE('',*,*,#3114,.T.);
#1335=ORIENTED_EDGE('',*,*,#2937,.F.);
#1336=ORIENTED_EDGE('',*,*,#3118,.F.);
#1337=ORIENTED_EDGE('',*,*,#3119,.T.);
#1338=ORIENTED_EDGE('',*,*,#3116,.T.);
#1339=ORIENTED_EDGE('',*,*,#2936,.F.);
#1340=ORIENTED_EDGE('',*,*,#3120,.F.);
#1341=ORIENTED_EDGE('',*,*,#3121,.T.);
#1342=ORIENTED_EDGE('',*,*,#3118,.T.);
#1343=ORIENTED_EDGE('',*,*,#2935,.F.);
#1344=ORIENTED_EDGE('',*,*,#3113,.F.);
#1345=ORIENTED_EDGE('',*,*,#3122,.T.);
#1346=ORIENTED_EDGE('',*,*,#3120,.T.);
#1347=ORIENTED_EDGE('',*,*,#3112,.F.);
#1348=ORIENTED_EDGE('',*,*,#3115,.F.);
#1349=ORIENTED_EDGE('',*,*,#3117,.F.);
#1350=ORIENTED_EDGE('',*,*,#3119,.F.);
#1351=ORIENTED_EDGE('',*,*,#3121,.F.);
#1352=ORIENTED_EDGE('',*,*,#3122,.F.);
#1353=ORIENTED_EDGE('',*,*,#3123,.F.);
#1354=ORIENTED_EDGE('',*,*,#3124,.F.);
#1355=ORIENTED_EDGE('',*,*,#3125,.T.);
#1356=ORIENTED_EDGE('',*,*,#3126,.T.);
#1357=ORIENTED_EDGE('',*,*,#3127,.F.);
#1358=ORIENTED_EDGE('',*,*,#3128,.F.);
#1359=ORIENTED_EDGE('',*,*,#3129,.T.);
#1360=ORIENTED_EDGE('',*,*,#3124,.T.);
#1361=ORIENTED_EDGE('',*,*,#3130,.F.);
#1362=ORIENTED_EDGE('',*,*,#3131,.F.);
#1363=ORIENTED_EDGE('',*,*,#3132,.T.);
#1364=ORIENTED_EDGE('',*,*,#3128,.T.);
#1365=ORIENTED_EDGE('',*,*,#3133,.F.);
#1366=ORIENTED_EDGE('',*,*,#3134,.F.);
#1367=ORIENTED_EDGE('',*,*,#3135,.T.);
#1368=ORIENTED_EDGE('',*,*,#3131,.T.);
#1369=ORIENTED_EDGE('',*,*,#3136,.F.);
#1370=ORIENTED_EDGE('',*,*,#3137,.F.);
#1371=ORIENTED_EDGE('',*,*,#3138,.T.);
#1372=ORIENTED_EDGE('',*,*,#3134,.T.);
#1373=ORIENTED_EDGE('',*,*,#3139,.F.);
#1374=ORIENTED_EDGE('',*,*,#3140,.F.);
#1375=ORIENTED_EDGE('',*,*,#3141,.T.);
#1376=ORIENTED_EDGE('',*,*,#3137,.T.);
#1377=ORIENTED_EDGE('',*,*,#3142,.F.);
#1378=ORIENTED_EDGE('',*,*,#3143,.F.);
#1379=ORIENTED_EDGE('',*,*,#3144,.T.);
#1380=ORIENTED_EDGE('',*,*,#3140,.T.);
#1381=ORIENTED_EDGE('',*,*,#3145,.F.);
#1382=ORIENTED_EDGE('',*,*,#3146,.F.);
#1383=ORIENTED_EDGE('',*,*,#3147,.T.);
#1384=ORIENTED_EDGE('',*,*,#3148,.T.);
#1385=ORIENTED_EDGE('',*,*,#3149,.F.);
#1386=ORIENTED_EDGE('',*,*,#3150,.F.);
#1387=ORIENTED_EDGE('',*,*,#3151,.T.);
#1388=ORIENTED_EDGE('',*,*,#3146,.T.);
#1389=ORIENTED_EDGE('',*,*,#3152,.F.);
#1390=ORIENTED_EDGE('',*,*,#3153,.F.);
#1391=ORIENTED_EDGE('',*,*,#3154,.T.);
#1392=ORIENTED_EDGE('',*,*,#3150,.T.);
#1393=ORIENTED_EDGE('',*,*,#3155,.F.);
#1394=ORIENTED_EDGE('',*,*,#3156,.F.);
#1395=ORIENTED_EDGE('',*,*,#3157,.T.);
#1396=ORIENTED_EDGE('',*,*,#3153,.T.);
#1397=ORIENTED_EDGE('',*,*,#3158,.F.);
#1398=ORIENTED_EDGE('',*,*,#3159,.F.);
#1399=ORIENTED_EDGE('',*,*,#3160,.T.);
#1400=ORIENTED_EDGE('',*,*,#3156,.T.);
#1401=ORIENTED_EDGE('',*,*,#3161,.F.);
#1402=ORIENTED_EDGE('',*,*,#3162,.F.);
#1403=ORIENTED_EDGE('',*,*,#3163,.T.);
#1404=ORIENTED_EDGE('',*,*,#3159,.T.);
#1405=ORIENTED_EDGE('',*,*,#3164,.F.);
#1406=ORIENTED_EDGE('',*,*,#3165,.F.);
#1407=ORIENTED_EDGE('',*,*,#3166,.T.);
#1408=ORIENTED_EDGE('',*,*,#3162,.T.);
#1409=ORIENTED_EDGE('',*,*,#2981,.F.);
#1410=ORIENTED_EDGE('',*,*,#3167,.F.);
#1411=ORIENTED_EDGE('',*,*,#3168,.T.);
#1412=ORIENTED_EDGE('',*,*,#3169,.T.);
#1413=ORIENTED_EDGE('',*,*,#2980,.F.);
#1414=ORIENTED_EDGE('',*,*,#3170,.F.);
#1415=ORIENTED_EDGE('',*,*,#3171,.T.);
#1416=ORIENTED_EDGE('',*,*,#3167,.T.);
#1417=ORIENTED_EDGE('',*,*,#2999,.F.);
#1418=ORIENTED_EDGE('',*,*,#3172,.F.);
#1419=ORIENTED_EDGE('',*,*,#3173,.T.);
#1420=ORIENTED_EDGE('',*,*,#3170,.T.);
#1421=ORIENTED_EDGE('',*,*,#2998,.F.);
#1422=ORIENTED_EDGE('',*,*,#3174,.F.);
#1423=ORIENTED_EDGE('',*,*,#3175,.T.);
#1424=ORIENTED_EDGE('',*,*,#3172,.T.);
#1425=ORIENTED_EDGE('',*,*,#2997,.F.);
#1426=ORIENTED_EDGE('',*,*,#3176,.F.);
#1427=ORIENTED_EDGE('',*,*,#3177,.T.);
#1428=ORIENTED_EDGE('',*,*,#3174,.T.);
#1429=ORIENTED_EDGE('',*,*,#2996,.F.);
#1430=ORIENTED_EDGE('',*,*,#3178,.F.);
#1431=ORIENTED_EDGE('',*,*,#3179,.T.);
#1432=ORIENTED_EDGE('',*,*,#3176,.T.);
#1433=ORIENTED_EDGE('',*,*,#2995,.F.);
#1434=ORIENTED_EDGE('',*,*,#3180,.F.);
#1435=ORIENTED_EDGE('',*,*,#3181,.T.);
#1436=ORIENTED_EDGE('',*,*,#3178,.T.);
#1437=ORIENTED_EDGE('',*,*,#2994,.F.);
#1438=ORIENTED_EDGE('',*,*,#3182,.F.);
#1439=ORIENTED_EDGE('',*,*,#3183,.T.);
#1440=ORIENTED_EDGE('',*,*,#3180,.T.);
#1441=ORIENTED_EDGE('',*,*,#2993,.F.);
#1442=ORIENTED_EDGE('',*,*,#3184,.F.);
#1443=ORIENTED_EDGE('',*,*,#3185,.T.);
#1444=ORIENTED_EDGE('',*,*,#3182,.T.);
#1445=ORIENTED_EDGE('',*,*,#2992,.F.);
#1446=ORIENTED_EDGE('',*,*,#3186,.F.);
#1447=ORIENTED_EDGE('',*,*,#3187,.T.);
#1448=ORIENTED_EDGE('',*,*,#3184,.T.);
#1449=ORIENTED_EDGE('',*,*,#2991,.F.);
#1450=ORIENTED_EDGE('',*,*,#3188,.F.);
#1451=ORIENTED_EDGE('',*,*,#3189,.T.);
#1452=ORIENTED_EDGE('',*,*,#3186,.T.);
#1453=ORIENTED_EDGE('',*,*,#2990,.F.);
#1454=ORIENTED_EDGE('',*,*,#3190,.F.);
#1455=ORIENTED_EDGE('',*,*,#3191,.T.);
#1456=ORIENTED_EDGE('',*,*,#3188,.T.);
#1457=ORIENTED_EDGE('',*,*,#2989,.F.);
#1458=ORIENTED_EDGE('',*,*,#3192,.F.);
#1459=ORIENTED_EDGE('',*,*,#3193,.T.);
#1460=ORIENTED_EDGE('',*,*,#3190,.T.);
#1461=ORIENTED_EDGE('',*,*,#2988,.F.);
#1462=ORIENTED_EDGE('',*,*,#3194,.F.);
#1463=ORIENTED_EDGE('',*,*,#3195,.T.);
#1464=ORIENTED_EDGE('',*,*,#3192,.T.);
#1465=ORIENTED_EDGE('',*,*,#2987,.F.);
#1466=ORIENTED_EDGE('',*,*,#3196,.F.);
#1467=ORIENTED_EDGE('',*,*,#3197,.T.);
#1468=ORIENTED_EDGE('',*,*,#3194,.T.);
#1469=ORIENTED_EDGE('',*,*,#2986,.F.);
#1470=ORIENTED_EDGE('',*,*,#3198,.F.);
#1471=ORIENTED_EDGE('',*,*,#3199,.T.);
#1472=ORIENTED_EDGE('',*,*,#3196,.T.);
#1473=ORIENTED_EDGE('',*,*,#2985,.F.);
#1474=ORIENTED_EDGE('',*,*,#3200,.F.);
#1475=ORIENTED_EDGE('',*,*,#3201,.T.);
#1476=ORIENTED_EDGE('',*,*,#3198,.T.);
#1477=ORIENTED_EDGE('',*,*,#2984,.F.);
#1478=ORIENTED_EDGE('',*,*,#3202,.F.);
#1479=ORIENTED_EDGE('',*,*,#3203,.T.);
#1480=ORIENTED_EDGE('',*,*,#3200,.T.);
#1481=ORIENTED_EDGE('',*,*,#2983,.F.);
#1482=ORIENTED_EDGE('',*,*,#3204,.F.);
#1483=ORIENTED_EDGE('',*,*,#3205,.T.);
#1484=ORIENTED_EDGE('',*,*,#3202,.T.);
#1485=ORIENTED_EDGE('',*,*,#3206,.F.);
#1486=ORIENTED_EDGE('',*,*,#3148,.F.);
#1487=ORIENTED_EDGE('',*,*,#3207,.T.);
#1488=ORIENTED_EDGE('',*,*,#3165,.T.);
#1489=ORIENTED_EDGE('',*,*,#2982,.F.);
#1490=ORIENTED_EDGE('',*,*,#3169,.F.);
#1491=ORIENTED_EDGE('',*,*,#3208,.T.);
#1492=ORIENTED_EDGE('',*,*,#3204,.T.);
#1493=ORIENTED_EDGE('',*,*,#3209,.F.);
#1494=ORIENTED_EDGE('',*,*,#3126,.F.);
#1495=ORIENTED_EDGE('',*,*,#3210,.T.);
#1496=ORIENTED_EDGE('',*,*,#3143,.T.);
#1497=ORIENTED_EDGE('',*,*,#3168,.F.);
#1498=ORIENTED_EDGE('',*,*,#3171,.F.);
#1499=ORIENTED_EDGE('',*,*,#3173,.F.);
#1500=ORIENTED_EDGE('',*,*,#3175,.F.);
#1501=ORIENTED_EDGE('',*,*,#3177,.F.);
#1502=ORIENTED_EDGE('',*,*,#3179,.F.);
#1503=ORIENTED_EDGE('',*,*,#3181,.F.);
#1504=ORIENTED_EDGE('',*,*,#3183,.F.);
#1505=ORIENTED_EDGE('',*,*,#3185,.F.);
#1506=ORIENTED_EDGE('',*,*,#3187,.F.);
#1507=ORIENTED_EDGE('',*,*,#3189,.F.);
#1508=ORIENTED_EDGE('',*,*,#3191,.F.);
#1509=ORIENTED_EDGE('',*,*,#3193,.F.);
#1510=ORIENTED_EDGE('',*,*,#3195,.F.);
#1511=ORIENTED_EDGE('',*,*,#3197,.F.);
#1512=ORIENTED_EDGE('',*,*,#3199,.F.);
#1513=ORIENTED_EDGE('',*,*,#3201,.F.);
#1514=ORIENTED_EDGE('',*,*,#3203,.F.);
#1515=ORIENTED_EDGE('',*,*,#3205,.F.);
#1516=ORIENTED_EDGE('',*,*,#3208,.F.);
#1517=ORIENTED_EDGE('',*,*,#3147,.F.);
#1518=ORIENTED_EDGE('',*,*,#3151,.F.);
#1519=ORIENTED_EDGE('',*,*,#3154,.F.);
#1520=ORIENTED_EDGE('',*,*,#3157,.F.);
#1521=ORIENTED_EDGE('',*,*,#3160,.F.);
#1522=ORIENTED_EDGE('',*,*,#3163,.F.);
#1523=ORIENTED_EDGE('',*,*,#3166,.F.);
#1524=ORIENTED_EDGE('',*,*,#3207,.F.);
#1525=ORIENTED_EDGE('',*,*,#3125,.F.);
#1526=ORIENTED_EDGE('',*,*,#3129,.F.);
#1527=ORIENTED_EDGE('',*,*,#3132,.F.);
#1528=ORIENTED_EDGE('',*,*,#3135,.F.);
#1529=ORIENTED_EDGE('',*,*,#3138,.F.);
#1530=ORIENTED_EDGE('',*,*,#3141,.F.);
#1531=ORIENTED_EDGE('',*,*,#3144,.F.);
#1532=ORIENTED_EDGE('',*,*,#3210,.F.);
#1533=ORIENTED_EDGE('',*,*,#3149,.T.);
#1534=ORIENTED_EDGE('',*,*,#3145,.T.);
#1535=ORIENTED_EDGE('',*,*,#3206,.T.);
#1536=ORIENTED_EDGE('',*,*,#3164,.T.);
#1537=ORIENTED_EDGE('',*,*,#3161,.T.);
#1538=ORIENTED_EDGE('',*,*,#3158,.T.);
#1539=ORIENTED_EDGE('',*,*,#3155,.T.);
#1540=ORIENTED_EDGE('',*,*,#3152,.T.);
#1541=ORIENTED_EDGE('',*,*,#3211,.F.);
#1542=ORIENTED_EDGE('',*,*,#3212,.F.);
#1543=ORIENTED_EDGE('',*,*,#3213,.T.);
#1544=ORIENTED_EDGE('',*,*,#3214,.T.);
#1545=ORIENTED_EDGE('',*,*,#3215,.F.);
#1546=ORIENTED_EDGE('',*,*,#3216,.F.);
#1547=ORIENTED_EDGE('',*,*,#3217,.T.);
#1548=ORIENTED_EDGE('',*,*,#3212,.T.);
#1549=ORIENTED_EDGE('',*,*,#2923,.F.);
#1550=ORIENTED_EDGE('',*,*,#3218,.F.);
#1551=ORIENTED_EDGE('',*,*,#3219,.T.);
#1552=ORIENTED_EDGE('',*,*,#3220,.T.);
#1553=ORIENTED_EDGE('',*,*,#2922,.F.);
#1554=ORIENTED_EDGE('',*,*,#3221,.F.);
#1555=ORIENTED_EDGE('',*,*,#3222,.T.);
#1556=ORIENTED_EDGE('',*,*,#3218,.T.);
#1557=ORIENTED_EDGE('',*,*,#2932,.F.);
#1558=ORIENTED_EDGE('',*,*,#3223,.F.);
#1559=ORIENTED_EDGE('',*,*,#3224,.T.);
#1560=ORIENTED_EDGE('',*,*,#3221,.T.);
#1561=ORIENTED_EDGE('',*,*,#2931,.F.);
#1562=ORIENTED_EDGE('',*,*,#3225,.F.);
#1563=ORIENTED_EDGE('',*,*,#3226,.T.);
#1564=ORIENTED_EDGE('',*,*,#3223,.T.);
#1565=ORIENTED_EDGE('',*,*,#2930,.F.);
#1566=ORIENTED_EDGE('',*,*,#3227,.F.);
#1567=ORIENTED_EDGE('',*,*,#3228,.T.);
#1568=ORIENTED_EDGE('',*,*,#3225,.T.);
#1569=ORIENTED_EDGE('',*,*,#2929,.F.);
#1570=ORIENTED_EDGE('',*,*,#3229,.F.);
#1571=ORIENTED_EDGE('',*,*,#3230,.T.);
#1572=ORIENTED_EDGE('',*,*,#3227,.T.);
#1573=ORIENTED_EDGE('',*,*,#2928,.F.);
#1574=ORIENTED_EDGE('',*,*,#3231,.F.);
#1575=ORIENTED_EDGE('',*,*,#3232,.T.);
#1576=ORIENTED_EDGE('',*,*,#3229,.T.);
#1577=ORIENTED_EDGE('',*,*,#2927,.F.);
#1578=ORIENTED_EDGE('',*,*,#3233,.F.);
#1579=ORIENTED_EDGE('',*,*,#3234,.T.);
#1580=ORIENTED_EDGE('',*,*,#3231,.T.);
#1581=ORIENTED_EDGE('',*,*,#2926,.F.);
#1582=ORIENTED_EDGE('',*,*,#3235,.F.);
#1583=ORIENTED_EDGE('',*,*,#3236,.T.);
#1584=ORIENTED_EDGE('',*,*,#3233,.T.);
#1585=ORIENTED_EDGE('',*,*,#2925,.F.);
#1586=ORIENTED_EDGE('',*,*,#3237,.F.);
#1587=ORIENTED_EDGE('',*,*,#3238,.T.);
#1588=ORIENTED_EDGE('',*,*,#3235,.T.);
#1589=ORIENTED_EDGE('',*,*,#2924,.F.);
#1590=ORIENTED_EDGE('',*,*,#3220,.F.);
#1591=ORIENTED_EDGE('',*,*,#3239,.T.);
#1592=ORIENTED_EDGE('',*,*,#3237,.T.);
#1593=ORIENTED_EDGE('',*,*,#3240,.F.);
#1594=ORIENTED_EDGE('',*,*,#3214,.F.);
#1595=ORIENTED_EDGE('',*,*,#3241,.T.);
#1596=ORIENTED_EDGE('',*,*,#3216,.T.);
#1597=ORIENTED_EDGE('',*,*,#3219,.F.);
#1598=ORIENTED_EDGE('',*,*,#3222,.F.);
#1599=ORIENTED_EDGE('',*,*,#3224,.F.);
#1600=ORIENTED_EDGE('',*,*,#3226,.F.);
#1601=ORIENTED_EDGE('',*,*,#3228,.F.);
#1602=ORIENTED_EDGE('',*,*,#3230,.F.);
#1603=ORIENTED_EDGE('',*,*,#3232,.F.);
#1604=ORIENTED_EDGE('',*,*,#3234,.F.);
#1605=ORIENTED_EDGE('',*,*,#3236,.F.);
#1606=ORIENTED_EDGE('',*,*,#3238,.F.);
#1607=ORIENTED_EDGE('',*,*,#3239,.F.);
#1608=ORIENTED_EDGE('',*,*,#3213,.F.);
#1609=ORIENTED_EDGE('',*,*,#3217,.F.);
#1610=ORIENTED_EDGE('',*,*,#3241,.F.);
#1611=ORIENTED_EDGE('',*,*,#2916,.F.);
#1612=ORIENTED_EDGE('',*,*,#3242,.F.);
#1613=ORIENTED_EDGE('',*,*,#3243,.T.);
#1614=ORIENTED_EDGE('',*,*,#3244,.T.);
#1615=ORIENTED_EDGE('',*,*,#2915,.F.);
#1616=ORIENTED_EDGE('',*,*,#3245,.F.);
#1617=ORIENTED_EDGE('',*,*,#3246,.T.);
#1618=ORIENTED_EDGE('',*,*,#3242,.T.);
#1619=ORIENTED_EDGE('',*,*,#2921,.F.);
#1620=ORIENTED_EDGE('',*,*,#3247,.F.);
#1621=ORIENTED_EDGE('',*,*,#3248,.T.);
#1622=ORIENTED_EDGE('',*,*,#3245,.T.);
#1623=ORIENTED_EDGE('',*,*,#2920,.F.);
#1624=ORIENTED_EDGE('',*,*,#3249,.F.);
#1625=ORIENTED_EDGE('',*,*,#3250,.T.);
#1626=ORIENTED_EDGE('',*,*,#3247,.T.);
#1627=ORIENTED_EDGE('',*,*,#2919,.F.);
#1628=ORIENTED_EDGE('',*,*,#3251,.F.);
#1629=ORIENTED_EDGE('',*,*,#3252,.T.);
#1630=ORIENTED_EDGE('',*,*,#3249,.T.);
#1631=ORIENTED_EDGE('',*,*,#2918,.F.);
#1632=ORIENTED_EDGE('',*,*,#3253,.F.);
#1633=ORIENTED_EDGE('',*,*,#3254,.T.);
#1634=ORIENTED_EDGE('',*,*,#3251,.T.);
#1635=ORIENTED_EDGE('',*,*,#2917,.F.);
#1636=ORIENTED_EDGE('',*,*,#3244,.F.);
#1637=ORIENTED_EDGE('',*,*,#3255,.T.);
#1638=ORIENTED_EDGE('',*,*,#3253,.T.);
#1639=ORIENTED_EDGE('',*,*,#3243,.F.);
#1640=ORIENTED_EDGE('',*,*,#3246,.F.);
#1641=ORIENTED_EDGE('',*,*,#3248,.F.);
#1642=ORIENTED_EDGE('',*,*,#3250,.F.);
#1643=ORIENTED_EDGE('',*,*,#3252,.F.);
#1644=ORIENTED_EDGE('',*,*,#3254,.F.);
#1645=ORIENTED_EDGE('',*,*,#3255,.F.);
#1646=ORIENTED_EDGE('',*,*,#2884,.F.);
#1647=ORIENTED_EDGE('',*,*,#3256,.F.);
#1648=ORIENTED_EDGE('',*,*,#3257,.T.);
#1649=ORIENTED_EDGE('',*,*,#3258,.T.);
#1650=ORIENTED_EDGE('',*,*,#2883,.F.);
#1651=ORIENTED_EDGE('',*,*,#3259,.F.);
#1652=ORIENTED_EDGE('',*,*,#3260,.T.);
#1653=ORIENTED_EDGE('',*,*,#3256,.T.);
#1654=ORIENTED_EDGE('',*,*,#2914,.F.);
#1655=ORIENTED_EDGE('',*,*,#3261,.F.);
#1656=ORIENTED_EDGE('',*,*,#3262,.T.);
#1657=ORIENTED_EDGE('',*,*,#3259,.T.);
#1658=ORIENTED_EDGE('',*,*,#2913,.F.);
#1659=ORIENTED_EDGE('',*,*,#3263,.F.);
#1660=ORIENTED_EDGE('',*,*,#3264,.T.);
#1661=ORIENTED_EDGE('',*,*,#3261,.T.);
#1662=ORIENTED_EDGE('',*,*,#2912,.F.);
#1663=ORIENTED_EDGE('',*,*,#3265,.F.);
#1664=ORIENTED_EDGE('',*,*,#3266,.T.);
#1665=ORIENTED_EDGE('',*,*,#3263,.T.);
#1666=ORIENTED_EDGE('',*,*,#2911,.F.);
#1667=ORIENTED_EDGE('',*,*,#3267,.F.);
#1668=ORIENTED_EDGE('',*,*,#3268,.T.);
#1669=ORIENTED_EDGE('',*,*,#3265,.T.);
#1670=ORIENTED_EDGE('',*,*,#2910,.F.);
#1671=ORIENTED_EDGE('',*,*,#3269,.F.);
#1672=ORIENTED_EDGE('',*,*,#3270,.T.);
#1673=ORIENTED_EDGE('',*,*,#3267,.T.);
#1674=ORIENTED_EDGE('',*,*,#2909,.F.);
#1675=ORIENTED_EDGE('',*,*,#3271,.F.);
#1676=ORIENTED_EDGE('',*,*,#3272,.T.);
#1677=ORIENTED_EDGE('',*,*,#3269,.T.);
#1678=ORIENTED_EDGE('',*,*,#2908,.F.);
#1679=ORIENTED_EDGE('',*,*,#3273,.F.);
#1680=ORIENTED_EDGE('',*,*,#3274,.T.);
#1681=ORIENTED_EDGE('',*,*,#3271,.T.);
#1682=ORIENTED_EDGE('',*,*,#2907,.F.);
#1683=ORIENTED_EDGE('',*,*,#3275,.F.);
#1684=ORIENTED_EDGE('',*,*,#3276,.T.);
#1685=ORIENTED_EDGE('',*,*,#3273,.T.);
#1686=ORIENTED_EDGE('',*,*,#2906,.F.);
#1687=ORIENTED_EDGE('',*,*,#3277,.F.);
#1688=ORIENTED_EDGE('',*,*,#3278,.T.);
#1689=ORIENTED_EDGE('',*,*,#3275,.T.);
#1690=ORIENTED_EDGE('',*,*,#2905,.F.);
#1691=ORIENTED_EDGE('',*,*,#3279,.F.);
#1692=ORIENTED_EDGE('',*,*,#3280,.T.);
#1693=ORIENTED_EDGE('',*,*,#3277,.T.);
#1694=ORIENTED_EDGE('',*,*,#2904,.F.);
#1695=ORIENTED_EDGE('',*,*,#3281,.F.);
#1696=ORIENTED_EDGE('',*,*,#3282,.T.);
#1697=ORIENTED_EDGE('',*,*,#3279,.T.);
#1698=ORIENTED_EDGE('',*,*,#2903,.F.);
#1699=ORIENTED_EDGE('',*,*,#3283,.F.);
#1700=ORIENTED_EDGE('',*,*,#3284,.T.);
#1701=ORIENTED_EDGE('',*,*,#3281,.T.);
#1702=ORIENTED_EDGE('',*,*,#2902,.F.);
#1703=ORIENTED_EDGE('',*,*,#3285,.F.);
#1704=ORIENTED_EDGE('',*,*,#3286,.T.);
#1705=ORIENTED_EDGE('',*,*,#3283,.T.);
#1706=ORIENTED_EDGE('',*,*,#2901,.F.);
#1707=ORIENTED_EDGE('',*,*,#3287,.F.);
#1708=ORIENTED_EDGE('',*,*,#3288,.T.);
#1709=ORIENTED_EDGE('',*,*,#3285,.T.);
#1710=ORIENTED_EDGE('',*,*,#2900,.F.);
#1711=ORIENTED_EDGE('',*,*,#3289,.F.);
#1712=ORIENTED_EDGE('',*,*,#3290,.T.);
#1713=ORIENTED_EDGE('',*,*,#3287,.T.);
#1714=ORIENTED_EDGE('',*,*,#2899,.F.);
#1715=ORIENTED_EDGE('',*,*,#3291,.F.);
#1716=ORIENTED_EDGE('',*,*,#3292,.T.);
#1717=ORIENTED_EDGE('',*,*,#3289,.T.);
#1718=ORIENTED_EDGE('',*,*,#2898,.F.);
#1719=ORIENTED_EDGE('',*,*,#3293,.F.);
#1720=ORIENTED_EDGE('',*,*,#3294,.T.);
#1721=ORIENTED_EDGE('',*,*,#3291,.T.);
#1722=ORIENTED_EDGE('',*,*,#2897,.F.);
#1723=ORIENTED_EDGE('',*,*,#3295,.F.);
#1724=ORIENTED_EDGE('',*,*,#3296,.T.);
#1725=ORIENTED_EDGE('',*,*,#3293,.T.);
#1726=ORIENTED_EDGE('',*,*,#2896,.F.);
#1727=ORIENTED_EDGE('',*,*,#3297,.F.);
#1728=ORIENTED_EDGE('',*,*,#3298,.T.);
#1729=ORIENTED_EDGE('',*,*,#3295,.T.);
#1730=ORIENTED_EDGE('',*,*,#2895,.F.);
#1731=ORIENTED_EDGE('',*,*,#3299,.F.);
#1732=ORIENTED_EDGE('',*,*,#3300,.T.);
#1733=ORIENTED_EDGE('',*,*,#3297,.T.);
#1734=ORIENTED_EDGE('',*,*,#2894,.F.);
#1735=ORIENTED_EDGE('',*,*,#3301,.F.);
#1736=ORIENTED_EDGE('',*,*,#3302,.T.);
#1737=ORIENTED_EDGE('',*,*,#3299,.T.);
#1738=ORIENTED_EDGE('',*,*,#2893,.F.);
#1739=ORIENTED_EDGE('',*,*,#3303,.F.);
#1740=ORIENTED_EDGE('',*,*,#3304,.T.);
#1741=ORIENTED_EDGE('',*,*,#3301,.T.);
#1742=ORIENTED_EDGE('',*,*,#2892,.F.);
#1743=ORIENTED_EDGE('',*,*,#3305,.F.);
#1744=ORIENTED_EDGE('',*,*,#3306,.T.);
#1745=ORIENTED_EDGE('',*,*,#3303,.T.);
#1746=ORIENTED_EDGE('',*,*,#2891,.F.);
#1747=ORIENTED_EDGE('',*,*,#3307,.F.);
#1748=ORIENTED_EDGE('',*,*,#3308,.T.);
#1749=ORIENTED_EDGE('',*,*,#3305,.T.);
#1750=ORIENTED_EDGE('',*,*,#2890,.F.);
#1751=ORIENTED_EDGE('',*,*,#3309,.F.);
#1752=ORIENTED_EDGE('',*,*,#3310,.T.);
#1753=ORIENTED_EDGE('',*,*,#3307,.T.);
#1754=ORIENTED_EDGE('',*,*,#2889,.F.);
#1755=ORIENTED_EDGE('',*,*,#3311,.F.);
#1756=ORIENTED_EDGE('',*,*,#3312,.T.);
#1757=ORIENTED_EDGE('',*,*,#3309,.T.);
#1758=ORIENTED_EDGE('',*,*,#2888,.F.);
#1759=ORIENTED_EDGE('',*,*,#3313,.F.);
#1760=ORIENTED_EDGE('',*,*,#3314,.T.);
#1761=ORIENTED_EDGE('',*,*,#3311,.T.);
#1762=ORIENTED_EDGE('',*,*,#2887,.F.);
#1763=ORIENTED_EDGE('',*,*,#3315,.F.);
#1764=ORIENTED_EDGE('',*,*,#3316,.T.);
#1765=ORIENTED_EDGE('',*,*,#3313,.T.);
#1766=ORIENTED_EDGE('',*,*,#2886,.F.);
#1767=ORIENTED_EDGE('',*,*,#3317,.F.);
#1768=ORIENTED_EDGE('',*,*,#3318,.T.);
#1769=ORIENTED_EDGE('',*,*,#3315,.T.);
#1770=ORIENTED_EDGE('',*,*,#2885,.F.);
#1771=ORIENTED_EDGE('',*,*,#3258,.F.);
#1772=ORIENTED_EDGE('',*,*,#3319,.T.);
#1773=ORIENTED_EDGE('',*,*,#3317,.T.);
#1774=ORIENTED_EDGE('',*,*,#3257,.F.);
#1775=ORIENTED_EDGE('',*,*,#3260,.F.);
#1776=ORIENTED_EDGE('',*,*,#3262,.F.);
#1777=ORIENTED_EDGE('',*,*,#3264,.F.);
#1778=ORIENTED_EDGE('',*,*,#3266,.F.);
#1779=ORIENTED_EDGE('',*,*,#3268,.F.);
#1780=ORIENTED_EDGE('',*,*,#3270,.F.);
#1781=ORIENTED_EDGE('',*,*,#3272,.F.);
#1782=ORIENTED_EDGE('',*,*,#3274,.F.);
#1783=ORIENTED_EDGE('',*,*,#3276,.F.);
#1784=ORIENTED_EDGE('',*,*,#3278,.F.);
#1785=ORIENTED_EDGE('',*,*,#3280,.F.);
#1786=ORIENTED_EDGE('',*,*,#3282,.F.);
#1787=ORIENTED_EDGE('',*,*,#3284,.F.);
#1788=ORIENTED_EDGE('',*,*,#3286,.F.);
#1789=ORIENTED_EDGE('',*,*,#3288,.F.);
#1790=ORIENTED_EDGE('',*,*,#3290,.F.);
#1791=ORIENTED_EDGE('',*,*,#3292,.F.);
#1792=ORIENTED_EDGE('',*,*,#3294,.F.);
#1793=ORIENTED_EDGE('',*,*,#3296,.F.);
#1794=ORIENTED_EDGE('',*,*,#3298,.F.);
#1795=ORIENTED_EDGE('',*,*,#3300,.F.);
#1796=ORIENTED_EDGE('',*,*,#3302,.F.);
#1797=ORIENTED_EDGE('',*,*,#3304,.F.);
#1798=ORIENTED_EDGE('',*,*,#3306,.F.);
#1799=ORIENTED_EDGE('',*,*,#3308,.F.);
#1800=ORIENTED_EDGE('',*,*,#3310,.F.);
#1801=ORIENTED_EDGE('',*,*,#3312,.F.);
#1802=ORIENTED_EDGE('',*,*,#3314,.F.);
#1803=ORIENTED_EDGE('',*,*,#3316,.F.);
#1804=ORIENTED_EDGE('',*,*,#3318,.F.);
#1805=ORIENTED_EDGE('',*,*,#3319,.F.);
#1806=ORIENTED_EDGE('',*,*,#2865,.F.);
#1807=ORIENTED_EDGE('',*,*,#3320,.F.);
#1808=ORIENTED_EDGE('',*,*,#3321,.T.);
#1809=ORIENTED_EDGE('',*,*,#3322,.T.);
#1810=ORIENTED_EDGE('',*,*,#2864,.F.);
#1811=ORIENTED_EDGE('',*,*,#3323,.F.);
#1812=ORIENTED_EDGE('',*,*,#3324,.T.);
#1813=ORIENTED_EDGE('',*,*,#3320,.T.);
#1814=ORIENTED_EDGE('',*,*,#2882,.F.);
#1815=ORIENTED_EDGE('',*,*,#3325,.F.);
#1816=ORIENTED_EDGE('',*,*,#3326,.T.);
#1817=ORIENTED_EDGE('',*,*,#3323,.T.);
#1818=ORIENTED_EDGE('',*,*,#2881,.F.);
#1819=ORIENTED_EDGE('',*,*,#3327,.F.);
#1820=ORIENTED_EDGE('',*,*,#3328,.T.);
#1821=ORIENTED_EDGE('',*,*,#3325,.T.);
#1822=ORIENTED_EDGE('',*,*,#2880,.F.);
#1823=ORIENTED_EDGE('',*,*,#3329,.F.);
#1824=ORIENTED_EDGE('',*,*,#3330,.T.);
#1825=ORIENTED_EDGE('',*,*,#3327,.T.);
#1826=ORIENTED_EDGE('',*,*,#2879,.F.);
#1827=ORIENTED_EDGE('',*,*,#3331,.F.);
#1828=ORIENTED_EDGE('',*,*,#3332,.T.);
#1829=ORIENTED_EDGE('',*,*,#3329,.T.);
#1830=ORIENTED_EDGE('',*,*,#2878,.F.);
#1831=ORIENTED_EDGE('',*,*,#3333,.F.);
#1832=ORIENTED_EDGE('',*,*,#3334,.T.);
#1833=ORIENTED_EDGE('',*,*,#3331,.T.);
#1834=ORIENTED_EDGE('',*,*,#2877,.F.);
#1835=ORIENTED_EDGE('',*,*,#3335,.F.);
#1836=ORIENTED_EDGE('',*,*,#3336,.T.);
#1837=ORIENTED_EDGE('',*,*,#3333,.T.);
#1838=ORIENTED_EDGE('',*,*,#2876,.F.);
#1839=ORIENTED_EDGE('',*,*,#3337,.F.);
#1840=ORIENTED_EDGE('',*,*,#3338,.T.);
#1841=ORIENTED_EDGE('',*,*,#3335,.T.);
#1842=ORIENTED_EDGE('',*,*,#2875,.F.);
#1843=ORIENTED_EDGE('',*,*,#3339,.F.);
#1844=ORIENTED_EDGE('',*,*,#3340,.T.);
#1845=ORIENTED_EDGE('',*,*,#3337,.T.);
#1846=ORIENTED_EDGE('',*,*,#2874,.F.);
#1847=ORIENTED_EDGE('',*,*,#3341,.F.);
#1848=ORIENTED_EDGE('',*,*,#3342,.T.);
#1849=ORIENTED_EDGE('',*,*,#3339,.T.);
#1850=ORIENTED_EDGE('',*,*,#2873,.F.);
#1851=ORIENTED_EDGE('',*,*,#3343,.F.);
#1852=ORIENTED_EDGE('',*,*,#3344,.T.);
#1853=ORIENTED_EDGE('',*,*,#3341,.T.);
#1854=ORIENTED_EDGE('',*,*,#2872,.F.);
#1855=ORIENTED_EDGE('',*,*,#3345,.F.);
#1856=ORIENTED_EDGE('',*,*,#3346,.T.);
#1857=ORIENTED_EDGE('',*,*,#3343,.T.);
#1858=ORIENTED_EDGE('',*,*,#2871,.F.);
#1859=ORIENTED_EDGE('',*,*,#3347,.F.);
#1860=ORIENTED_EDGE('',*,*,#3348,.T.);
#1861=ORIENTED_EDGE('',*,*,#3345,.T.);
#1862=ORIENTED_EDGE('',*,*,#2870,.F.);
#1863=ORIENTED_EDGE('',*,*,#3349,.F.);
#1864=ORIENTED_EDGE('',*,*,#3350,.T.);
#1865=ORIENTED_EDGE('',*,*,#3347,.T.);
#1866=ORIENTED_EDGE('',*,*,#2869,.F.);
#1867=ORIENTED_EDGE('',*,*,#3351,.F.);
#1868=ORIENTED_EDGE('',*,*,#3352,.T.);
#1869=ORIENTED_EDGE('',*,*,#3349,.T.);
#1870=ORIENTED_EDGE('',*,*,#2868,.F.);
#1871=ORIENTED_EDGE('',*,*,#3353,.F.);
#1872=ORIENTED_EDGE('',*,*,#3354,.T.);
#1873=ORIENTED_EDGE('',*,*,#3351,.T.);
#1874=ORIENTED_EDGE('',*,*,#2867,.F.);
#1875=ORIENTED_EDGE('',*,*,#3355,.F.);
#1876=ORIENTED_EDGE('',*,*,#3356,.T.);
#1877=ORIENTED_EDGE('',*,*,#3353,.T.);
#1878=ORIENTED_EDGE('',*,*,#2866,.F.);
#1879=ORIENTED_EDGE('',*,*,#3322,.F.);
#1880=ORIENTED_EDGE('',*,*,#3357,.T.);
#1881=ORIENTED_EDGE('',*,*,#3355,.T.);
#1882=ORIENTED_EDGE('',*,*,#3321,.F.);
#1883=ORIENTED_EDGE('',*,*,#3324,.F.);
#1884=ORIENTED_EDGE('',*,*,#3326,.F.);
#1885=ORIENTED_EDGE('',*,*,#3328,.F.);
#1886=ORIENTED_EDGE('',*,*,#3330,.F.);
#1887=ORIENTED_EDGE('',*,*,#3332,.F.);
#1888=ORIENTED_EDGE('',*,*,#3334,.F.);
#1889=ORIENTED_EDGE('',*,*,#3336,.F.);
#1890=ORIENTED_EDGE('',*,*,#3338,.F.);
#1891=ORIENTED_EDGE('',*,*,#3340,.F.);
#1892=ORIENTED_EDGE('',*,*,#3342,.F.);
#1893=ORIENTED_EDGE('',*,*,#3344,.F.);
#1894=ORIENTED_EDGE('',*,*,#3346,.F.);
#1895=ORIENTED_EDGE('',*,*,#3348,.F.);
#1896=ORIENTED_EDGE('',*,*,#3350,.F.);
#1897=ORIENTED_EDGE('',*,*,#3352,.F.);
#1898=ORIENTED_EDGE('',*,*,#3354,.F.);
#1899=ORIENTED_EDGE('',*,*,#3356,.F.);
#1900=ORIENTED_EDGE('',*,*,#3357,.F.);
#1901=ORIENTED_EDGE('',*,*,#2859,.F.);
#1902=ORIENTED_EDGE('',*,*,#3358,.F.);
#1903=ORIENTED_EDGE('',*,*,#3359,.T.);
#1904=ORIENTED_EDGE('',*,*,#3360,.T.);
#1905=ORIENTED_EDGE('',*,*,#2858,.F.);
#1906=ORIENTED_EDGE('',*,*,#3361,.F.);
#1907=ORIENTED_EDGE('',*,*,#3362,.T.);
#1908=ORIENTED_EDGE('',*,*,#3358,.T.);
#1909=ORIENTED_EDGE('',*,*,#2863,.F.);
#1910=ORIENTED_EDGE('',*,*,#3363,.F.);
#1911=ORIENTED_EDGE('',*,*,#3364,.T.);
#1912=ORIENTED_EDGE('',*,*,#3361,.T.);
#1913=ORIENTED_EDGE('',*,*,#2862,.F.);
#1914=ORIENTED_EDGE('',*,*,#3365,.F.);
#1915=ORIENTED_EDGE('',*,*,#3366,.T.);
#1916=ORIENTED_EDGE('',*,*,#3363,.T.);
#1917=ORIENTED_EDGE('',*,*,#2861,.F.);
#1918=ORIENTED_EDGE('',*,*,#3367,.F.);
#1919=ORIENTED_EDGE('',*,*,#3368,.T.);
#1920=ORIENTED_EDGE('',*,*,#3365,.T.);
#1921=ORIENTED_EDGE('',*,*,#2860,.F.);
#1922=ORIENTED_EDGE('',*,*,#3360,.F.);
#1923=ORIENTED_EDGE('',*,*,#3369,.T.);
#1924=ORIENTED_EDGE('',*,*,#3367,.T.);
#1925=ORIENTED_EDGE('',*,*,#3359,.F.);
#1926=ORIENTED_EDGE('',*,*,#3362,.F.);
#1927=ORIENTED_EDGE('',*,*,#3364,.F.);
#1928=ORIENTED_EDGE('',*,*,#3366,.F.);
#1929=ORIENTED_EDGE('',*,*,#3368,.F.);
#1930=ORIENTED_EDGE('',*,*,#3369,.F.);
#1931=ORIENTED_EDGE('',*,*,#3370,.F.);
#1932=ORIENTED_EDGE('',*,*,#3371,.F.);
#1933=ORIENTED_EDGE('',*,*,#3372,.T.);
#1934=ORIENTED_EDGE('',*,*,#3373,.T.);
#1935=ORIENTED_EDGE('',*,*,#3374,.F.);
#1936=ORIENTED_EDGE('',*,*,#3375,.F.);
#1937=ORIENTED_EDGE('',*,*,#3376,.T.);
#1938=ORIENTED_EDGE('',*,*,#3371,.T.);
#1939=ORIENTED_EDGE('',*,*,#3377,.F.);
#1940=ORIENTED_EDGE('',*,*,#3378,.F.);
#1941=ORIENTED_EDGE('',*,*,#3379,.T.);
#1942=ORIENTED_EDGE('',*,*,#3375,.T.);
#1943=ORIENTED_EDGE('',*,*,#3380,.F.);
#1944=ORIENTED_EDGE('',*,*,#3381,.F.);
#1945=ORIENTED_EDGE('',*,*,#3382,.T.);
#1946=ORIENTED_EDGE('',*,*,#3378,.T.);
#1947=ORIENTED_EDGE('',*,*,#3383,.F.);
#1948=ORIENTED_EDGE('',*,*,#3384,.F.);
#1949=ORIENTED_EDGE('',*,*,#3385,.T.);
#1950=ORIENTED_EDGE('',*,*,#3381,.T.);
#1951=ORIENTED_EDGE('',*,*,#3386,.F.);
#1952=ORIENTED_EDGE('',*,*,#3387,.F.);
#1953=ORIENTED_EDGE('',*,*,#3388,.T.);
#1954=ORIENTED_EDGE('',*,*,#3384,.T.);
#1955=ORIENTED_EDGE('',*,*,#3389,.F.);
#1956=ORIENTED_EDGE('',*,*,#3390,.F.);
#1957=ORIENTED_EDGE('',*,*,#3391,.T.);
#1958=ORIENTED_EDGE('',*,*,#3387,.T.);
#1959=ORIENTED_EDGE('',*,*,#3001,.F.);
#1960=ORIENTED_EDGE('',*,*,#3392,.F.);
#1961=ORIENTED_EDGE('',*,*,#3393,.T.);
#1962=ORIENTED_EDGE('',*,*,#3394,.T.);
#1963=ORIENTED_EDGE('',*,*,#3000,.F.);
#1964=ORIENTED_EDGE('',*,*,#3395,.F.);
#1965=ORIENTED_EDGE('',*,*,#3396,.T.);
#1966=ORIENTED_EDGE('',*,*,#3392,.T.);
#1967=ORIENTED_EDGE('',*,*,#3018,.F.);
#1968=ORIENTED_EDGE('',*,*,#3397,.F.);
#1969=ORIENTED_EDGE('',*,*,#3398,.T.);
#1970=ORIENTED_EDGE('',*,*,#3395,.T.);
#1971=ORIENTED_EDGE('',*,*,#3017,.F.);
#1972=ORIENTED_EDGE('',*,*,#3399,.F.);
#1973=ORIENTED_EDGE('',*,*,#3400,.T.);
#1974=ORIENTED_EDGE('',*,*,#3397,.T.);
#1975=ORIENTED_EDGE('',*,*,#3016,.F.);
#1976=ORIENTED_EDGE('',*,*,#3401,.F.);
#1977=ORIENTED_EDGE('',*,*,#3402,.T.);
#1978=ORIENTED_EDGE('',*,*,#3399,.T.);
#1979=ORIENTED_EDGE('',*,*,#3015,.F.);
#1980=ORIENTED_EDGE('',*,*,#3403,.F.);
#1981=ORIENTED_EDGE('',*,*,#3404,.T.);
#1982=ORIENTED_EDGE('',*,*,#3401,.T.);
#1983=ORIENTED_EDGE('',*,*,#3014,.F.);
#1984=ORIENTED_EDGE('',*,*,#3405,.F.);
#1985=ORIENTED_EDGE('',*,*,#3406,.T.);
#1986=ORIENTED_EDGE('',*,*,#3403,.T.);
#1987=ORIENTED_EDGE('',*,*,#3013,.F.);
#1988=ORIENTED_EDGE('',*,*,#3407,.F.);
#1989=ORIENTED_EDGE('',*,*,#3408,.T.);
#1990=ORIENTED_EDGE('',*,*,#3405,.T.);
#1991=ORIENTED_EDGE('',*,*,#3012,.F.);
#1992=ORIENTED_EDGE('',*,*,#3409,.F.);
#1993=ORIENTED_EDGE('',*,*,#3410,.T.);
#1994=ORIENTED_EDGE('',*,*,#3407,.T.);
#1995=ORIENTED_EDGE('',*,*,#3011,.F.);
#1996=ORIENTED_EDGE('',*,*,#3411,.F.);
#1997=ORIENTED_EDGE('',*,*,#3412,.T.);
#1998=ORIENTED_EDGE('',*,*,#3409,.T.);
#1999=ORIENTED_EDGE('',*,*,#3010,.F.);
#2000=ORIENTED_EDGE('',*,*,#3413,.F.);
#2001=ORIENTED_EDGE('',*,*,#3414,.T.);
#2002=ORIENTED_EDGE('',*,*,#3411,.T.);
#2003=ORIENTED_EDGE('',*,*,#3009,.F.);
#2004=ORIENTED_EDGE('',*,*,#3415,.F.);
#2005=ORIENTED_EDGE('',*,*,#3416,.T.);
#2006=ORIENTED_EDGE('',*,*,#3413,.T.);
#2007=ORIENTED_EDGE('',*,*,#3008,.F.);
#2008=ORIENTED_EDGE('',*,*,#3417,.F.);
#2009=ORIENTED_EDGE('',*,*,#3418,.T.);
#2010=ORIENTED_EDGE('',*,*,#3415,.T.);
#2011=ORIENTED_EDGE('',*,*,#3007,.F.);
#2012=ORIENTED_EDGE('',*,*,#3419,.F.);
#2013=ORIENTED_EDGE('',*,*,#3420,.T.);
#2014=ORIENTED_EDGE('',*,*,#3417,.T.);
#2015=ORIENTED_EDGE('',*,*,#3006,.F.);
#2016=ORIENTED_EDGE('',*,*,#3421,.F.);
#2017=ORIENTED_EDGE('',*,*,#3422,.T.);
#2018=ORIENTED_EDGE('',*,*,#3419,.T.);
#2019=ORIENTED_EDGE('',*,*,#3005,.F.);
#2020=ORIENTED_EDGE('',*,*,#3423,.F.);
#2021=ORIENTED_EDGE('',*,*,#3424,.T.);
#2022=ORIENTED_EDGE('',*,*,#3421,.T.);
#2023=ORIENTED_EDGE('',*,*,#3004,.F.);
#2024=ORIENTED_EDGE('',*,*,#3425,.F.);
#2025=ORIENTED_EDGE('',*,*,#3426,.T.);
#2026=ORIENTED_EDGE('',*,*,#3423,.T.);
#2027=ORIENTED_EDGE('',*,*,#3003,.F.);
#2028=ORIENTED_EDGE('',*,*,#3427,.F.);
#2029=ORIENTED_EDGE('',*,*,#3428,.T.);
#2030=ORIENTED_EDGE('',*,*,#3425,.T.);
#2031=ORIENTED_EDGE('',*,*,#3002,.F.);
#2032=ORIENTED_EDGE('',*,*,#3394,.F.);
#2033=ORIENTED_EDGE('',*,*,#3429,.T.);
#2034=ORIENTED_EDGE('',*,*,#3427,.T.);
#2035=ORIENTED_EDGE('',*,*,#3430,.F.);
#2036=ORIENTED_EDGE('',*,*,#3373,.F.);
#2037=ORIENTED_EDGE('',*,*,#3431,.T.);
#2038=ORIENTED_EDGE('',*,*,#3390,.T.);
#2039=ORIENTED_EDGE('',*,*,#3393,.F.);
#2040=ORIENTED_EDGE('',*,*,#3396,.F.);
#2041=ORIENTED_EDGE('',*,*,#3398,.F.);
#2042=ORIENTED_EDGE('',*,*,#3400,.F.);
#2043=ORIENTED_EDGE('',*,*,#3402,.F.);
#2044=ORIENTED_EDGE('',*,*,#3404,.F.);
#2045=ORIENTED_EDGE('',*,*,#3406,.F.);
#2046=ORIENTED_EDGE('',*,*,#3408,.F.);
#2047=ORIENTED_EDGE('',*,*,#3410,.F.);
#2048=ORIENTED_EDGE('',*,*,#3412,.F.);
#2049=ORIENTED_EDGE('',*,*,#3414,.F.);
#2050=ORIENTED_EDGE('',*,*,#3416,.F.);
#2051=ORIENTED_EDGE('',*,*,#3418,.F.);
#2052=ORIENTED_EDGE('',*,*,#3420,.F.);
#2053=ORIENTED_EDGE('',*,*,#3422,.F.);
#2054=ORIENTED_EDGE('',*,*,#3424,.F.);
#2055=ORIENTED_EDGE('',*,*,#3426,.F.);
#2056=ORIENTED_EDGE('',*,*,#3428,.F.);
#2057=ORIENTED_EDGE('',*,*,#3429,.F.);
#2058=ORIENTED_EDGE('',*,*,#3372,.F.);
#2059=ORIENTED_EDGE('',*,*,#3376,.F.);
#2060=ORIENTED_EDGE('',*,*,#3379,.F.);
#2061=ORIENTED_EDGE('',*,*,#3382,.F.);
#2062=ORIENTED_EDGE('',*,*,#3385,.F.);
#2063=ORIENTED_EDGE('',*,*,#3388,.F.);
#2064=ORIENTED_EDGE('',*,*,#3391,.F.);
#2065=ORIENTED_EDGE('',*,*,#3431,.F.);
#2066=ORIENTED_EDGE('',*,*,#3432,.F.);
#2067=ORIENTED_EDGE('',*,*,#3433,.F.);
#2068=ORIENTED_EDGE('',*,*,#3434,.T.);
#2069=ORIENTED_EDGE('',*,*,#3435,.T.);
#2070=ORIENTED_EDGE('',*,*,#3436,.F.);
#2071=ORIENTED_EDGE('',*,*,#3437,.F.);
#2072=ORIENTED_EDGE('',*,*,#3438,.T.);
#2073=ORIENTED_EDGE('',*,*,#3433,.T.);
#2074=ORIENTED_EDGE('',*,*,#3439,.F.);
#2075=ORIENTED_EDGE('',*,*,#3440,.F.);
#2076=ORIENTED_EDGE('',*,*,#3441,.T.);
#2077=ORIENTED_EDGE('',*,*,#3437,.T.);
#2078=ORIENTED_EDGE('',*,*,#3442,.F.);
#2079=ORIENTED_EDGE('',*,*,#3443,.F.);
#2080=ORIENTED_EDGE('',*,*,#3444,.T.);
#2081=ORIENTED_EDGE('',*,*,#3440,.T.);
#2082=ORIENTED_EDGE('',*,*,#3445,.F.);
#2083=ORIENTED_EDGE('',*,*,#3446,.F.);
#2084=ORIENTED_EDGE('',*,*,#3447,.T.);
#2085=ORIENTED_EDGE('',*,*,#3443,.T.);
#2086=ORIENTED_EDGE('',*,*,#3448,.F.);
#2087=ORIENTED_EDGE('',*,*,#3449,.F.);
#2088=ORIENTED_EDGE('',*,*,#3450,.T.);
#2089=ORIENTED_EDGE('',*,*,#3446,.T.);
#2090=ORIENTED_EDGE('',*,*,#3451,.F.);
#2091=ORIENTED_EDGE('',*,*,#3452,.F.);
#2092=ORIENTED_EDGE('',*,*,#3453,.T.);
#2093=ORIENTED_EDGE('',*,*,#3449,.T.);
#2094=ORIENTED_EDGE('',*,*,#3454,.F.);
#2095=ORIENTED_EDGE('',*,*,#3455,.F.);
#2096=ORIENTED_EDGE('',*,*,#3456,.T.);
#2097=ORIENTED_EDGE('',*,*,#3452,.T.);
#2098=ORIENTED_EDGE('',*,*,#2842,.F.);
#2099=ORIENTED_EDGE('',*,*,#3457,.F.);
#2100=ORIENTED_EDGE('',*,*,#3458,.T.);
#2101=ORIENTED_EDGE('',*,*,#3459,.T.);
#2102=ORIENTED_EDGE('',*,*,#2841,.F.);
#2103=ORIENTED_EDGE('',*,*,#3460,.F.);
#2104=ORIENTED_EDGE('',*,*,#3461,.T.);
#2105=ORIENTED_EDGE('',*,*,#3457,.T.);
#2106=ORIENTED_EDGE('',*,*,#2857,.F.);
#2107=ORIENTED_EDGE('',*,*,#3462,.F.);
#2108=ORIENTED_EDGE('',*,*,#3463,.T.);
#2109=ORIENTED_EDGE('',*,*,#3460,.T.);
#2110=ORIENTED_EDGE('',*,*,#2856,.F.);
#2111=ORIENTED_EDGE('',*,*,#3464,.F.);
#2112=ORIENTED_EDGE('',*,*,#3465,.T.);
#2113=ORIENTED_EDGE('',*,*,#3462,.T.);
#2114=ORIENTED_EDGE('',*,*,#2855,.F.);
#2115=ORIENTED_EDGE('',*,*,#3466,.F.);
#2116=ORIENTED_EDGE('',*,*,#3467,.T.);
#2117=ORIENTED_EDGE('',*,*,#3464,.T.);
#2118=ORIENTED_EDGE('',*,*,#2854,.F.);
#2119=ORIENTED_EDGE('',*,*,#3468,.F.);
#2120=ORIENTED_EDGE('',*,*,#3469,.T.);
#2121=ORIENTED_EDGE('',*,*,#3466,.T.);
#2122=ORIENTED_EDGE('',*,*,#2853,.F.);
#2123=ORIENTED_EDGE('',*,*,#3470,.F.);
#2124=ORIENTED_EDGE('',*,*,#3471,.T.);
#2125=ORIENTED_EDGE('',*,*,#3468,.T.);
#2126=ORIENTED_EDGE('',*,*,#2852,.F.);
#2127=ORIENTED_EDGE('',*,*,#3472,.F.);
#2128=ORIENTED_EDGE('',*,*,#3473,.T.);
#2129=ORIENTED_EDGE('',*,*,#3470,.T.);
#2130=ORIENTED_EDGE('',*,*,#2851,.F.);
#2131=ORIENTED_EDGE('',*,*,#3474,.F.);
#2132=ORIENTED_EDGE('',*,*,#3475,.T.);
#2133=ORIENTED_EDGE('',*,*,#3472,.T.);
#2134=ORIENTED_EDGE('',*,*,#2850,.F.);
#2135=ORIENTED_EDGE('',*,*,#3476,.F.);
#2136=ORIENTED_EDGE('',*,*,#3477,.T.);
#2137=ORIENTED_EDGE('',*,*,#3474,.T.);
#2138=ORIENTED_EDGE('',*,*,#2849,.F.);
#2139=ORIENTED_EDGE('',*,*,#3478,.F.);
#2140=ORIENTED_EDGE('',*,*,#3479,.T.);
#2141=ORIENTED_EDGE('',*,*,#3476,.T.);
#2142=ORIENTED_EDGE('',*,*,#2848,.F.);
#2143=ORIENTED_EDGE('',*,*,#3480,.F.);
#2144=ORIENTED_EDGE('',*,*,#3481,.T.);
#2145=ORIENTED_EDGE('',*,*,#3478,.T.);
#2146=ORIENTED_EDGE('',*,*,#2847,.F.);
#2147=ORIENTED_EDGE('',*,*,#3482,.F.);
#2148=ORIENTED_EDGE('',*,*,#3483,.T.);
#2149=ORIENTED_EDGE('',*,*,#3480,.T.);
#2150=ORIENTED_EDGE('',*,*,#2846,.F.);
#2151=ORIENTED_EDGE('',*,*,#3484,.F.);
#2152=ORIENTED_EDGE('',*,*,#3485,.T.);
#2153=ORIENTED_EDGE('',*,*,#3482,.T.);
#2154=ORIENTED_EDGE('',*,*,#2845,.F.);
#2155=ORIENTED_EDGE('',*,*,#3486,.F.);
#2156=ORIENTED_EDGE('',*,*,#3487,.T.);
#2157=ORIENTED_EDGE('',*,*,#3484,.T.);
#2158=ORIENTED_EDGE('',*,*,#2844,.F.);
#2159=ORIENTED_EDGE('',*,*,#3488,.F.);
#2160=ORIENTED_EDGE('',*,*,#3489,.T.);
#2161=ORIENTED_EDGE('',*,*,#3486,.T.);
#2162=ORIENTED_EDGE('',*,*,#2843,.F.);
#2163=ORIENTED_EDGE('',*,*,#3459,.F.);
#2164=ORIENTED_EDGE('',*,*,#3490,.T.);
#2165=ORIENTED_EDGE('',*,*,#3488,.T.);
#2166=ORIENTED_EDGE('',*,*,#3491,.F.);
#2167=ORIENTED_EDGE('',*,*,#3435,.F.);
#2168=ORIENTED_EDGE('',*,*,#3492,.T.);
#2169=ORIENTED_EDGE('',*,*,#3455,.T.);
#2170=ORIENTED_EDGE('',*,*,#3458,.F.);
#2171=ORIENTED_EDGE('',*,*,#3461,.F.);
#2172=ORIENTED_EDGE('',*,*,#3463,.F.);
#2173=ORIENTED_EDGE('',*,*,#3465,.F.);
#2174=ORIENTED_EDGE('',*,*,#3467,.F.);
#2175=ORIENTED_EDGE('',*,*,#3469,.F.);
#2176=ORIENTED_EDGE('',*,*,#3471,.F.);
#2177=ORIENTED_EDGE('',*,*,#3473,.F.);
#2178=ORIENTED_EDGE('',*,*,#3475,.F.);
#2179=ORIENTED_EDGE('',*,*,#3477,.F.);
#2180=ORIENTED_EDGE('',*,*,#3479,.F.);
#2181=ORIENTED_EDGE('',*,*,#3481,.F.);
#2182=ORIENTED_EDGE('',*,*,#3483,.F.);
#2183=ORIENTED_EDGE('',*,*,#3485,.F.);
#2184=ORIENTED_EDGE('',*,*,#3487,.F.);
#2185=ORIENTED_EDGE('',*,*,#3489,.F.);
#2186=ORIENTED_EDGE('',*,*,#3490,.F.);
#2187=ORIENTED_EDGE('',*,*,#3434,.F.);
#2188=ORIENTED_EDGE('',*,*,#3438,.F.);
#2189=ORIENTED_EDGE('',*,*,#3441,.F.);
#2190=ORIENTED_EDGE('',*,*,#3444,.F.);
#2191=ORIENTED_EDGE('',*,*,#3447,.F.);
#2192=ORIENTED_EDGE('',*,*,#3450,.F.);
#2193=ORIENTED_EDGE('',*,*,#3453,.F.);
#2194=ORIENTED_EDGE('',*,*,#3456,.F.);
#2195=ORIENTED_EDGE('',*,*,#3492,.F.);
#2196=ORIENTED_EDGE('',*,*,#3493,.F.);
#2197=ORIENTED_EDGE('',*,*,#3494,.F.);
#2198=ORIENTED_EDGE('',*,*,#3495,.T.);
#2199=ORIENTED_EDGE('',*,*,#3496,.T.);
#2200=ORIENTED_EDGE('',*,*,#3497,.F.);
#2201=ORIENTED_EDGE('',*,*,#3498,.F.);
#2202=ORIENTED_EDGE('',*,*,#3499,.T.);
#2203=ORIENTED_EDGE('',*,*,#3494,.T.);
#2204=ORIENTED_EDGE('',*,*,#3500,.F.);
#2205=ORIENTED_EDGE('',*,*,#3501,.F.);
#2206=ORIENTED_EDGE('',*,*,#3502,.T.);
#2207=ORIENTED_EDGE('',*,*,#3498,.T.);
#2208=ORIENTED_EDGE('',*,*,#3503,.F.);
#2209=ORIENTED_EDGE('',*,*,#3504,.F.);
#2210=ORIENTED_EDGE('',*,*,#3505,.T.);
#2211=ORIENTED_EDGE('',*,*,#3501,.T.);
#2212=ORIENTED_EDGE('',*,*,#3506,.F.);
#2213=ORIENTED_EDGE('',*,*,#3507,.F.);
#2214=ORIENTED_EDGE('',*,*,#3508,.T.);
#2215=ORIENTED_EDGE('',*,*,#3504,.T.);
#2216=ORIENTED_EDGE('',*,*,#3509,.F.);
#2217=ORIENTED_EDGE('',*,*,#3510,.F.);
#2218=ORIENTED_EDGE('',*,*,#3511,.T.);
#2219=ORIENTED_EDGE('',*,*,#3507,.T.);
#2220=ORIENTED_EDGE('',*,*,#3512,.F.);
#2221=ORIENTED_EDGE('',*,*,#3513,.F.);
#2222=ORIENTED_EDGE('',*,*,#3514,.T.);
#2223=ORIENTED_EDGE('',*,*,#3510,.T.);
#2224=ORIENTED_EDGE('',*,*,#3515,.F.);
#2225=ORIENTED_EDGE('',*,*,#3516,.F.);
#2226=ORIENTED_EDGE('',*,*,#3517,.T.);
#2227=ORIENTED_EDGE('',*,*,#3513,.T.);
#2228=ORIENTED_EDGE('',*,*,#3518,.F.);
#2229=ORIENTED_EDGE('',*,*,#3519,.F.);
#2230=ORIENTED_EDGE('',*,*,#3520,.T.);
#2231=ORIENTED_EDGE('',*,*,#3516,.T.);
#2232=ORIENTED_EDGE('',*,*,#3521,.F.);
#2233=ORIENTED_EDGE('',*,*,#3522,.F.);
#2234=ORIENTED_EDGE('',*,*,#3523,.T.);
#2235=ORIENTED_EDGE('',*,*,#3519,.T.);
#2236=ORIENTED_EDGE('',*,*,#3524,.F.);
#2237=ORIENTED_EDGE('',*,*,#3525,.F.);
#2238=ORIENTED_EDGE('',*,*,#3526,.T.);
#2239=ORIENTED_EDGE('',*,*,#3522,.T.);
#2240=ORIENTED_EDGE('',*,*,#3020,.F.);
#2241=ORIENTED_EDGE('',*,*,#3527,.F.);
#2242=ORIENTED_EDGE('',*,*,#3528,.T.);
#2243=ORIENTED_EDGE('',*,*,#3529,.T.);
#2244=ORIENTED_EDGE('',*,*,#3019,.F.);
#2245=ORIENTED_EDGE('',*,*,#3530,.F.);
#2246=ORIENTED_EDGE('',*,*,#3531,.T.);
#2247=ORIENTED_EDGE('',*,*,#3527,.T.);
#2248=ORIENTED_EDGE('',*,*,#3026,.F.);
#2249=ORIENTED_EDGE('',*,*,#3532,.F.);
#2250=ORIENTED_EDGE('',*,*,#3533,.T.);
#2251=ORIENTED_EDGE('',*,*,#3530,.T.);
#2252=ORIENTED_EDGE('',*,*,#3025,.F.);
#2253=ORIENTED_EDGE('',*,*,#3534,.F.);
#2254=ORIENTED_EDGE('',*,*,#3535,.T.);
#2255=ORIENTED_EDGE('',*,*,#3532,.T.);
#2256=ORIENTED_EDGE('',*,*,#3024,.F.);
#2257=ORIENTED_EDGE('',*,*,#3536,.F.);
#2258=ORIENTED_EDGE('',*,*,#3537,.T.);
#2259=ORIENTED_EDGE('',*,*,#3534,.T.);
#2260=ORIENTED_EDGE('',*,*,#3023,.F.);
#2261=ORIENTED_EDGE('',*,*,#3538,.F.);
#2262=ORIENTED_EDGE('',*,*,#3539,.T.);
#2263=ORIENTED_EDGE('',*,*,#3536,.T.);
#2264=ORIENTED_EDGE('',*,*,#3022,.F.);
#2265=ORIENTED_EDGE('',*,*,#3540,.F.);
#2266=ORIENTED_EDGE('',*,*,#3541,.T.);
#2267=ORIENTED_EDGE('',*,*,#3538,.T.);
#2268=ORIENTED_EDGE('',*,*,#3021,.F.);
#2269=ORIENTED_EDGE('',*,*,#3529,.F.);
#2270=ORIENTED_EDGE('',*,*,#3542,.T.);
#2271=ORIENTED_EDGE('',*,*,#3540,.T.);
#2272=ORIENTED_EDGE('',*,*,#3543,.F.);
#2273=ORIENTED_EDGE('',*,*,#3496,.F.);
#2274=ORIENTED_EDGE('',*,*,#3544,.T.);
#2275=ORIENTED_EDGE('',*,*,#3525,.T.);
#2276=ORIENTED_EDGE('',*,*,#3528,.F.);
#2277=ORIENTED_EDGE('',*,*,#3531,.F.);
#2278=ORIENTED_EDGE('',*,*,#3533,.F.);
#2279=ORIENTED_EDGE('',*,*,#3535,.F.);
#2280=ORIENTED_EDGE('',*,*,#3537,.F.);
#2281=ORIENTED_EDGE('',*,*,#3539,.F.);
#2282=ORIENTED_EDGE('',*,*,#3541,.F.);
#2283=ORIENTED_EDGE('',*,*,#3542,.F.);
#2284=ORIENTED_EDGE('',*,*,#3495,.F.);
#2285=ORIENTED_EDGE('',*,*,#3499,.F.);
#2286=ORIENTED_EDGE('',*,*,#3502,.F.);
#2287=ORIENTED_EDGE('',*,*,#3505,.F.);
#2288=ORIENTED_EDGE('',*,*,#3508,.F.);
#2289=ORIENTED_EDGE('',*,*,#3511,.F.);
#2290=ORIENTED_EDGE('',*,*,#3514,.F.);
#2291=ORIENTED_EDGE('',*,*,#3517,.F.);
#2292=ORIENTED_EDGE('',*,*,#3520,.F.);
#2293=ORIENTED_EDGE('',*,*,#3523,.F.);
#2294=ORIENTED_EDGE('',*,*,#3526,.F.);
#2295=ORIENTED_EDGE('',*,*,#3544,.F.);
#2296=ORIENTED_EDGE('',*,*,#3028,.F.);
#2297=ORIENTED_EDGE('',*,*,#3545,.F.);
#2298=ORIENTED_EDGE('',*,*,#3546,.T.);
#2299=ORIENTED_EDGE('',*,*,#3547,.T.);
#2300=ORIENTED_EDGE('',*,*,#3027,.F.);
#2301=ORIENTED_EDGE('',*,*,#3548,.F.);
#2302=ORIENTED_EDGE('',*,*,#3549,.T.);
#2303=ORIENTED_EDGE('',*,*,#3545,.T.);
#2304=ORIENTED_EDGE('',*,*,#3051,.F.);
#2305=ORIENTED_EDGE('',*,*,#3550,.F.);
#2306=ORIENTED_EDGE('',*,*,#3551,.T.);
#2307=ORIENTED_EDGE('',*,*,#3548,.T.);
#2308=ORIENTED_EDGE('',*,*,#3050,.F.);
#2309=ORIENTED_EDGE('',*,*,#3552,.F.);
#2310=ORIENTED_EDGE('',*,*,#3553,.T.);
#2311=ORIENTED_EDGE('',*,*,#3550,.T.);
#2312=ORIENTED_EDGE('',*,*,#3049,.F.);
#2313=ORIENTED_EDGE('',*,*,#3554,.F.);
#2314=ORIENTED_EDGE('',*,*,#3555,.T.);
#2315=ORIENTED_EDGE('',*,*,#3552,.T.);
#2316=ORIENTED_EDGE('',*,*,#3048,.F.);
#2317=ORIENTED_EDGE('',*,*,#3556,.F.);
#2318=ORIENTED_EDGE('',*,*,#3557,.T.);
#2319=ORIENTED_EDGE('',*,*,#3554,.T.);
#2320=ORIENTED_EDGE('',*,*,#3047,.F.);
#2321=ORIENTED_EDGE('',*,*,#3558,.F.);
#2322=ORIENTED_EDGE('',*,*,#3559,.T.);
#2323=ORIENTED_EDGE('',*,*,#3556,.T.);
#2324=ORIENTED_EDGE('',*,*,#3046,.F.);
#2325=ORIENTED_EDGE('',*,*,#3560,.F.);
#2326=ORIENTED_EDGE('',*,*,#3561,.T.);
#2327=ORIENTED_EDGE('',*,*,#3558,.T.);
#2328=ORIENTED_EDGE('',*,*,#3045,.F.);
#2329=ORIENTED_EDGE('',*,*,#3562,.F.);
#2330=ORIENTED_EDGE('',*,*,#3563,.T.);
#2331=ORIENTED_EDGE('',*,*,#3560,.T.);
#2332=ORIENTED_EDGE('',*,*,#3044,.F.);
#2333=ORIENTED_EDGE('',*,*,#3564,.F.);
#2334=ORIENTED_EDGE('',*,*,#3565,.T.);
#2335=ORIENTED_EDGE('',*,*,#3562,.T.);
#2336=ORIENTED_EDGE('',*,*,#3043,.F.);
#2337=ORIENTED_EDGE('',*,*,#3566,.F.);
#2338=ORIENTED_EDGE('',*,*,#3567,.T.);
#2339=ORIENTED_EDGE('',*,*,#3564,.T.);
#2340=ORIENTED_EDGE('',*,*,#3042,.F.);
#2341=ORIENTED_EDGE('',*,*,#3568,.F.);
#2342=ORIENTED_EDGE('',*,*,#3569,.T.);
#2343=ORIENTED_EDGE('',*,*,#3566,.T.);
#2344=ORIENTED_EDGE('',*,*,#3041,.F.);
#2345=ORIENTED_EDGE('',*,*,#3570,.F.);
#2346=ORIENTED_EDGE('',*,*,#3571,.T.);
#2347=ORIENTED_EDGE('',*,*,#3568,.T.);
#2348=ORIENTED_EDGE('',*,*,#3040,.F.);
#2349=ORIENTED_EDGE('',*,*,#3572,.F.);
#2350=ORIENTED_EDGE('',*,*,#3573,.T.);
#2351=ORIENTED_EDGE('',*,*,#3570,.T.);
#2352=ORIENTED_EDGE('',*,*,#3039,.F.);
#2353=ORIENTED_EDGE('',*,*,#3574,.F.);
#2354=ORIENTED_EDGE('',*,*,#3575,.T.);
#2355=ORIENTED_EDGE('',*,*,#3572,.T.);
#2356=ORIENTED_EDGE('',*,*,#3038,.F.);
#2357=ORIENTED_EDGE('',*,*,#3576,.F.);
#2358=ORIENTED_EDGE('',*,*,#3577,.T.);
#2359=ORIENTED_EDGE('',*,*,#3574,.T.);
#2360=ORIENTED_EDGE('',*,*,#3037,.F.);
#2361=ORIENTED_EDGE('',*,*,#3578,.F.);
#2362=ORIENTED_EDGE('',*,*,#3579,.T.);
#2363=ORIENTED_EDGE('',*,*,#3576,.T.);
#2364=ORIENTED_EDGE('',*,*,#3036,.F.);
#2365=ORIENTED_EDGE('',*,*,#3580,.F.);
#2366=ORIENTED_EDGE('',*,*,#3581,.T.);
#2367=ORIENTED_EDGE('',*,*,#3578,.T.);
#2368=ORIENTED_EDGE('',*,*,#3035,.F.);
#2369=ORIENTED_EDGE('',*,*,#3582,.F.);
#2370=ORIENTED_EDGE('',*,*,#3583,.T.);
#2371=ORIENTED_EDGE('',*,*,#3580,.T.);
#2372=ORIENTED_EDGE('',*,*,#3034,.F.);
#2373=ORIENTED_EDGE('',*,*,#3584,.F.);
#2374=ORIENTED_EDGE('',*,*,#3585,.T.);
#2375=ORIENTED_EDGE('',*,*,#3582,.T.);
#2376=ORIENTED_EDGE('',*,*,#3033,.F.);
#2377=ORIENTED_EDGE('',*,*,#3586,.F.);
#2378=ORIENTED_EDGE('',*,*,#3587,.T.);
#2379=ORIENTED_EDGE('',*,*,#3584,.T.);
#2380=ORIENTED_EDGE('',*,*,#3032,.F.);
#2381=ORIENTED_EDGE('',*,*,#3588,.F.);
#2382=ORIENTED_EDGE('',*,*,#3589,.T.);
#2383=ORIENTED_EDGE('',*,*,#3586,.T.);
#2384=ORIENTED_EDGE('',*,*,#3031,.F.);
#2385=ORIENTED_EDGE('',*,*,#3590,.F.);
#2386=ORIENTED_EDGE('',*,*,#3591,.T.);
#2387=ORIENTED_EDGE('',*,*,#3588,.T.);
#2388=ORIENTED_EDGE('',*,*,#3030,.F.);
#2389=ORIENTED_EDGE('',*,*,#3592,.F.);
#2390=ORIENTED_EDGE('',*,*,#3593,.T.);
#2391=ORIENTED_EDGE('',*,*,#3590,.T.);
#2392=ORIENTED_EDGE('',*,*,#3029,.F.);
#2393=ORIENTED_EDGE('',*,*,#3547,.F.);
#2394=ORIENTED_EDGE('',*,*,#3594,.T.);
#2395=ORIENTED_EDGE('',*,*,#3592,.T.);
#2396=ORIENTED_EDGE('',*,*,#3546,.F.);
#2397=ORIENTED_EDGE('',*,*,#3549,.F.);
#2398=ORIENTED_EDGE('',*,*,#3551,.F.);
#2399=ORIENTED_EDGE('',*,*,#3553,.F.);
#2400=ORIENTED_EDGE('',*,*,#3555,.F.);
#2401=ORIENTED_EDGE('',*,*,#3557,.F.);
#2402=ORIENTED_EDGE('',*,*,#3559,.F.);
#2403=ORIENTED_EDGE('',*,*,#3561,.F.);
#2404=ORIENTED_EDGE('',*,*,#3563,.F.);
#2405=ORIENTED_EDGE('',*,*,#3565,.F.);
#2406=ORIENTED_EDGE('',*,*,#3567,.F.);
#2407=ORIENTED_EDGE('',*,*,#3569,.F.);
#2408=ORIENTED_EDGE('',*,*,#3571,.F.);
#2409=ORIENTED_EDGE('',*,*,#3573,.F.);
#2410=ORIENTED_EDGE('',*,*,#3575,.F.);
#2411=ORIENTED_EDGE('',*,*,#3577,.F.);
#2412=ORIENTED_EDGE('',*,*,#3579,.F.);
#2413=ORIENTED_EDGE('',*,*,#3581,.F.);
#2414=ORIENTED_EDGE('',*,*,#3583,.F.);
#2415=ORIENTED_EDGE('',*,*,#3585,.F.);
#2416=ORIENTED_EDGE('',*,*,#3587,.F.);
#2417=ORIENTED_EDGE('',*,*,#3589,.F.);
#2418=ORIENTED_EDGE('',*,*,#3591,.F.);
#2419=ORIENTED_EDGE('',*,*,#3593,.F.);
#2420=ORIENTED_EDGE('',*,*,#3594,.F.);
#2421=ORIENTED_EDGE('',*,*,#3127,.T.);
#2422=ORIENTED_EDGE('',*,*,#3123,.T.);
#2423=ORIENTED_EDGE('',*,*,#3209,.T.);
#2424=ORIENTED_EDGE('',*,*,#3142,.T.);
#2425=ORIENTED_EDGE('',*,*,#3139,.T.);
#2426=ORIENTED_EDGE('',*,*,#3136,.T.);
#2427=ORIENTED_EDGE('',*,*,#3133,.T.);
#2428=ORIENTED_EDGE('',*,*,#3130,.T.);
#2429=ORIENTED_EDGE('',*,*,#3215,.T.);
#2430=ORIENTED_EDGE('',*,*,#3211,.T.);
#2431=ORIENTED_EDGE('',*,*,#3240,.T.);
#2432=ORIENTED_EDGE('',*,*,#3374,.T.);
#2433=ORIENTED_EDGE('',*,*,#3370,.T.);
#2434=ORIENTED_EDGE('',*,*,#3430,.T.);
#2435=ORIENTED_EDGE('',*,*,#3389,.T.);
#2436=ORIENTED_EDGE('',*,*,#3386,.T.);
#2437=ORIENTED_EDGE('',*,*,#3383,.T.);
#2438=ORIENTED_EDGE('',*,*,#3380,.T.);
#2439=ORIENTED_EDGE('',*,*,#3377,.T.);
#2440=ORIENTED_EDGE('',*,*,#3436,.T.);
#2441=ORIENTED_EDGE('',*,*,#3432,.T.);
#2442=ORIENTED_EDGE('',*,*,#3491,.T.);
#2443=ORIENTED_EDGE('',*,*,#3454,.T.);
#2444=ORIENTED_EDGE('',*,*,#3451,.T.);
#2445=ORIENTED_EDGE('',*,*,#3448,.T.);
#2446=ORIENTED_EDGE('',*,*,#3445,.T.);
#2447=ORIENTED_EDGE('',*,*,#3442,.T.);
#2448=ORIENTED_EDGE('',*,*,#3439,.T.);
#2449=ORIENTED_EDGE('',*,*,#3497,.T.);
#2450=ORIENTED_EDGE('',*,*,#3493,.T.);
#2451=ORIENTED_EDGE('',*,*,#3543,.T.);
#2452=ORIENTED_EDGE('',*,*,#3524,.T.);
#2453=ORIENTED_EDGE('',*,*,#3521,.T.);
#2454=ORIENTED_EDGE('',*,*,#3518,.T.);
#2455=ORIENTED_EDGE('',*,*,#3515,.T.);
#2456=ORIENTED_EDGE('',*,*,#3512,.T.);
#2457=ORIENTED_EDGE('',*,*,#3509,.T.);
#2458=ORIENTED_EDGE('',*,*,#3506,.T.);
#2459=ORIENTED_EDGE('',*,*,#3503,.T.);
#2460=ORIENTED_EDGE('',*,*,#3500,.T.);
#2461=ORIENTED_EDGE('',*,*,#3595,.T.);
#2462=ORIENTED_EDGE('',*,*,#3596,.T.);
#2463=ORIENTED_EDGE('',*,*,#2790,.T.);
#2464=ORIENTED_EDGE('',*,*,#3597,.T.);
#2465=ORIENTED_EDGE('',*,*,#3598,.T.);
#2466=ORIENTED_EDGE('',*,*,#3599,.T.);
#2467=ORIENTED_EDGE('',*,*,#2788,.T.);
#2468=ORIENTED_EDGE('',*,*,#3600,.T.);
#2469=ORIENTED_EDGE('',*,*,#3601,.T.);
#2470=ORIENTED_EDGE('',*,*,#3602,.T.);
#2471=ORIENTED_EDGE('',*,*,#2786,.T.);
#2472=ORIENTED_EDGE('',*,*,#3603,.T.);
#2473=ORIENTED_EDGE('',*,*,#3604,.T.);
#2474=ORIENTED_EDGE('',*,*,#3605,.T.);
#2475=ORIENTED_EDGE('',*,*,#2784,.T.);
#2476=ORIENTED_EDGE('',*,*,#3606,.T.);
#2477=ORIENTED_EDGE('',*,*,#3607,.T.);
#2478=ORIENTED_EDGE('',*,*,#3608,.T.);
#2479=ORIENTED_EDGE('',*,*,#2782,.T.);
#2480=ORIENTED_EDGE('',*,*,#3609,.T.);
#2481=ORIENTED_EDGE('',*,*,#3610,.T.);
#2482=ORIENTED_EDGE('',*,*,#3611,.T.);
#2483=ORIENTED_EDGE('',*,*,#2800,.T.);
#2484=ORIENTED_EDGE('',*,*,#3612,.T.);
#2485=ORIENTED_EDGE('',*,*,#3613,.T.);
#2486=ORIENTED_EDGE('',*,*,#3614,.T.);
#2487=ORIENTED_EDGE('',*,*,#2798,.T.);
#2488=ORIENTED_EDGE('',*,*,#3615,.T.);
#2489=ORIENTED_EDGE('',*,*,#3616,.T.);
#2490=ORIENTED_EDGE('',*,*,#3617,.T.);
#2491=ORIENTED_EDGE('',*,*,#2796,.T.);
#2492=ORIENTED_EDGE('',*,*,#3618,.T.);
#2493=ORIENTED_EDGE('',*,*,#3619,.T.);
#2494=ORIENTED_EDGE('',*,*,#3620,.T.);
#2495=ORIENTED_EDGE('',*,*,#2794,.T.);
#2496=ORIENTED_EDGE('',*,*,#3621,.T.);
#2497=ORIENTED_EDGE('',*,*,#3622,.T.);
#2498=ORIENTED_EDGE('',*,*,#3623,.T.);
#2499=ORIENTED_EDGE('',*,*,#2792,.T.);
#2500=ORIENTED_EDGE('',*,*,#3624,.T.);
#2501=ORIENTED_EDGE('',*,*,#3625,.F.);
#2502=ORIENTED_EDGE('',*,*,#3626,.T.);
#2503=ORIENTED_EDGE('',*,*,#3601,.F.);
#2504=ORIENTED_EDGE('',*,*,#3627,.T.);
#2505=ORIENTED_EDGE('',*,*,#3628,.F.);
#2506=ORIENTED_EDGE('',*,*,#3629,.F.);
#2507=ORIENTED_EDGE('',*,*,#2810,.F.);
#2508=ORIENTED_EDGE('',*,*,#3630,.F.);
#2509=ORIENTED_EDGE('',*,*,#3631,.F.);
#2510=ORIENTED_EDGE('',*,*,#3632,.T.);
#2511=ORIENTED_EDGE('',*,*,#3598,.F.);
#2512=ORIENTED_EDGE('',*,*,#3633,.T.);
#2513=ORIENTED_EDGE('',*,*,#3634,.F.);
#2514=ORIENTED_EDGE('',*,*,#3635,.F.);
#2515=ORIENTED_EDGE('',*,*,#2806,.F.);
#2516=ORIENTED_EDGE('',*,*,#3636,.F.);
#2517=ORIENTED_EDGE('',*,*,#3595,.F.);
#2518=ORIENTED_EDGE('',*,*,#3637,.T.);
#2519=ORIENTED_EDGE('',*,*,#3638,.F.);
#2520=ORIENTED_EDGE('',*,*,#3639,.F.);
#2521=ORIENTED_EDGE('',*,*,#2802,.F.);
#2522=ORIENTED_EDGE('',*,*,#3640,.F.);
#2523=ORIENTED_EDGE('',*,*,#3641,.F.);
#2524=ORIENTED_EDGE('',*,*,#3642,.T.);
#2525=ORIENTED_EDGE('',*,*,#3622,.F.);
#2526=ORIENTED_EDGE('',*,*,#3643,.T.);
#2527=ORIENTED_EDGE('',*,*,#3644,.F.);
#2528=ORIENTED_EDGE('',*,*,#3645,.F.);
#2529=ORIENTED_EDGE('',*,*,#2838,.F.);
#2530=ORIENTED_EDGE('',*,*,#3646,.F.);
#2531=ORIENTED_EDGE('',*,*,#3647,.F.);
#2532=ORIENTED_EDGE('',*,*,#3648,.T.);
#2533=ORIENTED_EDGE('',*,*,#3619,.F.);
#2534=ORIENTED_EDGE('',*,*,#3649,.T.);
#2535=ORIENTED_EDGE('',*,*,#3650,.F.);
#2536=ORIENTED_EDGE('',*,*,#3651,.F.);
#2537=ORIENTED_EDGE('',*,*,#2834,.F.);
#2538=ORIENTED_EDGE('',*,*,#3652,.F.);
#2539=ORIENTED_EDGE('',*,*,#3653,.F.);
#2540=ORIENTED_EDGE('',*,*,#3654,.T.);
#2541=ORIENTED_EDGE('',*,*,#3655,.F.);
#2542=ORIENTED_EDGE('',*,*,#3656,.T.);
#2543=ORIENTED_EDGE('',*,*,#3604,.F.);
#2544=ORIENTED_EDGE('',*,*,#3657,.T.);
#2545=ORIENTED_EDGE('',*,*,#3658,.F.);
#2546=ORIENTED_EDGE('',*,*,#3659,.F.);
#2547=ORIENTED_EDGE('',*,*,#2814,.F.);
#2548=ORIENTED_EDGE('',*,*,#3660,.F.);
#2549=ORIENTED_EDGE('',*,*,#3661,.F.);
#2550=ORIENTED_EDGE('',*,*,#3662,.T.);
#2551=ORIENTED_EDGE('',*,*,#3607,.F.);
#2552=ORIENTED_EDGE('',*,*,#3663,.T.);
#2553=ORIENTED_EDGE('',*,*,#3664,.F.);
#2554=ORIENTED_EDGE('',*,*,#3665,.F.);
#2555=ORIENTED_EDGE('',*,*,#2818,.F.);
#2556=ORIENTED_EDGE('',*,*,#3666,.F.);
#2557=ORIENTED_EDGE('',*,*,#3667,.F.);
#2558=ORIENTED_EDGE('',*,*,#3668,.T.);
#2559=ORIENTED_EDGE('',*,*,#3610,.F.);
#2560=ORIENTED_EDGE('',*,*,#3669,.T.);
#2561=ORIENTED_EDGE('',*,*,#3670,.F.);
#2562=ORIENTED_EDGE('',*,*,#3671,.F.);
#2563=ORIENTED_EDGE('',*,*,#2822,.F.);
#2564=ORIENTED_EDGE('',*,*,#3672,.F.);
#2565=ORIENTED_EDGE('',*,*,#3673,.F.);
#2566=ORIENTED_EDGE('',*,*,#3674,.T.);
#2567=ORIENTED_EDGE('',*,*,#3613,.F.);
#2568=ORIENTED_EDGE('',*,*,#3675,.T.);
#2569=ORIENTED_EDGE('',*,*,#3676,.F.);
#2570=ORIENTED_EDGE('',*,*,#3677,.F.);
#2571=ORIENTED_EDGE('',*,*,#2826,.F.);
#2572=ORIENTED_EDGE('',*,*,#3678,.F.);
#2573=ORIENTED_EDGE('',*,*,#3616,.F.);
#2574=ORIENTED_EDGE('',*,*,#3679,.T.);
#2575=ORIENTED_EDGE('',*,*,#3680,.F.);
#2576=ORIENTED_EDGE('',*,*,#3681,.F.);
#2577=ORIENTED_EDGE('',*,*,#2830,.F.);
#2578=ORIENTED_EDGE('',*,*,#3682,.F.);
#2579=ORIENTED_EDGE('',*,*,#3683,.F.);
#2580=ORIENTED_EDGE('',*,*,#3684,.T.);
#2581=ORIENTED_EDGE('',*,*,#3676,.T.);
#2582=ORIENTED_EDGE('',*,*,#3685,.T.);
#2583=ORIENTED_EDGE('',*,*,#3683,.T.);
#2584=ORIENTED_EDGE('',*,*,#3686,.F.);
#2585=ORIENTED_EDGE('',*,*,#2827,.T.);
#2586=ORIENTED_EDGE('',*,*,#3677,.T.);
#2587=ORIENTED_EDGE('',*,*,#3686,.T.);
#2588=ORIENTED_EDGE('',*,*,#3682,.T.);
#2589=ORIENTED_EDGE('',*,*,#2829,.T.);
#2590=ORIENTED_EDGE('',*,*,#3097,.F.);
#2591=ORIENTED_EDGE('',*,*,#2797,.T.);
#2592=ORIENTED_EDGE('',*,*,#3617,.F.);
#2593=ORIENTED_EDGE('',*,*,#3684,.F.);
#2594=ORIENTED_EDGE('',*,*,#3685,.F.);
#2595=ORIENTED_EDGE('',*,*,#3675,.F.);
#2596=ORIENTED_EDGE('',*,*,#3615,.F.);
#2597=ORIENTED_EDGE('',*,*,#3653,.T.);
#2598=ORIENTED_EDGE('',*,*,#3687,.F.);
#2599=ORIENTED_EDGE('',*,*,#3680,.T.);
#2600=ORIENTED_EDGE('',*,*,#3688,.T.);
#2601=ORIENTED_EDGE('',*,*,#2833,.T.);
#2602=ORIENTED_EDGE('',*,*,#3098,.F.);
#2603=ORIENTED_EDGE('',*,*,#2831,.T.);
#2604=ORIENTED_EDGE('',*,*,#3681,.T.);
#2605=ORIENTED_EDGE('',*,*,#3687,.T.);
#2606=ORIENTED_EDGE('',*,*,#3652,.T.);
#2607=ORIENTED_EDGE('',*,*,#3654,.F.);
#2608=ORIENTED_EDGE('',*,*,#3688,.F.);
#2609=ORIENTED_EDGE('',*,*,#3679,.F.);
#2610=ORIENTED_EDGE('',*,*,#3618,.F.);
#2611=ORIENTED_EDGE('',*,*,#2795,.T.);
#2612=ORIENTED_EDGE('',*,*,#3620,.F.);
#2613=ORIENTED_EDGE('',*,*,#3670,.T.);
#2614=ORIENTED_EDGE('',*,*,#3689,.T.);
#2615=ORIENTED_EDGE('',*,*,#3673,.T.);
#2616=ORIENTED_EDGE('',*,*,#3690,.F.);
#2617=ORIENTED_EDGE('',*,*,#2823,.T.);
#2618=ORIENTED_EDGE('',*,*,#3671,.T.);
#2619=ORIENTED_EDGE('',*,*,#3690,.T.);
#2620=ORIENTED_EDGE('',*,*,#3678,.T.);
#2621=ORIENTED_EDGE('',*,*,#2825,.T.);
#2622=ORIENTED_EDGE('',*,*,#3096,.F.);
#2623=ORIENTED_EDGE('',*,*,#2799,.T.);
#2624=ORIENTED_EDGE('',*,*,#3614,.F.);
#2625=ORIENTED_EDGE('',*,*,#3674,.F.);
#2626=ORIENTED_EDGE('',*,*,#3689,.F.);
#2627=ORIENTED_EDGE('',*,*,#3669,.F.);
#2628=ORIENTED_EDGE('',*,*,#3612,.F.);
#2629=ORIENTED_EDGE('',*,*,#3664,.T.);
#2630=ORIENTED_EDGE('',*,*,#3691,.T.);
#2631=ORIENTED_EDGE('',*,*,#3667,.T.);
#2632=ORIENTED_EDGE('',*,*,#3692,.F.);
#2633=ORIENTED_EDGE('',*,*,#2819,.T.);
#2634=ORIENTED_EDGE('',*,*,#3665,.T.);
#2635=ORIENTED_EDGE('',*,*,#3692,.T.);
#2636=ORIENTED_EDGE('',*,*,#3672,.T.);
#2637=ORIENTED_EDGE('',*,*,#2821,.T.);
#2638=ORIENTED_EDGE('',*,*,#3095,.F.);
#2639=ORIENTED_EDGE('',*,*,#2781,.T.);
#2640=ORIENTED_EDGE('',*,*,#3611,.F.);
#2641=ORIENTED_EDGE('',*,*,#3668,.F.);
#2642=ORIENTED_EDGE('',*,*,#3691,.F.);
#2643=ORIENTED_EDGE('',*,*,#3663,.F.);
#2644=ORIENTED_EDGE('',*,*,#3609,.F.);
#2645=ORIENTED_EDGE('',*,*,#3658,.T.);
#2646=ORIENTED_EDGE('',*,*,#3693,.T.);
#2647=ORIENTED_EDGE('',*,*,#3661,.T.);
#2648=ORIENTED_EDGE('',*,*,#3694,.F.);
#2649=ORIENTED_EDGE('',*,*,#2815,.T.);
#2650=ORIENTED_EDGE('',*,*,#3659,.T.);
#2651=ORIENTED_EDGE('',*,*,#3694,.T.);
#2652=ORIENTED_EDGE('',*,*,#3666,.T.);
#2653=ORIENTED_EDGE('',*,*,#2817,.T.);
#2654=ORIENTED_EDGE('',*,*,#3104,.F.);
#2655=ORIENTED_EDGE('',*,*,#2783,.T.);
#2656=ORIENTED_EDGE('',*,*,#3608,.F.);
#2657=ORIENTED_EDGE('',*,*,#3662,.F.);
#2658=ORIENTED_EDGE('',*,*,#3693,.F.);
#2659=ORIENTED_EDGE('',*,*,#3657,.F.);
#2660=ORIENTED_EDGE('',*,*,#3606,.F.);
#2661=ORIENTED_EDGE('',*,*,#3628,.T.);
#2662=ORIENTED_EDGE('',*,*,#3695,.T.);
#2663=ORIENTED_EDGE('',*,*,#3655,.T.);
#2664=ORIENTED_EDGE('',*,*,#3696,.F.);
#2665=ORIENTED_EDGE('',*,*,#2811,.T.);
#2666=ORIENTED_EDGE('',*,*,#3629,.T.);
#2667=ORIENTED_EDGE('',*,*,#3696,.T.);
#2668=ORIENTED_EDGE('',*,*,#3660,.T.);
#2669=ORIENTED_EDGE('',*,*,#2813,.T.);
#2670=ORIENTED_EDGE('',*,*,#3103,.F.);
#2671=ORIENTED_EDGE('',*,*,#2785,.T.);
#2672=ORIENTED_EDGE('',*,*,#3605,.F.);
#2673=ORIENTED_EDGE('',*,*,#3656,.F.);
#2674=ORIENTED_EDGE('',*,*,#3695,.F.);
#2675=ORIENTED_EDGE('',*,*,#3627,.F.);
#2676=ORIENTED_EDGE('',*,*,#3603,.F.);
#2677=ORIENTED_EDGE('',*,*,#3647,.T.);
#2678=ORIENTED_EDGE('',*,*,#3697,.F.);
#2679=ORIENTED_EDGE('',*,*,#3650,.T.);
#2680=ORIENTED_EDGE('',*,*,#3698,.T.);
#2681=ORIENTED_EDGE('',*,*,#2837,.T.);
#2682=ORIENTED_EDGE('',*,*,#3099,.F.);
#2683=ORIENTED_EDGE('',*,*,#2835,.T.);
#2684=ORIENTED_EDGE('',*,*,#3651,.T.);
#2685=ORIENTED_EDGE('',*,*,#3697,.T.);
#2686=ORIENTED_EDGE('',*,*,#3646,.T.);
#2687=ORIENTED_EDGE('',*,*,#3648,.F.);
#2688=ORIENTED_EDGE('',*,*,#3698,.F.);
#2689=ORIENTED_EDGE('',*,*,#3649,.F.);
#2690=ORIENTED_EDGE('',*,*,#3621,.F.);
#2691=ORIENTED_EDGE('',*,*,#2793,.T.);
#2692=ORIENTED_EDGE('',*,*,#3623,.F.);
#2693=ORIENTED_EDGE('',*,*,#3641,.T.);
#2694=ORIENTED_EDGE('',*,*,#3699,.F.);
#2695=ORIENTED_EDGE('',*,*,#3644,.T.);
#2696=ORIENTED_EDGE('',*,*,#3700,.T.);
#2697=ORIENTED_EDGE('',*,*,#2801,.T.);
#2698=ORIENTED_EDGE('',*,*,#3100,.F.);
#2699=ORIENTED_EDGE('',*,*,#2839,.T.);
#2700=ORIENTED_EDGE('',*,*,#3645,.T.);
#2701=ORIENTED_EDGE('',*,*,#3699,.T.);
#2702=ORIENTED_EDGE('',*,*,#3640,.T.);
#2703=ORIENTED_EDGE('',*,*,#3642,.F.);
#2704=ORIENTED_EDGE('',*,*,#3700,.F.);
#2705=ORIENTED_EDGE('',*,*,#3643,.F.);
#2706=ORIENTED_EDGE('',*,*,#3624,.F.);
#2707=ORIENTED_EDGE('',*,*,#2791,.T.);
#2708=ORIENTED_EDGE('',*,*,#3596,.F.);
#2709=ORIENTED_EDGE('',*,*,#3631,.T.);
#2710=ORIENTED_EDGE('',*,*,#3701,.F.);
#2711=ORIENTED_EDGE('',*,*,#3638,.T.);
#2712=ORIENTED_EDGE('',*,*,#3702,.T.);
#2713=ORIENTED_EDGE('',*,*,#2805,.T.);
#2714=ORIENTED_EDGE('',*,*,#3101,.F.);
#2715=ORIENTED_EDGE('',*,*,#2803,.T.);
#2716=ORIENTED_EDGE('',*,*,#3639,.T.);
#2717=ORIENTED_EDGE('',*,*,#3701,.T.);
#2718=ORIENTED_EDGE('',*,*,#3636,.T.);
#2719=ORIENTED_EDGE('',*,*,#3632,.F.);
#2720=ORIENTED_EDGE('',*,*,#3702,.F.);
#2721=ORIENTED_EDGE('',*,*,#3637,.F.);
#2722=ORIENTED_EDGE('',*,*,#3597,.F.);
#2723=ORIENTED_EDGE('',*,*,#2789,.T.);
#2724=ORIENTED_EDGE('',*,*,#3599,.F.);
#2725=ORIENTED_EDGE('',*,*,#3626,.F.);
#2726=ORIENTED_EDGE('',*,*,#3703,.F.);
#2727=ORIENTED_EDGE('',*,*,#3633,.F.);
#2728=ORIENTED_EDGE('',*,*,#3600,.F.);
#2729=ORIENTED_EDGE('',*,*,#2787,.T.);
#2730=ORIENTED_EDGE('',*,*,#3602,.F.);
#2731=ORIENTED_EDGE('',*,*,#2809,.T.);
#2732=ORIENTED_EDGE('',*,*,#3102,.F.);
#2733=ORIENTED_EDGE('',*,*,#2807,.T.);
#2734=ORIENTED_EDGE('',*,*,#3635,.T.);
#2735=ORIENTED_EDGE('',*,*,#3704,.T.);
#2736=ORIENTED_EDGE('',*,*,#3630,.T.);
#2737=ORIENTED_EDGE('',*,*,#3625,.T.);
#2738=ORIENTED_EDGE('',*,*,#3704,.F.);
#2739=ORIENTED_EDGE('',*,*,#3634,.T.);
#2740=ORIENTED_EDGE('',*,*,#3703,.T.);
#2741=EDGE_CURVE('',#3705,#3706,#4351,.T.);
#2742=EDGE_CURVE('',#3705,#3707,#637,.F.);
#2743=EDGE_CURVE('',#3708,#3707,#4352,.T.);
#2744=EDGE_CURVE('',#3708,#3709,#638,.T.);
#2745=EDGE_CURVE('',#3710,#3709,#4353,.T.);
#2746=EDGE_CURVE('',#3710,#3711,#639,.F.);
#2747=EDGE_CURVE('',#3712,#3711,#4354,.T.);
#2748=EDGE_CURVE('',#3712,#3713,#640,.T.);
#2749=EDGE_CURVE('',#3714,#3713,#4355,.T.);
#2750=EDGE_CURVE('',#3714,#3715,#641,.F.);
#2751=EDGE_CURVE('',#3716,#3715,#4356,.T.);
#2752=EDGE_CURVE('',#3716,#3717,#642,.T.);
#2753=EDGE_CURVE('',#3718,#3717,#4357,.T.);
#2754=EDGE_CURVE('',#3718,#3719,#643,.F.);
#2755=EDGE_CURVE('',#3720,#3719,#4358,.T.);
#2756=EDGE_CURVE('',#3720,#3721,#644,.T.);
#2757=EDGE_CURVE('',#3722,#3721,#4359,.T.);
#2758=EDGE_CURVE('',#3722,#3723,#645,.F.);
#2759=EDGE_CURVE('',#3724,#3723,#4360,.T.);
#2760=EDGE_CURVE('',#3724,#3725,#646,.T.);
#2761=EDGE_CURVE('',#3726,#3725,#4361,.T.);
#2762=EDGE_CURVE('',#3726,#3727,#647,.F.);
#2763=EDGE_CURVE('',#3728,#3727,#4362,.T.);
#2764=EDGE_CURVE('',#3728,#3729,#648,.T.);
#2765=EDGE_CURVE('',#3730,#3729,#4363,.T.);
#2766=EDGE_CURVE('',#3730,#3731,#649,.F.);
#2767=EDGE_CURVE('',#3732,#3731,#4364,.T.);
#2768=EDGE_CURVE('',#3732,#3733,#650,.T.);
#2769=EDGE_CURVE('',#3734,#3733,#4365,.T.);
#2770=EDGE_CURVE('',#3734,#3735,#651,.F.);
#2771=EDGE_CURVE('',#3736,#3735,#4366,.T.);
#2772=EDGE_CURVE('',#3736,#3737,#652,.T.);
#2773=EDGE_CURVE('',#3738,#3737,#4367,.T.);
#2774=EDGE_CURVE('',#3738,#3739,#653,.F.);
#2775=EDGE_CURVE('',#3740,#3739,#4368,.T.);
#2776=EDGE_CURVE('',#3740,#3741,#654,.T.);
#2777=EDGE_CURVE('',#3742,#3741,#4369,.T.);
#2778=EDGE_CURVE('',#3742,#3743,#655,.F.);
#2779=EDGE_CURVE('',#3744,#3743,#4370,.T.);
#2780=EDGE_CURVE('',#3744,#3706,#656,.T.);
#2781=EDGE_CURVE('',#3745,#3746,#657,.T.);
#2782=EDGE_CURVE('',#3747,#3745,#658,.T.);
#2783=EDGE_CURVE('',#3748,#3747,#659,.T.);
#2784=EDGE_CURVE('',#3749,#3748,#660,.T.);
#2785=EDGE_CURVE('',#3750,#3749,#661,.T.);
#2786=EDGE_CURVE('',#3751,#3750,#662,.T.);
#2787=EDGE_CURVE('',#3752,#3751,#663,.T.);
#2788=EDGE_CURVE('',#3753,#3752,#664,.T.);
#2789=EDGE_CURVE('',#3754,#3753,#665,.T.);
#2790=EDGE_CURVE('',#3755,#3754,#666,.T.);
#2791=EDGE_CURVE('',#3756,#3755,#667,.T.);
#2792=EDGE_CURVE('',#3757,#3756,#668,.T.);
#2793=EDGE_CURVE('',#3758,#3757,#669,.T.);
#2794=EDGE_CURVE('',#3759,#3758,#670,.T.);
#2795=EDGE_CURVE('',#3760,#3759,#671,.T.);
#2796=EDGE_CURVE('',#3761,#3760,#672,.T.);
#2797=EDGE_CURVE('',#3762,#3761,#673,.T.);
#2798=EDGE_CURVE('',#3763,#3762,#674,.T.);
#2799=EDGE_CURVE('',#3764,#3763,#675,.T.);
#2800=EDGE_CURVE('',#3746,#3764,#676,.T.);
#2801=EDGE_CURVE('',#3765,#3766,#198,.T.);
#2802=EDGE_CURVE('',#3765,#3767,#677,.F.);
#2803=EDGE_CURVE('',#3768,#3767,#199,.T.);
#2804=EDGE_CURVE('',#3768,#3766,#678,.T.);
#2805=EDGE_CURVE('',#3769,#3770,#200,.T.);
#2806=EDGE_CURVE('',#3769,#3771,#679,.F.);
#2807=EDGE_CURVE('',#3772,#3771,#201,.T.);
#2808=EDGE_CURVE('',#3772,#3770,#680,.T.);
#2809=EDGE_CURVE('',#3773,#3774,#202,.T.);
#2810=EDGE_CURVE('',#3773,#3775,#681,.F.);
#2811=EDGE_CURVE('',#3776,#3775,#203,.T.);
#2812=EDGE_CURVE('',#3776,#3774,#682,.T.);
#2813=EDGE_CURVE('',#3777,#3778,#204,.T.);
#2814=EDGE_CURVE('',#3777,#3779,#683,.F.);
#2815=EDGE_CURVE('',#3780,#3779,#205,.T.);
#2816=EDGE_CURVE('',#3780,#3778,#684,.T.);
#2817=EDGE_CURVE('',#3781,#3782,#206,.T.);
#2818=EDGE_CURVE('',#3781,#3783,#685,.F.);
#2819=EDGE_CURVE('',#3784,#3783,#207,.T.);
#2820=EDGE_CURVE('',#3784,#3782,#686,.T.);
#2821=EDGE_CURVE('',#3785,#3786,#208,.T.);
#2822=EDGE_CURVE('',#3785,#3787,#687,.F.);
#2823=EDGE_CURVE('',#3788,#3787,#209,.T.);
#2824=EDGE_CURVE('',#3788,#3786,#688,.T.);
#2825=EDGE_CURVE('',#3789,#3790,#210,.T.);
#2826=EDGE_CURVE('',#3789,#3791,#689,.F.);
#2827=EDGE_CURVE('',#3792,#3791,#211,.T.);
#2828=EDGE_CURVE('',#3792,#3790,#690,.T.);
#2829=EDGE_CURVE('',#3793,#3794,#212,.T.);
#2830=EDGE_CURVE('',#3793,#3795,#691,.F.);
#2831=EDGE_CURVE('',#3796,#3795,#213,.T.);
#2832=EDGE_CURVE('',#3796,#3794,#692,.T.);
#2833=EDGE_CURVE('',#3797,#3798,#214,.T.);
#2834=EDGE_CURVE('',#3797,#3799,#693,.F.);
#2835=EDGE_CURVE('',#3800,#3799,#215,.T.);
#2836=EDGE_CURVE('',#3800,#3798,#694,.T.);
#2837=EDGE_CURVE('',#3801,#3802,#216,.T.);
#2838=EDGE_CURVE('',#3801,#3803,#695,.F.);
#2839=EDGE_CURVE('',#3804,#3803,#217,.T.);
#2840=EDGE_CURVE('',#3804,#3802,#696,.T.);
#2841=EDGE_CURVE('',#3805,#3806,#4371,.T.);
#2842=EDGE_CURVE('',#3806,#3807,#218,.T.);
#2843=EDGE_CURVE('',#3807,#3808,#219,.T.);
#2844=EDGE_CURVE('',#3808,#3809,#220,.T.);
#2845=EDGE_CURVE('',#3809,#3810,#221,.T.);
#2846=EDGE_CURVE('',#3810,#3811,#222,.T.);
#2847=EDGE_CURVE('',#3811,#3812,#223,.T.);
#2848=EDGE_CURVE('',#3812,#3813,#224,.T.);
#2849=EDGE_CURVE('',#3813,#3814,#225,.T.);
#2850=EDGE_CURVE('',#3814,#3815,#697,.F.);
#2851=EDGE_CURVE('',#3815,#3816,#226,.T.);
#2852=EDGE_CURVE('',#3816,#3817,#227,.T.);
#2853=EDGE_CURVE('',#3817,#3818,#228,.T.);
#2854=EDGE_CURVE('',#3818,#3819,#229,.T.);
#2855=EDGE_CURVE('',#3819,#3820,#230,.T.);
#2856=EDGE_CURVE('',#3820,#3821,#231,.T.);
#2857=EDGE_CURVE('',#3821,#3805,#232,.T.);
#2858=EDGE_CURVE('',#3822,#3823,#4372,.T.);
#2859=EDGE_CURVE('',#3823,#3824,#4373,.T.);
#2860=EDGE_CURVE('',#3824,#3825,#4374,.T.);
#2861=EDGE_CURVE('',#3825,#3826,#4375,.T.);
#2862=EDGE_CURVE('',#3826,#3827,#4376,.T.);
#2863=EDGE_CURVE('',#3827,#3822,#4377,.T.);
#2864=EDGE_CURVE('',#3828,#3829,#4378,.T.);
#2865=EDGE_CURVE('',#3829,#3830,#233,.T.);
#2866=EDGE_CURVE('',#3830,#3831,#698,.T.);
#2867=EDGE_CURVE('',#3831,#3832,#234,.T.);
#2868=EDGE_CURVE('',#3832,#3833,#235,.T.);
#2869=EDGE_CURVE('',#3833,#3834,#236,.T.);
#2870=EDGE_CURVE('',#3834,#3835,#237,.T.);
#2871=EDGE_CURVE('',#3835,#3836,#238,.T.);
#2872=EDGE_CURVE('',#3836,#3837,#4379,.T.);
#2873=EDGE_CURVE('',#3837,#3838,#239,.T.);
#2874=EDGE_CURVE('',#3838,#3839,#240,.T.);
#2875=EDGE_CURVE('',#3839,#3840,#241,.T.);
#2876=EDGE_CURVE('',#3840,#3841,#242,.T.);
#2877=EDGE_CURVE('',#3841,#3842,#243,.T.);
#2878=EDGE_CURVE('',#3842,#3843,#699,.F.);
#2879=EDGE_CURVE('',#3843,#3844,#244,.T.);
#2880=EDGE_CURVE('',#3844,#3845,#4380,.T.);
#2881=EDGE_CURVE('',#3845,#3846,#4381,.T.);
#2882=EDGE_CURVE('',#3846,#3828,#4382,.T.);
#2883=EDGE_CURVE('',#3847,#3848,#4383,.T.);
#2884=EDGE_CURVE('',#3848,#3849,#245,.T.);
#2885=EDGE_CURVE('',#3849,#3850,#246,.T.);
#2886=EDGE_CURVE('',#3850,#3851,#247,.T.);
#2887=EDGE_CURVE('',#3851,#3852,#248,.T.);
#2888=EDGE_CURVE('',#3852,#3853,#249,.T.);
#2889=EDGE_CURVE('',#3853,#3854,#250,.T.);
#2890=EDGE_CURVE('',#3854,#3855,#700,.F.);
#2891=EDGE_CURVE('',#3855,#3856,#4384,.T.);
#2892=EDGE_CURVE('',#3856,#3857,#251,.T.);
#2893=EDGE_CURVE('',#3857,#3858,#252,.T.);
#2894=EDGE_CURVE('',#3858,#3859,#253,.T.);
#2895=EDGE_CURVE('',#3859,#3860,#254,.T.);
#2896=EDGE_CURVE('',#3860,#3861,#255,.T.);
#2897=EDGE_CURVE('',#3861,#3862,#256,.T.);
#2898=EDGE_CURVE('',#3862,#3863,#257,.T.);
#2899=EDGE_CURVE('',#3863,#3864,#4385,.T.);
#2900=EDGE_CURVE('',#3864,#3865,#258,.T.);
#2901=EDGE_CURVE('',#3865,#3866,#259,.T.);
#2902=EDGE_CURVE('',#3866,#3867,#260,.T.);
#2903=EDGE_CURVE('',#3867,#3868,#261,.T.);
#2904=EDGE_CURVE('',#3868,#3869,#262,.T.);
#2905=EDGE_CURVE('',#3869,#3870,#263,.T.);
#2906=EDGE_CURVE('',#3870,#3871,#4386,.T.);
#2907=EDGE_CURVE('',#3871,#3872,#4387,.T.);
#2908=EDGE_CURVE('',#3872,#3873,#4388,.T.);
#2909=EDGE_CURVE('',#3873,#3874,#264,.T.);
#2910=EDGE_CURVE('',#3874,#3875,#265,.T.);
#2911=EDGE_CURVE('',#3875,#3876,#266,.T.);
#2912=EDGE_CURVE('',#3876,#3877,#267,.T.);
#2913=EDGE_CURVE('',#3877,#3878,#268,.T.);
#2914=EDGE_CURVE('',#3878,#3847,#269,.T.);
#2915=EDGE_CURVE('',#3879,#3880,#4389,.T.);
#2916=EDGE_CURVE('',#3880,#3881,#4390,.T.);
#2917=EDGE_CURVE('',#3881,#3882,#4391,.T.);
#2918=EDGE_CURVE('',#3882,#3883,#4392,.T.);
#2919=EDGE_CURVE('',#3883,#3884,#4393,.T.);
#2920=EDGE_CURVE('',#3884,#3885,#4394,.T.);
#2921=EDGE_CURVE('',#3885,#3879,#4395,.T.);
#2922=EDGE_CURVE('',#3886,#3887,#4396,.T.);
#2923=EDGE_CURVE('',#3887,#3888,#4397,.T.);
#2924=EDGE_CURVE('',#3888,#3889,#4398,.T.);
#2925=EDGE_CURVE('',#3889,#3890,#4399,.T.);
#2926=EDGE_CURVE('',#3890,#3891,#4400,.T.);
#2927=EDGE_CURVE('',#3891,#3892,#4401,.T.);
#2928=EDGE_CURVE('',#3892,#3893,#4402,.T.);
#2929=EDGE_CURVE('',#3893,#3894,#4403,.T.);
#2930=EDGE_CURVE('',#3894,#3895,#4404,.T.);
#2931=EDGE_CURVE('',#3895,#3896,#4405,.T.);
#2932=EDGE_CURVE('',#3896,#3886,#4406,.T.);
#2933=EDGE_CURVE('',#3897,#3898,#4407,.T.);
#2934=EDGE_CURVE('',#3898,#3899,#4408,.T.);
#2935=EDGE_CURVE('',#3899,#3900,#4409,.T.);
#2936=EDGE_CURVE('',#3900,#3901,#4410,.T.);
#2937=EDGE_CURVE('',#3901,#3902,#4411,.T.);
#2938=EDGE_CURVE('',#3902,#3897,#4412,.T.);
#2939=EDGE_CURVE('',#3903,#3904,#4413,.T.);
#2940=EDGE_CURVE('',#3904,#3905,#701,.T.);
#2941=EDGE_CURVE('',#3905,#3906,#4414,.T.);
#2942=EDGE_CURVE('',#3906,#3907,#702,.F.);
#2943=EDGE_CURVE('',#3907,#3908,#4415,.T.);
#2944=EDGE_CURVE('',#3908,#3909,#703,.T.);
#2945=EDGE_CURVE('',#3909,#3910,#4416,.T.);
#2946=EDGE_CURVE('',#3910,#3911,#704,.F.);
#2947=EDGE_CURVE('',#3911,#3912,#4417,.T.);
#2948=EDGE_CURVE('',#3912,#3913,#705,.T.);
#2949=EDGE_CURVE('',#3913,#3914,#4418,.T.);
#2950=EDGE_CURVE('',#3914,#3915,#706,.F.);
#2951=EDGE_CURVE('',#3915,#3916,#4419,.T.);
#2952=EDGE_CURVE('',#3916,#3917,#707,.T.);
#2953=EDGE_CURVE('',#3917,#3918,#4420,.T.);
#2954=EDGE_CURVE('',#3918,#3919,#708,.F.);
#2955=EDGE_CURVE('',#3919,#3920,#4421,.T.);
#2956=EDGE_CURVE('',#3920,#3921,#709,.T.);
#2957=EDGE_CURVE('',#3921,#3922,#4422,.T.);
#2958=EDGE_CURVE('',#3922,#3923,#710,.F.);
#2959=EDGE_CURVE('',#3923,#3924,#4423,.T.);
#2960=EDGE_CURVE('',#3924,#3925,#711,.T.);
#2961=EDGE_CURVE('',#3925,#3926,#4424,.T.);
#2962=EDGE_CURVE('',#3926,#3927,#712,.F.);
#2963=EDGE_CURVE('',#3927,#3928,#4425,.T.);
#2964=EDGE_CURVE('',#3928,#3929,#713,.T.);
#2965=EDGE_CURVE('',#3929,#3930,#4426,.T.);
#2966=EDGE_CURVE('',#3930,#3931,#714,.F.);
#2967=EDGE_CURVE('',#3931,#3932,#4427,.T.);
#2968=EDGE_CURVE('',#3932,#3933,#715,.T.);
#2969=EDGE_CURVE('',#3933,#3934,#4428,.T.);
#2970=EDGE_CURVE('',#3934,#3935,#716,.F.);
#2971=EDGE_CURVE('',#3935,#3936,#4429,.T.);
#2972=EDGE_CURVE('',#3936,#3937,#717,.T.);
#2973=EDGE_CURVE('',#3937,#3938,#4430,.T.);
#2974=EDGE_CURVE('',#3938,#3939,#718,.F.);
#2975=EDGE_CURVE('',#3939,#3940,#4431,.T.);
#2976=EDGE_CURVE('',#3940,#3941,#719,.T.);
#2977=EDGE_CURVE('',#3941,#3942,#4432,.T.);
#2978=EDGE_CURVE('',#3942,#3903,#720,.F.);
#2979=EDGE_CURVE('',#3943,#3943,#721,.T.);
#2980=EDGE_CURVE('',#3944,#3945,#270,.T.);
#2981=EDGE_CURVE('',#3945,#3946,#271,.T.);
#2982=EDGE_CURVE('',#3946,#3947,#272,.T.);
#2983=EDGE_CURVE('',#3947,#3948,#722,.F.);
#2984=EDGE_CURVE('',#3948,#3949,#273,.T.);
#2985=EDGE_CURVE('',#3949,#3950,#274,.T.);
#2986=EDGE_CURVE('',#3950,#3951,#275,.T.);
#2987=EDGE_CURVE('',#3951,#3952,#276,.T.);
#2988=EDGE_CURVE('',#3952,#3953,#723,.F.);
#2989=EDGE_CURVE('',#3953,#3954,#277,.T.);
#2990=EDGE_CURVE('',#3954,#3955,#278,.T.);
#2991=EDGE_CURVE('',#3955,#3956,#279,.T.);
#2992=EDGE_CURVE('',#3956,#3957,#280,.T.);
#2993=EDGE_CURVE('',#3957,#3958,#281,.T.);
#2994=EDGE_CURVE('',#3958,#3959,#282,.T.);
#2995=EDGE_CURVE('',#3959,#3960,#283,.T.);
#2996=EDGE_CURVE('',#3960,#3961,#284,.T.);
#2997=EDGE_CURVE('',#3961,#3962,#285,.T.);
#2998=EDGE_CURVE('',#3962,#3963,#286,.T.);
#2999=EDGE_CURVE('',#3963,#3944,#287,.T.);
#3000=EDGE_CURVE('',#3964,#3965,#4433,.T.);
#3001=EDGE_CURVE('',#3965,#3966,#288,.T.);
#3002=EDGE_CURVE('',#3966,#3967,#289,.T.);
#3003=EDGE_CURVE('',#3967,#3968,#290,.T.);
#3004=EDGE_CURVE('',#3968,#3969,#291,.T.);
#3005=EDGE_CURVE('',#3969,#3970,#292,.T.);
#3006=EDGE_CURVE('',#3970,#3971,#293,.T.);
#3007=EDGE_CURVE('',#3971,#3972,#294,.T.);
#3008=EDGE_CURVE('',#3972,#3973,#724,.F.);
#3009=EDGE_CURVE('',#3973,#3974,#295,.T.);
#3010=EDGE_CURVE('',#3974,#3975,#296,.T.);
#3011=EDGE_CURVE('',#3975,#3976,#297,.T.);
#3012=EDGE_CURVE('',#3976,#3977,#298,.T.);
#3013=EDGE_CURVE('',#3977,#3978,#299,.T.);
#3014=EDGE_CURVE('',#3978,#3979,#300,.T.);
#3015=EDGE_CURVE('',#3979,#3980,#301,.T.);
#3016=EDGE_CURVE('',#3980,#3981,#302,.T.);
#3017=EDGE_CURVE('',#3981,#3982,#303,.T.);
#3018=EDGE_CURVE('',#3982,#3964,#304,.T.);
#3019=EDGE_CURVE('',#3983,#3984,#305,.T.);
#3020=EDGE_CURVE('',#3984,#3985,#306,.T.);
#3021=EDGE_CURVE('',#3985,#3986,#307,.T.);
#3022=EDGE_CURVE('',#3986,#3987,#308,.T.);
#3023=EDGE_CURVE('',#3987,#3988,#309,.T.);
#3024=EDGE_CURVE('',#3988,#3989,#310,.T.);
#3025=EDGE_CURVE('',#3989,#3990,#311,.T.);
#3026=EDGE_CURVE('',#3990,#3983,#312,.T.);
#3027=EDGE_CURVE('',#3991,#3992,#4434,.T.);
#3028=EDGE_CURVE('',#3992,#3993,#4435,.T.);
#3029=EDGE_CURVE('',#3993,#3994,#4436,.T.);
#3030=EDGE_CURVE('',#3994,#3995,#313,.T.);
#3031=EDGE_CURVE('',#3995,#3996,#725,.F.);
#3032=EDGE_CURVE('',#3996,#3997,#314,.T.);
#3033=EDGE_CURVE('',#3997,#3998,#315,.T.);
#3034=EDGE_CURVE('',#3998,#3999,#726,.F.);
#3035=EDGE_CURVE('',#3999,#4000,#316,.T.);
#3036=EDGE_CURVE('',#4000,#4001,#727,.F.);
#3037=EDGE_CURVE('',#4001,#4002,#317,.T.);
#3038=EDGE_CURVE('',#4002,#4003,#318,.T.);
#3039=EDGE_CURVE('',#4003,#4004,#319,.T.);
#3040=EDGE_CURVE('',#4004,#4005,#4437,.T.);
#3041=EDGE_CURVE('',#4005,#4006,#320,.T.);
#3042=EDGE_CURVE('',#4006,#4007,#321,.T.);
#3043=EDGE_CURVE('',#4007,#4008,#322,.T.);
#3044=EDGE_CURVE('',#4008,#4009,#323,.T.);
#3045=EDGE_CURVE('',#4009,#4010,#324,.T.);
#3046=EDGE_CURVE('',#4010,#4011,#325,.T.);
#3047=EDGE_CURVE('',#4011,#4012,#326,.T.);
#3048=EDGE_CURVE('',#4012,#4013,#728,.T.);
#3049=EDGE_CURVE('',#4013,#4014,#4438,.T.);
#3050=EDGE_CURVE('',#4014,#4015,#4439,.T.);
#3051=EDGE_CURVE('',#4015,#3991,#4440,.T.);
#3052=EDGE_CURVE('',#4016,#4016,#729,.T.);
#3053=EDGE_CURVE('',#4017,#4017,#730,.T.);
#3054=EDGE_CURVE('',#3727,#3924,#4441,.F.);
#3055=EDGE_CURVE('',#3923,#3728,#4442,.T.);
#3056=EDGE_CURVE('',#3925,#3726,#4443,.T.);
#3057=EDGE_CURVE('',#3725,#3926,#4444,.F.);
#3058=EDGE_CURVE('',#3723,#3928,#4445,.F.);
#3059=EDGE_CURVE('',#3927,#3724,#4446,.T.);
#3060=EDGE_CURVE('',#3929,#3722,#4447,.T.);
#3061=EDGE_CURVE('',#3721,#3930,#4448,.F.);
#3062=EDGE_CURVE('',#3719,#3932,#4449,.F.);
#3063=EDGE_CURVE('',#3931,#3720,#4450,.T.);
#3064=EDGE_CURVE('',#3933,#3718,#4451,.T.);
#3065=EDGE_CURVE('',#3717,#3934,#4452,.F.);
#3066=EDGE_CURVE('',#3715,#3936,#4453,.F.);
#3067=EDGE_CURVE('',#3935,#3716,#4454,.T.);
#3068=EDGE_CURVE('',#3937,#3714,#4455,.T.);
#3069=EDGE_CURVE('',#3713,#3938,#4456,.F.);
#3070=EDGE_CURVE('',#3711,#3940,#4457,.F.);
#3071=EDGE_CURVE('',#3939,#3712,#4458,.T.);
#3072=EDGE_CURVE('',#3941,#3710,#4459,.T.);
#3073=EDGE_CURVE('',#3709,#3942,#4460,.F.);
#3074=EDGE_CURVE('',#3707,#3904,#4461,.F.);
#3075=EDGE_CURVE('',#3903,#3708,#4462,.T.);
#3076=EDGE_CURVE('',#3905,#3705,#4463,.T.);
#3077=EDGE_CURVE('',#3706,#3906,#4464,.F.);
#3078=EDGE_CURVE('',#3743,#3908,#4465,.F.);
#3079=EDGE_CURVE('',#3907,#3744,#4466,.T.);
#3080=EDGE_CURVE('',#3909,#3742,#4467,.T.);
#3081=EDGE_CURVE('',#3741,#3910,#4468,.F.);
#3082=EDGE_CURVE('',#3739,#3912,#4469,.F.);
#3083=EDGE_CURVE('',#3911,#3740,#4470,.T.);
#3084=EDGE_CURVE('',#3913,#3738,#4471,.T.);
#3085=EDGE_CURVE('',#3737,#3914,#4472,.F.);
#3086=EDGE_CURVE('',#3735,#3916,#4473,.F.);
#3087=EDGE_CURVE('',#3915,#3736,#4474,.T.);
#3088=EDGE_CURVE('',#3917,#3734,#4475,.T.);
#3089=EDGE_CURVE('',#3733,#3918,#4476,.F.);
#3090=EDGE_CURVE('',#3731,#3920,#4477,.F.);
#3091=EDGE_CURVE('',#3919,#3732,#4478,.T.);
#3092=EDGE_CURVE('',#3921,#3730,#4479,.T.);
#3093=EDGE_CURVE('',#3729,#3922,#4480,.F.);
#3094=EDGE_CURVE('',#4018,#4018,#731,.T.);
#3095=EDGE_CURVE('',#3784,#3786,#732,.T.);
#3096=EDGE_CURVE('',#3788,#3790,#733,.T.);
#3097=EDGE_CURVE('',#3792,#3794,#734,.T.);
#3098=EDGE_CURVE('',#3796,#3798,#735,.T.);
#3099=EDGE_CURVE('',#3800,#3802,#736,.T.);
#3100=EDGE_CURVE('',#3804,#3766,#737,.T.);
#3101=EDGE_CURVE('',#3768,#3770,#738,.T.);
#3102=EDGE_CURVE('',#3772,#3774,#739,.T.);
#3103=EDGE_CURVE('',#3776,#3778,#740,.T.);
#3104=EDGE_CURVE('',#3780,#3782,#741,.T.);
#3105=EDGE_CURVE('',#4019,#4019,#742,.T.);
#3106=EDGE_CURVE('',#4020,#4020,#743,.F.);
#3107=EDGE_CURVE('',#4021,#4021,#744,.T.);
#3108=EDGE_CURVE('',#4022,#4022,#745,.F.);
#3109=EDGE_CURVE('',#4023,#4023,#746,.T.);
#3110=EDGE_CURVE('',#4024,#4024,#747,.T.);
#3111=EDGE_CURVE('',#4025,#3898,#4481,.T.);
#3112=EDGE_CURVE('',#4025,#4026,#4482,.T.);
#3113=EDGE_CURVE('',#4026,#3899,#4483,.T.);
#3114=EDGE_CURVE('',#4027,#3897,#4484,.T.);
#3115=EDGE_CURVE('',#4027,#4025,#4485,.T.);
#3116=EDGE_CURVE('',#4028,#3902,#4486,.T.);
#3117=EDGE_CURVE('',#4028,#4027,#4487,.T.);
#3118=EDGE_CURVE('',#4029,#3901,#4488,.T.);
#3119=EDGE_CURVE('',#4029,#4028,#4489,.T.);
#3120=EDGE_CURVE('',#4030,#3900,#4490,.T.);
#3121=EDGE_CURVE('',#4030,#4029,#4491,.T.);
#3122=EDGE_CURVE('',#4026,#4030,#4492,.T.);
#3123=EDGE_CURVE('',#4031,#4032,#327,.T.);
#3124=EDGE_CURVE('',#4033,#4031,#4493,.T.);
#3125=EDGE_CURVE('',#4033,#4034,#328,.T.);
#3126=EDGE_CURVE('',#4034,#4032,#4494,.T.);
#3127=EDGE_CURVE('',#4035,#4031,#329,.T.);
#3128=EDGE_CURVE('',#4036,#4035,#4495,.T.);
#3129=EDGE_CURVE('',#4036,#4033,#330,.T.);
#3130=EDGE_CURVE('',#4037,#4035,#331,.T.);
#3131=EDGE_CURVE('',#4038,#4037,#4496,.T.);
#3132=EDGE_CURVE('',#4038,#4036,#332,.T.);
#3133=EDGE_CURVE('',#4039,#4037,#333,.T.);
#3134=EDGE_CURVE('',#4040,#4039,#4497,.T.);
#3135=EDGE_CURVE('',#4040,#4038,#334,.T.);
#3136=EDGE_CURVE('',#4041,#4039,#335,.T.);
#3137=EDGE_CURVE('',#4042,#4041,#4498,.T.);
#3138=EDGE_CURVE('',#4042,#4040,#336,.T.);
#3139=EDGE_CURVE('',#4043,#4041,#337,.T.);
#3140=EDGE_CURVE('',#4044,#4043,#4499,.T.);
#3141=EDGE_CURVE('',#4044,#4042,#338,.T.);
#3142=EDGE_CURVE('',#4045,#4043,#339,.T.);
#3143=EDGE_CURVE('',#4046,#4045,#4500,.T.);
#3144=EDGE_CURVE('',#4046,#4044,#340,.T.);
#3145=EDGE_CURVE('',#4047,#4048,#341,.T.);
#3146=EDGE_CURVE('',#4049,#4047,#4501,.T.);
#3147=EDGE_CURVE('',#4049,#4050,#342,.T.);
#3148=EDGE_CURVE('',#4050,#4048,#4502,.T.);
#3149=EDGE_CURVE('',#4051,#4047,#343,.T.);
#3150=EDGE_CURVE('',#4052,#4051,#4503,.T.);
#3151=EDGE_CURVE('',#4052,#4049,#344,.T.);
#3152=EDGE_CURVE('',#4053,#4051,#345,.T.);
#3153=EDGE_CURVE('',#4054,#4053,#4504,.T.);
#3154=EDGE_CURVE('',#4054,#4052,#346,.T.);
#3155=EDGE_CURVE('',#4055,#4053,#347,.T.);
#3156=EDGE_CURVE('',#4056,#4055,#4505,.T.);
#3157=EDGE_CURVE('',#4056,#4054,#348,.T.);
#3158=EDGE_CURVE('',#4057,#4055,#349,.T.);
#3159=EDGE_CURVE('',#4058,#4057,#4506,.T.);
#3160=EDGE_CURVE('',#4058,#4056,#350,.T.);
#3161=EDGE_CURVE('',#4059,#4057,#351,.T.);
#3162=EDGE_CURVE('',#4060,#4059,#4507,.T.);
#3163=EDGE_CURVE('',#4060,#4058,#352,.T.);
#3164=EDGE_CURVE('',#4061,#4059,#353,.T.);
#3165=EDGE_CURVE('',#4062,#4061,#4508,.T.);
#3166=EDGE_CURVE('',#4062,#4060,#354,.T.);
#3167=EDGE_CURVE('',#4063,#3945,#4509,.T.);
#3168=EDGE_CURVE('',#4063,#4064,#355,.T.);
#3169=EDGE_CURVE('',#4064,#3946,#4510,.T.);
#3170=EDGE_CURVE('',#4065,#3944,#4511,.T.);
#3171=EDGE_CURVE('',#4065,#4063,#356,.T.);
#3172=EDGE_CURVE('',#4066,#3963,#4512,.T.);
#3173=EDGE_CURVE('',#4066,#4065,#357,.T.);
#3174=EDGE_CURVE('',#4067,#3962,#4513,.T.);
#3175=EDGE_CURVE('',#4067,#4066,#358,.T.);
#3176=EDGE_CURVE('',#4068,#3961,#4514,.T.);
#3177=EDGE_CURVE('',#4068,#4067,#359,.T.);
#3178=EDGE_CURVE('',#4069,#3960,#4515,.T.);
#3179=EDGE_CURVE('',#4069,#4068,#360,.T.);
#3180=EDGE_CURVE('',#4070,#3959,#4516,.T.);
#3181=EDGE_CURVE('',#4070,#4069,#361,.T.);
#3182=EDGE_CURVE('',#4071,#3958,#4517,.T.);
#3183=EDGE_CURVE('',#4071,#4070,#362,.T.);
#3184=EDGE_CURVE('',#4072,#3957,#4518,.T.);
#3185=EDGE_CURVE('',#4072,#4071,#363,.T.);
#3186=EDGE_CURVE('',#4073,#3956,#4519,.T.);
#3187=EDGE_CURVE('',#4073,#4072,#364,.T.);
#3188=EDGE_CURVE('',#4074,#3955,#4520,.T.);
#3189=EDGE_CURVE('',#4074,#4073,#365,.T.);
#3190=EDGE_CURVE('',#4075,#3954,#4521,.T.);
#3191=EDGE_CURVE('',#4075,#4074,#366,.T.);
#3192=EDGE_CURVE('',#4076,#3953,#4522,.T.);
#3193=EDGE_CURVE('',#4076,#4075,#367,.T.);
#3194=EDGE_CURVE('',#4077,#3952,#4523,.T.);
#3195=EDGE_CURVE('',#4077,#4076,#748,.F.);
#3196=EDGE_CURVE('',#4078,#3951,#4524,.T.);
#3197=EDGE_CURVE('',#4078,#4077,#368,.T.);
#3198=EDGE_CURVE('',#4079,#3950,#4525,.T.);
#3199=EDGE_CURVE('',#4079,#4078,#369,.T.);
#3200=EDGE_CURVE('',#4080,#3949,#4526,.T.);
#3201=EDGE_CURVE('',#4080,#4079,#370,.T.);
#3202=EDGE_CURVE('',#4081,#3948,#4527,.T.);
#3203=EDGE_CURVE('',#4081,#4080,#371,.T.);
#3204=EDGE_CURVE('',#4082,#3947,#4528,.T.);
#3205=EDGE_CURVE('',#4082,#4081,#749,.F.);
#3206=EDGE_CURVE('',#4048,#4061,#372,.T.);
#3207=EDGE_CURVE('',#4050,#4062,#373,.T.);
#3208=EDGE_CURVE('',#4064,#4082,#374,.T.);
#3209=EDGE_CURVE('',#4032,#4045,#375,.T.);
#3210=EDGE_CURVE('',#4034,#4046,#376,.T.);
#3211=EDGE_CURVE('',#4083,#4084,#4529,.T.);
#3212=EDGE_CURVE('',#4085,#4083,#4530,.T.);
#3213=EDGE_CURVE('',#4085,#4086,#4531,.T.);
#3214=EDGE_CURVE('',#4086,#4084,#4532,.T.);
#3215=EDGE_CURVE('',#4087,#4083,#4533,.T.);
#3216=EDGE_CURVE('',#4088,#4087,#4534,.T.);
#3217=EDGE_CURVE('',#4088,#4085,#4535,.T.);
#3218=EDGE_CURVE('',#4089,#3887,#4536,.T.);
#3219=EDGE_CURVE('',#4089,#4090,#4537,.T.);
#3220=EDGE_CURVE('',#4090,#3888,#4538,.T.);
#3221=EDGE_CURVE('',#4091,#3886,#4539,.T.);
#3222=EDGE_CURVE('',#4091,#4089,#4540,.T.);
#3223=EDGE_CURVE('',#4092,#3896,#4541,.T.);
#3224=EDGE_CURVE('',#4092,#4091,#4542,.T.);
#3225=EDGE_CURVE('',#4093,#3895,#4543,.T.);
#3226=EDGE_CURVE('',#4093,#4092,#4544,.T.);
#3227=EDGE_CURVE('',#4094,#3894,#4545,.T.);
#3228=EDGE_CURVE('',#4094,#4093,#4546,.T.);
#3229=EDGE_CURVE('',#4095,#3893,#4547,.T.);
#3230=EDGE_CURVE('',#4095,#4094,#4548,.T.);
#3231=EDGE_CURVE('',#4096,#3892,#4549,.T.);
#3232=EDGE_CURVE('',#4096,#4095,#4550,.T.);
#3233=EDGE_CURVE('',#4097,#3891,#4551,.T.);
#3234=EDGE_CURVE('',#4097,#4096,#4552,.T.);
#3235=EDGE_CURVE('',#4098,#3890,#4553,.T.);
#3236=EDGE_CURVE('',#4098,#4097,#4554,.T.);
#3237=EDGE_CURVE('',#4099,#3889,#4555,.T.);
#3238=EDGE_CURVE('',#4099,#4098,#4556,.T.);
#3239=EDGE_CURVE('',#4090,#4099,#4557,.T.);
#3240=EDGE_CURVE('',#4084,#4087,#4558,.T.);
#3241=EDGE_CURVE('',#4086,#4088,#4559,.T.);
#3242=EDGE_CURVE('',#4100,#3880,#4560,.T.);
#3243=EDGE_CURVE('',#4100,#4101,#4561,.T.);
#3244=EDGE_CURVE('',#4101,#3881,#4562,.T.);
#3245=EDGE_CURVE('',#4102,#3879,#4563,.T.);
#3246=EDGE_CURVE('',#4102,#4100,#4564,.T.);
#3247=EDGE_CURVE('',#4103,#3885,#4565,.T.);
#3248=EDGE_CURVE('',#4103,#4102,#4566,.T.);
#3249=EDGE_CURVE('',#4104,#3884,#4567,.T.);
#3250=EDGE_CURVE('',#4104,#4103,#4568,.T.);
#3251=EDGE_CURVE('',#4105,#3883,#4569,.T.);
#3252=EDGE_CURVE('',#4105,#4104,#4570,.T.);
#3253=EDGE_CURVE('',#4106,#3882,#4571,.T.);
#3254=EDGE_CURVE('',#4106,#4105,#4572,.T.);
#3255=EDGE_CURVE('',#4101,#4106,#4573,.T.);
#3256=EDGE_CURVE('',#4107,#3848,#4574,.T.);
#3257=EDGE_CURVE('',#4107,#4108,#377,.T.);
#3258=EDGE_CURVE('',#4108,#3849,#4575,.T.);
#3259=EDGE_CURVE('',#4109,#3847,#4576,.T.);
#3260=EDGE_CURVE('',#4109,#4107,#4577,.T.);
#3261=EDGE_CURVE('',#4110,#3878,#4578,.T.);
#3262=EDGE_CURVE('',#4110,#4109,#378,.T.);
#3263=EDGE_CURVE('',#4111,#3877,#4579,.T.);
#3264=EDGE_CURVE('',#4111,#4110,#379,.T.);
#3265=EDGE_CURVE('',#4112,#3876,#4580,.T.);
#3266=EDGE_CURVE('',#4112,#4111,#380,.T.);
#3267=EDGE_CURVE('',#4113,#3875,#4581,.T.);
#3268=EDGE_CURVE('',#4113,#4112,#381,.T.);
#3269=EDGE_CURVE('',#4114,#3874,#4582,.T.);
#3270=EDGE_CURVE('',#4114,#4113,#382,.T.);
#3271=EDGE_CURVE('',#4115,#3873,#4583,.T.);
#3272=EDGE_CURVE('',#4115,#4114,#383,.T.);
#3273=EDGE_CURVE('',#4116,#3872,#4584,.T.);
#3274=EDGE_CURVE('',#4116,#4115,#4585,.T.);
#3275=EDGE_CURVE('',#4117,#3871,#4586,.T.);
#3276=EDGE_CURVE('',#4117,#4116,#4587,.T.);
#3277=EDGE_CURVE('',#4118,#3870,#4588,.T.);
#3278=EDGE_CURVE('',#4118,#4117,#4589,.T.);
#3279=EDGE_CURVE('',#4119,#3869,#4590,.T.);
#3280=EDGE_CURVE('',#4119,#4118,#384,.T.);
#3281=EDGE_CURVE('',#4120,#3868,#4591,.T.);
#3282=EDGE_CURVE('',#4120,#4119,#385,.T.);
#3283=EDGE_CURVE('',#4121,#3867,#4592,.T.);
#3284=EDGE_CURVE('',#4121,#4120,#386,.T.);
#3285=EDGE_CURVE('',#4122,#3866,#4593,.T.);
#3286=EDGE_CURVE('',#4122,#4121,#387,.T.);
#3287=EDGE_CURVE('',#4123,#3865,#4594,.T.);
#3288=EDGE_CURVE('',#4123,#4122,#388,.T.);
#3289=EDGE_CURVE('',#4124,#3864,#4595,.T.);
#3290=EDGE_CURVE('',#4124,#4123,#389,.T.);
#3291=EDGE_CURVE('',#4125,#3863,#4596,.T.);
#3292=EDGE_CURVE('',#4125,#4124,#4597,.T.);
#3293=EDGE_CURVE('',#4126,#3862,#4598,.T.);
#3294=EDGE_CURVE('',#4126,#4125,#390,.T.);
#3295=EDGE_CURVE('',#4127,#3861,#4599,.T.);
#3296=EDGE_CURVE('',#4127,#4126,#391,.T.);
#3297=EDGE_CURVE('',#4128,#3860,#4600,.T.);
#3298=EDGE_CURVE('',#4128,#4127,#392,.T.);
#3299=EDGE_CURVE('',#4129,#3859,#4601,.T.);
#3300=EDGE_CURVE('',#4129,#4128,#393,.T.);
#3301=EDGE_CURVE('',#4130,#3858,#4602,.T.);
#3302=EDGE_CURVE('',#4130,#4129,#394,.T.);
#3303=EDGE_CURVE('',#4131,#3857,#4603,.T.);
#3304=EDGE_CURVE('',#4131,#4130,#395,.T.);
#3305=EDGE_CURVE('',#4132,#3856,#4604,.T.);
#3306=EDGE_CURVE('',#4132,#4131,#396,.T.);
#3307=EDGE_CURVE('',#4133,#3855,#4605,.T.);
#3308=EDGE_CURVE('',#4133,#4132,#4606,.T.);
#3309=EDGE_CURVE('',#4134,#3854,#4607,.T.);
#3310=EDGE_CURVE('',#4134,#4133,#750,.F.);
#3311=EDGE_CURVE('',#4135,#3853,#4608,.T.);
#3312=EDGE_CURVE('',#4135,#4134,#397,.T.);
#3313=EDGE_CURVE('',#4136,#3852,#4609,.T.);
#3314=EDGE_CURVE('',#4136,#4135,#398,.T.);
#3315=EDGE_CURVE('',#4137,#3851,#4610,.T.);
#3316=EDGE_CURVE('',#4137,#4136,#399,.T.);
#3317=EDGE_CURVE('',#4138,#3850,#4611,.T.);
#3318=EDGE_CURVE('',#4138,#4137,#400,.T.);
#3319=EDGE_CURVE('',#4108,#4138,#401,.T.);
#3320=EDGE_CURVE('',#4139,#3829,#4612,.T.);
#3321=EDGE_CURVE('',#4139,#4140,#402,.T.);
#3322=EDGE_CURVE('',#4140,#3830,#4613,.T.);
#3323=EDGE_CURVE('',#4141,#3828,#4614,.T.);
#3324=EDGE_CURVE('',#4141,#4139,#4615,.T.);
#3325=EDGE_CURVE('',#4142,#3846,#4616,.T.);
#3326=EDGE_CURVE('',#4142,#4141,#4617,.T.);
#3327=EDGE_CURVE('',#4143,#3845,#4618,.T.);
#3328=EDGE_CURVE('',#4143,#4142,#4619,.T.);
#3329=EDGE_CURVE('',#4144,#3844,#4620,.T.);
#3330=EDGE_CURVE('',#4144,#4143,#4621,.T.);
#3331=EDGE_CURVE('',#4145,#3843,#4622,.T.);
#3332=EDGE_CURVE('',#4145,#4144,#403,.T.);
#3333=EDGE_CURVE('',#4146,#3842,#4623,.T.);
#3334=EDGE_CURVE('',#4146,#4145,#751,.F.);
#3335=EDGE_CURVE('',#4147,#3841,#4624,.T.);
#3336=EDGE_CURVE('',#4147,#4146,#404,.T.);
#3337=EDGE_CURVE('',#4148,#3840,#4625,.T.);
#3338=EDGE_CURVE('',#4148,#4147,#405,.T.);
#3339=EDGE_CURVE('',#4149,#3839,#4626,.T.);
#3340=EDGE_CURVE('',#4149,#4148,#406,.T.);
#3341=EDGE_CURVE('',#4150,#3838,#4627,.T.);
#3342=EDGE_CURVE('',#4150,#4149,#407,.T.);
#3343=EDGE_CURVE('',#4151,#3837,#4628,.T.);
#3344=EDGE_CURVE('',#4151,#4150,#408,.T.);
#3345=EDGE_CURVE('',#4152,#3836,#4629,.T.);
#3346=EDGE_CURVE('',#4152,#4151,#4630,.T.);
#3347=EDGE_CURVE('',#4153,#3835,#4631,.T.);
#3348=EDGE_CURVE('',#4153,#4152,#409,.T.);
#3349=EDGE_CURVE('',#4154,#3834,#4632,.T.);
#3350=EDGE_CURVE('',#4154,#4153,#410,.T.);
#3351=EDGE_CURVE('',#4155,#3833,#4633,.T.);
#3352=EDGE_CURVE('',#4155,#4154,#411,.T.);
#3353=EDGE_CURVE('',#4156,#3832,#4634,.T.);
#3354=EDGE_CURVE('',#4156,#4155,#412,.T.);
#3355=EDGE_CURVE('',#4157,#3831,#4635,.T.);
#3356=EDGE_CURVE('',#4157,#4156,#413,.T.);
#3357=EDGE_CURVE('',#4140,#4157,#752,.T.);
#3358=EDGE_CURVE('',#4158,#3823,#4636,.T.);
#3359=EDGE_CURVE('',#4158,#4159,#4637,.T.);
#3360=EDGE_CURVE('',#4159,#3824,#4638,.T.);
#3361=EDGE_CURVE('',#4160,#3822,#4639,.T.);
#3362=EDGE_CURVE('',#4160,#4158,#4640,.T.);
#3363=EDGE_CURVE('',#4161,#3827,#4641,.T.);
#3364=EDGE_CURVE('',#4161,#4160,#4642,.T.);
#3365=EDGE_CURVE('',#4162,#3826,#4643,.T.);
#3366=EDGE_CURVE('',#4162,#4161,#4644,.T.);
#3367=EDGE_CURVE('',#4163,#3825,#4645,.T.);
#3368=EDGE_CURVE('',#4163,#4162,#4646,.T.);
#3369=EDGE_CURVE('',#4159,#4163,#4647,.T.);
#3370=EDGE_CURVE('',#4164,#4165,#414,.T.);
#3371=EDGE_CURVE('',#4166,#4164,#4648,.T.);
#3372=EDGE_CURVE('',#4166,#4167,#415,.T.);
#3373=EDGE_CURVE('',#4167,#4165,#4649,.T.);
#3374=EDGE_CURVE('',#4168,#4164,#416,.T.);
#3375=EDGE_CURVE('',#4169,#4168,#4650,.T.);
#3376=EDGE_CURVE('',#4169,#4166,#417,.T.);
#3377=EDGE_CURVE('',#4170,#4168,#418,.T.);
#3378=EDGE_CURVE('',#4171,#4170,#4651,.T.);
#3379=EDGE_CURVE('',#4171,#4169,#419,.T.);
#3380=EDGE_CURVE('',#4172,#4170,#420,.T.);
#3381=EDGE_CURVE('',#4173,#4172,#4652,.T.);
#3382=EDGE_CURVE('',#4173,#4171,#421,.T.);
#3383=EDGE_CURVE('',#4174,#4172,#422,.T.);
#3384=EDGE_CURVE('',#4175,#4174,#4653,.T.);
#3385=EDGE_CURVE('',#4175,#4173,#423,.T.);
#3386=EDGE_CURVE('',#4176,#4174,#424,.T.);
#3387=EDGE_CURVE('',#4177,#4176,#4654,.T.);
#3388=EDGE_CURVE('',#4177,#4175,#425,.T.);
#3389=EDGE_CURVE('',#4178,#4176,#426,.T.);
#3390=EDGE_CURVE('',#4179,#4178,#4655,.T.);
#3391=EDGE_CURVE('',#4179,#4177,#427,.T.);
#3392=EDGE_CURVE('',#4180,#3965,#4656,.T.);
#3393=EDGE_CURVE('',#4180,#4181,#428,.T.);
#3394=EDGE_CURVE('',#4181,#3966,#4657,.T.);
#3395=EDGE_CURVE('',#4182,#3964,#4658,.T.);
#3396=EDGE_CURVE('',#4182,#4180,#4659,.T.);
#3397=EDGE_CURVE('',#4183,#3982,#4660,.T.);
#3398=EDGE_CURVE('',#4183,#4182,#429,.T.);
#3399=EDGE_CURVE('',#4184,#3981,#4661,.T.);
#3400=EDGE_CURVE('',#4184,#4183,#430,.T.);
#3401=EDGE_CURVE('',#4185,#3980,#4662,.T.);
#3402=EDGE_CURVE('',#4185,#4184,#431,.T.);
#3403=EDGE_CURVE('',#4186,#3979,#4663,.T.);
#3404=EDGE_CURVE('',#4186,#4185,#432,.T.);
#3405=EDGE_CURVE('',#4187,#3978,#4664,.T.);
#3406=EDGE_CURVE('',#4187,#4186,#433,.T.);
#3407=EDGE_CURVE('',#4188,#3977,#4665,.T.);
#3408=EDGE_CURVE('',#4188,#4187,#434,.T.);
#3409=EDGE_CURVE('',#4189,#3976,#4666,.T.);
#3410=EDGE_CURVE('',#4189,#4188,#435,.T.);
#3411=EDGE_CURVE('',#4190,#3975,#4667,.T.);
#3412=EDGE_CURVE('',#4190,#4189,#436,.T.);
#3413=EDGE_CURVE('',#4191,#3974,#4668,.T.);
#3414=EDGE_CURVE('',#4191,#4190,#437,.T.);
#3415=EDGE_CURVE('',#4192,#3973,#4669,.T.);
#3416=EDGE_CURVE('',#4192,#4191,#438,.T.);
#3417=EDGE_CURVE('',#4193,#3972,#4670,.T.);
#3418=EDGE_CURVE('',#4193,#4192,#753,.F.);
#3419=EDGE_CURVE('',#4194,#3971,#4671,.T.);
#3420=EDGE_CURVE('',#4194,#4193,#439,.T.);
#3421=EDGE_CURVE('',#4195,#3970,#4672,.T.);
#3422=EDGE_CURVE('',#4195,#4194,#440,.T.);
#3423=EDGE_CURVE('',#4196,#3969,#4673,.T.);
#3424=EDGE_CURVE('',#4196,#4195,#441,.T.);
#3425=EDGE_CURVE('',#4197,#3968,#4674,.T.);
#3426=EDGE_CURVE('',#4197,#4196,#442,.T.);
#3427=EDGE_CURVE('',#4198,#3967,#4675,.T.);
#3428=EDGE_CURVE('',#4198,#4197,#443,.T.);
#3429=EDGE_CURVE('',#4181,#4198,#444,.T.);
#3430=EDGE_CURVE('',#4165,#4178,#445,.T.);
#3431=EDGE_CURVE('',#4167,#4179,#446,.T.);
#3432=EDGE_CURVE('',#4199,#4200,#754,.T.);
#3433=EDGE_CURVE('',#4201,#4199,#4676,.T.);
#3434=EDGE_CURVE('',#4201,#4202,#755,.T.);
#3435=EDGE_CURVE('',#4202,#4200,#4677,.T.);
#3436=EDGE_CURVE('',#4203,#4199,#447,.T.);
#3437=EDGE_CURVE('',#4204,#4203,#4678,.T.);
#3438=EDGE_CURVE('',#4204,#4201,#448,.T.);
#3439=EDGE_CURVE('',#4205,#4203,#449,.T.);
#3440=EDGE_CURVE('',#4206,#4205,#4679,.T.);
#3441=EDGE_CURVE('',#4206,#4204,#450,.T.);
#3442=EDGE_CURVE('',#4207,#4205,#451,.T.);
#3443=EDGE_CURVE('',#4208,#4207,#4680,.T.);
#3444=EDGE_CURVE('',#4208,#4206,#452,.T.);
#3445=EDGE_CURVE('',#4209,#4207,#453,.T.);
#3446=EDGE_CURVE('',#4210,#4209,#4681,.T.);
#3447=EDGE_CURVE('',#4210,#4208,#454,.T.);
#3448=EDGE_CURVE('',#4211,#4209,#455,.T.);
#3449=EDGE_CURVE('',#4212,#4211,#4682,.T.);
#3450=EDGE_CURVE('',#4212,#4210,#456,.T.);
#3451=EDGE_CURVE('',#4213,#4211,#457,.T.);
#3452=EDGE_CURVE('',#4214,#4213,#4683,.T.);
#3453=EDGE_CURVE('',#4214,#4212,#458,.T.);
#3454=EDGE_CURVE('',#4215,#4213,#459,.T.);
#3455=EDGE_CURVE('',#4216,#4215,#4684,.T.);
#3456=EDGE_CURVE('',#4216,#4214,#460,.T.);
#3457=EDGE_CURVE('',#4217,#3806,#4685,.T.);
#3458=EDGE_CURVE('',#4217,#4218,#461,.T.);
#3459=EDGE_CURVE('',#4218,#3807,#4686,.T.);
#3460=EDGE_CURVE('',#4219,#3805,#4687,.T.);
#3461=EDGE_CURVE('',#4219,#4217,#4688,.T.);
#3462=EDGE_CURVE('',#4220,#3821,#4689,.T.);
#3463=EDGE_CURVE('',#4220,#4219,#462,.T.);
#3464=EDGE_CURVE('',#4221,#3820,#4690,.T.);
#3465=EDGE_CURVE('',#4221,#4220,#463,.T.);
#3466=EDGE_CURVE('',#4222,#3819,#4691,.T.);
#3467=EDGE_CURVE('',#4222,#4221,#464,.T.);
#3468=EDGE_CURVE('',#4223,#3818,#4692,.T.);
#3469=EDGE_CURVE('',#4223,#4222,#465,.T.);
#3470=EDGE_CURVE('',#4224,#3817,#4693,.T.);
#3471=EDGE_CURVE('',#4224,#4223,#466,.T.);
#3472=EDGE_CURVE('',#4225,#3816,#4694,.T.);
#3473=EDGE_CURVE('',#4225,#4224,#467,.T.);
#3474=EDGE_CURVE('',#4226,#3815,#4695,.T.);
#3475=EDGE_CURVE('',#4226,#4225,#468,.T.);
#3476=EDGE_CURVE('',#4227,#3814,#4696,.T.);
#3477=EDGE_CURVE('',#4227,#4226,#756,.F.);
#3478=EDGE_CURVE('',#4228,#3813,#4697,.T.);
#3479=EDGE_CURVE('',#4228,#4227,#469,.T.);
#3480=EDGE_CURVE('',#4229,#3812,#4698,.T.);
#3481=EDGE_CURVE('',#4229,#4228,#470,.T.);
#3482=EDGE_CURVE('',#4230,#3811,#4699,.T.);
#3483=EDGE_CURVE('',#4230,#4229,#471,.T.);
#3484=EDGE_CURVE('',#4231,#3810,#4700,.T.);
#3485=EDGE_CURVE('',#4231,#4230,#472,.T.);
#3486=EDGE_CURVE('',#4232,#3809,#4701,.T.);
#3487=EDGE_CURVE('',#4232,#4231,#473,.T.);
#3488=EDGE_CURVE('',#4233,#3808,#4702,.T.);
#3489=EDGE_CURVE('',#4233,#4232,#474,.T.);
#3490=EDGE_CURVE('',#4218,#4233,#475,.T.);
#3491=EDGE_CURVE('',#4200,#4215,#757,.T.);
#3492=EDGE_CURVE('',#4202,#4216,#758,.T.);
#3493=EDGE_CURVE('',#4234,#4235,#476,.T.);
#3494=EDGE_CURVE('',#4236,#4234,#4703,.T.);
#3495=EDGE_CURVE('',#4236,#4237,#477,.T.);
#3496=EDGE_CURVE('',#4237,#4235,#4704,.T.);
#3497=EDGE_CURVE('',#4238,#4234,#478,.T.);
#3498=EDGE_CURVE('',#4239,#4238,#4705,.T.);
#3499=EDGE_CURVE('',#4239,#4236,#479,.T.);
#3500=EDGE_CURVE('',#4240,#4238,#480,.T.);
#3501=EDGE_CURVE('',#4241,#4240,#4706,.T.);
#3502=EDGE_CURVE('',#4241,#4239,#481,.T.);
#3503=EDGE_CURVE('',#4242,#4240,#482,.T.);
#3504=EDGE_CURVE('',#4243,#4242,#4707,.T.);
#3505=EDGE_CURVE('',#4243,#4241,#483,.T.);
#3506=EDGE_CURVE('',#4244,#4242,#484,.T.);
#3507=EDGE_CURVE('',#4245,#4244,#4708,.T.);
#3508=EDGE_CURVE('',#4245,#4243,#485,.T.);
#3509=EDGE_CURVE('',#4246,#4244,#486,.T.);
#3510=EDGE_CURVE('',#4247,#4246,#4709,.T.);
#3511=EDGE_CURVE('',#4247,#4245,#487,.T.);
#3512=EDGE_CURVE('',#4248,#4246,#488,.T.);
#3513=EDGE_CURVE('',#4249,#4248,#4710,.T.);
#3514=EDGE_CURVE('',#4249,#4247,#489,.T.);
#3515=EDGE_CURVE('',#4250,#4248,#490,.T.);
#3516=EDGE_CURVE('',#4251,#4250,#4711,.T.);
#3517=EDGE_CURVE('',#4251,#4249,#491,.T.);
#3518=EDGE_CURVE('',#4252,#4250,#492,.T.);
#3519=EDGE_CURVE('',#4253,#4252,#4712,.T.);
#3520=EDGE_CURVE('',#4253,#4251,#493,.T.);
#3521=EDGE_CURVE('',#4254,#4252,#494,.T.);
#3522=EDGE_CURVE('',#4255,#4254,#4713,.T.);
#3523=EDGE_CURVE('',#4255,#4253,#495,.T.);
#3524=EDGE_CURVE('',#4256,#4254,#496,.T.);
#3525=EDGE_CURVE('',#4257,#4256,#4714,.T.);
#3526=EDGE_CURVE('',#4257,#4255,#497,.T.);
#3527=EDGE_CURVE('',#4258,#3984,#4715,.T.);
#3528=EDGE_CURVE('',#4258,#4259,#498,.T.);
#3529=EDGE_CURVE('',#4259,#3985,#4716,.T.);
#3530=EDGE_CURVE('',#4260,#3983,#4717,.T.);
#3531=EDGE_CURVE('',#4260,#4258,#499,.T.);
#3532=EDGE_CURVE('',#4261,#3990,#4718,.T.);
#3533=EDGE_CURVE('',#4261,#4260,#500,.T.);
#3534=EDGE_CURVE('',#4262,#3989,#4719,.T.);
#3535=EDGE_CURVE('',#4262,#4261,#501,.T.);
#3536=EDGE_CURVE('',#4263,#3988,#4720,.T.);
#3537=EDGE_CURVE('',#4263,#4262,#502,.T.);
#3538=EDGE_CURVE('',#4264,#3987,#4721,.T.);
#3539=EDGE_CURVE('',#4264,#4263,#503,.T.);
#3540=EDGE_CURVE('',#4265,#3986,#4722,.T.);
#3541=EDGE_CURVE('',#4265,#4264,#504,.T.);
#3542=EDGE_CURVE('',#4259,#4265,#505,.T.);
#3543=EDGE_CURVE('',#4235,#4256,#506,.T.);
#3544=EDGE_CURVE('',#4237,#4257,#507,.T.);
#3545=EDGE_CURVE('',#4266,#3992,#4723,.T.);
#3546=EDGE_CURVE('',#4266,#4267,#4724,.T.);
#3547=EDGE_CURVE('',#4267,#3993,#4725,.T.);
#3548=EDGE_CURVE('',#4268,#3991,#4726,.T.);
#3549=EDGE_CURVE('',#4268,#4266,#4727,.T.);
#3550=EDGE_CURVE('',#4269,#4015,#4728,.T.);
#3551=EDGE_CURVE('',#4269,#4268,#4729,.T.);
#3552=EDGE_CURVE('',#4270,#4014,#4730,.T.);
#3553=EDGE_CURVE('',#4270,#4269,#4731,.T.);
#3554=EDGE_CURVE('',#4271,#4013,#4732,.T.);
#3555=EDGE_CURVE('',#4271,#4270,#4733,.T.);
#3556=EDGE_CURVE('',#4272,#4012,#4734,.T.);
#3557=EDGE_CURVE('',#4272,#4271,#759,.T.);
#3558=EDGE_CURVE('',#4273,#4011,#4735,.T.);
#3559=EDGE_CURVE('',#4273,#4272,#508,.T.);
#3560=EDGE_CURVE('',#4274,#4010,#4736,.T.);
#3561=EDGE_CURVE('',#4274,#4273,#509,.T.);
#3562=EDGE_CURVE('',#4275,#4009,#4737,.T.);
#3563=EDGE_CURVE('',#4275,#4274,#510,.T.);
#3564=EDGE_CURVE('',#4276,#4008,#4738,.T.);
#3565=EDGE_CURVE('',#4276,#4275,#511,.T.);
#3566=EDGE_CURVE('',#4277,#4007,#4739,.T.);
#3567=EDGE_CURVE('',#4277,#4276,#512,.T.);
#3568=EDGE_CURVE('',#4278,#4006,#4740,.T.);
#3569=EDGE_CURVE('',#4278,#4277,#513,.T.);
#3570=EDGE_CURVE('',#4279,#4005,#4741,.T.);
#3571=EDGE_CURVE('',#4279,#4278,#514,.T.);
#3572=EDGE_CURVE('',#4280,#4004,#4742,.T.);
#3573=EDGE_CURVE('',#4280,#4279,#4743,.T.);
#3574=EDGE_CURVE('',#4281,#4003,#4744,.T.);
#3575=EDGE_CURVE('',#4281,#4280,#515,.T.);
#3576=EDGE_CURVE('',#4282,#4002,#4745,.T.);
#3577=EDGE_CURVE('',#4282,#4281,#516,.T.);
#3578=EDGE_CURVE('',#4283,#4001,#4746,.T.);
#3579=EDGE_CURVE('',#4283,#4282,#517,.T.);
#3580=EDGE_CURVE('',#4284,#4000,#4747,.T.);
#3581=EDGE_CURVE('',#4284,#4283,#760,.F.);
#3582=EDGE_CURVE('',#4285,#3999,#4748,.T.);
#3583=EDGE_CURVE('',#4285,#4284,#518,.T.);
#3584=EDGE_CURVE('',#4286,#3998,#4749,.T.);
#3585=EDGE_CURVE('',#4286,#4285,#761,.F.);
#3586=EDGE_CURVE('',#4287,#3997,#4750,.T.);
#3587=EDGE_CURVE('',#4287,#4286,#519,.T.);
#3588=EDGE_CURVE('',#4288,#3996,#4751,.T.);
#3589=EDGE_CURVE('',#4288,#4287,#520,.T.);
#3590=EDGE_CURVE('',#4289,#3995,#4752,.T.);
#3591=EDGE_CURVE('',#4289,#4288,#762,.F.);
#3592=EDGE_CURVE('',#4290,#3994,#4753,.T.);
#3593=EDGE_CURVE('',#4290,#4289,#521,.T.);
#3594=EDGE_CURVE('',#4267,#4290,#4754,.T.);
#3595=EDGE_CURVE('',#4291,#4292,#763,.F.);
#3596=EDGE_CURVE('',#4292,#3755,#522,.T.);
#3597=EDGE_CURVE('',#3754,#4291,#523,.T.);
#3598=EDGE_CURVE('',#4293,#4294,#764,.F.);
#3599=EDGE_CURVE('',#4294,#3753,#524,.T.);
#3600=EDGE_CURVE('',#3752,#4293,#525,.T.);
#3601=EDGE_CURVE('',#4295,#4296,#765,.F.);
#3602=EDGE_CURVE('',#4296,#3751,#526,.T.);
#3603=EDGE_CURVE('',#3750,#4295,#527,.T.);
#3604=EDGE_CURVE('',#4297,#4298,#766,.F.);
#3605=EDGE_CURVE('',#4298,#3749,#528,.T.);
#3606=EDGE_CURVE('',#3748,#4297,#529,.T.);
#3607=EDGE_CURVE('',#4299,#4300,#767,.F.);
#3608=EDGE_CURVE('',#4300,#3747,#530,.T.);
#3609=EDGE_CURVE('',#3745,#4299,#531,.T.);
#3610=EDGE_CURVE('',#4301,#4302,#768,.F.);
#3611=EDGE_CURVE('',#4302,#3746,#532,.T.);
#3612=EDGE_CURVE('',#3764,#4301,#533,.T.);
#3613=EDGE_CURVE('',#4303,#4304,#769,.F.);
#3614=EDGE_CURVE('',#4304,#3763,#534,.T.);
#3615=EDGE_CURVE('',#3762,#4303,#535,.T.);
#3616=EDGE_CURVE('',#4305,#4306,#770,.F.);
#3617=EDGE_CURVE('',#4306,#3761,#536,.T.);
#3618=EDGE_CURVE('',#3760,#4305,#537,.T.);
#3619=EDGE_CURVE('',#4307,#4308,#771,.F.);
#3620=EDGE_CURVE('',#4308,#3759,#538,.T.);
#3621=EDGE_CURVE('',#3758,#4307,#539,.T.);
#3622=EDGE_CURVE('',#4309,#4310,#772,.F.);
#3623=EDGE_CURVE('',#4310,#3757,#540,.T.);
#3624=EDGE_CURVE('',#3756,#4309,#541,.T.);
#3625=EDGE_CURVE('',#4311,#4312,#773,.F.);
#3626=EDGE_CURVE('',#4311,#4296,#542,.T.);
#3627=EDGE_CURVE('',#4295,#4313,#543,.T.);
#3628=EDGE_CURVE('',#4314,#4313,#774,.F.);
#3629=EDGE_CURVE('',#3775,#4314,#544,.T.);
#3630=EDGE_CURVE('',#4312,#3773,#545,.T.);
#3631=EDGE_CURVE('',#4315,#4316,#775,.F.);
#3632=EDGE_CURVE('',#4315,#4294,#546,.T.);
#3633=EDGE_CURVE('',#4293,#4317,#547,.T.);
#3634=EDGE_CURVE('',#4318,#4317,#776,.F.);
#3635=EDGE_CURVE('',#3771,#4318,#548,.T.);
#3636=EDGE_CURVE('',#4316,#3769,#549,.T.);
#3637=EDGE_CURVE('',#4291,#4319,#550,.T.);
#3638=EDGE_CURVE('',#4320,#4319,#777,.F.);
#3639=EDGE_CURVE('',#3767,#4320,#551,.T.);
#3640=EDGE_CURVE('',#4321,#3765,#552,.T.);
#3641=EDGE_CURVE('',#4322,#4321,#778,.F.);
#3642=EDGE_CURVE('',#4322,#4292,#553,.T.);
#3643=EDGE_CURVE('',#4309,#4323,#554,.T.);
#3644=EDGE_CURVE('',#4324,#4323,#779,.F.);
#3645=EDGE_CURVE('',#3803,#4324,#555,.T.);
#3646=EDGE_CURVE('',#4325,#3801,#556,.T.);
#3647=EDGE_CURVE('',#4326,#4325,#780,.F.);
#3648=EDGE_CURVE('',#4326,#4310,#557,.T.);
#3649=EDGE_CURVE('',#4307,#4327,#558,.T.);
#3650=EDGE_CURVE('',#4328,#4327,#781,.F.);
#3651=EDGE_CURVE('',#3799,#4328,#559,.T.);
#3652=EDGE_CURVE('',#4329,#3797,#560,.T.);
#3653=EDGE_CURVE('',#4330,#4329,#782,.F.);
#3654=EDGE_CURVE('',#4330,#4308,#561,.T.);
#3655=EDGE_CURVE('',#4331,#4332,#783,.F.);
#3656=EDGE_CURVE('',#4331,#4298,#562,.T.);
#3657=EDGE_CURVE('',#4297,#4333,#563,.T.);
#3658=EDGE_CURVE('',#4334,#4333,#784,.F.);
#3659=EDGE_CURVE('',#3779,#4334,#564,.T.);
#3660=EDGE_CURVE('',#4332,#3777,#565,.T.);
#3661=EDGE_CURVE('',#4335,#4336,#785,.F.);
#3662=EDGE_CURVE('',#4335,#4300,#566,.T.);
#3663=EDGE_CURVE('',#4299,#4337,#567,.T.);
#3664=EDGE_CURVE('',#4338,#4337,#786,.F.);
#3665=EDGE_CURVE('',#3783,#4338,#568,.T.);
#3666=EDGE_CURVE('',#4336,#3781,#569,.T.);
#3667=EDGE_CURVE('',#4339,#4340,#787,.F.);
#3668=EDGE_CURVE('',#4339,#4302,#570,.T.);
#3669=EDGE_CURVE('',#4301,#4341,#571,.T.);
#3670=EDGE_CURVE('',#4342,#4341,#788,.F.);
#3671=EDGE_CURVE('',#3787,#4342,#572,.T.);
#3672=EDGE_CURVE('',#4340,#3785,#573,.T.);
#3673=EDGE_CURVE('',#4343,#4344,#789,.F.);
#3674=EDGE_CURVE('',#4343,#4304,#574,.T.);
#3675=EDGE_CURVE('',#4303,#4345,#575,.T.);
#3676=EDGE_CURVE('',#4346,#4345,#790,.F.);
#3677=EDGE_CURVE('',#3791,#4346,#576,.T.);
#3678=EDGE_CURVE('',#4344,#3789,#577,.T.);
#3679=EDGE_CURVE('',#4305,#4347,#578,.T.);
#3680=EDGE_CURVE('',#4348,#4347,#791,.F.);
#3681=EDGE_CURVE('',#3795,#4348,#579,.T.);
#3682=EDGE_CURVE('',#4349,#3793,#580,.T.);
#3683=EDGE_CURVE('',#4350,#4349,#792,.F.);
#3684=EDGE_CURVE('',#4350,#4306,#581,.T.);
#3685=EDGE_CURVE('',#4345,#4350,#793,.T.);
#3686=EDGE_CURVE('',#4346,#4349,#794,.T.);
#3687=EDGE_CURVE('',#4348,#4329,#795,.T.);
#3688=EDGE_CURVE('',#4347,#4330,#796,.T.);
#3689=EDGE_CURVE('',#4341,#4343,#797,.T.);
#3690=EDGE_CURVE('',#4342,#4344,#798,.T.);
#3691=EDGE_CURVE('',#4337,#4339,#799,.T.);
#3692=EDGE_CURVE('',#4338,#4340,#800,.T.);
#3693=EDGE_CURVE('',#4333,#4335,#801,.T.);
#3694=EDGE_CURVE('',#4334,#4336,#802,.T.);
#3695=EDGE_CURVE('',#4313,#4331,#803,.T.);
#3696=EDGE_CURVE('',#4314,#4332,#804,.T.);
#3697=EDGE_CURVE('',#4328,#4325,#805,.T.);
#3698=EDGE_CURVE('',#4327,#4326,#806,.T.);
#3699=EDGE_CURVE('',#4324,#4321,#807,.T.);
#3700=EDGE_CURVE('',#4323,#4322,#808,.T.);
#3701=EDGE_CURVE('',#4320,#4316,#809,.T.);
#3702=EDGE_CURVE('',#4319,#4315,#810,.T.);
#3703=EDGE_CURVE('',#4317,#4311,#811,.T.);
#3704=EDGE_CURVE('',#4318,#4312,#812,.T.);
#3705=VERTEX_POINT('',#7899);
#3706=VERTEX_POINT('',#7900);
#3707=VERTEX_POINT('',#7902);
#3708=VERTEX_POINT('',#7904);
#3709=VERTEX_POINT('',#7906);
#3710=VERTEX_POINT('',#7908);
#3711=VERTEX_POINT('',#7910);
#3712=VERTEX_POINT('',#7912);
#3713=VERTEX_POINT('',#7914);
#3714=VERTEX_POINT('',#7916);
#3715=VERTEX_POINT('',#7918);
#3716=VERTEX_POINT('',#7920);
#3717=VERTEX_POINT('',#7922);
#3718=VERTEX_POINT('',#7924);
#3719=VERTEX_POINT('',#7926);
#3720=VERTEX_POINT('',#7928);
#3721=VERTEX_POINT('',#7930);
#3722=VERTEX_POINT('',#7932);
#3723=VERTEX_POINT('',#7934);
#3724=VERTEX_POINT('',#7936);
#3725=VERTEX_POINT('',#7938);
#3726=VERTEX_POINT('',#7940);
#3727=VERTEX_POINT('',#7942);
#3728=VERTEX_POINT('',#7944);
#3729=VERTEX_POINT('',#7946);
#3730=VERTEX_POINT('',#7948);
#3731=VERTEX_POINT('',#7950);
#3732=VERTEX_POINT('',#7952);
#3733=VERTEX_POINT('',#7954);
#3734=VERTEX_POINT('',#7956);
#3735=VERTEX_POINT('',#7958);
#3736=VERTEX_POINT('',#7960);
#3737=VERTEX_POINT('',#7962);
#3738=VERTEX_POINT('',#7964);
#3739=VERTEX_POINT('',#7966);
#3740=VERTEX_POINT('',#7968);
#3741=VERTEX_POINT('',#7970);
#3742=VERTEX_POINT('',#7972);
#3743=VERTEX_POINT('',#7974);
#3744=VERTEX_POINT('',#7976);
#3745=VERTEX_POINT('',#7979);
#3746=VERTEX_POINT('',#7980);
#3747=VERTEX_POINT('',#7982);
#3748=VERTEX_POINT('',#7984);
#3749=VERTEX_POINT('',#7986);
#3750=VERTEX_POINT('',#7988);
#3751=VERTEX_POINT('',#7990);
#3752=VERTEX_POINT('',#7992);
#3753=VERTEX_POINT('',#7994);
#3754=VERTEX_POINT('',#7996);
#3755=VERTEX_POINT('',#7998);
#3756=VERTEX_POINT('',#8000);
#3757=VERTEX_POINT('',#8002);
#3758=VERTEX_POINT('',#8004);
#3759=VERTEX_POINT('',#8006);
#3760=VERTEX_POINT('',#8008);
#3761=VERTEX_POINT('',#8010);
#3762=VERTEX_POINT('',#8012);
#3763=VERTEX_POINT('',#8014);
#3764=VERTEX_POINT('',#8016);
#3765=VERTEX_POINT('',#8023);
#3766=VERTEX_POINT('',#8024);
#3767=VERTEX_POINT('',#8026);
#3768=VERTEX_POINT('',#8031);
#3769=VERTEX_POINT('',#8038);
#3770=VERTEX_POINT('',#8039);
#3771=VERTEX_POINT('',#8041);
#3772=VERTEX_POINT('',#8046);
#3773=VERTEX_POINT('',#8053);
#3774=VERTEX_POINT('',#8054);
#3775=VERTEX_POINT('',#8056);
#3776=VERTEX_POINT('',#8061);
#3777=VERTEX_POINT('',#8068);
#3778=VERTEX_POINT('',#8069);
#3779=VERTEX_POINT('',#8071);
#3780=VERTEX_POINT('',#8076);
#3781=VERTEX_POINT('',#8083);
#3782=VERTEX_POINT('',#8084);
#3783=VERTEX_POINT('',#8086);
#3784=VERTEX_POINT('',#8091);
#3785=VERTEX_POINT('',#8098);
#3786=VERTEX_POINT('',#8099);
#3787=VERTEX_POINT('',#8101);
#3788=VERTEX_POINT('',#8106);
#3789=VERTEX_POINT('',#8113);
#3790=VERTEX_POINT('',#8114);
#3791=VERTEX_POINT('',#8116);
#3792=VERTEX_POINT('',#8121);
#3793=VERTEX_POINT('',#8128);
#3794=VERTEX_POINT('',#8129);
#3795=VERTEX_POINT('',#8131);
#3796=VERTEX_POINT('',#8136);
#3797=VERTEX_POINT('',#8143);
#3798=VERTEX_POINT('',#8144);
#3799=VERTEX_POINT('',#8146);
#3800=VERTEX_POINT('',#8151);
#3801=VERTEX_POINT('',#8158);
#3802=VERTEX_POINT('',#8159);
#3803=VERTEX_POINT('',#8161);
#3804=VERTEX_POINT('',#8166);
#3805=VERTEX_POINT('',#8170);
#3806=VERTEX_POINT('',#8171);
#3807=VERTEX_POINT('',#8175);
#3808=VERTEX_POINT('',#8179);
#3809=VERTEX_POINT('',#8183);
#3810=VERTEX_POINT('',#8187);
#3811=VERTEX_POINT('',#8191);
#3812=VERTEX_POINT('',#8195);
#3813=VERTEX_POINT('',#8199);
#3814=VERTEX_POINT('',#8203);
#3815=VERTEX_POINT('',#8205);
#3816=VERTEX_POINT('',#8209);
#3817=VERTEX_POINT('',#8213);
#3818=VERTEX_POINT('',#8217);
#3819=VERTEX_POINT('',#8221);
#3820=VERTEX_POINT('',#8225);
#3821=VERTEX_POINT('',#8229);
#3822=VERTEX_POINT('',#8234);
#3823=VERTEX_POINT('',#8235);
#3824=VERTEX_POINT('',#8237);
#3825=VERTEX_POINT('',#8239);
#3826=VERTEX_POINT('',#8241);
#3827=VERTEX_POINT('',#8243);
#3828=VERTEX_POINT('',#8246);
#3829=VERTEX_POINT('',#8247);
#3830=VERTEX_POINT('',#8251);
#3831=VERTEX_POINT('',#8253);
#3832=VERTEX_POINT('',#8257);
#3833=VERTEX_POINT('',#8261);
#3834=VERTEX_POINT('',#8265);
#3835=VERTEX_POINT('',#8269);
#3836=VERTEX_POINT('',#8273);
#3837=VERTEX_POINT('',#8275);
#3838=VERTEX_POINT('',#8279);
#3839=VERTEX_POINT('',#8283);
#3840=VERTEX_POINT('',#8287);
#3841=VERTEX_POINT('',#8291);
#3842=VERTEX_POINT('',#8295);
#3843=VERTEX_POINT('',#8297);
#3844=VERTEX_POINT('',#8301);
#3845=VERTEX_POINT('',#8303);
#3846=VERTEX_POINT('',#8305);
#3847=VERTEX_POINT('',#8308);
#3848=VERTEX_POINT('',#8309);
#3849=VERTEX_POINT('',#8313);
#3850=VERTEX_POINT('',#8317);
#3851=VERTEX_POINT('',#8321);
#3852=VERTEX_POINT('',#8325);
#3853=VERTEX_POINT('',#8329);
#3854=VERTEX_POINT('',#8333);
#3855=VERTEX_POINT('',#8335);
#3856=VERTEX_POINT('',#8337);
#3857=VERTEX_POINT('',#8341);
#3858=VERTEX_POINT('',#8345);
#3859=VERTEX_POINT('',#8349);
#3860=VERTEX_POINT('',#8353);
#3861=VERTEX_POINT('',#8357);
#3862=VERTEX_POINT('',#8361);
#3863=VERTEX_POINT('',#8365);
#3864=VERTEX_POINT('',#8367);
#3865=VERTEX_POINT('',#8371);
#3866=VERTEX_POINT('',#8375);
#3867=VERTEX_POINT('',#8379);
#3868=VERTEX_POINT('',#8383);
#3869=VERTEX_POINT('',#8387);
#3870=VERTEX_POINT('',#8391);
#3871=VERTEX_POINT('',#8393);
#3872=VERTEX_POINT('',#8395);
#3873=VERTEX_POINT('',#8397);
#3874=VERTEX_POINT('',#8401);
#3875=VERTEX_POINT('',#8405);
#3876=VERTEX_POINT('',#8409);
#3877=VERTEX_POINT('',#8413);
#3878=VERTEX_POINT('',#8417);
#3879=VERTEX_POINT('',#8422);
#3880=VERTEX_POINT('',#8423);
#3881=VERTEX_POINT('',#8425);
#3882=VERTEX_POINT('',#8427);
#3883=VERTEX_POINT('',#8429);
#3884=VERTEX_POINT('',#8431);
#3885=VERTEX_POINT('',#8433);
#3886=VERTEX_POINT('',#8436);
#3887=VERTEX_POINT('',#8437);
#3888=VERTEX_POINT('',#8439);
#3889=VERTEX_POINT('',#8441);
#3890=VERTEX_POINT('',#8443);
#3891=VERTEX_POINT('',#8445);
#3892=VERTEX_POINT('',#8447);
#3893=VERTEX_POINT('',#8449);
#3894=VERTEX_POINT('',#8451);
#3895=VERTEX_POINT('',#8453);
#3896=VERTEX_POINT('',#8455);
#3897=VERTEX_POINT('',#8458);
#3898=VERTEX_POINT('',#8459);
#3899=VERTEX_POINT('',#8461);
#3900=VERTEX_POINT('',#8463);
#3901=VERTEX_POINT('',#8465);
#3902=VERTEX_POINT('',#8467);
#3903=VERTEX_POINT('',#8470);
#3904=VERTEX_POINT('',#8471);
#3905=VERTEX_POINT('',#8473);
#3906=VERTEX_POINT('',#8475);
#3907=VERTEX_POINT('',#8477);
#3908=VERTEX_POINT('',#8479);
#3909=VERTEX_POINT('',#8481);
#3910=VERTEX_POINT('',#8483);
#3911=VERTEX_POINT('',#8485);
#3912=VERTEX_POINT('',#8487);
#3913=VERTEX_POINT('',#8489);
#3914=VERTEX_POINT('',#8491);
#3915=VERTEX_POINT('',#8493);
#3916=VERTEX_POINT('',#8495);
#3917=VERTEX_POINT('',#8497);
#3918=VERTEX_POINT('',#8499);
#3919=VERTEX_POINT('',#8501);
#3920=VERTEX_POINT('',#8503);
#3921=VERTEX_POINT('',#8505);
#3922=VERTEX_POINT('',#8507);
#3923=VERTEX_POINT('',#8509);
#3924=VERTEX_POINT('',#8511);
#3925=VERTEX_POINT('',#8513);
#3926=VERTEX_POINT('',#8515);
#3927=VERTEX_POINT('',#8517);
#3928=VERTEX_POINT('',#8519);
#3929=VERTEX_POINT('',#8521);
#3930=VERTEX_POINT('',#8523);
#3931=VERTEX_POINT('',#8525);
#3932=VERTEX_POINT('',#8527);
#3933=VERTEX_POINT('',#8529);
#3934=VERTEX_POINT('',#8531);
#3935=VERTEX_POINT('',#8533);
#3936=VERTEX_POINT('',#8535);
#3937=VERTEX_POINT('',#8537);
#3938=VERTEX_POINT('',#8539);
#3939=VERTEX_POINT('',#8541);
#3940=VERTEX_POINT('',#8543);
#3941=VERTEX_POINT('',#8545);
#3942=VERTEX_POINT('',#8547);
#3943=VERTEX_POINT('',#8550);
#3944=VERTEX_POINT('',#8554);
#3945=VERTEX_POINT('',#8555);
#3946=VERTEX_POINT('',#8559);
#3947=VERTEX_POINT('',#8563);
#3948=VERTEX_POINT('',#8565);
#3949=VERTEX_POINT('',#8569);
#3950=VERTEX_POINT('',#8573);
#3951=VERTEX_POINT('',#8577);
#3952=VERTEX_POINT('',#8581);
#3953=VERTEX_POINT('',#8583);
#3954=VERTEX_POINT('',#8587);
#3955=VERTEX_POINT('',#8591);
#3956=VERTEX_POINT('',#8595);
#3957=VERTEX_POINT('',#8599);
#3958=VERTEX_POINT('',#8603);
#3959=VERTEX_POINT('',#8607);
#3960=VERTEX_POINT('',#8611);
#3961=VERTEX_POINT('',#8615);
#3962=VERTEX_POINT('',#8619);
#3963=VERTEX_POINT('',#8623);
#3964=VERTEX_POINT('',#8628);
#3965=VERTEX_POINT('',#8629);
#3966=VERTEX_POINT('',#8633);
#3967=VERTEX_POINT('',#8637);
#3968=VERTEX_POINT('',#8641);
#3969=VERTEX_POINT('',#8645);
#3970=VERTEX_POINT('',#8649);
#3971=VERTEX_POINT('',#8653);
#3972=VERTEX_POINT('',#8657);
#3973=VERTEX_POINT('',#8659);
#3974=VERTEX_POINT('',#8663);
#3975=VERTEX_POINT('',#8667);
#3976=VERTEX_POINT('',#8671);
#3977=VERTEX_POINT('',#8675);
#3978=VERTEX_POINT('',#8679);
#3979=VERTEX_POINT('',#8683);
#3980=VERTEX_POINT('',#8687);
#3981=VERTEX_POINT('',#8691);
#3982=VERTEX_POINT('',#8695);
#3983=VERTEX_POINT('',#8702);
#3984=VERTEX_POINT('',#8703);
#3985=VERTEX_POINT('',#8707);
#3986=VERTEX_POINT('',#8711);
#3987=VERTEX_POINT('',#8715);
#3988=VERTEX_POINT('',#8719);
#3989=VERTEX_POINT('',#8723);
#3990=VERTEX_POINT('',#8727);
#3991=VERTEX_POINT('',#8732);
#3992=VERTEX_POINT('',#8733);
#3993=VERTEX_POINT('',#8735);
#3994=VERTEX_POINT('',#8737);
#3995=VERTEX_POINT('',#8741);
#3996=VERTEX_POINT('',#8743);
#3997=VERTEX_POINT('',#8747);
#3998=VERTEX_POINT('',#8751);
#3999=VERTEX_POINT('',#8753);
#4000=VERTEX_POINT('',#8757);
#4001=VERTEX_POINT('',#8759);
#4002=VERTEX_POINT('',#8763);
#4003=VERTEX_POINT('',#8767);
#4004=VERTEX_POINT('',#8771);
#4005=VERTEX_POINT('',#8773);
#4006=VERTEX_POINT('',#8777);
#4007=VERTEX_POINT('',#8781);
#4008=VERTEX_POINT('',#8785);
#4009=VERTEX_POINT('',#8789);
#4010=VERTEX_POINT('',#8793);
#4011=VERTEX_POINT('',#8797);
#4012=VERTEX_POINT('',#8801);
#4013=VERTEX_POINT('',#8803);
#4014=VERTEX_POINT('',#8805);
#4015=VERTEX_POINT('',#8807);
#4016=VERTEX_POINT('',#8811);
#4017=VERTEX_POINT('',#8813);
#4018=VERTEX_POINT('',#8876);
#4019=VERTEX_POINT('',#8889);
#4020=VERTEX_POINT('',#8912);
#4021=VERTEX_POINT('',#8915);
#4022=VERTEX_POINT('',#8917);
#4023=VERTEX_POINT('',#8920);
#4024=VERTEX_POINT('',#8923);
#4025=VERTEX_POINT('',#8929);
#4026=VERTEX_POINT('',#8931);
#4027=VERTEX_POINT('',#8935);
#4028=VERTEX_POINT('',#8939);
#4029=VERTEX_POINT('',#8943);
#4030=VERTEX_POINT('',#8947);
#4031=VERTEX_POINT('',#8963);
#4032=VERTEX_POINT('',#8964);
#4033=VERTEX_POINT('',#8966);
#4034=VERTEX_POINT('',#8970);
#4035=VERTEX_POINT('',#8983);
#4036=VERTEX_POINT('',#8985);
#4037=VERTEX_POINT('',#9000);
#4038=VERTEX_POINT('',#9002);
#4039=VERTEX_POINT('',#9017);
#4040=VERTEX_POINT('',#9019);
#4041=VERTEX_POINT('',#9034);
#4042=VERTEX_POINT('',#9036);
#4043=VERTEX_POINT('',#9051);
#4044=VERTEX_POINT('',#9053);
#4045=VERTEX_POINT('',#9068);
#4046=VERTEX_POINT('',#9070);
#4047=VERTEX_POINT('',#9085);
#4048=VERTEX_POINT('',#9086);
#4049=VERTEX_POINT('',#9088);
#4050=VERTEX_POINT('',#9092);
#4051=VERTEX_POINT('',#9105);
#4052=VERTEX_POINT('',#9107);
#4053=VERTEX_POINT('',#9122);
#4054=VERTEX_POINT('',#9124);
#4055=VERTEX_POINT('',#9139);
#4056=VERTEX_POINT('',#9141);
#4057=VERTEX_POINT('',#9156);
#4058=VERTEX_POINT('',#9158);
#4059=VERTEX_POINT('',#9173);
#4060=VERTEX_POINT('',#9175);
#4061=VERTEX_POINT('',#9190);
#4062=VERTEX_POINT('',#9192);
#4063=VERTEX_POINT('',#9205);
#4064=VERTEX_POINT('',#9209);
#4065=VERTEX_POINT('',#9220);
#4066=VERTEX_POINT('',#9233);
#4067=VERTEX_POINT('',#9246);
#4068=VERTEX_POINT('',#9259);
#4069=VERTEX_POINT('',#9272);
#4070=VERTEX_POINT('',#9285);
#4071=VERTEX_POINT('',#9298);
#4072=VERTEX_POINT('',#9311);
#4073=VERTEX_POINT('',#9324);
#4074=VERTEX_POINT('',#9337);
#4075=VERTEX_POINT('',#9350);
#4076=VERTEX_POINT('',#9363);
#4077=VERTEX_POINT('',#9369);
#4078=VERTEX_POINT('',#9380);
#4079=VERTEX_POINT('',#9393);
#4080=VERTEX_POINT('',#9406);
#4081=VERTEX_POINT('',#9419);
#4082=VERTEX_POINT('',#9425);
#4083=VERTEX_POINT('',#9470);
#4084=VERTEX_POINT('',#9471);
#4085=VERTEX_POINT('',#9473);
#4086=VERTEX_POINT('',#9475);
#4087=VERTEX_POINT('',#9479);
#4088=VERTEX_POINT('',#9481);
#4089=VERTEX_POINT('',#9485);
#4090=VERTEX_POINT('',#9487);
#4091=VERTEX_POINT('',#9491);
#4092=VERTEX_POINT('',#9495);
#4093=VERTEX_POINT('',#9499);
#4094=VERTEX_POINT('',#9503);
#4095=VERTEX_POINT('',#9507);
#4096=VERTEX_POINT('',#9511);
#4097=VERTEX_POINT('',#9515);
#4098=VERTEX_POINT('',#9519);
#4099=VERTEX_POINT('',#9523);
#4100=VERTEX_POINT('',#9533);
#4101=VERTEX_POINT('',#9535);
#4102=VERTEX_POINT('',#9539);
#4103=VERTEX_POINT('',#9543);
#4104=VERTEX_POINT('',#9547);
#4105=VERTEX_POINT('',#9551);
#4106=VERTEX_POINT('',#9555);
#4107=VERTEX_POINT('',#9569);
#4108=VERTEX_POINT('',#9573);
#4109=VERTEX_POINT('',#9577);
#4110=VERTEX_POINT('',#9588);
#4111=VERTEX_POINT('',#9601);
#4112=VERTEX_POINT('',#9614);
#4113=VERTEX_POINT('',#9627);
#4114=VERTEX_POINT('',#9640);
#4115=VERTEX_POINT('',#9653);
#4116=VERTEX_POINT('',#9659);
#4117=VERTEX_POINT('',#9663);
#4118=VERTEX_POINT('',#9667);
#4119=VERTEX_POINT('',#9678);
#4120=VERTEX_POINT('',#9691);
#4121=VERTEX_POINT('',#9704);
#4122=VERTEX_POINT('',#9717);
#4123=VERTEX_POINT('',#9730);
#4124=VERTEX_POINT('',#9743);
#4125=VERTEX_POINT('',#9749);
#4126=VERTEX_POINT('',#9760);
#4127=VERTEX_POINT('',#9773);
#4128=VERTEX_POINT('',#9786);
#4129=VERTEX_POINT('',#9799);
#4130=VERTEX_POINT('',#9812);
#4131=VERTEX_POINT('',#9825);
#4132=VERTEX_POINT('',#9838);
#4133=VERTEX_POINT('',#9844);
#4134=VERTEX_POINT('',#9848);
#4135=VERTEX_POINT('',#9859);
#4136=VERTEX_POINT('',#9872);
#4137=VERTEX_POINT('',#9885);
#4138=VERTEX_POINT('',#9898);
#4139=VERTEX_POINT('',#9923);
#4140=VERTEX_POINT('',#9927);
#4141=VERTEX_POINT('',#9931);
#4142=VERTEX_POINT('',#9935);
#4143=VERTEX_POINT('',#9939);
#4144=VERTEX_POINT('',#9943);
#4145=VERTEX_POINT('',#9954);
#4146=VERTEX_POINT('',#9960);
#4147=VERTEX_POINT('',#9971);
#4148=VERTEX_POINT('',#9984);
#4149=VERTEX_POINT('',#9997);
#4150=VERTEX_POINT('',#10010);
#4151=VERTEX_POINT('',#10023);
#4152=VERTEX_POINT('',#10029);
#4153=VERTEX_POINT('',#10040);
#4154=VERTEX_POINT('',#10053);
#4155=VERTEX_POINT('',#10066);
#4156=VERTEX_POINT('',#10079);
#4157=VERTEX_POINT('',#10092);
#4158=VERTEX_POINT('',#10101);
#4159=VERTEX_POINT('',#10103);
#4160=VERTEX_POINT('',#10107);
#4161=VERTEX_POINT('',#10111);
#4162=VERTEX_POINT('',#10115);
#4163=VERTEX_POINT('',#10119);
#4164=VERTEX_POINT('',#10135);
#4165=VERTEX_POINT('',#10136);
#4166=VERTEX_POINT('',#10138);
#4167=VERTEX_POINT('',#10142);
#4168=VERTEX_POINT('',#10155);
#4169=VERTEX_POINT('',#10157);
#4170=VERTEX_POINT('',#10172);
#4171=VERTEX_POINT('',#10174);
#4172=VERTEX_POINT('',#10189);
#4173=VERTEX_POINT('',#10191);
#4174=VERTEX_POINT('',#10206);
#4175=VERTEX_POINT('',#10208);
#4176=VERTEX_POINT('',#10223);
#4177=VERTEX_POINT('',#10225);
#4178=VERTEX_POINT('',#10240);
#4179=VERTEX_POINT('',#10242);
#4180=VERTEX_POINT('',#10255);
#4181=VERTEX_POINT('',#10259);
#4182=VERTEX_POINT('',#10263);
#4183=VERTEX_POINT('',#10274);
#4184=VERTEX_POINT('',#10287);
#4185=VERTEX_POINT('',#10300);
#4186=VERTEX_POINT('',#10313);
#4187=VERTEX_POINT('',#10326);
#4188=VERTEX_POINT('',#10339);
#4189=VERTEX_POINT('',#10352);
#4190=VERTEX_POINT('',#10365);
#4191=VERTEX_POINT('',#10378);
#4192=VERTEX_POINT('',#10391);
#4193=VERTEX_POINT('',#10397);
#4194=VERTEX_POINT('',#10408);
#4195=VERTEX_POINT('',#10421);
#4196=VERTEX_POINT('',#10434);
#4197=VERTEX_POINT('',#10447);
#4198=VERTEX_POINT('',#10460);
#4199=VERTEX_POINT('',#10492);
#4200=VERTEX_POINT('',#10493);
#4201=VERTEX_POINT('',#10495);
#4202=VERTEX_POINT('',#10497);
#4203=VERTEX_POINT('',#10510);
#4204=VERTEX_POINT('',#10512);
#4205=VERTEX_POINT('',#10527);
#4206=VERTEX_POINT('',#10529);
#4207=VERTEX_POINT('',#10544);
#4208=VERTEX_POINT('',#10546);
#4209=VERTEX_POINT('',#10561);
#4210=VERTEX_POINT('',#10563);
#4211=VERTEX_POINT('',#10578);
#4212=VERTEX_POINT('',#10580);
#4213=VERTEX_POINT('',#10595);
#4214=VERTEX_POINT('',#10597);
#4215=VERTEX_POINT('',#10612);
#4216=VERTEX_POINT('',#10614);
#4217=VERTEX_POINT('',#10627);
#4218=VERTEX_POINT('',#10631);
#4219=VERTEX_POINT('',#10635);
#4220=VERTEX_POINT('',#10646);
#4221=VERTEX_POINT('',#10659);
#4222=VERTEX_POINT('',#10672);
#4223=VERTEX_POINT('',#10685);
#4224=VERTEX_POINT('',#10698);
#4225=VERTEX_POINT('',#10711);
#4226=VERTEX_POINT('',#10724);
#4227=VERTEX_POINT('',#10730);
#4228=VERTEX_POINT('',#10741);
#4229=VERTEX_POINT('',#10754);
#4230=VERTEX_POINT('',#10767);
#4231=VERTEX_POINT('',#10780);
#4232=VERTEX_POINT('',#10793);
#4233=VERTEX_POINT('',#10806);
#4234=VERTEX_POINT('',#10836);
#4235=VERTEX_POINT('',#10837);
#4236=VERTEX_POINT('',#10839);
#4237=VERTEX_POINT('',#10843);
#4238=VERTEX_POINT('',#10856);
#4239=VERTEX_POINT('',#10858);
#4240=VERTEX_POINT('',#10873);
#4241=VERTEX_POINT('',#10875);
#4242=VERTEX_POINT('',#10890);
#4243=VERTEX_POINT('',#10892);
#4244=VERTEX_POINT('',#10907);
#4245=VERTEX_POINT('',#10909);
#4246=VERTEX_POINT('',#10924);
#4247=VERTEX_POINT('',#10926);
#4248=VERTEX_POINT('',#10941);
#4249=VERTEX_POINT('',#10943);
#4250=VERTEX_POINT('',#10958);
#4251=VERTEX_POINT('',#10960);
#4252=VERTEX_POINT('',#10975);
#4253=VERTEX_POINT('',#10977);
#4254=VERTEX_POINT('',#10992);
#4255=VERTEX_POINT('',#10994);
#4256=VERTEX_POINT('',#11009);
#4257=VERTEX_POINT('',#11011);
#4258=VERTEX_POINT('',#11024);
#4259=VERTEX_POINT('',#11028);
#4260=VERTEX_POINT('',#11039);
#4261=VERTEX_POINT('',#11052);
#4262=VERTEX_POINT('',#11065);
#4263=VERTEX_POINT('',#11078);
#4264=VERTEX_POINT('',#11091);
#4265=VERTEX_POINT('',#11104);
#4266=VERTEX_POINT('',#11136);
#4267=VERTEX_POINT('',#11138);
#4268=VERTEX_POINT('',#11142);
#4269=VERTEX_POINT('',#11146);
#4270=VERTEX_POINT('',#11150);
#4271=VERTEX_POINT('',#11154);
#4272=VERTEX_POINT('',#11158);
#4273=VERTEX_POINT('',#11169);
#4274=VERTEX_POINT('',#11182);
#4275=VERTEX_POINT('',#11195);
#4276=VERTEX_POINT('',#11208);
#4277=VERTEX_POINT('',#11221);
#4278=VERTEX_POINT('',#11234);
#4279=VERTEX_POINT('',#11247);
#4280=VERTEX_POINT('',#11253);
#4281=VERTEX_POINT('',#11264);
#4282=VERTEX_POINT('',#11277);
#4283=VERTEX_POINT('',#11290);
#4284=VERTEX_POINT('',#11296);
#4285=VERTEX_POINT('',#11307);
#4286=VERTEX_POINT('',#11313);
#4287=VERTEX_POINT('',#11324);
#4288=VERTEX_POINT('',#11337);
#4289=VERTEX_POINT('',#11343);
#4290=VERTEX_POINT('',#11354);
#4291=VERTEX_POINT('',#11368);
#4292=VERTEX_POINT('',#11369);
#4293=VERTEX_POINT('',#11380);
#4294=VERTEX_POINT('',#11381);
#4295=VERTEX_POINT('',#11392);
#4296=VERTEX_POINT('',#11393);
#4297=VERTEX_POINT('',#11404);
#4298=VERTEX_POINT('',#11405);
#4299=VERTEX_POINT('',#11416);
#4300=VERTEX_POINT('',#11417);
#4301=VERTEX_POINT('',#11428);
#4302=VERTEX_POINT('',#11429);
#4303=VERTEX_POINT('',#11440);
#4304=VERTEX_POINT('',#11441);
#4305=VERTEX_POINT('',#11452);
#4306=VERTEX_POINT('',#11453);
#4307=VERTEX_POINT('',#11464);
#4308=VERTEX_POINT('',#11465);
#4309=VERTEX_POINT('',#11476);
#4310=VERTEX_POINT('',#11477);
#4311=VERTEX_POINT('',#11488);
#4312=VERTEX_POINT('',#11489);
#4313=VERTEX_POINT('',#11498);
#4314=VERTEX_POINT('',#11500);
#4315=VERTEX_POINT('',#11511);
#4316=VERTEX_POINT('',#11512);
#4317=VERTEX_POINT('',#11521);
#4318=VERTEX_POINT('',#11523);
#4319=VERTEX_POINT('',#11537);
#4320=VERTEX_POINT('',#11539);
#4321=VERTEX_POINT('',#11548);
#4322=VERTEX_POINT('',#11550);
#4323=VERTEX_POINT('',#11560);
#4324=VERTEX_POINT('',#11562);
#4325=VERTEX_POINT('',#11571);
#4326=VERTEX_POINT('',#11573);
#4327=VERTEX_POINT('',#11583);
#4328=VERTEX_POINT('',#11585);
#4329=VERTEX_POINT('',#11594);
#4330=VERTEX_POINT('',#11596);
#4331=VERTEX_POINT('',#11603);
#4332=VERTEX_POINT('',#11604);
#4333=VERTEX_POINT('',#11613);
#4334=VERTEX_POINT('',#11615);
#4335=VERTEX_POINT('',#11626);
#4336=VERTEX_POINT('',#11627);
#4337=VERTEX_POINT('',#11636);
#4338=VERTEX_POINT('',#11638);
#4339=VERTEX_POINT('',#11649);
#4340=VERTEX_POINT('',#11650);
#4341=VERTEX_POINT('',#11659);
#4342=VERTEX_POINT('',#11661);
#4343=VERTEX_POINT('',#11672);
#4344=VERTEX_POINT('',#11673);
#4345=VERTEX_POINT('',#11682);
#4346=VERTEX_POINT('',#11684);
#4347=VERTEX_POINT('',#11698);
#4348=VERTEX_POINT('',#11700);
#4349=VERTEX_POINT('',#11709);
#4350=VERTEX_POINT('',#11711);
#4351=LINE('',#7898,#4755);
#4352=LINE('',#7903,#4756);
#4353=LINE('',#7907,#4757);
#4354=LINE('',#7911,#4758);
#4355=LINE('',#7915,#4759);
#4356=LINE('',#7919,#4760);
#4357=LINE('',#7923,#4761);
#4358=LINE('',#7927,#4762);
#4359=LINE('',#7931,#4763);
#4360=LINE('',#7935,#4764);
#4361=LINE('',#7939,#4765);
#4362=LINE('',#7943,#4766);
#4363=LINE('',#7947,#4767);
#4364=LINE('',#7951,#4768);
#4365=LINE('',#7955,#4769);
#4366=LINE('',#7959,#4770);
#4367=LINE('',#7963,#4771);
#4368=LINE('',#7967,#4772);
#4369=LINE('',#7971,#4773);
#4370=LINE('',#7975,#4774);
#4371=LINE('',#8169,#4775);
#4372=LINE('',#8233,#4776);
#4373=LINE('',#8236,#4777);
#4374=LINE('',#8238,#4778);
#4375=LINE('',#8240,#4779);
#4376=LINE('',#8242,#4780);
#4377=LINE('',#8244,#4781);
#4378=LINE('',#8245,#4782);
#4379=LINE('',#8274,#4783);
#4380=LINE('',#8302,#4784);
#4381=LINE('',#8304,#4785);
#4382=LINE('',#8306,#4786);
#4383=LINE('',#8307,#4787);
#4384=LINE('',#8336,#4788);
#4385=LINE('',#8366,#4789);
#4386=LINE('',#8392,#4790);
#4387=LINE('',#8394,#4791);
#4388=LINE('',#8396,#4792);
#4389=LINE('',#8421,#4793);
#4390=LINE('',#8424,#4794);
#4391=LINE('',#8426,#4795);
#4392=LINE('',#8428,#4796);
#4393=LINE('',#8430,#4797);
#4394=LINE('',#8432,#4798);
#4395=LINE('',#8434,#4799);
#4396=LINE('',#8435,#4800);
#4397=LINE('',#8438,#4801);
#4398=LINE('',#8440,#4802);
#4399=LINE('',#8442,#4803);
#4400=LINE('',#8444,#4804);
#4401=LINE('',#8446,#4805);
#4402=LINE('',#8448,#4806);
#4403=LINE('',#8450,#4807);
#4404=LINE('',#8452,#4808);
#4405=LINE('',#8454,#4809);
#4406=LINE('',#8456,#4810);
#4407=LINE('',#8457,#4811);
#4408=LINE('',#8460,#4812);
#4409=LINE('',#8462,#4813);
#4410=LINE('',#8464,#4814);
#4411=LINE('',#8466,#4815);
#4412=LINE('',#8468,#4816);
#4413=LINE('',#8469,#4817);
#4414=LINE('',#8474,#4818);
#4415=LINE('',#8478,#4819);
#4416=LINE('',#8482,#4820);
#4417=LINE('',#8486,#4821);
#4418=LINE('',#8490,#4822);
#4419=LINE('',#8494,#4823);
#4420=LINE('',#8498,#4824);
#4421=LINE('',#8502,#4825);
#4422=LINE('',#8506,#4826);
#4423=LINE('',#8510,#4827);
#4424=LINE('',#8514,#4828);
#4425=LINE('',#8518,#4829);
#4426=LINE('',#8522,#4830);
#4427=LINE('',#8526,#4831);
#4428=LINE('',#8530,#4832);
#4429=LINE('',#8534,#4833);
#4430=LINE('',#8538,#4834);
#4431=LINE('',#8542,#4835);
#4432=LINE('',#8546,#4836);
#4433=LINE('',#8627,#4837);
#4434=LINE('',#8731,#4838);
#4435=LINE('',#8734,#4839);
#4436=LINE('',#8736,#4840);
#4437=LINE('',#8772,#4841);
#4438=LINE('',#8804,#4842);
#4439=LINE('',#8806,#4843);
#4440=LINE('',#8808,#4844);
#4441=LINE('',#8815,#4845);
#4442=LINE('',#8816,#4846);
#4443=LINE('',#8818,#4847);
#4444=LINE('',#8819,#4848);
#4445=LINE('',#8821,#4849);
#4446=LINE('',#8822,#4850);
#4447=LINE('',#8824,#4851);
#4448=LINE('',#8825,#4852);
#4449=LINE('',#8827,#4853);
#4450=LINE('',#8828,#4854);
#4451=LINE('',#8830,#4855);
#4452=LINE('',#8831,#4856);
#4453=LINE('',#8833,#4857);
#4454=LINE('',#8834,#4858);
#4455=LINE('',#8836,#4859);
#4456=LINE('',#8837,#4860);
#4457=LINE('',#8839,#4861);
#4458=LINE('',#8840,#4862);
#4459=LINE('',#8842,#4863);
#4460=LINE('',#8843,#4864);
#4461=LINE('',#8845,#4865);
#4462=LINE('',#8846,#4866);
#4463=LINE('',#8848,#4867);
#4464=LINE('',#8849,#4868);
#4465=LINE('',#8851,#4869);
#4466=LINE('',#8852,#4870);
#4467=LINE('',#8854,#4871);
#4468=LINE('',#8855,#4872);
#4469=LINE('',#8857,#4873);
#4470=LINE('',#8858,#4874);
#4471=LINE('',#8860,#4875);
#4472=LINE('',#8861,#4876);
#4473=LINE('',#8863,#4877);
#4474=LINE('',#8864,#4878);
#4475=LINE('',#8866,#4879);
#4476=LINE('',#8867,#4880);
#4477=LINE('',#8869,#4881);
#4478=LINE('',#8870,#4882);
#4479=LINE('',#8872,#4883);
#4480=LINE('',#8873,#4884);
#4481=LINE('',#8928,#4885);
#4482=LINE('',#8930,#4886);
#4483=LINE('',#8932,#4887);
#4484=LINE('',#8934,#4888);
#4485=LINE('',#8936,#4889);
#4486=LINE('',#8938,#4890);
#4487=LINE('',#8940,#4891);
#4488=LINE('',#8942,#4892);
#4489=LINE('',#8944,#4893);
#4490=LINE('',#8946,#4894);
#4491=LINE('',#8948,#4895);
#4492=LINE('',#8950,#4896);
#4493=LINE('',#8965,#4897);
#4494=LINE('',#8971,#4898);
#4495=LINE('',#8984,#4899);
#4496=LINE('',#9001,#4900);
#4497=LINE('',#9018,#4901);
#4498=LINE('',#9035,#4902);
#4499=LINE('',#9052,#4903);
#4500=LINE('',#9069,#4904);
#4501=LINE('',#9087,#4905);
#4502=LINE('',#9093,#4906);
#4503=LINE('',#9106,#4907);
#4504=LINE('',#9123,#4908);
#4505=LINE('',#9140,#4909);
#4506=LINE('',#9157,#4910);
#4507=LINE('',#9174,#4911);
#4508=LINE('',#9191,#4912);
#4509=LINE('',#9204,#4913);
#4510=LINE('',#9210,#4914);
#4511=LINE('',#9219,#4915);
#4512=LINE('',#9232,#4916);
#4513=LINE('',#9245,#4917);
#4514=LINE('',#9258,#4918);
#4515=LINE('',#9271,#4919);
#4516=LINE('',#9284,#4920);
#4517=LINE('',#9297,#4921);
#4518=LINE('',#9310,#4922);
#4519=LINE('',#9323,#4923);
#4520=LINE('',#9336,#4924);
#4521=LINE('',#9349,#4925);
#4522=LINE('',#9362,#4926);
#4523=LINE('',#9368,#4927);
#4524=LINE('',#9379,#4928);
#4525=LINE('',#9392,#4929);
#4526=LINE('',#9405,#4930);
#4527=LINE('',#9418,#4931);
#4528=LINE('',#9424,#4932);
#4529=LINE('',#9469,#4933);
#4530=LINE('',#9472,#4934);
#4531=LINE('',#9474,#4935);
#4532=LINE('',#9476,#4936);
#4533=LINE('',#9478,#4937);
#4534=LINE('',#9480,#4938);
#4535=LINE('',#9482,#4939);
#4536=LINE('',#9484,#4940);
#4537=LINE('',#9486,#4941);
#4538=LINE('',#9488,#4942);
#4539=LINE('',#9490,#4943);
#4540=LINE('',#9492,#4944);
#4541=LINE('',#9494,#4945);
#4542=LINE('',#9496,#4946);
#4543=LINE('',#9498,#4947);
#4544=LINE('',#9500,#4948);
#4545=LINE('',#9502,#4949);
#4546=LINE('',#9504,#4950);
#4547=LINE('',#9506,#4951);
#4548=LINE('',#9508,#4952);
#4549=LINE('',#9510,#4953);
#4550=LINE('',#9512,#4954);
#4551=LINE('',#9514,#4955);
#4552=LINE('',#9516,#4956);
#4553=LINE('',#9518,#4957);
#4554=LINE('',#9520,#4958);
#4555=LINE('',#9522,#4959);
#4556=LINE('',#9524,#4960);
#4557=LINE('',#9526,#4961);
#4558=LINE('',#9528,#4962);
#4559=LINE('',#9529,#4963);
#4560=LINE('',#9532,#4964);
#4561=LINE('',#9534,#4965);
#4562=LINE('',#9536,#4966);
#4563=LINE('',#9538,#4967);
#4564=LINE('',#9540,#4968);
#4565=LINE('',#9542,#4969);
#4566=LINE('',#9544,#4970);
#4567=LINE('',#9546,#4971);
#4568=LINE('',#9548,#4972);
#4569=LINE('',#9550,#4973);
#4570=LINE('',#9552,#4974);
#4571=LINE('',#9554,#4975);
#4572=LINE('',#9556,#4976);
#4573=LINE('',#9558,#4977);
#4574=LINE('',#9568,#4978);
#4575=LINE('',#9574,#4979);
#4576=LINE('',#9576,#4980);
#4577=LINE('',#9578,#4981);
#4578=LINE('',#9587,#4982);
#4579=LINE('',#9600,#4983);
#4580=LINE('',#9613,#4984);
#4581=LINE('',#9626,#4985);
#4582=LINE('',#9639,#4986);
#4583=LINE('',#9652,#4987);
#4584=LINE('',#9658,#4988);
#4585=LINE('',#9660,#4989);
#4586=LINE('',#9662,#4990);
#4587=LINE('',#9664,#4991);
#4588=LINE('',#9666,#4992);
#4589=LINE('',#9668,#4993);
#4590=LINE('',#9677,#4994);
#4591=LINE('',#9690,#4995);
#4592=LINE('',#9703,#4996);
#4593=LINE('',#9716,#4997);
#4594=LINE('',#9729,#4998);
#4595=LINE('',#9742,#4999);
#4596=LINE('',#9748,#5000);
#4597=LINE('',#9750,#5001);
#4598=LINE('',#9759,#5002);
#4599=LINE('',#9772,#5003);
#4600=LINE('',#9785,#5004);
#4601=LINE('',#9798,#5005);
#4602=LINE('',#9811,#5006);
#4603=LINE('',#9824,#5007);
#4604=LINE('',#9837,#5008);
#4605=LINE('',#9843,#5009);
#4606=LINE('',#9845,#5010);
#4607=LINE('',#9847,#5011);
#4608=LINE('',#9858,#5012);
#4609=LINE('',#9871,#5013);
#4610=LINE('',#9884,#5014);
#4611=LINE('',#9897,#5015);
#4612=LINE('',#9922,#5016);
#4613=LINE('',#9928,#5017);
#4614=LINE('',#9930,#5018);
#4615=LINE('',#9932,#5019);
#4616=LINE('',#9934,#5020);
#4617=LINE('',#9936,#5021);
#4618=LINE('',#9938,#5022);
#4619=LINE('',#9940,#5023);
#4620=LINE('',#9942,#5024);
#4621=LINE('',#9944,#5025);
#4622=LINE('',#9953,#5026);
#4623=LINE('',#9959,#5027);
#4624=LINE('',#9970,#5028);
#4625=LINE('',#9983,#5029);
#4626=LINE('',#9996,#5030);
#4627=LINE('',#10009,#5031);
#4628=LINE('',#10022,#5032);
#4629=LINE('',#10028,#5033);
#4630=LINE('',#10030,#5034);
#4631=LINE('',#10039,#5035);
#4632=LINE('',#10052,#5036);
#4633=LINE('',#10065,#5037);
#4634=LINE('',#10078,#5038);
#4635=LINE('',#10091,#5039);
#4636=LINE('',#10100,#5040);
#4637=LINE('',#10102,#5041);
#4638=LINE('',#10104,#5042);
#4639=LINE('',#10106,#5043);
#4640=LINE('',#10108,#5044);
#4641=LINE('',#10110,#5045);
#4642=LINE('',#10112,#5046);
#4643=LINE('',#10114,#5047);
#4644=LINE('',#10116,#5048);
#4645=LINE('',#10118,#5049);
#4646=LINE('',#10120,#5050);
#4647=LINE('',#10122,#5051);
#4648=LINE('',#10137,#5052);
#4649=LINE('',#10143,#5053);
#4650=LINE('',#10156,#5054);
#4651=LINE('',#10173,#5055);
#4652=LINE('',#10190,#5056);
#4653=LINE('',#10207,#5057);
#4654=LINE('',#10224,#5058);
#4655=LINE('',#10241,#5059);
#4656=LINE('',#10254,#5060);
#4657=LINE('',#10260,#5061);
#4658=LINE('',#10262,#5062);
#4659=LINE('',#10264,#5063);
#4660=LINE('',#10273,#5064);
#4661=LINE('',#10286,#5065);
#4662=LINE('',#10299,#5066);
#4663=LINE('',#10312,#5067);
#4664=LINE('',#10325,#5068);
#4665=LINE('',#10338,#5069);
#4666=LINE('',#10351,#5070);
#4667=LINE('',#10364,#5071);
#4668=LINE('',#10377,#5072);
#4669=LINE('',#10390,#5073);
#4670=LINE('',#10396,#5074);
#4671=LINE('',#10407,#5075);
#4672=LINE('',#10420,#5076);
#4673=LINE('',#10433,#5077);
#4674=LINE('',#10446,#5078);
#4675=LINE('',#10459,#5079);
#4676=LINE('',#10494,#5080);
#4677=LINE('',#10498,#5081);
#4678=LINE('',#10511,#5082);
#4679=LINE('',#10528,#5083);
#4680=LINE('',#10545,#5084);
#4681=LINE('',#10562,#5085);
#4682=LINE('',#10579,#5086);
#4683=LINE('',#10596,#5087);
#4684=LINE('',#10613,#5088);
#4685=LINE('',#10626,#5089);
#4686=LINE('',#10632,#5090);
#4687=LINE('',#10634,#5091);
#4688=LINE('',#10636,#5092);
#4689=LINE('',#10645,#5093);
#4690=LINE('',#10658,#5094);
#4691=LINE('',#10671,#5095);
#4692=LINE('',#10684,#5096);
#4693=LINE('',#10697,#5097);
#4694=LINE('',#10710,#5098);
#4695=LINE('',#10723,#5099);
#4696=LINE('',#10729,#5100);
#4697=LINE('',#10740,#5101);
#4698=LINE('',#10753,#5102);
#4699=LINE('',#10766,#5103);
#4700=LINE('',#10779,#5104);
#4701=LINE('',#10792,#5105);
#4702=LINE('',#10805,#5106);
#4703=LINE('',#10838,#5107);
#4704=LINE('',#10844,#5108);
#4705=LINE('',#10857,#5109);
#4706=LINE('',#10874,#5110);
#4707=LINE('',#10891,#5111);
#4708=LINE('',#10908,#5112);
#4709=LINE('',#10925,#5113);
#4710=LINE('',#10942,#5114);
#4711=LINE('',#10959,#5115);
#4712=LINE('',#10976,#5116);
#4713=LINE('',#10993,#5117);
#4714=LINE('',#11010,#5118);
#4715=LINE('',#11023,#5119);
#4716=LINE('',#11029,#5120);
#4717=LINE('',#11038,#5121);
#4718=LINE('',#11051,#5122);
#4719=LINE('',#11064,#5123);
#4720=LINE('',#11077,#5124);
#4721=LINE('',#11090,#5125);
#4722=LINE('',#11103,#5126);
#4723=LINE('',#11135,#5127);
#4724=LINE('',#11137,#5128);
#4725=LINE('',#11139,#5129);
#4726=LINE('',#11141,#5130);
#4727=LINE('',#11143,#5131);
#4728=LINE('',#11145,#5132);
#4729=LINE('',#11147,#5133);
#4730=LINE('',#11149,#5134);
#4731=LINE('',#11151,#5135);
#4732=LINE('',#11153,#5136);
#4733=LINE('',#11155,#5137);
#4734=LINE('',#11157,#5138);
#4735=LINE('',#11168,#5139);
#4736=LINE('',#11181,#5140);
#4737=LINE('',#11194,#5141);
#4738=LINE('',#11207,#5142);
#4739=LINE('',#11220,#5143);
#4740=LINE('',#11233,#5144);
#4741=LINE('',#11246,#5145);
#4742=LINE('',#11252,#5146);
#4743=LINE('',#11254,#5147);
#4744=LINE('',#11263,#5148);
#4745=LINE('',#11276,#5149);
#4746=LINE('',#11289,#5150);
#4747=LINE('',#11295,#5151);
#4748=LINE('',#11306,#5152);
#4749=LINE('',#11312,#5153);
#4750=LINE('',#11323,#5154);
#4751=LINE('',#11336,#5155);
#4752=LINE('',#11342,#5156);
#4753=LINE('',#11353,#5157);
#4754=LINE('',#11359,#5158);
#4755=VECTOR('',#6752,1.);
#4756=VECTOR('',#6755,1.);
#4757=VECTOR('',#6758,1.);
#4758=VECTOR('',#6761,1.);
#4759=VECTOR('',#6764,1.);
#4760=VECTOR('',#6767,1.);
#4761=VECTOR('',#6770,1.);
#4762=VECTOR('',#6773,1.);
#4763=VECTOR('',#6776,1.);
#4764=VECTOR('',#6779,1.);
#4765=VECTOR('',#6782,1.);
#4766=VECTOR('',#6785,1.);
#4767=VECTOR('',#6788,1.);
#4768=VECTOR('',#6791,1.);
#4769=VECTOR('',#6794,1.);
#4770=VECTOR('',#6797,1.);
#4771=VECTOR('',#6800,1.);
#4772=VECTOR('',#6803,1.);
#4773=VECTOR('',#6806,1.);
#4774=VECTOR('',#6809,1.);
#4775=VECTOR('',#6914,1.);
#4776=VECTOR('',#6917,1.);
#4777=VECTOR('',#6918,1.);
#4778=VECTOR('',#6919,1.);
#4779=VECTOR('',#6920,1.);
#4780=VECTOR('',#6921,1.);
#4781=VECTOR('',#6922,1.);
#4782=VECTOR('',#6923,1.);
#4783=VECTOR('',#6926,1.);
#4784=VECTOR('',#6929,1.);
#4785=VECTOR('',#6930,1.);
#4786=VECTOR('',#6931,1.);
#4787=VECTOR('',#6932,1.);
#4788=VECTOR('',#6935,1.);
#4789=VECTOR('',#6936,1.);
#4790=VECTOR('',#6937,1.);
#4791=VECTOR('',#6938,1.);
#4792=VECTOR('',#6939,1.);
#4793=VECTOR('',#6940,1.);
#4794=VECTOR('',#6941,1.);
#4795=VECTOR('',#6942,1.);
#4796=VECTOR('',#6943,1.);
#4797=VECTOR('',#6944,1.);
#4798=VECTOR('',#6945,1.);
#4799=VECTOR('',#6946,1.);
#4800=VECTOR('',#6947,1.);
#4801=VECTOR('',#6948,1.);
#4802=VECTOR('',#6949,1.);
#4803=VECTOR('',#6950,1.);
#4804=VECTOR('',#6951,1.);
#4805=VECTOR('',#6952,1.);
#4806=VECTOR('',#6953,1.);
#4807=VECTOR('',#6954,1.);
#4808=VECTOR('',#6955,1.);
#4809=VECTOR('',#6956,1.);
#4810=VECTOR('',#6957,1.);
#4811=VECTOR('',#6958,1.);
#4812=VECTOR('',#6959,1.);
#4813=VECTOR('',#6960,1.);
#4814=VECTOR('',#6961,1.);
#4815=VECTOR('',#6962,1.);
#4816=VECTOR('',#6963,1.);
#4817=VECTOR('',#6964,1.);
#4818=VECTOR('',#6967,1.);
#4819=VECTOR('',#6970,1.);
#4820=VECTOR('',#6973,1.);
#4821=VECTOR('',#6976,1.);
#4822=VECTOR('',#6979,1.);
#4823=VECTOR('',#6982,1.);
#4824=VECTOR('',#6985,1.);
#4825=VECTOR('',#6988,1.);
#4826=VECTOR('',#6991,1.);
#4827=VECTOR('',#6994,1.);
#4828=VECTOR('',#6997,1.);
#4829=VECTOR('',#7000,1.);
#4830=VECTOR('',#7003,1.);
#4831=VECTOR('',#7006,1.);
#4832=VECTOR('',#7009,1.);
#4833=VECTOR('',#7012,1.);
#4834=VECTOR('',#7015,1.);
#4835=VECTOR('',#7018,1.);
#4836=VECTOR('',#7021,1.);
#4837=VECTOR('',#7030,1.);
#4838=VECTOR('',#7033,1.);
#4839=VECTOR('',#7034,1.);
#4840=VECTOR('',#7035,1.);
#4841=VECTOR('',#7042,1.);
#4842=VECTOR('',#7045,1.);
#4843=VECTOR('',#7046,1.);
#4844=VECTOR('',#7047,1.);
#4845=VECTOR('',#7056,1.);
#4846=VECTOR('',#7057,1.);
#4847=VECTOR('',#7060,1.);
#4848=VECTOR('',#7061,1.);
#4849=VECTOR('',#7064,1.);
#4850=VECTOR('',#7065,1.);
#4851=VECTOR('',#7068,1.);
#4852=VECTOR('',#7069,1.);
#4853=VECTOR('',#7072,1.);
#4854=VECTOR('',#7073,1.);
#4855=VECTOR('',#7076,1.);
#4856=VECTOR('',#7077,1.);
#4857=VECTOR('',#7080,1.);
#4858=VECTOR('',#7081,1.);
#4859=VECTOR('',#7084,1.);
#4860=VECTOR('',#7085,1.);
#4861=VECTOR('',#7088,1.);
#4862=VECTOR('',#7089,1.);
#4863=VECTOR('',#7092,1.);
#4864=VECTOR('',#7093,1.);
#4865=VECTOR('',#7096,1.);
#4866=VECTOR('',#7097,1.);
#4867=VECTOR('',#7100,1.);
#4868=VECTOR('',#7101,1.);
#4869=VECTOR('',#7104,1.);
#4870=VECTOR('',#7105,1.);
#4871=VECTOR('',#7108,1.);
#4872=VECTOR('',#7109,1.);
#4873=VECTOR('',#7112,1.);
#4874=VECTOR('',#7113,1.);
#4875=VECTOR('',#7116,1.);
#4876=VECTOR('',#7117,1.);
#4877=VECTOR('',#7120,1.);
#4878=VECTOR('',#7121,1.);
#4879=VECTOR('',#7124,1.);
#4880=VECTOR('',#7125,1.);
#4881=VECTOR('',#7128,1.);
#4882=VECTOR('',#7129,1.);
#4883=VECTOR('',#7132,1.);
#4884=VECTOR('',#7133,1.);
#4885=VECTOR('',#7228,1.);
#4886=VECTOR('',#7229,1.);
#4887=VECTOR('',#7230,1.);
#4888=VECTOR('',#7233,1.);
#4889=VECTOR('',#7234,1.);
#4890=VECTOR('',#7237,1.);
#4891=VECTOR('',#7238,1.);
#4892=VECTOR('',#7241,1.);
#4893=VECTOR('',#7242,1.);
#4894=VECTOR('',#7245,1.);
#4895=VECTOR('',#7246,1.);
#4896=VECTOR('',#7249,1.);
#4897=VECTOR('',#7252,1.);
#4898=VECTOR('',#7253,1.);
#4899=VECTOR('',#7254,1.);
#4900=VECTOR('',#7255,1.);
#4901=VECTOR('',#7256,1.);
#4902=VECTOR('',#7257,1.);
#4903=VECTOR('',#7258,1.);
#4904=VECTOR('',#7259,1.);
#4905=VECTOR('',#7260,1.);
#4906=VECTOR('',#7261,1.);
#4907=VECTOR('',#7262,1.);
#4908=VECTOR('',#7263,1.);
#4909=VECTOR('',#7264,1.);
#4910=VECTOR('',#7265,1.);
#4911=VECTOR('',#7266,1.);
#4912=VECTOR('',#7267,1.);
#4913=VECTOR('',#7268,1.);
#4914=VECTOR('',#7269,1.);
#4915=VECTOR('',#7270,1.);
#4916=VECTOR('',#7271,1.);
#4917=VECTOR('',#7272,1.);
#4918=VECTOR('',#7273,1.);
#4919=VECTOR('',#7274,1.);
#4920=VECTOR('',#7275,1.);
#4921=VECTOR('',#7276,1.);
#4922=VECTOR('',#7277,1.);
#4923=VECTOR('',#7278,1.);
#4924=VECTOR('',#7279,1.);
#4925=VECTOR('',#7280,1.);
#4926=VECTOR('',#7281,1.);
#4927=VECTOR('',#7284,1.);
#4928=VECTOR('',#7287,1.);
#4929=VECTOR('',#7288,1.);
#4930=VECTOR('',#7289,1.);
#4931=VECTOR('',#7290,1.);
#4932=VECTOR('',#7293,1.);
#4933=VECTOR('',#7302,1.);
#4934=VECTOR('',#7303,1.);
#4935=VECTOR('',#7304,1.);
#4936=VECTOR('',#7305,1.);
#4937=VECTOR('',#7308,1.);
#4938=VECTOR('',#7309,1.);
#4939=VECTOR('',#7310,1.);
#4940=VECTOR('',#7313,1.);
#4941=VECTOR('',#7314,1.);
#4942=VECTOR('',#7315,1.);
#4943=VECTOR('',#7318,1.);
#4944=VECTOR('',#7319,1.);
#4945=VECTOR('',#7322,1.);
#4946=VECTOR('',#7323,1.);
#4947=VECTOR('',#7326,1.);
#4948=VECTOR('',#7327,1.);
#4949=VECTOR('',#7330,1.);
#4950=VECTOR('',#7331,1.);
#4951=VECTOR('',#7334,1.);
#4952=VECTOR('',#7335,1.);
#4953=VECTOR('',#7338,1.);
#4954=VECTOR('',#7339,1.);
#4955=VECTOR('',#7342,1.);
#4956=VECTOR('',#7343,1.);
#4957=VECTOR('',#7346,1.);
#4958=VECTOR('',#7347,1.);
#4959=VECTOR('',#7350,1.);
#4960=VECTOR('',#7351,1.);
#4961=VECTOR('',#7354,1.);
#4962=VECTOR('',#7357,1.);
#4963=VECTOR('',#7358,1.);
#4964=VECTOR('',#7363,1.);
#4965=VECTOR('',#7364,1.);
#4966=VECTOR('',#7365,1.);
#4967=VECTOR('',#7368,1.);
#4968=VECTOR('',#7369,1.);
#4969=VECTOR('',#7372,1.);
#4970=VECTOR('',#7373,1.);
#4971=VECTOR('',#7376,1.);
#4972=VECTOR('',#7377,1.);
#4973=VECTOR('',#7380,1.);
#4974=VECTOR('',#7381,1.);
#4975=VECTOR('',#7384,1.);
#4976=VECTOR('',#7385,1.);
#4977=VECTOR('',#7388,1.);
#4978=VECTOR('',#7391,1.);
#4979=VECTOR('',#7392,1.);
#4980=VECTOR('',#7395,1.);
#4981=VECTOR('',#7396,1.);
#4982=VECTOR('',#7397,1.);
#4983=VECTOR('',#7398,1.);
#4984=VECTOR('',#7399,1.);
#4985=VECTOR('',#7400,1.);
#4986=VECTOR('',#7401,1.);
#4987=VECTOR('',#7402,1.);
#4988=VECTOR('',#7405,1.);
#4989=VECTOR('',#7406,1.);
#4990=VECTOR('',#7409,1.);
#4991=VECTOR('',#7410,1.);
#4992=VECTOR('',#7413,1.);
#4993=VECTOR('',#7414,1.);
#4994=VECTOR('',#7415,1.);
#4995=VECTOR('',#7416,1.);
#4996=VECTOR('',#7417,1.);
#4997=VECTOR('',#7418,1.);
#4998=VECTOR('',#7419,1.);
#4999=VECTOR('',#7420,1.);
#5000=VECTOR('',#7423,1.);
#5001=VECTOR('',#7424,1.);
#5002=VECTOR('',#7425,1.);
#5003=VECTOR('',#7426,1.);
#5004=VECTOR('',#7427,1.);
#5005=VECTOR('',#7428,1.);
#5006=VECTOR('',#7429,1.);
#5007=VECTOR('',#7430,1.);
#5008=VECTOR('',#7431,1.);
#5009=VECTOR('',#7434,1.);
#5010=VECTOR('',#7435,1.);
#5011=VECTOR('',#7438,1.);
#5012=VECTOR('',#7441,1.);
#5013=VECTOR('',#7442,1.);
#5014=VECTOR('',#7443,1.);
#5015=VECTOR('',#7444,1.);
#5016=VECTOR('',#7447,1.);
#5017=VECTOR('',#7448,1.);
#5018=VECTOR('',#7451,1.);
#5019=VECTOR('',#7452,1.);
#5020=VECTOR('',#7455,1.);
#5021=VECTOR('',#7456,1.);
#5022=VECTOR('',#7459,1.);
#5023=VECTOR('',#7460,1.);
#5024=VECTOR('',#7463,1.);
#5025=VECTOR('',#7464,1.);
#5026=VECTOR('',#7465,1.);
#5027=VECTOR('',#7468,1.);
#5028=VECTOR('',#7471,1.);
#5029=VECTOR('',#7472,1.);
#5030=VECTOR('',#7473,1.);
#5031=VECTOR('',#7474,1.);
#5032=VECTOR('',#7475,1.);
#5033=VECTOR('',#7478,1.);
#5034=VECTOR('',#7479,1.);
#5035=VECTOR('',#7480,1.);
#5036=VECTOR('',#7481,1.);
#5037=VECTOR('',#7482,1.);
#5038=VECTOR('',#7483,1.);
#5039=VECTOR('',#7484,1.);
#5040=VECTOR('',#7493,1.);
#5041=VECTOR('',#7494,1.);
#5042=VECTOR('',#7495,1.);
#5043=VECTOR('',#7498,1.);
#5044=VECTOR('',#7499,1.);
#5045=VECTOR('',#7502,1.);
#5046=VECTOR('',#7503,1.);
#5047=VECTOR('',#7506,1.);
#5048=VECTOR('',#7507,1.);
#5049=VECTOR('',#7510,1.);
#5050=VECTOR('',#7511,1.);
#5051=VECTOR('',#7514,1.);
#5052=VECTOR('',#7517,1.);
#5053=VECTOR('',#7518,1.);
#5054=VECTOR('',#7519,1.);
#5055=VECTOR('',#7520,1.);
#5056=VECTOR('',#7521,1.);
#5057=VECTOR('',#7522,1.);
#5058=VECTOR('',#7523,1.);
#5059=VECTOR('',#7524,1.);
#5060=VECTOR('',#7525,1.);
#5061=VECTOR('',#7526,1.);
#5062=VECTOR('',#7529,1.);
#5063=VECTOR('',#7530,1.);
#5064=VECTOR('',#7531,1.);
#5065=VECTOR('',#7532,1.);
#5066=VECTOR('',#7533,1.);
#5067=VECTOR('',#7534,1.);
#5068=VECTOR('',#7535,1.);
#5069=VECTOR('',#7536,1.);
#5070=VECTOR('',#7537,1.);
#5071=VECTOR('',#7538,1.);
#5072=VECTOR('',#7539,1.);
#5073=VECTOR('',#7540,1.);
#5074=VECTOR('',#7543,1.);
#5075=VECTOR('',#7546,1.);
#5076=VECTOR('',#7547,1.);
#5077=VECTOR('',#7548,1.);
#5078=VECTOR('',#7549,1.);
#5079=VECTOR('',#7550,1.);
#5080=VECTOR('',#7557,1.);
#5081=VECTOR('',#7560,1.);
#5082=VECTOR('',#7561,1.);
#5083=VECTOR('',#7562,1.);
#5084=VECTOR('',#7563,1.);
#5085=VECTOR('',#7564,1.);
#5086=VECTOR('',#7565,1.);
#5087=VECTOR('',#7566,1.);
#5088=VECTOR('',#7567,1.);
#5089=VECTOR('',#7568,1.);
#5090=VECTOR('',#7569,1.);
#5091=VECTOR('',#7572,1.);
#5092=VECTOR('',#7573,1.);
#5093=VECTOR('',#7574,1.);
#5094=VECTOR('',#7575,1.);
#5095=VECTOR('',#7576,1.);
#5096=VECTOR('',#7577,1.);
#5097=VECTOR('',#7578,1.);
#5098=VECTOR('',#7579,1.);
#5099=VECTOR('',#7580,1.);
#5100=VECTOR('',#7583,1.);
#5101=VECTOR('',#7586,1.);
#5102=VECTOR('',#7587,1.);
#5103=VECTOR('',#7588,1.);
#5104=VECTOR('',#7589,1.);
#5105=VECTOR('',#7590,1.);
#5106=VECTOR('',#7591,1.);
#5107=VECTOR('',#7600,1.);
#5108=VECTOR('',#7601,1.);
#5109=VECTOR('',#7602,1.);
#5110=VECTOR('',#7603,1.);
#5111=VECTOR('',#7604,1.);
#5112=VECTOR('',#7605,1.);
#5113=VECTOR('',#7606,1.);
#5114=VECTOR('',#7607,1.);
#5115=VECTOR('',#7608,1.);
#5116=VECTOR('',#7609,1.);
#5117=VECTOR('',#7610,1.);
#5118=VECTOR('',#7611,1.);
#5119=VECTOR('',#7612,1.);
#5120=VECTOR('',#7613,1.);
#5121=VECTOR('',#7614,1.);
#5122=VECTOR('',#7615,1.);
#5123=VECTOR('',#7616,1.);
#5124=VECTOR('',#7617,1.);
#5125=VECTOR('',#7618,1.);
#5126=VECTOR('',#7619,1.);
#5127=VECTOR('',#7624,1.);
#5128=VECTOR('',#7625,1.);
#5129=VECTOR('',#7626,1.);
#5130=VECTOR('',#7629,1.);
#5131=VECTOR('',#7630,1.);
#5132=VECTOR('',#7633,1.);
#5133=VECTOR('',#7634,1.);
#5134=VECTOR('',#7637,1.);
#5135=VECTOR('',#7638,1.);
#5136=VECTOR('',#7641,1.);
#5137=VECTOR('',#7642,1.);
#5138=VECTOR('',#7645,1.);
#5139=VECTOR('',#7648,1.);
#5140=VECTOR('',#7649,1.);
#5141=VECTOR('',#7650,1.);
#5142=VECTOR('',#7651,1.);
#5143=VECTOR('',#7652,1.);
#5144=VECTOR('',#7653,1.);
#5145=VECTOR('',#7654,1.);
#5146=VECTOR('',#7657,1.);
#5147=VECTOR('',#7658,1.);
#5148=VECTOR('',#7659,1.);
#5149=VECTOR('',#7660,1.);
#5150=VECTOR('',#7661,1.);
#5151=VECTOR('',#7664,1.);
#5152=VECTOR('',#7667,1.);
#5153=VECTOR('',#7670,1.);
#5154=VECTOR('',#7673,1.);
#5155=VECTOR('',#7674,1.);
#5156=VECTOR('',#7677,1.);
#5157=VECTOR('',#7680,1.);
#5158=VECTOR('',#7683,1.);
#5159=EDGE_LOOP('',(#813,#814,#815,#816,#817,#818,#819,#820,#821,#822,#823,
#824,#825,#826,#827,#828,#829,#830,#831,#832,#833,#834,#835,#836,#837,#838,
#839,#840,#841,#842,#843,#844,#845,#846,#847,#848,#849,#850,#851,#852));
#5160=EDGE_LOOP('',(#853,#854,#855,#856,#857,#858,#859,#860,#861,#862,#863,
#864,#865,#866,#867,#868,#869,#870,#871,#872));
#5161=EDGE_LOOP('',(#873,#874,#875,#876));
#5162=EDGE_LOOP('',(#877,#878,#879,#880));
#5163=EDGE_LOOP('',(#881,#882,#883,#884));
#5164=EDGE_LOOP('',(#885,#886,#887,#888));
#5165=EDGE_LOOP('',(#889,#890,#891,#892));
#5166=EDGE_LOOP('',(#893,#894,#895,#896));
#5167=EDGE_LOOP('',(#897,#898,#899,#900));
#5168=EDGE_LOOP('',(#901,#902,#903,#904));
#5169=EDGE_LOOP('',(#905,#906,#907,#908));
#5170=EDGE_LOOP('',(#909,#910,#911,#912));
#5171=EDGE_LOOP('',(#913,#914,#915,#916,#917,#918,#919,#920,#921,#922,#923,
#924,#925,#926,#927,#928,#929));
#5172=EDGE_LOOP('',(#930,#931,#932,#933,#934,#935));
#5173=EDGE_LOOP('',(#936,#937,#938,#939,#940,#941,#942,#943,#944,#945,#946,
#947,#948,#949,#950,#951,#952,#953,#954));
#5174=EDGE_LOOP('',(#955,#956,#957,#958,#959,#960,#961,#962,#963,#964,#965,
#966,#967,#968,#969,#970,#971,#972,#973,#974,#975,#976,#977,#978,#979,#980,
#981,#982,#983,#984,#985,#986));
#5175=EDGE_LOOP('',(#987,#988,#989,#990,#991,#992,#993));
#5176=EDGE_LOOP('',(#994,#995,#996,#997,#998,#999,#1000,#1001,#1002,#1003,
#1004));
#5177=EDGE_LOOP('',(#1005,#1006,#1007,#1008,#1009,#1010));
#5178=EDGE_LOOP('',(#1011,#1012,#1013,#1014,#1015,#1016,#1017,#1018,#1019,
#1020,#1021,#1022,#1023,#1024,#1025,#1026,#1027,#1028,#1029,#1030,#1031,
#1032,#1033,#1034,#1035,#1036,#1037,#1038,#1039,#1040,#1041,#1042,#1043,
#1044,#1045,#1046,#1047,#1048,#1049,#1050));
#5179=EDGE_LOOP('',(#1051));
#5180=EDGE_LOOP('',(#1052,#1053,#1054,#1055,#1056,#1057,#1058,#1059,#1060,
#1061,#1062,#1063,#1064,#1065,#1066,#1067,#1068,#1069,#1070,#1071));
#5181=EDGE_LOOP('',(#1072,#1073,#1074,#1075,#1076,#1077,#1078,#1079,#1080,
#1081,#1082,#1083,#1084,#1085,#1086,#1087,#1088,#1089,#1090));
#5182=EDGE_LOOP('',(#1091,#1092,#1093,#1094,#1095,#1096,#1097,#1098));
#5183=EDGE_LOOP('',(#1099,#1100,#1101,#1102,#1103,#1104,#1105,#1106,#1107,
#1108,#1109,#1110,#1111,#1112,#1113,#1114,#1115,#1116,#1117,#1118,#1119,
#1120,#1121,#1122,#1123));
#5184=EDGE_LOOP('',(#1124));
#5185=EDGE_LOOP('',(#1125));
#5186=EDGE_LOOP('',(#1126,#1127,#1128,#1129));
#5187=EDGE_LOOP('',(#1130,#1131,#1132,#1133));
#5188=EDGE_LOOP('',(#1134,#1135,#1136,#1137));
#5189=EDGE_LOOP('',(#1138,#1139,#1140,#1141));
#5190=EDGE_LOOP('',(#1142,#1143,#1144,#1145));
#5191=EDGE_LOOP('',(#1146,#1147,#1148,#1149));
#5192=EDGE_LOOP('',(#1150,#1151,#1152,#1153));
#5193=EDGE_LOOP('',(#1154,#1155,#1156,#1157));
#5194=EDGE_LOOP('',(#1158,#1159,#1160,#1161));
#5195=EDGE_LOOP('',(#1162,#1163,#1164,#1165));
#5196=EDGE_LOOP('',(#1166,#1167,#1168,#1169));
#5197=EDGE_LOOP('',(#1170,#1171,#1172,#1173));
#5198=EDGE_LOOP('',(#1174,#1175,#1176,#1177));
#5199=EDGE_LOOP('',(#1178,#1179,#1180,#1181));
#5200=EDGE_LOOP('',(#1182,#1183,#1184,#1185));
#5201=EDGE_LOOP('',(#1186,#1187,#1188,#1189));
#5202=EDGE_LOOP('',(#1190,#1191,#1192,#1193));
#5203=EDGE_LOOP('',(#1194,#1195,#1196,#1197));
#5204=EDGE_LOOP('',(#1198,#1199,#1200,#1201));
#5205=EDGE_LOOP('',(#1202,#1203,#1204,#1205));
#5206=EDGE_LOOP('',(#1206));
#5207=EDGE_LOOP('',(#1207));
#5208=EDGE_LOOP('',(#1208,#1209,#1210,#1211,#1212,#1213,#1214,#1215,#1216,
#1217,#1218,#1219,#1220,#1221,#1222,#1223,#1224,#1225,#1226,#1227));
#5209=EDGE_LOOP('',(#1228));
#5210=EDGE_LOOP('',(#1229,#1230,#1231,#1232));
#5211=EDGE_LOOP('',(#1233,#1234,#1235,#1236));
#5212=EDGE_LOOP('',(#1237,#1238,#1239,#1240));
#5213=EDGE_LOOP('',(#1241,#1242,#1243,#1244));
#5214=EDGE_LOOP('',(#1245,#1246,#1247,#1248));
#5215=EDGE_LOOP('',(#1249,#1250,#1251,#1252));
#5216=EDGE_LOOP('',(#1253,#1254,#1255,#1256));
#5217=EDGE_LOOP('',(#1257,#1258,#1259,#1260));
#5218=EDGE_LOOP('',(#1261,#1262,#1263,#1264));
#5219=EDGE_LOOP('',(#1265,#1266,#1267,#1268));
#5220=EDGE_LOOP('',(#1269,#1270,#1271,#1272));
#5221=EDGE_LOOP('',(#1273,#1274,#1275,#1276));
#5222=EDGE_LOOP('',(#1277,#1278,#1279,#1280));
#5223=EDGE_LOOP('',(#1281,#1282,#1283,#1284));
#5224=EDGE_LOOP('',(#1285,#1286,#1287,#1288));
#5225=EDGE_LOOP('',(#1289,#1290,#1291,#1292));
#5226=EDGE_LOOP('',(#1293,#1294,#1295,#1296));
#5227=EDGE_LOOP('',(#1297,#1298,#1299,#1300));
#5228=EDGE_LOOP('',(#1301,#1302,#1303,#1304));
#5229=EDGE_LOOP('',(#1305,#1306,#1307,#1308));
#5230=EDGE_LOOP('',(#1309));
#5231=EDGE_LOOP('',(#1310));
#5232=EDGE_LOOP('',(#1311));
#5233=EDGE_LOOP('',(#1312));
#5234=EDGE_LOOP('',(#1313));
#5235=EDGE_LOOP('',(#1314));
#5236=EDGE_LOOP('',(#1315));
#5237=EDGE_LOOP('',(#1316));
#5238=EDGE_LOOP('',(#1317));
#5239=EDGE_LOOP('',(#1318));
#5240=EDGE_LOOP('',(#1319));
#5241=EDGE_LOOP('',(#1320));
#5242=EDGE_LOOP('',(#1321));
#5243=EDGE_LOOP('',(#1322));
#5244=EDGE_LOOP('',(#1323,#1324,#1325,#1326));
#5245=EDGE_LOOP('',(#1327,#1328,#1329,#1330));
#5246=EDGE_LOOP('',(#1331,#1332,#1333,#1334));
#5247=EDGE_LOOP('',(#1335,#1336,#1337,#1338));
#5248=EDGE_LOOP('',(#1339,#1340,#1341,#1342));
#5249=EDGE_LOOP('',(#1343,#1344,#1345,#1346));
#5250=EDGE_LOOP('',(#1347,#1348,#1349,#1350,#1351,#1352));
#5251=EDGE_LOOP('',(#1353,#1354,#1355,#1356));
#5252=EDGE_LOOP('',(#1357,#1358,#1359,#1360));
#5253=EDGE_LOOP('',(#1361,#1362,#1363,#1364));
#5254=EDGE_LOOP('',(#1365,#1366,#1367,#1368));
#5255=EDGE_LOOP('',(#1369,#1370,#1371,#1372));
#5256=EDGE_LOOP('',(#1373,#1374,#1375,#1376));
#5257=EDGE_LOOP('',(#1377,#1378,#1379,#1380));
#5258=EDGE_LOOP('',(#1381,#1382,#1383,#1384));
#5259=EDGE_LOOP('',(#1385,#1386,#1387,#1388));
#5260=EDGE_LOOP('',(#1389,#1390,#1391,#1392));
#5261=EDGE_LOOP('',(#1393,#1394,#1395,#1396));
#5262=EDGE_LOOP('',(#1397,#1398,#1399,#1400));
#5263=EDGE_LOOP('',(#1401,#1402,#1403,#1404));
#5264=EDGE_LOOP('',(#1405,#1406,#1407,#1408));
#5265=EDGE_LOOP('',(#1409,#1410,#1411,#1412));
#5266=EDGE_LOOP('',(#1413,#1414,#1415,#1416));
#5267=EDGE_LOOP('',(#1417,#1418,#1419,#1420));
#5268=EDGE_LOOP('',(#1421,#1422,#1423,#1424));
#5269=EDGE_LOOP('',(#1425,#1426,#1427,#1428));
#5270=EDGE_LOOP('',(#1429,#1430,#1431,#1432));
#5271=EDGE_LOOP('',(#1433,#1434,#1435,#1436));
#5272=EDGE_LOOP('',(#1437,#1438,#1439,#1440));
#5273=EDGE_LOOP('',(#1441,#1442,#1443,#1444));
#5274=EDGE_LOOP('',(#1445,#1446,#1447,#1448));
#5275=EDGE_LOOP('',(#1449,#1450,#1451,#1452));
#5276=EDGE_LOOP('',(#1453,#1454,#1455,#1456));
#5277=EDGE_LOOP('',(#1457,#1458,#1459,#1460));
#5278=EDGE_LOOP('',(#1461,#1462,#1463,#1464));
#5279=EDGE_LOOP('',(#1465,#1466,#1467,#1468));
#5280=EDGE_LOOP('',(#1469,#1470,#1471,#1472));
#5281=EDGE_LOOP('',(#1473,#1474,#1475,#1476));
#5282=EDGE_LOOP('',(#1477,#1478,#1479,#1480));
#5283=EDGE_LOOP('',(#1481,#1482,#1483,#1484));
#5284=EDGE_LOOP('',(#1485,#1486,#1487,#1488));
#5285=EDGE_LOOP('',(#1489,#1490,#1491,#1492));
#5286=EDGE_LOOP('',(#1493,#1494,#1495,#1496));
#5287=EDGE_LOOP('',(#1497,#1498,#1499,#1500,#1501,#1502,#1503,#1504,#1505,
#1506,#1507,#1508,#1509,#1510,#1511,#1512,#1513,#1514,#1515,#1516));
#5288=EDGE_LOOP('',(#1517,#1518,#1519,#1520,#1521,#1522,#1523,#1524));
#5289=EDGE_LOOP('',(#1525,#1526,#1527,#1528,#1529,#1530,#1531,#1532));
#5290=EDGE_LOOP('',(#1533,#1534,#1535,#1536,#1537,#1538,#1539,#1540));
#5291=EDGE_LOOP('',(#1541,#1542,#1543,#1544));
#5292=EDGE_LOOP('',(#1545,#1546,#1547,#1548));
#5293=EDGE_LOOP('',(#1549,#1550,#1551,#1552));
#5294=EDGE_LOOP('',(#1553,#1554,#1555,#1556));
#5295=EDGE_LOOP('',(#1557,#1558,#1559,#1560));
#5296=EDGE_LOOP('',(#1561,#1562,#1563,#1564));
#5297=EDGE_LOOP('',(#1565,#1566,#1567,#1568));
#5298=EDGE_LOOP('',(#1569,#1570,#1571,#1572));
#5299=EDGE_LOOP('',(#1573,#1574,#1575,#1576));
#5300=EDGE_LOOP('',(#1577,#1578,#1579,#1580));
#5301=EDGE_LOOP('',(#1581,#1582,#1583,#1584));
#5302=EDGE_LOOP('',(#1585,#1586,#1587,#1588));
#5303=EDGE_LOOP('',(#1589,#1590,#1591,#1592));
#5304=EDGE_LOOP('',(#1593,#1594,#1595,#1596));
#5305=EDGE_LOOP('',(#1597,#1598,#1599,#1600,#1601,#1602,#1603,#1604,#1605,
#1606,#1607));
#5306=EDGE_LOOP('',(#1608,#1609,#1610));
#5307=EDGE_LOOP('',(#1611,#1612,#1613,#1614));
#5308=EDGE_LOOP('',(#1615,#1616,#1617,#1618));
#5309=EDGE_LOOP('',(#1619,#1620,#1621,#1622));
#5310=EDGE_LOOP('',(#1623,#1624,#1625,#1626));
#5311=EDGE_LOOP('',(#1627,#1628,#1629,#1630));
#5312=EDGE_LOOP('',(#1631,#1632,#1633,#1634));
#5313=EDGE_LOOP('',(#1635,#1636,#1637,#1638));
#5314=EDGE_LOOP('',(#1639,#1640,#1641,#1642,#1643,#1644,#1645));
#5315=EDGE_LOOP('',(#1646,#1647,#1648,#1649));
#5316=EDGE_LOOP('',(#1650,#1651,#1652,#1653));
#5317=EDGE_LOOP('',(#1654,#1655,#1656,#1657));
#5318=EDGE_LOOP('',(#1658,#1659,#1660,#1661));
#5319=EDGE_LOOP('',(#1662,#1663,#1664,#1665));
#5320=EDGE_LOOP('',(#1666,#1667,#1668,#1669));
#5321=EDGE_LOOP('',(#1670,#1671,#1672,#1673));
#5322=EDGE_LOOP('',(#1674,#1675,#1676,#1677));
#5323=EDGE_LOOP('',(#1678,#1679,#1680,#1681));
#5324=EDGE_LOOP('',(#1682,#1683,#1684,#1685));
#5325=EDGE_LOOP('',(#1686,#1687,#1688,#1689));
#5326=EDGE_LOOP('',(#1690,#1691,#1692,#1693));
#5327=EDGE_LOOP('',(#1694,#1695,#1696,#1697));
#5328=EDGE_LOOP('',(#1698,#1699,#1700,#1701));
#5329=EDGE_LOOP('',(#1702,#1703,#1704,#1705));
#5330=EDGE_LOOP('',(#1706,#1707,#1708,#1709));
#5331=EDGE_LOOP('',(#1710,#1711,#1712,#1713));
#5332=EDGE_LOOP('',(#1714,#1715,#1716,#1717));
#5333=EDGE_LOOP('',(#1718,#1719,#1720,#1721));
#5334=EDGE_LOOP('',(#1722,#1723,#1724,#1725));
#5335=EDGE_LOOP('',(#1726,#1727,#1728,#1729));
#5336=EDGE_LOOP('',(#1730,#1731,#1732,#1733));
#5337=EDGE_LOOP('',(#1734,#1735,#1736,#1737));
#5338=EDGE_LOOP('',(#1738,#1739,#1740,#1741));
#5339=EDGE_LOOP('',(#1742,#1743,#1744,#1745));
#5340=EDGE_LOOP('',(#1746,#1747,#1748,#1749));
#5341=EDGE_LOOP('',(#1750,#1751,#1752,#1753));
#5342=EDGE_LOOP('',(#1754,#1755,#1756,#1757));
#5343=EDGE_LOOP('',(#1758,#1759,#1760,#1761));
#5344=EDGE_LOOP('',(#1762,#1763,#1764,#1765));
#5345=EDGE_LOOP('',(#1766,#1767,#1768,#1769));
#5346=EDGE_LOOP('',(#1770,#1771,#1772,#1773));
#5347=EDGE_LOOP('',(#1774,#1775,#1776,#1777,#1778,#1779,#1780,#1781,#1782,
#1783,#1784,#1785,#1786,#1787,#1788,#1789,#1790,#1791,#1792,#1793,#1794,
#1795,#1796,#1797,#1798,#1799,#1800,#1801,#1802,#1803,#1804,#1805));
#5348=EDGE_LOOP('',(#1806,#1807,#1808,#1809));
#5349=EDGE_LOOP('',(#1810,#1811,#1812,#1813));
#5350=EDGE_LOOP('',(#1814,#1815,#1816,#1817));
#5351=EDGE_LOOP('',(#1818,#1819,#1820,#1821));
#5352=EDGE_LOOP('',(#1822,#1823,#1824,#1825));
#5353=EDGE_LOOP('',(#1826,#1827,#1828,#1829));
#5354=EDGE_LOOP('',(#1830,#1831,#1832,#1833));
#5355=EDGE_LOOP('',(#1834,#1835,#1836,#1837));
#5356=EDGE_LOOP('',(#1838,#1839,#1840,#1841));
#5357=EDGE_LOOP('',(#1842,#1843,#1844,#1845));
#5358=EDGE_LOOP('',(#1846,#1847,#1848,#1849));
#5359=EDGE_LOOP('',(#1850,#1851,#1852,#1853));
#5360=EDGE_LOOP('',(#1854,#1855,#1856,#1857));
#5361=EDGE_LOOP('',(#1858,#1859,#1860,#1861));
#5362=EDGE_LOOP('',(#1862,#1863,#1864,#1865));
#5363=EDGE_LOOP('',(#1866,#1867,#1868,#1869));
#5364=EDGE_LOOP('',(#1870,#1871,#1872,#1873));
#5365=EDGE_LOOP('',(#1874,#1875,#1876,#1877));
#5366=EDGE_LOOP('',(#1878,#1879,#1880,#1881));
#5367=EDGE_LOOP('',(#1882,#1883,#1884,#1885,#1886,#1887,#1888,#1889,#1890,
#1891,#1892,#1893,#1894,#1895,#1896,#1897,#1898,#1899,#1900));
#5368=EDGE_LOOP('',(#1901,#1902,#1903,#1904));
#5369=EDGE_LOOP('',(#1905,#1906,#1907,#1908));
#5370=EDGE_LOOP('',(#1909,#1910,#1911,#1912));
#5371=EDGE_LOOP('',(#1913,#1914,#1915,#1916));
#5372=EDGE_LOOP('',(#1917,#1918,#1919,#1920));
#5373=EDGE_LOOP('',(#1921,#1922,#1923,#1924));
#5374=EDGE_LOOP('',(#1925,#1926,#1927,#1928,#1929,#1930));
#5375=EDGE_LOOP('',(#1931,#1932,#1933,#1934));
#5376=EDGE_LOOP('',(#1935,#1936,#1937,#1938));
#5377=EDGE_LOOP('',(#1939,#1940,#1941,#1942));
#5378=EDGE_LOOP('',(#1943,#1944,#1945,#1946));
#5379=EDGE_LOOP('',(#1947,#1948,#1949,#1950));
#5380=EDGE_LOOP('',(#1951,#1952,#1953,#1954));
#5381=EDGE_LOOP('',(#1955,#1956,#1957,#1958));
#5382=EDGE_LOOP('',(#1959,#1960,#1961,#1962));
#5383=EDGE_LOOP('',(#1963,#1964,#1965,#1966));
#5384=EDGE_LOOP('',(#1967,#1968,#1969,#1970));
#5385=EDGE_LOOP('',(#1971,#1972,#1973,#1974));
#5386=EDGE_LOOP('',(#1975,#1976,#1977,#1978));
#5387=EDGE_LOOP('',(#1979,#1980,#1981,#1982));
#5388=EDGE_LOOP('',(#1983,#1984,#1985,#1986));
#5389=EDGE_LOOP('',(#1987,#1988,#1989,#1990));
#5390=EDGE_LOOP('',(#1991,#1992,#1993,#1994));
#5391=EDGE_LOOP('',(#1995,#1996,#1997,#1998));
#5392=EDGE_LOOP('',(#1999,#2000,#2001,#2002));
#5393=EDGE_LOOP('',(#2003,#2004,#2005,#2006));
#5394=EDGE_LOOP('',(#2007,#2008,#2009,#2010));
#5395=EDGE_LOOP('',(#2011,#2012,#2013,#2014));
#5396=EDGE_LOOP('',(#2015,#2016,#2017,#2018));
#5397=EDGE_LOOP('',(#2019,#2020,#2021,#2022));
#5398=EDGE_LOOP('',(#2023,#2024,#2025,#2026));
#5399=EDGE_LOOP('',(#2027,#2028,#2029,#2030));
#5400=EDGE_LOOP('',(#2031,#2032,#2033,#2034));
#5401=EDGE_LOOP('',(#2035,#2036,#2037,#2038));
#5402=EDGE_LOOP('',(#2039,#2040,#2041,#2042,#2043,#2044,#2045,#2046,#2047,
#2048,#2049,#2050,#2051,#2052,#2053,#2054,#2055,#2056,#2057));
#5403=EDGE_LOOP('',(#2058,#2059,#2060,#2061,#2062,#2063,#2064,#2065));
#5404=EDGE_LOOP('',(#2066,#2067,#2068,#2069));
#5405=EDGE_LOOP('',(#2070,#2071,#2072,#2073));
#5406=EDGE_LOOP('',(#2074,#2075,#2076,#2077));
#5407=EDGE_LOOP('',(#2078,#2079,#2080,#2081));
#5408=EDGE_LOOP('',(#2082,#2083,#2084,#2085));
#5409=EDGE_LOOP('',(#2086,#2087,#2088,#2089));
#5410=EDGE_LOOP('',(#2090,#2091,#2092,#2093));
#5411=EDGE_LOOP('',(#2094,#2095,#2096,#2097));
#5412=EDGE_LOOP('',(#2098,#2099,#2100,#2101));
#5413=EDGE_LOOP('',(#2102,#2103,#2104,#2105));
#5414=EDGE_LOOP('',(#2106,#2107,#2108,#2109));
#5415=EDGE_LOOP('',(#2110,#2111,#2112,#2113));
#5416=EDGE_LOOP('',(#2114,#2115,#2116,#2117));
#5417=EDGE_LOOP('',(#2118,#2119,#2120,#2121));
#5418=EDGE_LOOP('',(#2122,#2123,#2124,#2125));
#5419=EDGE_LOOP('',(#2126,#2127,#2128,#2129));
#5420=EDGE_LOOP('',(#2130,#2131,#2132,#2133));
#5421=EDGE_LOOP('',(#2134,#2135,#2136,#2137));
#5422=EDGE_LOOP('',(#2138,#2139,#2140,#2141));
#5423=EDGE_LOOP('',(#2142,#2143,#2144,#2145));
#5424=EDGE_LOOP('',(#2146,#2147,#2148,#2149));
#5425=EDGE_LOOP('',(#2150,#2151,#2152,#2153));
#5426=EDGE_LOOP('',(#2154,#2155,#2156,#2157));
#5427=EDGE_LOOP('',(#2158,#2159,#2160,#2161));
#5428=EDGE_LOOP('',(#2162,#2163,#2164,#2165));
#5429=EDGE_LOOP('',(#2166,#2167,#2168,#2169));
#5430=EDGE_LOOP('',(#2170,#2171,#2172,#2173,#2174,#2175,#2176,#2177,#2178,
#2179,#2180,#2181,#2182,#2183,#2184,#2185,#2186));
#5431=EDGE_LOOP('',(#2187,#2188,#2189,#2190,#2191,#2192,#2193,#2194,#2195));
#5432=EDGE_LOOP('',(#2196,#2197,#2198,#2199));
#5433=EDGE_LOOP('',(#2200,#2201,#2202,#2203));
#5434=EDGE_LOOP('',(#2204,#2205,#2206,#2207));
#5435=EDGE_LOOP('',(#2208,#2209,#2210,#2211));
#5436=EDGE_LOOP('',(#2212,#2213,#2214,#2215));
#5437=EDGE_LOOP('',(#2216,#2217,#2218,#2219));
#5438=EDGE_LOOP('',(#2220,#2221,#2222,#2223));
#5439=EDGE_LOOP('',(#2224,#2225,#2226,#2227));
#5440=EDGE_LOOP('',(#2228,#2229,#2230,#2231));
#5441=EDGE_LOOP('',(#2232,#2233,#2234,#2235));
#5442=EDGE_LOOP('',(#2236,#2237,#2238,#2239));
#5443=EDGE_LOOP('',(#2240,#2241,#2242,#2243));
#5444=EDGE_LOOP('',(#2244,#2245,#2246,#2247));
#5445=EDGE_LOOP('',(#2248,#2249,#2250,#2251));
#5446=EDGE_LOOP('',(#2252,#2253,#2254,#2255));
#5447=EDGE_LOOP('',(#2256,#2257,#2258,#2259));
#5448=EDGE_LOOP('',(#2260,#2261,#2262,#2263));
#5449=EDGE_LOOP('',(#2264,#2265,#2266,#2267));
#5450=EDGE_LOOP('',(#2268,#2269,#2270,#2271));
#5451=EDGE_LOOP('',(#2272,#2273,#2274,#2275));
#5452=EDGE_LOOP('',(#2276,#2277,#2278,#2279,#2280,#2281,#2282,#2283));
#5453=EDGE_LOOP('',(#2284,#2285,#2286,#2287,#2288,#2289,#2290,#2291,#2292,
#2293,#2294,#2295));
#5454=EDGE_LOOP('',(#2296,#2297,#2298,#2299));
#5455=EDGE_LOOP('',(#2300,#2301,#2302,#2303));
#5456=EDGE_LOOP('',(#2304,#2305,#2306,#2307));
#5457=EDGE_LOOP('',(#2308,#2309,#2310,#2311));
#5458=EDGE_LOOP('',(#2312,#2313,#2314,#2315));
#5459=EDGE_LOOP('',(#2316,#2317,#2318,#2319));
#5460=EDGE_LOOP('',(#2320,#2321,#2322,#2323));
#5461=EDGE_LOOP('',(#2324,#2325,#2326,#2327));
#5462=EDGE_LOOP('',(#2328,#2329,#2330,#2331));
#5463=EDGE_LOOP('',(#2332,#2333,#2334,#2335));
#5464=EDGE_LOOP('',(#2336,#2337,#2338,#2339));
#5465=EDGE_LOOP('',(#2340,#2341,#2342,#2343));
#5466=EDGE_LOOP('',(#2344,#2345,#2346,#2347));
#5467=EDGE_LOOP('',(#2348,#2349,#2350,#2351));
#5468=EDGE_LOOP('',(#2352,#2353,#2354,#2355));
#5469=EDGE_LOOP('',(#2356,#2357,#2358,#2359));
#5470=EDGE_LOOP('',(#2360,#2361,#2362,#2363));
#5471=EDGE_LOOP('',(#2364,#2365,#2366,#2367));
#5472=EDGE_LOOP('',(#2368,#2369,#2370,#2371));
#5473=EDGE_LOOP('',(#2372,#2373,#2374,#2375));
#5474=EDGE_LOOP('',(#2376,#2377,#2378,#2379));
#5475=EDGE_LOOP('',(#2380,#2381,#2382,#2383));
#5476=EDGE_LOOP('',(#2384,#2385,#2386,#2387));
#5477=EDGE_LOOP('',(#2388,#2389,#2390,#2391));
#5478=EDGE_LOOP('',(#2392,#2393,#2394,#2395));
#5479=EDGE_LOOP('',(#2396,#2397,#2398,#2399,#2400,#2401,#2402,#2403,#2404,
#2405,#2406,#2407,#2408,#2409,#2410,#2411,#2412,#2413,#2414,#2415,#2416,
#2417,#2418,#2419,#2420));
#5480=EDGE_LOOP('',(#2421,#2422,#2423,#2424,#2425,#2426,#2427,#2428));
#5481=EDGE_LOOP('',(#2429,#2430,#2431));
#5482=EDGE_LOOP('',(#2432,#2433,#2434,#2435,#2436,#2437,#2438,#2439));
#5483=EDGE_LOOP('',(#2440,#2441,#2442,#2443,#2444,#2445,#2446,#2447,#2448));
#5484=EDGE_LOOP('',(#2449,#2450,#2451,#2452,#2453,#2454,#2455,#2456,#2457,
#2458,#2459,#2460));
#5485=EDGE_LOOP('',(#2461,#2462,#2463,#2464));
#5486=EDGE_LOOP('',(#2465,#2466,#2467,#2468));
#5487=EDGE_LOOP('',(#2469,#2470,#2471,#2472));
#5488=EDGE_LOOP('',(#2473,#2474,#2475,#2476));
#5489=EDGE_LOOP('',(#2477,#2478,#2479,#2480));
#5490=EDGE_LOOP('',(#2481,#2482,#2483,#2484));
#5491=EDGE_LOOP('',(#2485,#2486,#2487,#2488));
#5492=EDGE_LOOP('',(#2489,#2490,#2491,#2492));
#5493=EDGE_LOOP('',(#2493,#2494,#2495,#2496));
#5494=EDGE_LOOP('',(#2497,#2498,#2499,#2500));
#5495=EDGE_LOOP('',(#2501,#2502,#2503,#2504,#2505,#2506,#2507,#2508));
#5496=EDGE_LOOP('',(#2509,#2510,#2511,#2512,#2513,#2514,#2515,#2516));
#5497=EDGE_LOOP('',(#2517,#2518,#2519,#2520,#2521,#2522,#2523,#2524));
#5498=EDGE_LOOP('',(#2525,#2526,#2527,#2528,#2529,#2530,#2531,#2532));
#5499=EDGE_LOOP('',(#2533,#2534,#2535,#2536,#2537,#2538,#2539,#2540));
#5500=EDGE_LOOP('',(#2541,#2542,#2543,#2544,#2545,#2546,#2547,#2548));
#5501=EDGE_LOOP('',(#2549,#2550,#2551,#2552,#2553,#2554,#2555,#2556));
#5502=EDGE_LOOP('',(#2557,#2558,#2559,#2560,#2561,#2562,#2563,#2564));
#5503=EDGE_LOOP('',(#2565,#2566,#2567,#2568,#2569,#2570,#2571,#2572));
#5504=EDGE_LOOP('',(#2573,#2574,#2575,#2576,#2577,#2578,#2579,#2580));
#5505=EDGE_LOOP('',(#2581,#2582,#2583,#2584));
#5506=EDGE_LOOP('',(#2585,#2586,#2587,#2588,#2589,#2590));
#5507=EDGE_LOOP('',(#2591,#2592,#2593,#2594,#2595,#2596));
#5508=EDGE_LOOP('',(#2597,#2598,#2599,#2600));
#5509=EDGE_LOOP('',(#2601,#2602,#2603,#2604,#2605,#2606));
#5510=EDGE_LOOP('',(#2607,#2608,#2609,#2610,#2611,#2612));
#5511=EDGE_LOOP('',(#2613,#2614,#2615,#2616));
#5512=EDGE_LOOP('',(#2617,#2618,#2619,#2620,#2621,#2622));
#5513=EDGE_LOOP('',(#2623,#2624,#2625,#2626,#2627,#2628));
#5514=EDGE_LOOP('',(#2629,#2630,#2631,#2632));
#5515=EDGE_LOOP('',(#2633,#2634,#2635,#2636,#2637,#2638));
#5516=EDGE_LOOP('',(#2639,#2640,#2641,#2642,#2643,#2644));
#5517=EDGE_LOOP('',(#2645,#2646,#2647,#2648));
#5518=EDGE_LOOP('',(#2649,#2650,#2651,#2652,#2653,#2654));
#5519=EDGE_LOOP('',(#2655,#2656,#2657,#2658,#2659,#2660));
#5520=EDGE_LOOP('',(#2661,#2662,#2663,#2664));
#5521=EDGE_LOOP('',(#2665,#2666,#2667,#2668,#2669,#2670));
#5522=EDGE_LOOP('',(#2671,#2672,#2673,#2674,#2675,#2676));
#5523=EDGE_LOOP('',(#2677,#2678,#2679,#2680));
#5524=EDGE_LOOP('',(#2681,#2682,#2683,#2684,#2685,#2686));
#5525=EDGE_LOOP('',(#2687,#2688,#2689,#2690,#2691,#2692));
#5526=EDGE_LOOP('',(#2693,#2694,#2695,#2696));
#5527=EDGE_LOOP('',(#2697,#2698,#2699,#2700,#2701,#2702));
#5528=EDGE_LOOP('',(#2703,#2704,#2705,#2706,#2707,#2708));
#5529=EDGE_LOOP('',(#2709,#2710,#2711,#2712));
#5530=EDGE_LOOP('',(#2713,#2714,#2715,#2716,#2717,#2718));
#5531=EDGE_LOOP('',(#2719,#2720,#2721,#2722,#2723,#2724));
#5532=EDGE_LOOP('',(#2725,#2726,#2727,#2728,#2729,#2730));
#5533=EDGE_LOOP('',(#2731,#2732,#2733,#2734,#2735,#2736));
#5534=EDGE_LOOP('',(#2737,#2738,#2739,#2740));
#5535=FACE_BOUND('',#5159,.T.);
#5536=FACE_BOUND('',#5160,.T.);
#5537=FACE_BOUND('',#5161,.T.);
#5538=FACE_BOUND('',#5162,.T.);
#5539=FACE_BOUND('',#5163,.T.);
#5540=FACE_BOUND('',#5164,.T.);
#5541=FACE_BOUND('',#5165,.T.);
#5542=FACE_BOUND('',#5166,.T.);
#5543=FACE_BOUND('',#5167,.T.);
#5544=FACE_BOUND('',#5168,.T.);
#5545=FACE_BOUND('',#5169,.T.);
#5546=FACE_BOUND('',#5170,.T.);
#5547=FACE_BOUND('',#5171,.T.);
#5548=FACE_BOUND('',#5172,.T.);
#5549=FACE_BOUND('',#5173,.T.);
#5550=FACE_BOUND('',#5174,.T.);
#5551=FACE_BOUND('',#5175,.T.);
#5552=FACE_BOUND('',#5176,.T.);
#5553=FACE_BOUND('',#5177,.T.);
#5554=FACE_BOUND('',#5178,.T.);
#5555=FACE_BOUND('',#5179,.T.);
#5556=FACE_BOUND('',#5180,.T.);
#5557=FACE_BOUND('',#5181,.T.);
#5558=FACE_BOUND('',#5182,.T.);
#5559=FACE_BOUND('',#5183,.T.);
#5560=FACE_BOUND('',#5184,.T.);
#5561=FACE_BOUND('',#5185,.T.);
#5562=FACE_BOUND('',#5186,.T.);
#5563=FACE_BOUND('',#5187,.T.);
#5564=FACE_BOUND('',#5188,.T.);
#5565=FACE_BOUND('',#5189,.T.);
#5566=FACE_BOUND('',#5190,.T.);
#5567=FACE_BOUND('',#5191,.T.);
#5568=FACE_BOUND('',#5192,.T.);
#5569=FACE_BOUND('',#5193,.T.);
#5570=FACE_BOUND('',#5194,.T.);
#5571=FACE_BOUND('',#5195,.T.);
#5572=FACE_BOUND('',#5196,.T.);
#5573=FACE_BOUND('',#5197,.T.);
#5574=FACE_BOUND('',#5198,.T.);
#5575=FACE_BOUND('',#5199,.T.);
#5576=FACE_BOUND('',#5200,.T.);
#5577=FACE_BOUND('',#5201,.T.);
#5578=FACE_BOUND('',#5202,.T.);
#5579=FACE_BOUND('',#5203,.T.);
#5580=FACE_BOUND('',#5204,.T.);
#5581=FACE_BOUND('',#5205,.T.);
#5582=FACE_BOUND('',#5206,.T.);
#5583=FACE_BOUND('',#5207,.T.);
#5584=FACE_BOUND('',#5208,.T.);
#5585=FACE_BOUND('',#5209,.T.);
#5586=FACE_BOUND('',#5210,.T.);
#5587=FACE_BOUND('',#5211,.T.);
#5588=FACE_BOUND('',#5212,.T.);
#5589=FACE_BOUND('',#5213,.T.);
#5590=FACE_BOUND('',#5214,.T.);
#5591=FACE_BOUND('',#5215,.T.);
#5592=FACE_BOUND('',#5216,.T.);
#5593=FACE_BOUND('',#5217,.T.);
#5594=FACE_BOUND('',#5218,.T.);
#5595=FACE_BOUND('',#5219,.T.);
#5596=FACE_BOUND('',#5220,.T.);
#5597=FACE_BOUND('',#5221,.T.);
#5598=FACE_BOUND('',#5222,.T.);
#5599=FACE_BOUND('',#5223,.T.);
#5600=FACE_BOUND('',#5224,.T.);
#5601=FACE_BOUND('',#5225,.T.);
#5602=FACE_BOUND('',#5226,.T.);
#5603=FACE_BOUND('',#5227,.T.);
#5604=FACE_BOUND('',#5228,.T.);
#5605=FACE_BOUND('',#5229,.T.);
#5606=FACE_BOUND('',#5230,.T.);
#5607=FACE_BOUND('',#5231,.T.);
#5608=FACE_BOUND('',#5232,.T.);
#5609=FACE_BOUND('',#5233,.T.);
#5610=FACE_BOUND('',#5234,.T.);
#5611=FACE_BOUND('',#5235,.T.);
#5612=FACE_BOUND('',#5236,.T.);
#5613=FACE_BOUND('',#5237,.T.);
#5614=FACE_BOUND('',#5238,.T.);
#5615=FACE_BOUND('',#5239,.T.);
#5616=FACE_BOUND('',#5240,.T.);
#5617=FACE_BOUND('',#5241,.T.);
#5618=FACE_BOUND('',#5242,.T.);
#5619=FACE_BOUND('',#5243,.T.);
#5620=FACE_BOUND('',#5244,.T.);
#5621=FACE_BOUND('',#5245,.T.);
#5622=FACE_BOUND('',#5246,.T.);
#5623=FACE_BOUND('',#5247,.T.);
#5624=FACE_BOUND('',#5248,.T.);
#5625=FACE_BOUND('',#5249,.T.);
#5626=FACE_BOUND('',#5250,.T.);
#5627=FACE_BOUND('',#5251,.T.);
#5628=FACE_BOUND('',#5252,.T.);
#5629=FACE_BOUND('',#5253,.T.);
#5630=FACE_BOUND('',#5254,.T.);
#5631=FACE_BOUND('',#5255,.T.);
#5632=FACE_BOUND('',#5256,.T.);
#5633=FACE_BOUND('',#5257,.T.);
#5634=FACE_BOUND('',#5258,.T.);
#5635=FACE_BOUND('',#5259,.T.);
#5636=FACE_BOUND('',#5260,.T.);
#5637=FACE_BOUND('',#5261,.T.);
#5638=FACE_BOUND('',#5262,.T.);
#5639=FACE_BOUND('',#5263,.T.);
#5640=FACE_BOUND('',#5264,.T.);
#5641=FACE_BOUND('',#5265,.T.);
#5642=FACE_BOUND('',#5266,.T.);
#5643=FACE_BOUND('',#5267,.T.);
#5644=FACE_BOUND('',#5268,.T.);
#5645=FACE_BOUND('',#5269,.T.);
#5646=FACE_BOUND('',#5270,.T.);
#5647=FACE_BOUND('',#5271,.T.);
#5648=FACE_BOUND('',#5272,.T.);
#5649=FACE_BOUND('',#5273,.T.);
#5650=FACE_BOUND('',#5274,.T.);
#5651=FACE_BOUND('',#5275,.T.);
#5652=FACE_BOUND('',#5276,.T.);
#5653=FACE_BOUND('',#5277,.T.);
#5654=FACE_BOUND('',#5278,.T.);
#5655=FACE_BOUND('',#5279,.T.);
#5656=FACE_BOUND('',#5280,.T.);
#5657=FACE_BOUND('',#5281,.T.);
#5658=FACE_BOUND('',#5282,.T.);
#5659=FACE_BOUND('',#5283,.T.);
#5660=FACE_BOUND('',#5284,.T.);
#5661=FACE_BOUND('',#5285,.T.);
#5662=FACE_BOUND('',#5286,.T.);
#5663=FACE_BOUND('',#5287,.T.);
#5664=FACE_BOUND('',#5288,.T.);
#5665=FACE_BOUND('',#5289,.T.);
#5666=FACE_BOUND('',#5290,.T.);
#5667=FACE_BOUND('',#5291,.T.);
#5668=FACE_BOUND('',#5292,.T.);
#5669=FACE_BOUND('',#5293,.T.);
#5670=FACE_BOUND('',#5294,.T.);
#5671=FACE_BOUND('',#5295,.T.);
#5672=FACE_BOUND('',#5296,.T.);
#5673=FACE_BOUND('',#5297,.T.);
#5674=FACE_BOUND('',#5298,.T.);
#5675=FACE_BOUND('',#5299,.T.);
#5676=FACE_BOUND('',#5300,.T.);
#5677=FACE_BOUND('',#5301,.T.);
#5678=FACE_BOUND('',#5302,.T.);
#5679=FACE_BOUND('',#5303,.T.);
#5680=FACE_BOUND('',#5304,.T.);
#5681=FACE_BOUND('',#5305,.T.);
#5682=FACE_BOUND('',#5306,.T.);
#5683=FACE_BOUND('',#5307,.T.);
#5684=FACE_BOUND('',#5308,.T.);
#5685=FACE_BOUND('',#5309,.T.);
#5686=FACE_BOUND('',#5310,.T.);
#5687=FACE_BOUND('',#5311,.T.);
#5688=FACE_BOUND('',#5312,.T.);
#5689=FACE_BOUND('',#5313,.T.);
#5690=FACE_BOUND('',#5314,.T.);
#5691=FACE_BOUND('',#5315,.T.);
#5692=FACE_BOUND('',#5316,.T.);
#5693=FACE_BOUND('',#5317,.T.);
#5694=FACE_BOUND('',#5318,.T.);
#5695=FACE_BOUND('',#5319,.T.);
#5696=FACE_BOUND('',#5320,.T.);
#5697=FACE_BOUND('',#5321,.T.);
#5698=FACE_BOUND('',#5322,.T.);
#5699=FACE_BOUND('',#5323,.T.);
#5700=FACE_BOUND('',#5324,.T.);
#5701=FACE_BOUND('',#5325,.T.);
#5702=FACE_BOUND('',#5326,.T.);
#5703=FACE_BOUND('',#5327,.T.);
#5704=FACE_BOUND('',#5328,.T.);
#5705=FACE_BOUND('',#5329,.T.);
#5706=FACE_BOUND('',#5330,.T.);
#5707=FACE_BOUND('',#5331,.T.);
#5708=FACE_BOUND('',#5332,.T.);
#5709=FACE_BOUND('',#5333,.T.);
#5710=FACE_BOUND('',#5334,.T.);
#5711=FACE_BOUND('',#5335,.T.);
#5712=FACE_BOUND('',#5336,.T.);
#5713=FACE_BOUND('',#5337,.T.);
#5714=FACE_BOUND('',#5338,.T.);
#5715=FACE_BOUND('',#5339,.T.);
#5716=FACE_BOUND('',#5340,.T.);
#5717=FACE_BOUND('',#5341,.T.);
#5718=FACE_BOUND('',#5342,.T.);
#5719=FACE_BOUND('',#5343,.T.);
#5720=FACE_BOUND('',#5344,.T.);
#5721=FACE_BOUND('',#5345,.T.);
#5722=FACE_BOUND('',#5346,.T.);
#5723=FACE_BOUND('',#5347,.T.);
#5724=FACE_BOUND('',#5348,.T.);
#5725=FACE_BOUND('',#5349,.T.);
#5726=FACE_BOUND('',#5350,.T.);
#5727=FACE_BOUND('',#5351,.T.);
#5728=FACE_BOUND('',#5352,.T.);
#5729=FACE_BOUND('',#5353,.T.);
#5730=FACE_BOUND('',#5354,.T.);
#5731=FACE_BOUND('',#5355,.T.);
#5732=FACE_BOUND('',#5356,.T.);
#5733=FACE_BOUND('',#5357,.T.);
#5734=FACE_BOUND('',#5358,.T.);
#5735=FACE_BOUND('',#5359,.T.);
#5736=FACE_BOUND('',#5360,.T.);
#5737=FACE_BOUND('',#5361,.T.);
#5738=FACE_BOUND('',#5362,.T.);
#5739=FACE_BOUND('',#5363,.T.);
#5740=FACE_BOUND('',#5364,.T.);
#5741=FACE_BOUND('',#5365,.T.);
#5742=FACE_BOUND('',#5366,.T.);
#5743=FACE_BOUND('',#5367,.T.);
#5744=FACE_BOUND('',#5368,.T.);
#5745=FACE_BOUND('',#5369,.T.);
#5746=FACE_BOUND('',#5370,.T.);
#5747=FACE_BOUND('',#5371,.T.);
#5748=FACE_BOUND('',#5372,.T.);
#5749=FACE_BOUND('',#5373,.T.);
#5750=FACE_BOUND('',#5374,.T.);
#5751=FACE_BOUND('',#5375,.T.);
#5752=FACE_BOUND('',#5376,.T.);
#5753=FACE_BOUND('',#5377,.T.);
#5754=FACE_BOUND('',#5378,.T.);
#5755=FACE_BOUND('',#5379,.T.);
#5756=FACE_BOUND('',#5380,.T.);
#5757=FACE_BOUND('',#5381,.T.);
#5758=FACE_BOUND('',#5382,.T.);
#5759=FACE_BOUND('',#5383,.T.);
#5760=FACE_BOUND('',#5384,.T.);
#5761=FACE_BOUND('',#5385,.T.);
#5762=FACE_BOUND('',#5386,.T.);
#5763=FACE_BOUND('',#5387,.T.);
#5764=FACE_BOUND('',#5388,.T.);
#5765=FACE_BOUND('',#5389,.T.);
#5766=FACE_BOUND('',#5390,.T.);
#5767=FACE_BOUND('',#5391,.T.);
#5768=FACE_BOUND('',#5392,.T.);
#5769=FACE_BOUND('',#5393,.T.);
#5770=FACE_BOUND('',#5394,.T.);
#5771=FACE_BOUND('',#5395,.T.);
#5772=FACE_BOUND('',#5396,.T.);
#5773=FACE_BOUND('',#5397,.T.);
#5774=FACE_BOUND('',#5398,.T.);
#5775=FACE_BOUND('',#5399,.T.);
#5776=FACE_BOUND('',#5400,.T.);
#5777=FACE_BOUND('',#5401,.T.);
#5778=FACE_BOUND('',#5402,.T.);
#5779=FACE_BOUND('',#5403,.T.);
#5780=FACE_BOUND('',#5404,.T.);
#5781=FACE_BOUND('',#5405,.T.);
#5782=FACE_BOUND('',#5406,.T.);
#5783=FACE_BOUND('',#5407,.T.);
#5784=FACE_BOUND('',#5408,.T.);
#5785=FACE_BOUND('',#5409,.T.);
#5786=FACE_BOUND('',#5410,.T.);
#5787=FACE_BOUND('',#5411,.T.);
#5788=FACE_BOUND('',#5412,.T.);
#5789=FACE_BOUND('',#5413,.T.);
#5790=FACE_BOUND('',#5414,.T.);
#5791=FACE_BOUND('',#5415,.T.);
#5792=FACE_BOUND('',#5416,.T.);
#5793=FACE_BOUND('',#5417,.T.);
#5794=FACE_BOUND('',#5418,.T.);
#5795=FACE_BOUND('',#5419,.T.);
#5796=FACE_BOUND('',#5420,.T.);
#5797=FACE_BOUND('',#5421,.T.);
#5798=FACE_BOUND('',#5422,.T.);
#5799=FACE_BOUND('',#5423,.T.);
#5800=FACE_BOUND('',#5424,.T.);
#5801=FACE_BOUND('',#5425,.T.);
#5802=FACE_BOUND('',#5426,.T.);
#5803=FACE_BOUND('',#5427,.T.);
#5804=FACE_BOUND('',#5428,.T.);
#5805=FACE_BOUND('',#5429,.T.);
#5806=FACE_BOUND('',#5430,.T.);
#5807=FACE_BOUND('',#5431,.T.);
#5808=FACE_BOUND('',#5432,.T.);
#5809=FACE_BOUND('',#5433,.T.);
#5810=FACE_BOUND('',#5434,.T.);
#5811=FACE_BOUND('',#5435,.T.);
#5812=FACE_BOUND('',#5436,.T.);
#5813=FACE_BOUND('',#5437,.T.);
#5814=FACE_BOUND('',#5438,.T.);
#5815=FACE_BOUND('',#5439,.T.);
#5816=FACE_BOUND('',#5440,.T.);
#5817=FACE_BOUND('',#5441,.T.);
#5818=FACE_BOUND('',#5442,.T.);
#5819=FACE_BOUND('',#5443,.T.);
#5820=FACE_BOUND('',#5444,.T.);
#5821=FACE_BOUND('',#5445,.T.);
#5822=FACE_BOUND('',#5446,.T.);
#5823=FACE_BOUND('',#5447,.T.);
#5824=FACE_BOUND('',#5448,.T.);
#5825=FACE_BOUND('',#5449,.T.);
#5826=FACE_BOUND('',#5450,.T.);
#5827=FACE_BOUND('',#5451,.T.);
#5828=FACE_BOUND('',#5452,.T.);
#5829=FACE_BOUND('',#5453,.T.);
#5830=FACE_BOUND('',#5454,.T.);
#5831=FACE_BOUND('',#5455,.T.);
#5832=FACE_BOUND('',#5456,.T.);
#5833=FACE_BOUND('',#5457,.T.);
#5834=FACE_BOUND('',#5458,.T.);
#5835=FACE_BOUND('',#5459,.T.);
#5836=FACE_BOUND('',#5460,.T.);
#5837=FACE_BOUND('',#5461,.T.);
#5838=FACE_BOUND('',#5462,.T.);
#5839=FACE_BOUND('',#5463,.T.);
#5840=FACE_BOUND('',#5464,.T.);
#5841=FACE_BOUND('',#5465,.T.);
#5842=FACE_BOUND('',#5466,.T.);
#5843=FACE_BOUND('',#5467,.T.);
#5844=FACE_BOUND('',#5468,.T.);
#5845=FACE_BOUND('',#5469,.T.);
#5846=FACE_BOUND('',#5470,.T.);
#5847=FACE_BOUND('',#5471,.T.);
#5848=FACE_BOUND('',#5472,.T.);
#5849=FACE_BOUND('',#5473,.T.);
#5850=FACE_BOUND('',#5474,.T.);
#5851=FACE_BOUND('',#5475,.T.);
#5852=FACE_BOUND('',#5476,.T.);
#5853=FACE_BOUND('',#5477,.T.);
#5854=FACE_BOUND('',#5478,.T.);
#5855=FACE_BOUND('',#5479,.T.);
#5856=FACE_BOUND('',#5480,.T.);
#5857=FACE_BOUND('',#5481,.T.);
#5858=FACE_BOUND('',#5482,.T.);
#5859=FACE_BOUND('',#5483,.T.);
#5860=FACE_BOUND('',#5484,.T.);
#5861=FACE_BOUND('',#5485,.T.);
#5862=FACE_BOUND('',#5486,.T.);
#5863=FACE_BOUND('',#5487,.T.);
#5864=FACE_BOUND('',#5488,.T.);
#5865=FACE_BOUND('',#5489,.T.);
#5866=FACE_BOUND('',#5490,.T.);
#5867=FACE_BOUND('',#5491,.T.);
#5868=FACE_BOUND('',#5492,.T.);
#5869=FACE_BOUND('',#5493,.T.);
#5870=FACE_BOUND('',#5494,.T.);
#5871=FACE_BOUND('',#5495,.T.);
#5872=FACE_BOUND('',#5496,.T.);
#5873=FACE_BOUND('',#5497,.T.);
#5874=FACE_BOUND('',#5498,.T.);
#5875=FACE_BOUND('',#5499,.T.);
#5876=FACE_BOUND('',#5500,.T.);
#5877=FACE_BOUND('',#5501,.T.);
#5878=FACE_BOUND('',#5502,.T.);
#5879=FACE_BOUND('',#5503,.T.);
#5880=FACE_BOUND('',#5504,.T.);
#5881=FACE_BOUND('',#5505,.T.);
#5882=FACE_BOUND('',#5506,.T.);
#5883=FACE_BOUND('',#5507,.T.);
#5884=FACE_BOUND('',#5508,.T.);
#5885=FACE_BOUND('',#5509,.T.);
#5886=FACE_BOUND('',#5510,.T.);
#5887=FACE_BOUND('',#5511,.T.);
#5888=FACE_BOUND('',#5512,.T.);
#5889=FACE_BOUND('',#5513,.T.);
#5890=FACE_BOUND('',#5514,.T.);
#5891=FACE_BOUND('',#5515,.T.);
#5892=FACE_BOUND('',#5516,.T.);
#5893=FACE_BOUND('',#5517,.T.);
#5894=FACE_BOUND('',#5518,.T.);
#5895=FACE_BOUND('',#5519,.T.);
#5896=FACE_BOUND('',#5520,.T.);
#5897=FACE_BOUND('',#5521,.T.);
#5898=FACE_BOUND('',#5522,.T.);
#5899=FACE_BOUND('',#5523,.T.);
#5900=FACE_BOUND('',#5524,.T.);
#5901=FACE_BOUND('',#5525,.T.);
#5902=FACE_BOUND('',#5526,.T.);
#5903=FACE_BOUND('',#5527,.T.);
#5904=FACE_BOUND('',#5528,.T.);
#5905=FACE_BOUND('',#5529,.T.);
#5906=FACE_BOUND('',#5530,.T.);
#5907=FACE_BOUND('',#5531,.T.);
#5908=FACE_BOUND('',#5532,.T.);
#5909=FACE_BOUND('',#5533,.T.);
#5910=FACE_BOUND('',#5534,.T.);
#5911=PLANE('',#6377);
#5912=PLANE('',#6448);
#5913=PLANE('',#6481);
#5914=PLANE('',#6484);
#5915=PLANE('',#6485);
#5916=PLANE('',#6486);
#5917=PLANE('',#6487);
#5918=PLANE('',#6488);
#5919=PLANE('',#6489);
#5920=PLANE('',#6490);
#5921=PLANE('',#6491);
#5922=PLANE('',#6492);
#5923=PLANE('',#6493);
#5924=PLANE('',#6494);
#5925=PLANE('',#6495);
#5926=PLANE('',#6496);
#5927=PLANE('',#6497);
#5928=PLANE('',#6498);
#5929=PLANE('',#6499);
#5930=PLANE('',#6500);
#5931=PLANE('',#6501);
#5932=PLANE('',#6502);
#5933=PLANE('',#6503);
#5934=PLANE('',#6506);
#5935=PLANE('',#6540);
#5936=PLANE('',#6547);
#5937=PLANE('',#6550);
#5938=PLANE('',#6551);
#5939=PLANE('',#6552);
#5940=PLANE('',#6553);
#5941=PLANE('',#6554);
#5942=PLANE('',#6555);
#5943=PLANE('',#6556);
#5944=PLANE('',#6561);
#5945=PLANE('',#6562);
#5946=PLANE('',#6563);
#5947=PLANE('',#6564);
#5948=PLANE('',#6565);
#5949=PLANE('',#6566);
#5950=PLANE('',#6567);
#5951=PLANE('',#6568);
#5952=PLANE('',#6569);
#5953=PLANE('',#6570);
#5954=PLANE('',#6571);
#5955=PLANE('',#6572);
#5956=PLANE('',#6573);
#5957=PLANE('',#6574);
#5958=PLANE('',#6575);
#5959=PLANE('',#6576);
#5960=PLANE('',#6577);
#5961=PLANE('',#6578);
#5962=PLANE('',#6579);
#5963=PLANE('',#6580);
#5964=PLANE('',#6581);
#5965=PLANE('',#6582);
#5966=PLANE('',#6583);
#5967=PLANE('',#6584);
#5968=PLANE('',#6585);
#5969=PLANE('',#6586);
#5970=PLANE('',#6587);
#5971=PLANE('',#6588);
#5972=PLANE('',#6589);
#5973=PLANE('',#6590);
#5974=PLANE('',#6591);
#5975=PLANE('',#6594);
#5976=PLANE('',#6595);
#5977=PLANE('',#6596);
#5978=PLANE('',#6597);
#5979=PLANE('',#6598);
#5980=PLANE('',#6601);
#5981=PLANE('',#6604);
#5982=PLANE('',#6605);
#5983=PLANE('',#6606);
#5984=PLANE('',#6607);
#5985=PLANE('',#6608);
#5986=PLANE('',#6609);
#5987=PLANE('',#6610);
#5988=PLANE('',#6611);
#5989=PLANE('',#6612);
#5990=PLANE('',#6615);
#5991=PLANE('',#6619);
#5992=PLANE('',#6625);
#5993=PLANE('',#6626);
#5994=PLANE('',#6627);
#5995=PLANE('',#6628);
#5996=PLANE('',#6629);
#5997=PLANE('',#6630);
#5998=PLANE('',#6631);
#5999=PLANE('',#6634);
#6000=PLANE('',#6641);
#6001=PLANE('',#6642);
#6002=PLANE('',#6643);
#6003=PLANE('',#6644);
#6004=PLANE('',#6645);
#6005=PLANE('',#6646);
#6006=PLANE('',#6647);
#6007=PLANE('',#6698);
#6008=PLANE('',#6703);
#6009=PLANE('',#6708);
#6010=PLANE('',#6713);
#6011=PLANE('',#6718);
#6012=PLANE('',#6723);
#6013=PLANE('',#6728);
#6014=PLANE('',#6733);
#6015=PLANE('',#6738);
#6016=PLANE('',#6747);
#6017=ADVANCED_FACE('',(#5535,#5536),#5911,.F.);
#6018=ADVANCED_FACE('',(#5537),#582,.F.);
#6019=ADVANCED_FACE('',(#5538),#583,.F.);
#6020=ADVANCED_FACE('',(#5539),#584,.F.);
#6021=ADVANCED_FACE('',(#5540),#585,.F.);
#6022=ADVANCED_FACE('',(#5541),#586,.F.);
#6023=ADVANCED_FACE('',(#5542),#587,.F.);
#6024=ADVANCED_FACE('',(#5543),#588,.F.);
#6025=ADVANCED_FACE('',(#5544),#589,.F.);
#6026=ADVANCED_FACE('',(#5545),#590,.F.);
#6027=ADVANCED_FACE('',(#5546),#591,.F.);
#6028=ADVANCED_FACE('',(#5547,#5548,#5549,#5550,#5551,#5552,#5553,#5554,
#5555,#5556,#5557,#5558,#5559),#5912,.T.);
#6029=ADVANCED_FACE('',(#5560,#5561),#5913,.F.);
#6030=ADVANCED_FACE('',(#5562),#5914,.F.);
#6031=ADVANCED_FACE('',(#5563),#5915,.F.);
#6032=ADVANCED_FACE('',(#5564),#5916,.F.);
#6033=ADVANCED_FACE('',(#5565),#5917,.F.);
#6034=ADVANCED_FACE('',(#5566),#5918,.F.);
#6035=ADVANCED_FACE('',(#5567),#5919,.F.);
#6036=ADVANCED_FACE('',(#5568),#5920,.F.);
#6037=ADVANCED_FACE('',(#5569),#5921,.F.);
#6038=ADVANCED_FACE('',(#5570),#5922,.F.);
#6039=ADVANCED_FACE('',(#5571),#5923,.F.);
#6040=ADVANCED_FACE('',(#5572),#5924,.F.);
#6041=ADVANCED_FACE('',(#5573),#5925,.F.);
#6042=ADVANCED_FACE('',(#5574),#5926,.F.);
#6043=ADVANCED_FACE('',(#5575),#5927,.F.);
#6044=ADVANCED_FACE('',(#5576),#5928,.F.);
#6045=ADVANCED_FACE('',(#5577),#5929,.F.);
#6046=ADVANCED_FACE('',(#5578),#5930,.F.);
#6047=ADVANCED_FACE('',(#5579),#5931,.F.);
#6048=ADVANCED_FACE('',(#5580),#5932,.F.);
#6049=ADVANCED_FACE('',(#5581),#5933,.F.);
#6050=ADVANCED_FACE('',(#5582,#5583),#592,.F.);
#6051=ADVANCED_FACE('',(#5584,#5585),#5934,.F.);
#6052=ADVANCED_FACE('',(#5586),#593,.F.);
#6053=ADVANCED_FACE('',(#5587),#594,.F.);
#6054=ADVANCED_FACE('',(#5588),#595,.F.);
#6055=ADVANCED_FACE('',(#5589),#596,.F.);
#6056=ADVANCED_FACE('',(#5590),#597,.F.);
#6057=ADVANCED_FACE('',(#5591),#598,.F.);
#6058=ADVANCED_FACE('',(#5592),#599,.F.);
#6059=ADVANCED_FACE('',(#5593),#600,.F.);
#6060=ADVANCED_FACE('',(#5594),#601,.F.);
#6061=ADVANCED_FACE('',(#5595),#602,.F.);
#6062=ADVANCED_FACE('',(#5596),#603,.T.);
#6063=ADVANCED_FACE('',(#5597),#604,.T.);
#6064=ADVANCED_FACE('',(#5598),#605,.T.);
#6065=ADVANCED_FACE('',(#5599),#606,.T.);
#6066=ADVANCED_FACE('',(#5600),#607,.T.);
#6067=ADVANCED_FACE('',(#5601),#608,.T.);
#6068=ADVANCED_FACE('',(#5602),#609,.T.);
#6069=ADVANCED_FACE('',(#5603),#610,.T.);
#6070=ADVANCED_FACE('',(#5604),#611,.T.);
#6071=ADVANCED_FACE('',(#5605),#612,.T.);
#6072=ADVANCED_FACE('',(#5606,#5607),#613,.T.);
#6073=ADVANCED_FACE('',(#5608,#5609),#5935,.T.);
#6074=ADVANCED_FACE('',(#5610,#5611),#174,.T.);
#6075=ADVANCED_FACE('',(#5612,#5613),#175,.F.);
#6076=ADVANCED_FACE('',(#5614,#5615),#5936,.F.);
#6077=ADVANCED_FACE('',(#5616,#5617),#176,.T.);
#6078=ADVANCED_FACE('',(#5618,#5619),#177,.F.);
#6079=ADVANCED_FACE('',(#5620),#5937,.T.);
#6080=ADVANCED_FACE('',(#5621),#5938,.T.);
#6081=ADVANCED_FACE('',(#5622),#5939,.T.);
#6082=ADVANCED_FACE('',(#5623),#5940,.T.);
#6083=ADVANCED_FACE('',(#5624),#5941,.T.);
#6084=ADVANCED_FACE('',(#5625),#5942,.T.);
#6085=ADVANCED_FACE('',(#5626),#5943,.T.);
#6086=ADVANCED_FACE('',(#5627),#22,.T.);
#6087=ADVANCED_FACE('',(#5628),#23,.T.);
#6088=ADVANCED_FACE('',(#5629),#24,.T.);
#6089=ADVANCED_FACE('',(#5630),#25,.T.);
#6090=ADVANCED_FACE('',(#5631),#26,.T.);
#6091=ADVANCED_FACE('',(#5632),#27,.T.);
#6092=ADVANCED_FACE('',(#5633),#28,.T.);
#6093=ADVANCED_FACE('',(#5634),#29,.T.);
#6094=ADVANCED_FACE('',(#5635),#30,.T.);
#6095=ADVANCED_FACE('',(#5636),#31,.T.);
#6096=ADVANCED_FACE('',(#5637),#32,.T.);
#6097=ADVANCED_FACE('',(#5638),#33,.T.);
#6098=ADVANCED_FACE('',(#5639),#34,.T.);
#6099=ADVANCED_FACE('',(#5640),#35,.T.);
#6100=ADVANCED_FACE('',(#5641),#36,.T.);
#6101=ADVANCED_FACE('',(#5642),#37,.T.);
#6102=ADVANCED_FACE('',(#5643),#38,.T.);
#6103=ADVANCED_FACE('',(#5644),#39,.T.);
#6104=ADVANCED_FACE('',(#5645),#40,.T.);
#6105=ADVANCED_FACE('',(#5646),#41,.T.);
#6106=ADVANCED_FACE('',(#5647),#42,.T.);
#6107=ADVANCED_FACE('',(#5648),#43,.T.);
#6108=ADVANCED_FACE('',(#5649),#44,.T.);
#6109=ADVANCED_FACE('',(#5650),#45,.T.);
#6110=ADVANCED_FACE('',(#5651),#46,.T.);
#6111=ADVANCED_FACE('',(#5652),#47,.T.);
#6112=ADVANCED_FACE('',(#5653),#48,.T.);
#6113=ADVANCED_FACE('',(#5654),#614,.F.);
#6114=ADVANCED_FACE('',(#5655),#49,.T.);
#6115=ADVANCED_FACE('',(#5656),#50,.T.);
#6116=ADVANCED_FACE('',(#5657),#51,.T.);
#6117=ADVANCED_FACE('',(#5658),#52,.T.);
#6118=ADVANCED_FACE('',(#5659),#615,.F.);
#6119=ADVANCED_FACE('',(#5660),#53,.T.);
#6120=ADVANCED_FACE('',(#5661),#54,.T.);
#6121=ADVANCED_FACE('',(#5662),#55,.T.);
#6122=ADVANCED_FACE('',(#5663,#5664,#5665),#5944,.T.);
#6123=ADVANCED_FACE('',(#5666),#5945,.T.);
#6124=ADVANCED_FACE('',(#5667),#5946,.T.);
#6125=ADVANCED_FACE('',(#5668),#5947,.T.);
#6126=ADVANCED_FACE('',(#5669),#5948,.T.);
#6127=ADVANCED_FACE('',(#5670),#5949,.T.);
#6128=ADVANCED_FACE('',(#5671),#5950,.T.);
#6129=ADVANCED_FACE('',(#5672),#5951,.T.);
#6130=ADVANCED_FACE('',(#5673),#5952,.T.);
#6131=ADVANCED_FACE('',(#5674),#5953,.T.);
#6132=ADVANCED_FACE('',(#5675),#5954,.T.);
#6133=ADVANCED_FACE('',(#5676),#5955,.T.);
#6134=ADVANCED_FACE('',(#5677),#5956,.T.);
#6135=ADVANCED_FACE('',(#5678),#5957,.T.);
#6136=ADVANCED_FACE('',(#5679),#5958,.T.);
#6137=ADVANCED_FACE('',(#5680),#5959,.T.);
#6138=ADVANCED_FACE('',(#5681,#5682),#5960,.T.);
#6139=ADVANCED_FACE('',(#5683),#5961,.T.);
#6140=ADVANCED_FACE('',(#5684),#5962,.T.);
#6141=ADVANCED_FACE('',(#5685),#5963,.T.);
#6142=ADVANCED_FACE('',(#5686),#5964,.T.);
#6143=ADVANCED_FACE('',(#5687),#5965,.T.);
#6144=ADVANCED_FACE('',(#5688),#5966,.T.);
#6145=ADVANCED_FACE('',(#5689),#5967,.T.);
#6146=ADVANCED_FACE('',(#5690),#5968,.T.);
#6147=ADVANCED_FACE('',(#5691),#56,.T.);
#6148=ADVANCED_FACE('',(#5692),#5969,.T.);
#6149=ADVANCED_FACE('',(#5693),#57,.T.);
#6150=ADVANCED_FACE('',(#5694),#58,.T.);
#6151=ADVANCED_FACE('',(#5695),#59,.T.);
#6152=ADVANCED_FACE('',(#5696),#60,.T.);
#6153=ADVANCED_FACE('',(#5697),#61,.T.);
#6154=ADVANCED_FACE('',(#5698),#62,.T.);
#6155=ADVANCED_FACE('',(#5699),#5970,.T.);
#6156=ADVANCED_FACE('',(#5700),#5971,.T.);
#6157=ADVANCED_FACE('',(#5701),#5972,.T.);
#6158=ADVANCED_FACE('',(#5702),#63,.T.);
#6159=ADVANCED_FACE('',(#5703),#64,.T.);
#6160=ADVANCED_FACE('',(#5704),#65,.T.);
#6161=ADVANCED_FACE('',(#5705),#66,.T.);
#6162=ADVANCED_FACE('',(#5706),#67,.T.);
#6163=ADVANCED_FACE('',(#5707),#68,.T.);
#6164=ADVANCED_FACE('',(#5708),#5973,.T.);
#6165=ADVANCED_FACE('',(#5709),#69,.T.);
#6166=ADVANCED_FACE('',(#5710),#70,.T.);
#6167=ADVANCED_FACE('',(#5711),#71,.T.);
#6168=ADVANCED_FACE('',(#5712),#72,.T.);
#6169=ADVANCED_FACE('',(#5713),#73,.T.);
#6170=ADVANCED_FACE('',(#5714),#74,.T.);
#6171=ADVANCED_FACE('',(#5715),#75,.T.);
#6172=ADVANCED_FACE('',(#5716),#5974,.T.);
#6173=ADVANCED_FACE('',(#5717),#616,.F.);
#6174=ADVANCED_FACE('',(#5718),#76,.T.);
#6175=ADVANCED_FACE('',(#5719),#77,.T.);
#6176=ADVANCED_FACE('',(#5720),#78,.T.);
#6177=ADVANCED_FACE('',(#5721),#79,.T.);
#6178=ADVANCED_FACE('',(#5722),#80,.T.);
#6179=ADVANCED_FACE('',(#5723),#5975,.T.);
#6180=ADVANCED_FACE('',(#5724),#81,.T.);
#6181=ADVANCED_FACE('',(#5725),#5976,.T.);
#6182=ADVANCED_FACE('',(#5726),#5977,.T.);
#6183=ADVANCED_FACE('',(#5727),#5978,.T.);
#6184=ADVANCED_FACE('',(#5728),#5979,.T.);
#6185=ADVANCED_FACE('',(#5729),#82,.T.);
#6186=ADVANCED_FACE('',(#5730),#617,.F.);
#6187=ADVANCED_FACE('',(#5731),#83,.T.);
#6188=ADVANCED_FACE('',(#5732),#84,.T.);
#6189=ADVANCED_FACE('',(#5733),#85,.T.);
#6190=ADVANCED_FACE('',(#5734),#86,.T.);
#6191=ADVANCED_FACE('',(#5735),#87,.T.);
#6192=ADVANCED_FACE('',(#5736),#5980,.T.);
#6193=ADVANCED_FACE('',(#5737),#88,.T.);
#6194=ADVANCED_FACE('',(#5738),#89,.T.);
#6195=ADVANCED_FACE('',(#5739),#90,.T.);
#6196=ADVANCED_FACE('',(#5740),#91,.T.);
#6197=ADVANCED_FACE('',(#5741),#92,.T.);
#6198=ADVANCED_FACE('',(#5742),#618,.T.);
#6199=ADVANCED_FACE('',(#5743),#5981,.T.);
#6200=ADVANCED_FACE('',(#5744),#5982,.T.);
#6201=ADVANCED_FACE('',(#5745),#5983,.T.);
#6202=ADVANCED_FACE('',(#5746),#5984,.T.);
#6203=ADVANCED_FACE('',(#5747),#5985,.T.);
#6204=ADVANCED_FACE('',(#5748),#5986,.T.);
#6205=ADVANCED_FACE('',(#5749),#5987,.T.);
#6206=ADVANCED_FACE('',(#5750),#5988,.T.);
#6207=ADVANCED_FACE('',(#5751),#93,.T.);
#6208=ADVANCED_FACE('',(#5752),#94,.T.);
#6209=ADVANCED_FACE('',(#5753),#95,.T.);
#6210=ADVANCED_FACE('',(#5754),#96,.T.);
#6211=ADVANCED_FACE('',(#5755),#97,.T.);
#6212=ADVANCED_FACE('',(#5756),#98,.T.);
#6213=ADVANCED_FACE('',(#5757),#99,.T.);
#6214=ADVANCED_FACE('',(#5758),#100,.T.);
#6215=ADVANCED_FACE('',(#5759),#5989,.T.);
#6216=ADVANCED_FACE('',(#5760),#101,.T.);
#6217=ADVANCED_FACE('',(#5761),#102,.T.);
#6218=ADVANCED_FACE('',(#5762),#103,.T.);
#6219=ADVANCED_FACE('',(#5763),#104,.T.);
#6220=ADVANCED_FACE('',(#5764),#105,.T.);
#6221=ADVANCED_FACE('',(#5765),#106,.T.);
#6222=ADVANCED_FACE('',(#5766),#107,.T.);
#6223=ADVANCED_FACE('',(#5767),#108,.T.);
#6224=ADVANCED_FACE('',(#5768),#109,.T.);
#6225=ADVANCED_FACE('',(#5769),#110,.T.);
#6226=ADVANCED_FACE('',(#5770),#619,.F.);
#6227=ADVANCED_FACE('',(#5771),#111,.T.);
#6228=ADVANCED_FACE('',(#5772),#112,.T.);
#6229=ADVANCED_FACE('',(#5773),#113,.T.);
#6230=ADVANCED_FACE('',(#5774),#114,.T.);
#6231=ADVANCED_FACE('',(#5775),#115,.T.);
#6232=ADVANCED_FACE('',(#5776),#116,.T.);
#6233=ADVANCED_FACE('',(#5777),#117,.T.);
#6234=ADVANCED_FACE('',(#5778,#5779),#5990,.T.);
#6235=ADVANCED_FACE('',(#5780),#620,.T.);
#6236=ADVANCED_FACE('',(#5781),#118,.T.);
#6237=ADVANCED_FACE('',(#5782),#119,.T.);
#6238=ADVANCED_FACE('',(#5783),#120,.T.);
#6239=ADVANCED_FACE('',(#5784),#121,.T.);
#6240=ADVANCED_FACE('',(#5785),#122,.T.);
#6241=ADVANCED_FACE('',(#5786),#123,.T.);
#6242=ADVANCED_FACE('',(#5787),#124,.T.);
#6243=ADVANCED_FACE('',(#5788),#125,.T.);
#6244=ADVANCED_FACE('',(#5789),#5991,.T.);
#6245=ADVANCED_FACE('',(#5790),#126,.T.);
#6246=ADVANCED_FACE('',(#5791),#127,.T.);
#6247=ADVANCED_FACE('',(#5792),#128,.T.);
#6248=ADVANCED_FACE('',(#5793),#129,.T.);
#6249=ADVANCED_FACE('',(#5794),#130,.T.);
#6250=ADVANCED_FACE('',(#5795),#131,.T.);
#6251=ADVANCED_FACE('',(#5796),#132,.T.);
#6252=ADVANCED_FACE('',(#5797),#621,.F.);
#6253=ADVANCED_FACE('',(#5798),#133,.T.);
#6254=ADVANCED_FACE('',(#5799),#134,.T.);
#6255=ADVANCED_FACE('',(#5800),#135,.T.);
#6256=ADVANCED_FACE('',(#5801),#136,.T.);
#6257=ADVANCED_FACE('',(#5802),#137,.T.);
#6258=ADVANCED_FACE('',(#5803),#138,.T.);
#6259=ADVANCED_FACE('',(#5804),#139,.T.);
#6260=ADVANCED_FACE('',(#5805),#622,.T.);
#6261=ADVANCED_FACE('',(#5806,#5807),#5992,.T.);
#6262=ADVANCED_FACE('',(#5808),#140,.T.);
#6263=ADVANCED_FACE('',(#5809),#141,.T.);
#6264=ADVANCED_FACE('',(#5810),#142,.T.);
#6265=ADVANCED_FACE('',(#5811),#143,.T.);
#6266=ADVANCED_FACE('',(#5812),#144,.T.);
#6267=ADVANCED_FACE('',(#5813),#145,.T.);
#6268=ADVANCED_FACE('',(#5814),#146,.T.);
#6269=ADVANCED_FACE('',(#5815),#147,.T.);
#6270=ADVANCED_FACE('',(#5816),#148,.T.);
#6271=ADVANCED_FACE('',(#5817),#149,.T.);
#6272=ADVANCED_FACE('',(#5818),#150,.T.);
#6273=ADVANCED_FACE('',(#5819),#151,.T.);
#6274=ADVANCED_FACE('',(#5820),#152,.T.);
#6275=ADVANCED_FACE('',(#5821),#153,.T.);
#6276=ADVANCED_FACE('',(#5822),#154,.T.);
#6277=ADVANCED_FACE('',(#5823),#155,.T.);
#6278=ADVANCED_FACE('',(#5824),#156,.T.);
#6279=ADVANCED_FACE('',(#5825),#157,.T.);
#6280=ADVANCED_FACE('',(#5826),#158,.T.);
#6281=ADVANCED_FACE('',(#5827),#159,.T.);
#6282=ADVANCED_FACE('',(#5828,#5829),#5993,.T.);
#6283=ADVANCED_FACE('',(#5830),#5994,.T.);
#6284=ADVANCED_FACE('',(#5831),#5995,.T.);
#6285=ADVANCED_FACE('',(#5832),#5996,.T.);
#6286=ADVANCED_FACE('',(#5833),#5997,.T.);
#6287=ADVANCED_FACE('',(#5834),#5998,.T.);
#6288=ADVANCED_FACE('',(#5835),#623,.T.);
#6289=ADVANCED_FACE('',(#5836),#160,.T.);
#6290=ADVANCED_FACE('',(#5837),#161,.T.);
#6291=ADVANCED_FACE('',(#5838),#162,.T.);
#6292=ADVANCED_FACE('',(#5839),#163,.T.);
#6293=ADVANCED_FACE('',(#5840),#164,.T.);
#6294=ADVANCED_FACE('',(#5841),#165,.T.);
#6295=ADVANCED_FACE('',(#5842),#166,.T.);
#6296=ADVANCED_FACE('',(#5843),#5999,.T.);
#6297=ADVANCED_FACE('',(#5844),#167,.T.);
#6298=ADVANCED_FACE('',(#5845),#168,.T.);
#6299=ADVANCED_FACE('',(#5846),#169,.T.);
#6300=ADVANCED_FACE('',(#5847),#624,.F.);
#6301=ADVANCED_FACE('',(#5848),#170,.T.);
#6302=ADVANCED_FACE('',(#5849),#625,.F.);
#6303=ADVANCED_FACE('',(#5850),#171,.T.);
#6304=ADVANCED_FACE('',(#5851),#172,.T.);
#6305=ADVANCED_FACE('',(#5852),#626,.F.);
#6306=ADVANCED_FACE('',(#5853),#173,.T.);
#6307=ADVANCED_FACE('',(#5854),#6000,.T.);
#6308=ADVANCED_FACE('',(#5855),#6001,.T.);
#6309=ADVANCED_FACE('',(#5856),#6002,.T.);
#6310=ADVANCED_FACE('',(#5857),#6003,.T.);
#6311=ADVANCED_FACE('',(#5858),#6004,.T.);
#6312=ADVANCED_FACE('',(#5859),#6005,.T.);
#6313=ADVANCED_FACE('',(#5860),#6006,.T.);
#6314=ADVANCED_FACE('',(#5861),#627,.F.);
#6315=ADVANCED_FACE('',(#5862),#628,.F.);
#6316=ADVANCED_FACE('',(#5863),#629,.F.);
#6317=ADVANCED_FACE('',(#5864),#630,.F.);
#6318=ADVANCED_FACE('',(#5865),#631,.F.);
#6319=ADVANCED_FACE('',(#5866),#632,.F.);
#6320=ADVANCED_FACE('',(#5867),#633,.F.);
#6321=ADVANCED_FACE('',(#5868),#634,.F.);
#6322=ADVANCED_FACE('',(#5869),#635,.F.);
#6323=ADVANCED_FACE('',(#5870),#636,.F.);
#6324=ADVANCED_FACE('',(#5871),#12,.F.);
#6325=ADVANCED_FACE('',(#5872),#13,.F.);
#6326=ADVANCED_FACE('',(#5873),#14,.F.);
#6327=ADVANCED_FACE('',(#5874),#15,.F.);
#6328=ADVANCED_FACE('',(#5875),#16,.F.);
#6329=ADVANCED_FACE('',(#5876),#17,.F.);
#6330=ADVANCED_FACE('',(#5877),#18,.F.);
#6331=ADVANCED_FACE('',(#5878),#19,.F.);
#6332=ADVANCED_FACE('',(#5879),#20,.F.);
#6333=ADVANCED_FACE('',(#5880),#21,.F.);
#6334=ADVANCED_FACE('',(#5881),#6007,.T.);
#6335=ADVANCED_FACE('',(#5882),#178,.T.);
#6336=ADVANCED_FACE('',(#5883),#179,.F.);
#6337=ADVANCED_FACE('',(#5884),#6008,.T.);
#6338=ADVANCED_FACE('',(#5885),#180,.T.);
#6339=ADVANCED_FACE('',(#5886),#181,.F.);
#6340=ADVANCED_FACE('',(#5887),#6009,.T.);
#6341=ADVANCED_FACE('',(#5888),#182,.T.);
#6342=ADVANCED_FACE('',(#5889),#183,.F.);
#6343=ADVANCED_FACE('',(#5890),#6010,.T.);
#6344=ADVANCED_FACE('',(#5891),#184,.T.);
#6345=ADVANCED_FACE('',(#5892),#185,.F.);
#6346=ADVANCED_FACE('',(#5893),#6011,.T.);
#6347=ADVANCED_FACE('',(#5894),#186,.T.);
#6348=ADVANCED_FACE('',(#5895),#187,.F.);
#6349=ADVANCED_FACE('',(#5896),#6012,.T.);
#6350=ADVANCED_FACE('',(#5897),#188,.T.);
#6351=ADVANCED_FACE('',(#5898),#189,.F.);
#6352=ADVANCED_FACE('',(#5899),#6013,.T.);
#6353=ADVANCED_FACE('',(#5900),#190,.T.);
#6354=ADVANCED_FACE('',(#5901),#191,.F.);
#6355=ADVANCED_FACE('',(#5902),#6014,.T.);
#6356=ADVANCED_FACE('',(#5903),#192,.T.);
#6357=ADVANCED_FACE('',(#5904),#193,.F.);
#6358=ADVANCED_FACE('',(#5905),#6015,.T.);
#6359=ADVANCED_FACE('',(#5906),#194,.T.);
#6360=ADVANCED_FACE('',(#5907),#195,.F.);
#6361=ADVANCED_FACE('',(#5908),#196,.F.);
#6362=ADVANCED_FACE('',(#5909),#197,.T.);
#6363=ADVANCED_FACE('',(#5910),#6016,.T.);
#6364=CLOSED_SHELL('',(#6017,#6018,#6019,#6020,#6021,#6022,#6023,#6024,
#6025,#6026,#6027,#6028,#6029,#6030,#6031,#6032,#6033,#6034,#6035,#6036,
#6037,#6038,#6039,#6040,#6041,#6042,#6043,#6044,#6045,#6046,#6047,#6048,
#6049,#6050,#6051,#6052,#6053,#6054,#6055,#6056,#6057,#6058,#6059,#6060,
#6061,#6062,#6063,#6064,#6065,#6066,#6067,#6068,#6069,#6070,#6071,#6072,
#6073,#6074,#6075,#6076,#6077,#6078,#6079,#6080,#6081,#6082,#6083,#6084,
#6085,#6086,#6087,#6088,#6089,#6090,#6091,#6092,#6093,#6094,#6095,#6096,
#6097,#6098,#6099,#6100,#6101,#6102,#6103,#6104,#6105,#6106,#6107,#6108,
#6109,#6110,#6111,#6112,#6113,#6114,#6115,#6116,#6117,#6118,#6119,#6120,
#6121,#6122,#6123,#6124,#6125,#6126,#6127,#6128,#6129,#6130,#6131,#6132,
#6133,#6134,#6135,#6136,#6137,#6138,#6139,#6140,#6141,#6142,#6143,#6144,
#6145,#6146,#6147,#6148,#6149,#6150,#6151,#6152,#6153,#6154,#6155,#6156,
#6157,#6158,#6159,#6160,#6161,#6162,#6163,#6164,#6165,#6166,#6167,#6168,
#6169,#6170,#6171,#6172,#6173,#6174,#6175,#6176,#6177,#6178,#6179,#6180,
#6181,#6182,#6183,#6184,#6185,#6186,#6187,#6188,#6189,#6190,#6191,#6192,
#6193,#6194,#6195,#6196,#6197,#6198,#6199,#6200,#6201,#6202,#6203,#6204,
#6205,#6206,#6207,#6208,#6209,#6210,#6211,#6212,#6213,#6214,#6215,#6216,
#6217,#6218,#6219,#6220,#6221,#6222,#6223,#6224,#6225,#6226,#6227,#6228,
#6229,#6230,#6231,#6232,#6233,#6234,#6235,#6236,#6237,#6238,#6239,#6240,
#6241,#6242,#6243,#6244,#6245,#6246,#6247,#6248,#6249,#6250,#6251,#6252,
#6253,#6254,#6255,#6256,#6257,#6258,#6259,#6260,#6261,#6262,#6263,#6264,
#6265,#6266,#6267,#6268,#6269,#6270,#6271,#6272,#6273,#6274,#6275,#6276,
#6277,#6278,#6279,#6280,#6281,#6282,#6283,#6284,#6285,#6286,#6287,#6288,
#6289,#6290,#6291,#6292,#6293,#6294,#6295,#6296,#6297,#6298,#6299,#6300,
#6301,#6302,#6303,#6304,#6305,#6306,#6307,#6308,#6309,#6310,#6311,#6312,
#6313,#6314,#6315,#6316,#6317,#6318,#6319,#6320,#6321,#6322,#6323,#6324,
#6325,#6326,#6327,#6328,#6329,#6330,#6331,#6332,#6333,#6334,#6335,#6336,
#6337,#6338,#6339,#6340,#6341,#6342,#6343,#6344,#6345,#6346,#6347,#6348,
#6349,#6350,#6351,#6352,#6353,#6354,#6355,#6356,#6357,#6358,#6359,#6360,
#6361,#6362,#6363));
#6365=STYLED_ITEM('',(#6366),#6373);
#6366=PRESENTATION_STYLE_ASSIGNMENT((#6367));
#6367=SURFACE_STYLE_USAGE(.BOTH.,#6368);
#6368=SURFACE_SIDE_STYLE('',(#6369));
#6369=SURFACE_STYLE_FILL_AREA(#6370);
#6370=FILL_AREA_STYLE('',(#6371));
#6371=FILL_AREA_STYLE_COLOUR('',#6372);
#6372=COLOUR_RGB('',0.262745098039216,0.282352941176471,0.301960784313725);
#6373=MANIFOLD_SOLID_BREP('Wheel',#6364);
#6374=SHAPE_DEFINITION_REPRESENTATION(#11772,#6375);
#6375=SHAPE_REPRESENTATION('Wheel',(#6376),#11767);
#6376=AXIS2_PLACEMENT_3D('',#7896,#6748,#6749);
#6377=AXIS2_PLACEMENT_3D('',#7897,#6750,#6751);
#6378=AXIS2_PLACEMENT_3D('',#7901,#6753,#6754);
#6379=AXIS2_PLACEMENT_3D('',#7905,#6756,#6757);
#6380=AXIS2_PLACEMENT_3D('',#7909,#6759,#6760);
#6381=AXIS2_PLACEMENT_3D('',#7913,#6762,#6763);
#6382=AXIS2_PLACEMENT_3D('',#7917,#6765,#6766);
#6383=AXIS2_PLACEMENT_3D('',#7921,#6768,#6769);
#6384=AXIS2_PLACEMENT_3D('',#7925,#6771,#6772);
#6385=AXIS2_PLACEMENT_3D('',#7929,#6774,#6775);
#6386=AXIS2_PLACEMENT_3D('',#7933,#6777,#6778);
#6387=AXIS2_PLACEMENT_3D('',#7937,#6780,#6781);
#6388=AXIS2_PLACEMENT_3D('',#7941,#6783,#6784);
#6389=AXIS2_PLACEMENT_3D('',#7945,#6786,#6787);
#6390=AXIS2_PLACEMENT_3D('',#7949,#6789,#6790);
#6391=AXIS2_PLACEMENT_3D('',#7953,#6792,#6793);
#6392=AXIS2_PLACEMENT_3D('',#7957,#6795,#6796);
#6393=AXIS2_PLACEMENT_3D('',#7961,#6798,#6799);
#6394=AXIS2_PLACEMENT_3D('',#7965,#6801,#6802);
#6395=AXIS2_PLACEMENT_3D('',#7969,#6804,#6805);
#6396=AXIS2_PLACEMENT_3D('',#7973,#6807,#6808);
#6397=AXIS2_PLACEMENT_3D('',#7977,#6810,#6811);
#6398=AXIS2_PLACEMENT_3D('',#7978,#6812,#6813);
#6399=AXIS2_PLACEMENT_3D('',#7981,#6814,#6815);
#6400=AXIS2_PLACEMENT_3D('',#7983,#6816,#6817);
#6401=AXIS2_PLACEMENT_3D('',#7985,#6818,#6819);
#6402=AXIS2_PLACEMENT_3D('',#7987,#6820,#6821);
#6403=AXIS2_PLACEMENT_3D('',#7989,#6822,#6823);
#6404=AXIS2_PLACEMENT_3D('',#7991,#6824,#6825);
#6405=AXIS2_PLACEMENT_3D('',#7993,#6826,#6827);
#6406=AXIS2_PLACEMENT_3D('',#7995,#6828,#6829);
#6407=AXIS2_PLACEMENT_3D('',#7997,#6830,#6831);
#6408=AXIS2_PLACEMENT_3D('',#7999,#6832,#6833);
#6409=AXIS2_PLACEMENT_3D('',#8001,#6834,#6835);
#6410=AXIS2_PLACEMENT_3D('',#8003,#6836,#6837);
#6411=AXIS2_PLACEMENT_3D('',#8005,#6838,#6839);
#6412=AXIS2_PLACEMENT_3D('',#8007,#6840,#6841);
#6413=AXIS2_PLACEMENT_3D('',#8009,#6842,#6843);
#6414=AXIS2_PLACEMENT_3D('',#8011,#6844,#6845);
#6415=AXIS2_PLACEMENT_3D('',#8013,#6846,#6847);
#6416=AXIS2_PLACEMENT_3D('',#8015,#6848,#6849);
#6417=AXIS2_PLACEMENT_3D('',#8017,#6850,#6851);
#6418=AXIS2_PLACEMENT_3D('',#8018,#6852,#6853);
#6419=AXIS2_PLACEMENT_3D('',#8025,#6854,#6855);
#6420=AXIS2_PLACEMENT_3D('',#8032,#6856,#6857);
#6421=AXIS2_PLACEMENT_3D('',#8033,#6858,#6859);
#6422=AXIS2_PLACEMENT_3D('',#8040,#6860,#6861);
#6423=AXIS2_PLACEMENT_3D('',#8047,#6862,#6863);
#6424=AXIS2_PLACEMENT_3D('',#8048,#6864,#6865);
#6425=AXIS2_PLACEMENT_3D('',#8055,#6866,#6867);
#6426=AXIS2_PLACEMENT_3D('',#8062,#6868,#6869);
#6427=AXIS2_PLACEMENT_3D('',#8063,#6870,#6871);
#6428=AXIS2_PLACEMENT_3D('',#8070,#6872,#6873);
#6429=AXIS2_PLACEMENT_3D('',#8077,#6874,#6875);
#6430=AXIS2_PLACEMENT_3D('',#8078,#6876,#6877);
#6431=AXIS2_PLACEMENT_3D('',#8085,#6878,#6879);
#6432=AXIS2_PLACEMENT_3D('',#8092,#6880,#6881);
#6433=AXIS2_PLACEMENT_3D('',#8093,#6882,#6883);
#6434=AXIS2_PLACEMENT_3D('',#8100,#6884,#6885);
#6435=AXIS2_PLACEMENT_3D('',#8107,#6886,#6887);
#6436=AXIS2_PLACEMENT_3D('',#8108,#6888,#6889);
#6437=AXIS2_PLACEMENT_3D('',#8115,#6890,#6891);
#6438=AXIS2_PLACEMENT_3D('',#8122,#6892,#6893);
#6439=AXIS2_PLACEMENT_3D('',#8123,#6894,#6895);
#6440=AXIS2_PLACEMENT_3D('',#8130,#6896,#6897);
#6441=AXIS2_PLACEMENT_3D('',#8137,#6898,#6899);
#6442=AXIS2_PLACEMENT_3D('',#8138,#6900,#6901);
#6443=AXIS2_PLACEMENT_3D('',#8145,#6902,#6903);
#6444=AXIS2_PLACEMENT_3D('',#8152,#6904,#6905);
#6445=AXIS2_PLACEMENT_3D('',#8153,#6906,#6907);
#6446=AXIS2_PLACEMENT_3D('',#8160,#6908,#6909);
#6447=AXIS2_PLACEMENT_3D('',#8167,#6910,#6911);
#6448=AXIS2_PLACEMENT_3D('',#8168,#6912,#6913);
#6449=AXIS2_PLACEMENT_3D('',#8204,#6915,#6916);
#6450=AXIS2_PLACEMENT_3D('',#8252,#6924,#6925);
#6451=AXIS2_PLACEMENT_3D('',#8296,#6927,#6928);
#6452=AXIS2_PLACEMENT_3D('',#8334,#6933,#6934);
#6453=AXIS2_PLACEMENT_3D('',#8472,#6965,#6966);
#6454=AXIS2_PLACEMENT_3D('',#8476,#6968,#6969);
#6455=AXIS2_PLACEMENT_3D('',#8480,#6971,#6972);
#6456=AXIS2_PLACEMENT_3D('',#8484,#6974,#6975);
#6457=AXIS2_PLACEMENT_3D('',#8488,#6977,#6978);
#6458=AXIS2_PLACEMENT_3D('',#8492,#6980,#6981);
#6459=AXIS2_PLACEMENT_3D('',#8496,#6983,#6984);
#6460=AXIS2_PLACEMENT_3D('',#8500,#6986,#6987);
#6461=AXIS2_PLACEMENT_3D('',#8504,#6989,#6990);
#6462=AXIS2_PLACEMENT_3D('',#8508,#6992,#6993);
#6463=AXIS2_PLACEMENT_3D('',#8512,#6995,#6996);
#6464=AXIS2_PLACEMENT_3D('',#8516,#6998,#6999);
#6465=AXIS2_PLACEMENT_3D('',#8520,#7001,#7002);
#6466=AXIS2_PLACEMENT_3D('',#8524,#7004,#7005);
#6467=AXIS2_PLACEMENT_3D('',#8528,#7007,#7008);
#6468=AXIS2_PLACEMENT_3D('',#8532,#7010,#7011);
#6469=AXIS2_PLACEMENT_3D('',#8536,#7013,#7014);
#6470=AXIS2_PLACEMENT_3D('',#8540,#7016,#7017);
#6471=AXIS2_PLACEMENT_3D('',#8544,#7019,#7020);
#6472=AXIS2_PLACEMENT_3D('',#8548,#7022,#7023);
#6473=AXIS2_PLACEMENT_3D('',#8549,#7024,#7025);
#6474=AXIS2_PLACEMENT_3D('',#8564,#7026,#7027);
#6475=AXIS2_PLACEMENT_3D('',#8582,#7028,#7029);
#6476=AXIS2_PLACEMENT_3D('',#8658,#7031,#7032);
#6477=AXIS2_PLACEMENT_3D('',#8742,#7036,#7037);
#6478=AXIS2_PLACEMENT_3D('',#8752,#7038,#7039);
#6479=AXIS2_PLACEMENT_3D('',#8758,#7040,#7041);
#6480=AXIS2_PLACEMENT_3D('',#8802,#7043,#7044);
#6481=AXIS2_PLACEMENT_3D('',#8809,#7048,#7049);
#6482=AXIS2_PLACEMENT_3D('',#8810,#7050,#7051);
#6483=AXIS2_PLACEMENT_3D('',#8812,#7052,#7053);
#6484=AXIS2_PLACEMENT_3D('',#8814,#7054,#7055);
#6485=AXIS2_PLACEMENT_3D('',#8817,#7058,#7059);
#6486=AXIS2_PLACEMENT_3D('',#8820,#7062,#7063);
#6487=AXIS2_PLACEMENT_3D('',#8823,#7066,#7067);
#6488=AXIS2_PLACEMENT_3D('',#8826,#7070,#7071);
#6489=AXIS2_PLACEMENT_3D('',#8829,#7074,#7075);
#6490=AXIS2_PLACEMENT_3D('',#8832,#7078,#7079);
#6491=AXIS2_PLACEMENT_3D('',#8835,#7082,#7083);
#6492=AXIS2_PLACEMENT_3D('',#8838,#7086,#7087);
#6493=AXIS2_PLACEMENT_3D('',#8841,#7090,#7091);
#6494=AXIS2_PLACEMENT_3D('',#8844,#7094,#7095);
#6495=AXIS2_PLACEMENT_3D('',#8847,#7098,#7099);
#6496=AXIS2_PLACEMENT_3D('',#8850,#7102,#7103);
#6497=AXIS2_PLACEMENT_3D('',#8853,#7106,#7107);
#6498=AXIS2_PLACEMENT_3D('',#8856,#7110,#7111);
#6499=AXIS2_PLACEMENT_3D('',#8859,#7114,#7115);
#6500=AXIS2_PLACEMENT_3D('',#8862,#7118,#7119);
#6501=AXIS2_PLACEMENT_3D('',#8865,#7122,#7123);
#6502=AXIS2_PLACEMENT_3D('',#8868,#7126,#7127);
#6503=AXIS2_PLACEMENT_3D('',#8871,#7130,#7131);
#6504=AXIS2_PLACEMENT_3D('',#8874,#7134,#7135);
#6505=AXIS2_PLACEMENT_3D('',#8875,#7136,#7137);
#6506=AXIS2_PLACEMENT_3D('',#8877,#7138,#7139);
#6507=AXIS2_PLACEMENT_3D('',#8878,#7140,#7141);
#6508=AXIS2_PLACEMENT_3D('',#8879,#7142,#7143);
#6509=AXIS2_PLACEMENT_3D('',#8880,#7144,#7145);
#6510=AXIS2_PLACEMENT_3D('',#8881,#7146,#7147);
#6511=AXIS2_PLACEMENT_3D('',#8882,#7148,#7149);
#6512=AXIS2_PLACEMENT_3D('',#8883,#7150,#7151);
#6513=AXIS2_PLACEMENT_3D('',#8884,#7152,#7153);
#6514=AXIS2_PLACEMENT_3D('',#8885,#7154,#7155);
#6515=AXIS2_PLACEMENT_3D('',#8886,#7156,#7157);
#6516=AXIS2_PLACEMENT_3D('',#8887,#7158,#7159);
#6517=AXIS2_PLACEMENT_3D('',#8888,#7160,#7161);
#6518=AXIS2_PLACEMENT_3D('',#8890,#7162,#7163);
#6519=AXIS2_PLACEMENT_3D('',#8891,#7164,#7165);
#6520=AXIS2_PLACEMENT_3D('',#8892,#7166,#7167);
#6521=AXIS2_PLACEMENT_3D('',#8893,#7168,#7169);
#6522=AXIS2_PLACEMENT_3D('',#8894,#7170,#7171);
#6523=AXIS2_PLACEMENT_3D('',#8895,#7172,#7173);
#6524=AXIS2_PLACEMENT_3D('',#8896,#7174,#7175);
#6525=AXIS2_PLACEMENT_3D('',#8897,#7176,#7177);
#6526=AXIS2_PLACEMENT_3D('',#8898,#7178,#7179);
#6527=AXIS2_PLACEMENT_3D('',#8899,#7180,#7181);
#6528=AXIS2_PLACEMENT_3D('',#8900,#7182,#7183);
#6529=AXIS2_PLACEMENT_3D('',#8901,#7184,#7185);
#6530=AXIS2_PLACEMENT_3D('',#8902,#7186,#7187);
#6531=AXIS2_PLACEMENT_3D('',#8903,#7188,#7189);
#6532=AXIS2_PLACEMENT_3D('',#8904,#7190,#7191);
#6533=AXIS2_PLACEMENT_3D('',#8905,#7192,#7193);
#6534=AXIS2_PLACEMENT_3D('',#8906,#7194,#7195);
#6535=AXIS2_PLACEMENT_3D('',#8907,#7196,#7197);
#6536=AXIS2_PLACEMENT_3D('',#8908,#7198,#7199);
#6537=AXIS2_PLACEMENT_3D('',#8909,#7200,#7201);
#6538=AXIS2_PLACEMENT_3D('',#8910,#7202,#7203);
#6539=AXIS2_PLACEMENT_3D('',#8911,#7204,#7205);
#6540=AXIS2_PLACEMENT_3D('',#8913,#7206,#7207);
#6541=AXIS2_PLACEMENT_3D('',#8914,#7208,#7209);
#6542=AXIS2_PLACEMENT_3D('',#8916,#7210,#7211);
#6543=AXIS2_PLACEMENT_3D('',#8918,#7212,#7213);
#6544=AXIS2_PLACEMENT_3D('',#8919,#7214,#7215);
#6545=AXIS2_PLACEMENT_3D('',#8921,#7216,#7217);
#6546=AXIS2_PLACEMENT_3D('',#8922,#7218,#7219);
#6547=AXIS2_PLACEMENT_3D('',#8924,#7220,#7221);
#6548=AXIS2_PLACEMENT_3D('',#8925,#7222,#7223);
#6549=AXIS2_PLACEMENT_3D('',#8926,#7224,#7225);
#6550=AXIS2_PLACEMENT_3D('',#8927,#7226,#7227);
#6551=AXIS2_PLACEMENT_3D('',#8933,#7231,#7232);
#6552=AXIS2_PLACEMENT_3D('',#8937,#7235,#7236);
#6553=AXIS2_PLACEMENT_3D('',#8941,#7239,#7240);
#6554=AXIS2_PLACEMENT_3D('',#8945,#7243,#7244);
#6555=AXIS2_PLACEMENT_3D('',#8949,#7247,#7248);
#6556=AXIS2_PLACEMENT_3D('',#8951,#7250,#7251);
#6557=AXIS2_PLACEMENT_3D('',#9367,#7282,#7283);
#6558=AXIS2_PLACEMENT_3D('',#9370,#7285,#7286);
#6559=AXIS2_PLACEMENT_3D('',#9423,#7291,#7292);
#6560=AXIS2_PLACEMENT_3D('',#9426,#7294,#7295);
#6561=AXIS2_PLACEMENT_3D('',#9466,#7296,#7297);
#6562=AXIS2_PLACEMENT_3D('',#9467,#7298,#7299);
#6563=AXIS2_PLACEMENT_3D('',#9468,#7300,#7301);
#6564=AXIS2_PLACEMENT_3D('',#9477,#7306,#7307);
#6565=AXIS2_PLACEMENT_3D('',#9483,#7311,#7312);
#6566=AXIS2_PLACEMENT_3D('',#9489,#7316,#7317);
#6567=AXIS2_PLACEMENT_3D('',#9493,#7320,#7321);
#6568=AXIS2_PLACEMENT_3D('',#9497,#7324,#7325);
#6569=AXIS2_PLACEMENT_3D('',#9501,#7328,#7329);
#6570=AXIS2_PLACEMENT_3D('',#9505,#7332,#7333);
#6571=AXIS2_PLACEMENT_3D('',#9509,#7336,#7337);
#6572=AXIS2_PLACEMENT_3D('',#9513,#7340,#7341);
#6573=AXIS2_PLACEMENT_3D('',#9517,#7344,#7345);
#6574=AXIS2_PLACEMENT_3D('',#9521,#7348,#7349);
#6575=AXIS2_PLACEMENT_3D('',#9525,#7352,#7353);
#6576=AXIS2_PLACEMENT_3D('',#9527,#7355,#7356);
#6577=AXIS2_PLACEMENT_3D('',#9530,#7359,#7360);
#6578=AXIS2_PLACEMENT_3D('',#9531,#7361,#7362);
#6579=AXIS2_PLACEMENT_3D('',#9537,#7366,#7367);
#6580=AXIS2_PLACEMENT_3D('',#9541,#7370,#7371);
#6581=AXIS2_PLACEMENT_3D('',#9545,#7374,#7375);
#6582=AXIS2_PLACEMENT_3D('',#9549,#7378,#7379);
#6583=AXIS2_PLACEMENT_3D('',#9553,#7382,#7383);
#6584=AXIS2_PLACEMENT_3D('',#9557,#7386,#7387);
#6585=AXIS2_PLACEMENT_3D('',#9559,#7389,#7390);
#6586=AXIS2_PLACEMENT_3D('',#9575,#7393,#7394);
#6587=AXIS2_PLACEMENT_3D('',#9657,#7403,#7404);
#6588=AXIS2_PLACEMENT_3D('',#9661,#7407,#7408);
#6589=AXIS2_PLACEMENT_3D('',#9665,#7411,#7412);
#6590=AXIS2_PLACEMENT_3D('',#9747,#7421,#7422);
#6591=AXIS2_PLACEMENT_3D('',#9842,#7432,#7433);
#6592=AXIS2_PLACEMENT_3D('',#9846,#7436,#7437);
#6593=AXIS2_PLACEMENT_3D('',#9849,#7439,#7440);
#6594=AXIS2_PLACEMENT_3D('',#9913,#7445,#7446);
#6595=AXIS2_PLACEMENT_3D('',#9929,#7449,#7450);
#6596=AXIS2_PLACEMENT_3D('',#9933,#7453,#7454);
#6597=AXIS2_PLACEMENT_3D('',#9937,#7457,#7458);
#6598=AXIS2_PLACEMENT_3D('',#9941,#7461,#7462);
#6599=AXIS2_PLACEMENT_3D('',#9958,#7466,#7467);
#6600=AXIS2_PLACEMENT_3D('',#9961,#7469,#7470);
#6601=AXIS2_PLACEMENT_3D('',#10027,#7476,#7477);
#6602=AXIS2_PLACEMENT_3D('',#10096,#7485,#7486);
#6603=AXIS2_PLACEMENT_3D('',#10097,#7487,#7488);
#6604=AXIS2_PLACEMENT_3D('',#10098,#7489,#7490);
#6605=AXIS2_PLACEMENT_3D('',#10099,#7491,#7492);
#6606=AXIS2_PLACEMENT_3D('',#10105,#7496,#7497);
#6607=AXIS2_PLACEMENT_3D('',#10109,#7500,#7501);
#6608=AXIS2_PLACEMENT_3D('',#10113,#7504,#7505);
#6609=AXIS2_PLACEMENT_3D('',#10117,#7508,#7509);
#6610=AXIS2_PLACEMENT_3D('',#10121,#7512,#7513);
#6611=AXIS2_PLACEMENT_3D('',#10123,#7515,#7516);
#6612=AXIS2_PLACEMENT_3D('',#10261,#7527,#7528);
#6613=AXIS2_PLACEMENT_3D('',#10395,#7541,#7542);
#6614=AXIS2_PLACEMENT_3D('',#10398,#7544,#7545);
#6615=AXIS2_PLACEMENT_3D('',#10489,#7551,#7552);
#6616=AXIS2_PLACEMENT_3D('',#10490,#7553,#7554);
#6617=AXIS2_PLACEMENT_3D('',#10491,#7555,#7556);
#6618=AXIS2_PLACEMENT_3D('',#10496,#7558,#7559);
#6619=AXIS2_PLACEMENT_3D('',#10633,#7570,#7571);
#6620=AXIS2_PLACEMENT_3D('',#10728,#7581,#7582);
#6621=AXIS2_PLACEMENT_3D('',#10731,#7584,#7585);
#6622=AXIS2_PLACEMENT_3D('',#10821,#7592,#7593);
#6623=AXIS2_PLACEMENT_3D('',#10822,#7594,#7595);
#6624=AXIS2_PLACEMENT_3D('',#10823,#7596,#7597);
#6625=AXIS2_PLACEMENT_3D('',#10824,#7598,#7599);
#6626=AXIS2_PLACEMENT_3D('',#11133,#7620,#7621);
#6627=AXIS2_PLACEMENT_3D('',#11134,#7622,#7623);
#6628=AXIS2_PLACEMENT_3D('',#11140,#7627,#7628);
#6629=AXIS2_PLACEMENT_3D('',#11144,#7631,#7632);
#6630=AXIS2_PLACEMENT_3D('',#11148,#7635,#7636);
#6631=AXIS2_PLACEMENT_3D('',#11152,#7639,#7640);
#6632=AXIS2_PLACEMENT_3D('',#11156,#7643,#7644);
#6633=AXIS2_PLACEMENT_3D('',#11159,#7646,#7647);
#6634=AXIS2_PLACEMENT_3D('',#11251,#7655,#7656);
#6635=AXIS2_PLACEMENT_3D('',#11294,#7662,#7663);
#6636=AXIS2_PLACEMENT_3D('',#11297,#7665,#7666);
#6637=AXIS2_PLACEMENT_3D('',#11311,#7668,#7669);
#6638=AXIS2_PLACEMENT_3D('',#11314,#7671,#7672);
#6639=AXIS2_PLACEMENT_3D('',#11341,#7675,#7676);
#6640=AXIS2_PLACEMENT_3D('',#11344,#7678,#7679);
#6641=AXIS2_PLACEMENT_3D('',#11358,#7681,#7682);
#6642=AXIS2_PLACEMENT_3D('',#11360,#7684,#7685);
#6643=AXIS2_PLACEMENT_3D('',#11361,#7686,#7687);
#6644=AXIS2_PLACEMENT_3D('',#11362,#7688,#7689);
#6645=AXIS2_PLACEMENT_3D('',#11363,#7690,#7691);
#6646=AXIS2_PLACEMENT_3D('',#11364,#7692,#7693);
#6647=AXIS2_PLACEMENT_3D('',#11365,#7694,#7695);
#6648=AXIS2_PLACEMENT_3D('',#11366,#7696,#7697);
#6649=AXIS2_PLACEMENT_3D('',#11367,#7698,#7699);
#6650=AXIS2_PLACEMENT_3D('',#11378,#7700,#7701);
#6651=AXIS2_PLACEMENT_3D('',#11379,#7702,#7703);
#6652=AXIS2_PLACEMENT_3D('',#11390,#7704,#7705);
#6653=AXIS2_PLACEMENT_3D('',#11391,#7706,#7707);
#6654=AXIS2_PLACEMENT_3D('',#11402,#7708,#7709);
#6655=AXIS2_PLACEMENT_3D('',#11403,#7710,#7711);
#6656=AXIS2_PLACEMENT_3D('',#11414,#7712,#7713);
#6657=AXIS2_PLACEMENT_3D('',#11415,#7714,#7715);
#6658=AXIS2_PLACEMENT_3D('',#11426,#7716,#7717);
#6659=AXIS2_PLACEMENT_3D('',#11427,#7718,#7719);
#6660=AXIS2_PLACEMENT_3D('',#11438,#7720,#7721);
#6661=AXIS2_PLACEMENT_3D('',#11439,#7722,#7723);
#6662=AXIS2_PLACEMENT_3D('',#11450,#7724,#7725);
#6663=AXIS2_PLACEMENT_3D('',#11451,#7726,#7727);
#6664=AXIS2_PLACEMENT_3D('',#11462,#7728,#7729);
#6665=AXIS2_PLACEMENT_3D('',#11463,#7730,#7731);
#6666=AXIS2_PLACEMENT_3D('',#11474,#7732,#7733);
#6667=AXIS2_PLACEMENT_3D('',#11475,#7734,#7735);
#6668=AXIS2_PLACEMENT_3D('',#11486,#7736,#7737);
#6669=AXIS2_PLACEMENT_3D('',#11487,#7738,#7739);
#6670=AXIS2_PLACEMENT_3D('',#11499,#7740,#7741);
#6671=AXIS2_PLACEMENT_3D('',#11509,#7742,#7743);
#6672=AXIS2_PLACEMENT_3D('',#11510,#7744,#7745);
#6673=AXIS2_PLACEMENT_3D('',#11522,#7746,#7747);
#6674=AXIS2_PLACEMENT_3D('',#11532,#7748,#7749);
#6675=AXIS2_PLACEMENT_3D('',#11538,#7750,#7751);
#6676=AXIS2_PLACEMENT_3D('',#11549,#7752,#7753);
#6677=AXIS2_PLACEMENT_3D('',#11555,#7754,#7755);
#6678=AXIS2_PLACEMENT_3D('',#11561,#7756,#7757);
#6679=AXIS2_PLACEMENT_3D('',#11572,#7758,#7759);
#6680=AXIS2_PLACEMENT_3D('',#11578,#7760,#7761);
#6681=AXIS2_PLACEMENT_3D('',#11584,#7762,#7763);
#6682=AXIS2_PLACEMENT_3D('',#11595,#7764,#7765);
#6683=AXIS2_PLACEMENT_3D('',#11601,#7766,#7767);
#6684=AXIS2_PLACEMENT_3D('',#11602,#7768,#7769);
#6685=AXIS2_PLACEMENT_3D('',#11614,#7770,#7771);
#6686=AXIS2_PLACEMENT_3D('',#11624,#7772,#7773);
#6687=AXIS2_PLACEMENT_3D('',#11625,#7774,#7775);
#6688=AXIS2_PLACEMENT_3D('',#11637,#7776,#7777);
#6689=AXIS2_PLACEMENT_3D('',#11647,#7778,#7779);
#6690=AXIS2_PLACEMENT_3D('',#11648,#7780,#7781);
#6691=AXIS2_PLACEMENT_3D('',#11660,#7782,#7783);
#6692=AXIS2_PLACEMENT_3D('',#11670,#7784,#7785);
#6693=AXIS2_PLACEMENT_3D('',#11671,#7786,#7787);
#6694=AXIS2_PLACEMENT_3D('',#11683,#7788,#7789);
#6695=AXIS2_PLACEMENT_3D('',#11693,#7790,#7791);
#6696=AXIS2_PLACEMENT_3D('',#11699,#7792,#7793);
#6697=AXIS2_PLACEMENT_3D('',#11710,#7794,#7795);
#6698=AXIS2_PLACEMENT_3D('',#11716,#7796,#7797);
#6699=AXIS2_PLACEMENT_3D('',#11717,#7798,#7799);
#6700=AXIS2_PLACEMENT_3D('',#11718,#7800,#7801);
#6701=AXIS2_PLACEMENT_3D('',#11719,#7802,#7803);
#6702=AXIS2_PLACEMENT_3D('',#11720,#7804,#7805);
#6703=AXIS2_PLACEMENT_3D('',#11721,#7806,#7807);
#6704=AXIS2_PLACEMENT_3D('',#11722,#7808,#7809);
#6705=AXIS2_PLACEMENT_3D('',#11723,#7810,#7811);
#6706=AXIS2_PLACEMENT_3D('',#11724,#7812,#7813);
#6707=AXIS2_PLACEMENT_3D('',#11725,#7814,#7815);
#6708=AXIS2_PLACEMENT_3D('',#11726,#7816,#7817);
#6709=AXIS2_PLACEMENT_3D('',#11727,#7818,#7819);
#6710=AXIS2_PLACEMENT_3D('',#11728,#7820,#7821);
#6711=AXIS2_PLACEMENT_3D('',#11729,#7822,#7823);
#6712=AXIS2_PLACEMENT_3D('',#11730,#7824,#7825);
#6713=AXIS2_PLACEMENT_3D('',#11731,#7826,#7827);
#6714=AXIS2_PLACEMENT_3D('',#11732,#7828,#7829);
#6715=AXIS2_PLACEMENT_3D('',#11733,#7830,#7831);
#6716=AXIS2_PLACEMENT_3D('',#11734,#7832,#7833);
#6717=AXIS2_PLACEMENT_3D('',#11735,#7834,#7835);
#6718=AXIS2_PLACEMENT_3D('',#11736,#7836,#7837);
#6719=AXIS2_PLACEMENT_3D('',#11737,#7838,#7839);
#6720=AXIS2_PLACEMENT_3D('',#11738,#7840,#7841);
#6721=AXIS2_PLACEMENT_3D('',#11739,#7842,#7843);
#6722=AXIS2_PLACEMENT_3D('',#11740,#7844,#7845);
#6723=AXIS2_PLACEMENT_3D('',#11741,#7846,#7847);
#6724=AXIS2_PLACEMENT_3D('',#11742,#7848,#7849);
#6725=AXIS2_PLACEMENT_3D('',#11743,#7850,#7851);
#6726=AXIS2_PLACEMENT_3D('',#11744,#7852,#7853);
#6727=AXIS2_PLACEMENT_3D('',#11745,#7854,#7855);
#6728=AXIS2_PLACEMENT_3D('',#11746,#7856,#7857);
#6729=AXIS2_PLACEMENT_3D('',#11747,#7858,#7859);
#6730=AXIS2_PLACEMENT_3D('',#11748,#7860,#7861);
#6731=AXIS2_PLACEMENT_3D('',#11749,#7862,#7863);
#6732=AXIS2_PLACEMENT_3D('',#11750,#7864,#7865);
#6733=AXIS2_PLACEMENT_3D('',#11751,#7866,#7867);
#6734=AXIS2_PLACEMENT_3D('',#11752,#7868,#7869);
#6735=AXIS2_PLACEMENT_3D('',#11753,#7870,#7871);
#6736=AXIS2_PLACEMENT_3D('',#11754,#7872,#7873);
#6737=AXIS2_PLACEMENT_3D('',#11755,#7874,#7875);
#6738=AXIS2_PLACEMENT_3D('',#11756,#7876,#7877);
#6739=AXIS2_PLACEMENT_3D('',#11757,#7878,#7879);
#6740=AXIS2_PLACEMENT_3D('',#11758,#7880,#7881);
#6741=AXIS2_PLACEMENT_3D('',#11759,#7882,#7883);
#6742=AXIS2_PLACEMENT_3D('',#11760,#7884,#7885);
#6743=AXIS2_PLACEMENT_3D('',#11761,#7886,#7887);
#6744=AXIS2_PLACEMENT_3D('',#11762,#7888,#7889);
#6745=AXIS2_PLACEMENT_3D('',#11763,#7890,#7891);
#6746=AXIS2_PLACEMENT_3D('',#11764,#7892,#7893);
#6747=AXIS2_PLACEMENT_3D('',#11765,#7894,#7895);
#6748=DIRECTION('',(0.,0.,1.));
#6749=DIRECTION('',(1.,0.,0.));
#6750=DIRECTION('',(0.,0.,1.));
#6751=DIRECTION('',(1.,0.,0.));
#6752=DIRECTION('',(0.585940598911957,-0.810354005695472,0.));
#6753=DIRECTION('',(0.,0.,1.));
#6754=DIRECTION('',(1.,0.,0.));
#6755=DIRECTION('',(-0.585940598911957,-0.810354005695472,0.));
#6756=DIRECTION('',(0.,0.,1.));
#6757=DIRECTION('',(1.,0.,0.));
#6758=DIRECTION('',(-0.00227823146992149,-0.999997404827317,0.));
#6759=DIRECTION('',(0.,0.,1.));
#6760=DIRECTION('',(1.,0.,0.));
#6761=DIRECTION('',(-0.950350035897937,-0.311182919307583,0.));
#6762=DIRECTION('',(0.,0.,1.));
#6763=DIRECTION('',(1.,0.,0.));
#6764=DIRECTION('',(-0.58962685486453,-0.807675783976815,0.));
#6765=DIRECTION('',(0.,0.,1.));
#6766=DIRECTION('',(1.,0.,0.));
#6767=DIRECTION('',(-0.951758060380589,0.306849465537387,0.));
#6768=DIRECTION('',(0.,0.,1.));
#6769=DIRECTION('',(1.,0.,0.));
#6770=DIRECTION('',(-0.951758060380588,-0.306849465537388,0.));
#6771=DIRECTION('',(0.,0.,1.));
#6772=DIRECTION('',(1.,0.,0.));
#6773=DIRECTION('',(-0.58962685486453,0.807675783976815,0.));
#6774=DIRECTION('',(0.,0.,1.));
#6775=DIRECTION('',(1.,0.,0.));
#6776=DIRECTION('',(-0.950350035897937,0.311182919307583,0.));
#6777=DIRECTION('',(0.,0.,1.));
#6778=DIRECTION('',(1.,0.,0.));
#6779=DIRECTION('',(-0.0022782314699221,0.999997404827317,0.));
#6780=DIRECTION('',(0.,0.,1.));
#6781=DIRECTION('',(1.,0.,0.));
#6782=DIRECTION('',(-0.585940598911957,0.810354005695472,0.));
#6783=DIRECTION('',(0.,0.,1.));
#6784=DIRECTION('',(1.,0.,0.));
#6785=DIRECTION('',(0.585940598911956,0.810354005695473,0.));
#6786=DIRECTION('',(0.,0.,1.));
#6787=DIRECTION('',(1.,0.,0.));
#6788=DIRECTION('',(0.00227823146992118,0.999997404827317,0.));
#6789=DIRECTION('',(0.,0.,1.));
#6790=DIRECTION('',(1.,0.,0.));
#6791=DIRECTION('',(0.950350035897937,0.311182919307583,0.));
#6792=DIRECTION('',(0.,0.,1.));
#6793=DIRECTION('',(1.,0.,0.));
#6794=DIRECTION('',(0.58962685486453,0.807675783976815,0.));
#6795=DIRECTION('',(0.,0.,1.));
#6796=DIRECTION('',(1.,0.,0.));
#6797=DIRECTION('',(0.951758060380588,-0.306849465537388,0.));
#6798=DIRECTION('',(0.,0.,1.));
#6799=DIRECTION('',(1.,0.,0.));
#6800=DIRECTION('',(0.951758060380588,0.306849465537388,0.));
#6801=DIRECTION('',(0.,0.,1.));
#6802=DIRECTION('',(1.,0.,0.));
#6803=DIRECTION('',(0.58962685486453,-0.807675783976815,0.));
#6804=DIRECTION('',(0.,0.,1.));
#6805=DIRECTION('',(1.,0.,0.));
#6806=DIRECTION('',(0.950350035897937,-0.311182919307583,0.));
#6807=DIRECTION('',(0.,0.,1.));
#6808=DIRECTION('',(1.,0.,0.));
#6809=DIRECTION('',(0.00227823146992179,-0.999997404827317,0.));
#6810=DIRECTION('',(0.,0.,1.));
#6811=DIRECTION('',(1.,0.,0.));
#6812=DIRECTION('',(0.,0.,-1.));
#6813=DIRECTION('',(-1.,0.,0.));
#6814=DIRECTION('',(0.,0.,-1.));
#6815=DIRECTION('',(-1.,0.,0.));
#6816=DIRECTION('',(0.,0.,-1.));
#6817=DIRECTION('',(-1.,0.,0.));
#6818=DIRECTION('',(0.,0.,-1.));
#6819=DIRECTION('',(-1.,0.,0.));
#6820=DIRECTION('',(0.,0.,-1.));
#6821=DIRECTION('',(-1.,0.,0.));
#6822=DIRECTION('',(0.,0.,-1.));
#6823=DIRECTION('',(-1.,0.,0.));
#6824=DIRECTION('',(0.,0.,-1.));
#6825=DIRECTION('',(-1.,0.,0.));
#6826=DIRECTION('',(0.,0.,-1.));
#6827=DIRECTION('',(-1.,0.,0.));
#6828=DIRECTION('',(0.,0.,-1.));
#6829=DIRECTION('',(-1.,0.,0.));
#6830=DIRECTION('',(0.,0.,-1.));
#6831=DIRECTION('',(-1.,0.,0.));
#6832=DIRECTION('',(0.,0.,-1.));
#6833=DIRECTION('',(-1.,0.,0.));
#6834=DIRECTION('',(0.,0.,-1.));
#6835=DIRECTION('',(-1.,0.,0.));
#6836=DIRECTION('',(0.,0.,-1.));
#6837=DIRECTION('',(-1.,0.,0.));
#6838=DIRECTION('',(0.,0.,-1.));
#6839=DIRECTION('',(-1.,0.,0.));
#6840=DIRECTION('',(0.,0.,-1.));
#6841=DIRECTION('',(-1.,0.,0.));
#6842=DIRECTION('',(0.,0.,-1.));
#6843=DIRECTION('',(-1.,0.,0.));
#6844=DIRECTION('',(0.,0.,-1.));
#6845=DIRECTION('',(-1.,0.,0.));
#6846=DIRECTION('',(0.,0.,-1.));
#6847=DIRECTION('',(-1.,0.,0.));
#6848=DIRECTION('',(0.,0.,-1.));
#6849=DIRECTION('',(-1.,0.,0.));
#6850=DIRECTION('',(0.,0.,-1.));
#6851=DIRECTION('',(-1.,0.,0.));
#6852=DIRECTION('',(0.,0.,-1.));
#6853=DIRECTION('',(-1.,0.,0.));
#6854=DIRECTION('',(0.,0.,-1.));
#6855=DIRECTION('',(-1.,0.,0.));
#6856=DIRECTION('',(0.,0.,-1.));
#6857=DIRECTION('',(-1.,0.,0.));
#6858=DIRECTION('',(0.,0.,-1.));
#6859=DIRECTION('',(-1.,0.,0.));
#6860=DIRECTION('',(0.,0.,-1.));
#6861=DIRECTION('',(-1.,0.,0.));
#6862=DIRECTION('',(0.,0.,-1.));
#6863=DIRECTION('',(-1.,0.,0.));
#6864=DIRECTION('',(0.,0.,-1.));
#6865=DIRECTION('',(-1.,0.,0.));
#6866=DIRECTION('',(0.,0.,-1.));
#6867=DIRECTION('',(-1.,0.,0.));
#6868=DIRECTION('',(0.,0.,-1.));
#6869=DIRECTION('',(-1.,0.,0.));
#6870=DIRECTION('',(0.,0.,-1.));
#6871=DIRECTION('',(-1.,0.,0.));
#6872=DIRECTION('',(0.,0.,-1.));
#6873=DIRECTION('',(-1.,0.,0.));
#6874=DIRECTION('',(0.,0.,-1.));
#6875=DIRECTION('',(-1.,0.,0.));
#6876=DIRECTION('',(0.,0.,-1.));
#6877=DIRECTION('',(-1.,0.,0.));
#6878=DIRECTION('',(0.,0.,-1.));
#6879=DIRECTION('',(-1.,0.,0.));
#6880=DIRECTION('',(0.,0.,-1.));
#6881=DIRECTION('',(-1.,0.,0.));
#6882=DIRECTION('',(0.,0.,-1.));
#6883=DIRECTION('',(-1.,0.,0.));
#6884=DIRECTION('',(0.,0.,-1.));
#6885=DIRECTION('',(-1.,0.,0.));
#6886=DIRECTION('',(0.,0.,-1.));
#6887=DIRECTION('',(-1.,0.,0.));
#6888=DIRECTION('',(0.,0.,-1.));
#6889=DIRECTION('',(-1.,0.,0.));
#6890=DIRECTION('',(0.,0.,-1.));
#6891=DIRECTION('',(-1.,0.,0.));
#6892=DIRECTION('',(0.,0.,-1.));
#6893=DIRECTION('',(-1.,0.,0.));
#6894=DIRECTION('',(0.,0.,-1.));
#6895=DIRECTION('',(-1.,0.,0.));
#6896=DIRECTION('',(0.,0.,-1.));
#6897=DIRECTION('',(-1.,0.,0.));
#6898=DIRECTION('',(0.,0.,-1.));
#6899=DIRECTION('',(-1.,0.,0.));
#6900=DIRECTION('',(0.,0.,-1.));
#6901=DIRECTION('',(-1.,0.,0.));
#6902=DIRECTION('',(0.,0.,-1.));
#6903=DIRECTION('',(-1.,0.,0.));
#6904=DIRECTION('',(0.,0.,-1.));
#6905=DIRECTION('',(-1.,0.,0.));
#6906=DIRECTION('',(0.,0.,-1.));
#6907=DIRECTION('',(-1.,0.,0.));
#6908=DIRECTION('',(0.,0.,-1.));
#6909=DIRECTION('',(-1.,0.,0.));
#6910=DIRECTION('',(0.,0.,-1.));
#6911=DIRECTION('',(-1.,0.,0.));
#6912=DIRECTION('',(0.,0.,1.));
#6913=DIRECTION('',(1.,0.,0.));
#6914=DIRECTION('',(-0.581834795682379,-0.813306996486102,0.));
#6915=DIRECTION('',(0.,0.,1.));
#6916=DIRECTION('',(1.,0.,0.));
#6917=DIRECTION('',(0.581834795682377,0.813306996486103,0.));
#6918=DIRECTION('',(0.813306996486104,-0.581834795682377,0.));
#6919=DIRECTION('',(-0.581834795682377,-0.813306996486103,0.));
#6920=DIRECTION('',(-0.813306996486103,0.581834795682378,0.));
#6921=DIRECTION('',(0.581834795682376,0.813306996486104,0.));
#6922=DIRECTION('',(0.813306996486103,-0.581834795682377,0.));
#6923=DIRECTION('',(0.999973093974009,0.0073356204950985,0.));
#6924=DIRECTION('',(0.,0.,1.));
#6925=DIRECTION('',(1.,0.,0.));
#6926=DIRECTION('',(-0.00733562049509765,0.999973093974009,0.));
#6927=DIRECTION('',(0.,0.,1.));
#6928=DIRECTION('',(1.,0.,0.));
#6929=DIRECTION('',(0.00733562049509892,-0.999973093974009,0.));
#6930=DIRECTION('',(-0.999973093974009,-0.00733562049509893,0.));
#6931=DIRECTION('',(-0.00733562049509836,0.999973093974009,0.));
#6932=DIRECTION('',(-0.593704078972017,0.804683457399237,0.));
#6933=DIRECTION('',(0.,0.,1.));
#6934=DIRECTION('',(1.,0.,0.));
#6935=DIRECTION('',(-0.804683457399243,-0.593704078972009,0.));
#6936=DIRECTION('',(0.593704078972018,-0.804683457399236,0.));
#6937=DIRECTION('',(-0.593704078972015,0.804683457399238,0.));
#6938=DIRECTION('',(0.804683457399237,0.593704078972017,0.));
#6939=DIRECTION('',(0.593704078972018,-0.804683457399236,0.));
#6940=DIRECTION('',(0.999973093974009,0.00733562049509941,0.));
#6941=DIRECTION('',(0.922747894857111,-0.38540410290599,0.));
#6942=DIRECTION('',(0.00733562049509932,-0.999973093974009,0.));
#6943=DIRECTION('',(-0.918695883399315,0.394965661577246,0.));
#6944=DIRECTION('',(0.00733562049509959,-0.999973093974009,0.));
#6945=DIRECTION('',(-0.999973093974009,-0.00733562049509878,0.));
#6946=DIRECTION('',(-0.00733562049509923,0.999973093974009,0.));
#6947=DIRECTION('',(-0.953297758541078,0.302032090282733,0.));
#6948=DIRECTION('',(0.302032090282734,0.953297758541077,0.));
#6949=DIRECTION('',(0.802983980512384,0.596000609932983,0.));
#6950=DIRECTION('',(0.953297758541078,-0.302032090282732,0.));
#6951=DIRECTION('',(-0.302032090282733,-0.953297758541078,0.));
#6952=DIRECTION('',(0.953297758541077,-0.302032090282734,0.));
#6953=DIRECTION('',(-0.302032090282733,-0.953297758541078,0.));
#6954=DIRECTION('',(-0.953297758541077,0.302032090282734,0.));
#6955=DIRECTION('',(-0.302032090282733,-0.953297758541078,0.));
#6956=DIRECTION('',(-0.953297758541077,0.302032090282734,0.));
#6957=DIRECTION('',(0.302032090282733,0.953297758541078,0.));
#6958=DIRECTION('',(0.948764095746536,0.315985269628598,0.));
#6959=DIRECTION('',(0.315985269628597,-0.948764095746537,0.));
#6960=DIRECTION('',(-0.948764095746536,-0.315985269628597,0.));
#6961=DIRECTION('',(-0.315985269628597,0.948764095746536,0.));
#6962=DIRECTION('',(0.948764095746536,0.315985269628597,0.));
#6963=DIRECTION('',(0.315985269628597,-0.948764095746537,0.));
#6964=DIRECTION('',(-0.585940598911957,-0.810354005695472,0.));
#6965=DIRECTION('',(0.,0.,1.));
#6966=DIRECTION('',(1.,0.,0.));
#6967=DIRECTION('',(0.585940598911957,-0.810354005695472,0.));
#6968=DIRECTION('',(0.,0.,1.));
#6969=DIRECTION('',(1.,0.,0.));
#6970=DIRECTION('',(0.00227823146992179,-0.999997404827317,0.));
#6971=DIRECTION('',(0.,0.,1.));
#6972=DIRECTION('',(1.,0.,0.));
#6973=DIRECTION('',(0.950350035897937,-0.311182919307583,0.));
#6974=DIRECTION('',(0.,0.,1.));
#6975=DIRECTION('',(1.,0.,0.));
#6976=DIRECTION('',(0.58962685486453,-0.807675783976815,0.));
#6977=DIRECTION('',(0.,0.,1.));
#6978=DIRECTION('',(1.,0.,0.));
#6979=DIRECTION('',(0.951758060380588,0.306849465537388,0.));
#6980=DIRECTION('',(0.,0.,1.));
#6981=DIRECTION('',(1.,0.,0.));
#6982=DIRECTION('',(0.951758060380588,-0.306849465537388,0.));
#6983=DIRECTION('',(0.,0.,1.));
#6984=DIRECTION('',(1.,0.,0.));
#6985=DIRECTION('',(0.58962685486453,0.807675783976815,0.));
#6986=DIRECTION('',(0.,0.,1.));
#6987=DIRECTION('',(1.,0.,0.));
#6988=DIRECTION('',(0.950350035897937,0.311182919307583,0.));
#6989=DIRECTION('',(0.,0.,1.));
#6990=DIRECTION('',(1.,0.,0.));
#6991=DIRECTION('',(0.00227823146992118,0.999997404827317,0.));
#6992=DIRECTION('',(0.,0.,1.));
#6993=DIRECTION('',(1.,0.,0.));
#6994=DIRECTION('',(0.585940598911956,0.810354005695473,0.));
#6995=DIRECTION('',(0.,0.,1.));
#6996=DIRECTION('',(1.,0.,0.));
#6997=DIRECTION('',(-0.585940598911957,0.810354005695472,0.));
#6998=DIRECTION('',(0.,0.,1.));
#6999=DIRECTION('',(1.,0.,0.));
#7000=DIRECTION('',(-0.0022782314699221,0.999997404827317,0.));
#7001=DIRECTION('',(0.,0.,1.));
#7002=DIRECTION('',(1.,0.,0.));
#7003=DIRECTION('',(-0.950350035897937,0.311182919307583,0.));
#7004=DIRECTION('',(0.,0.,1.));
#7005=DIRECTION('',(1.,0.,0.));
#7006=DIRECTION('',(-0.58962685486453,0.807675783976815,0.));
#7007=DIRECTION('',(0.,0.,1.));
#7008=DIRECTION('',(1.,0.,0.));
#7009=DIRECTION('',(-0.951758060380588,-0.306849465537388,0.));
#7010=DIRECTION('',(0.,0.,1.));
#7011=DIRECTION('',(1.,0.,0.));
#7012=DIRECTION('',(-0.951758060380589,0.306849465537387,0.));
#7013=DIRECTION('',(0.,0.,1.));
#7014=DIRECTION('',(1.,0.,0.));
#7015=DIRECTION('',(-0.58962685486453,-0.807675783976815,0.));
#7016=DIRECTION('',(0.,0.,1.));
#7017=DIRECTION('',(1.,0.,0.));
#7018=DIRECTION('',(-0.950350035897937,-0.311182919307583,0.));
#7019=DIRECTION('',(0.,0.,1.));
#7020=DIRECTION('',(1.,0.,0.));
#7021=DIRECTION('',(-0.00227823146992149,-0.999997404827317,0.));
#7022=DIRECTION('',(0.,0.,1.));
#7023=DIRECTION('',(1.,0.,0.));
#7024=DIRECTION('',(0.,0.,1.));
#7025=DIRECTION('',(1.,0.,0.));
#7026=DIRECTION('',(0.,0.,1.));
#7027=DIRECTION('',(1.,0.,0.));
#7028=DIRECTION('',(0.,0.,1.));
#7029=DIRECTION('',(1.,0.,0.));
#7030=DIRECTION('',(-0.953297758541078,0.302032090282733,0.));
#7031=DIRECTION('',(0.,0.,1.));
#7032=DIRECTION('',(1.,0.,0.));
#7033=DIRECTION('',(0.315985269628597,-0.948764095746536,0.));
#7034=DIRECTION('',(-0.948764095746536,-0.315985269628598,0.));
#7035=DIRECTION('',(0.315985269628598,-0.948764095746536,0.));
#7036=DIRECTION('',(0.,0.,1.));
#7037=DIRECTION('',(1.,0.,0.));
#7038=DIRECTION('',(0.,0.,1.));
#7039=DIRECTION('',(1.,0.,0.));
#7040=DIRECTION('',(0.,0.,1.));
#7041=DIRECTION('',(1.,0.,0.));
#7042=DIRECTION('',(0.948764095746536,0.315985269628599,0.));
#7043=DIRECTION('',(0.,0.,1.));
#7044=DIRECTION('',(1.,0.,0.));
#7045=DIRECTION('',(-0.948764095746537,-0.315985269628596,0.));
#7046=DIRECTION('',(-0.315985269628598,0.948764095746536,0.));
#7047=DIRECTION('',(0.948764095746536,0.315985269628597,0.));
#7048=DIRECTION('',(0.,0.,1.));
#7049=DIRECTION('',(1.,0.,0.));
#7050=DIRECTION('',(0.,0.,1.));
#7051=DIRECTION('',(1.,0.,0.));
#7052=DIRECTION('',(0.,0.,1.));
#7053=DIRECTION('',(1.,0.,0.));
#7054=DIRECTION('',(-0.810354005695473,0.585940598911956,0.));
#7055=DIRECTION('',(-0.585940598911956,-0.810354005695473,0.));
#7056=DIRECTION('',(0.,0.,-1.));
#7057=DIRECTION('',(0.,0.,-1.));
#7058=DIRECTION('',(-0.810354005695472,-0.585940598911957,0.));
#7059=DIRECTION('',(0.585940598911957,-0.810354005695472,0.));
#7060=DIRECTION('',(0.,0.,-1.));
#7061=DIRECTION('',(0.,0.,-1.));
#7062=DIRECTION('',(-0.999997404827317,-0.0022782314699221,0.));
#7063=DIRECTION('',(0.0022782314699221,-0.999997404827317,0.));
#7064=DIRECTION('',(0.,0.,-1.));
#7065=DIRECTION('',(0.,0.,-1.));
#7066=DIRECTION('',(-0.311182919307583,-0.950350035897937,0.));
#7067=DIRECTION('',(0.950350035897937,-0.311182919307583,0.));
#7068=DIRECTION('',(0.,0.,-1.));
#7069=DIRECTION('',(0.,0.,-1.));
#7070=DIRECTION('',(-0.807675783976815,-0.58962685486453,0.));
#7071=DIRECTION('',(0.58962685486453,-0.807675783976815,0.));
#7072=DIRECTION('',(0.,0.,-1.));
#7073=DIRECTION('',(0.,0.,-1.));
#7074=DIRECTION('',(0.306849465537388,-0.951758060380588,0.));
#7075=DIRECTION('',(0.951758060380588,0.306849465537388,0.));
#7076=DIRECTION('',(0.,0.,-1.));
#7077=DIRECTION('',(0.,0.,-1.));
#7078=DIRECTION('',(-0.306849465537387,-0.951758060380589,0.));
#7079=DIRECTION('',(0.951758060380589,-0.306849465537387,0.));
#7080=DIRECTION('',(0.,0.,-1.));
#7081=DIRECTION('',(0.,0.,-1.));
#7082=DIRECTION('',(0.807675783976815,-0.58962685486453,0.));
#7083=DIRECTION('',(0.58962685486453,0.807675783976815,0.));
#7084=DIRECTION('',(0.,0.,-1.));
#7085=DIRECTION('',(0.,0.,-1.));
#7086=DIRECTION('',(0.311182919307583,-0.950350035897937,0.));
#7087=DIRECTION('',(0.950350035897937,0.311182919307583,0.));
#7088=DIRECTION('',(0.,0.,-1.));
#7089=DIRECTION('',(0.,0.,-1.));
#7090=DIRECTION('',(0.999997404827317,-0.00227823146992149,0.));
#7091=DIRECTION('',(0.00227823146992149,0.999997404827317,0.));
#7092=DIRECTION('',(0.,0.,-1.));
#7093=DIRECTION('',(0.,0.,-1.));
#7094=DIRECTION('',(0.810354005695472,-0.585940598911957,0.));
#7095=DIRECTION('',(0.585940598911957,0.810354005695472,0.));
#7096=DIRECTION('',(0.,0.,-1.));
#7097=DIRECTION('',(0.,0.,-1.));
#7098=DIRECTION('',(0.810354005695472,0.585940598911957,0.));
#7099=DIRECTION('',(-0.585940598911957,0.810354005695472,0.));
#7100=DIRECTION('',(0.,0.,-1.));
#7101=DIRECTION('',(0.,0.,-1.));
#7102=DIRECTION('',(0.999997404827317,0.00227823146992179,0.));
#7103=DIRECTION('',(-0.00227823146992179,0.999997404827317,0.));
#7104=DIRECTION('',(0.,0.,-1.));
#7105=DIRECTION('',(0.,0.,-1.));
#7106=DIRECTION('',(0.311182919307583,0.950350035897937,0.));
#7107=DIRECTION('',(-0.950350035897937,0.311182919307583,0.));
#7108=DIRECTION('',(0.,0.,-1.));
#7109=DIRECTION('',(0.,0.,-1.));
#7110=DIRECTION('',(0.807675783976815,0.58962685486453,0.));
#7111=DIRECTION('',(-0.58962685486453,0.807675783976815,0.));
#7112=DIRECTION('',(0.,0.,-1.));
#7113=DIRECTION('',(0.,0.,-1.));
#7114=DIRECTION('',(-0.306849465537388,0.951758060380588,0.));
#7115=DIRECTION('',(-0.951758060380588,-0.306849465537388,0.));
#7116=DIRECTION('',(0.,0.,-1.));
#7117=DIRECTION('',(0.,0.,-1.));
#7118=DIRECTION('',(0.306849465537388,0.951758060380588,0.));
#7119=DIRECTION('',(-0.951758060380588,0.306849465537388,0.));
#7120=DIRECTION('',(0.,0.,-1.));
#7121=DIRECTION('',(0.,0.,-1.));
#7122=DIRECTION('',(-0.807675783976815,0.58962685486453,0.));
#7123=DIRECTION('',(-0.58962685486453,-0.807675783976815,0.));
#7124=DIRECTION('',(0.,0.,-1.));
#7125=DIRECTION('',(0.,0.,-1.));
#7126=DIRECTION('',(-0.311182919307583,0.950350035897937,0.));
#7127=DIRECTION('',(-0.950350035897937,-0.311182919307583,0.));
#7128=DIRECTION('',(0.,0.,-1.));
#7129=DIRECTION('',(0.,0.,-1.));
#7130=DIRECTION('',(-0.999997404827317,0.00227823146992118,0.));
#7131=DIRECTION('',(-0.00227823146992118,-0.999997404827317,0.));
#7132=DIRECTION('',(0.,0.,-1.));
#7133=DIRECTION('',(0.,0.,-1.));
#7134=DIRECTION('',(0.,0.,-1.));
#7135=DIRECTION('',(-1.,0.,0.));
#7136=DIRECTION('',(0.,0.,1.));
#7137=DIRECTION('',(1.,0.,0.));
#7138=DIRECTION('',(0.,0.,1.));
#7139=DIRECTION('',(1.,0.,0.));
#7140=DIRECTION('',(0.,0.,-1.));
#7141=DIRECTION('',(-1.,0.,0.));
#7142=DIRECTION('',(0.,0.,-1.));
#7143=DIRECTION('',(-1.,0.,0.));
#7144=DIRECTION('',(0.,0.,-1.));
#7145=DIRECTION('',(-1.,0.,0.));
#7146=DIRECTION('',(0.,0.,-1.));
#7147=DIRECTION('',(-1.,0.,0.));
#7148=DIRECTION('',(0.,0.,-1.));
#7149=DIRECTION('',(-1.,0.,0.));
#7150=DIRECTION('',(0.,0.,-1.));
#7151=DIRECTION('',(-1.,0.,0.));
#7152=DIRECTION('',(0.,0.,-1.));
#7153=DIRECTION('',(-1.,0.,0.));
#7154=DIRECTION('',(0.,0.,-1.));
#7155=DIRECTION('',(-1.,0.,0.));
#7156=DIRECTION('',(0.,0.,-1.));
#7157=DIRECTION('',(-1.,0.,0.));
#7158=DIRECTION('',(0.,0.,-1.));
#7159=DIRECTION('',(-1.,0.,0.));
#7160=DIRECTION('',(0.,0.,1.));
#7161=DIRECTION('',(1.,0.,0.));
#7162=DIRECTION('',(0.,0.,1.));
#7163=DIRECTION('',(1.,0.,0.));
#7164=DIRECTION('',(0.,0.,1.));
#7165=DIRECTION('',(1.,0.,0.));
#7166=DIRECTION('',(0.,0.,1.));
#7167=DIRECTION('',(1.,0.,0.));
#7168=DIRECTION('',(0.,0.,1.));
#7169=DIRECTION('',(1.,0.,0.));
#7170=DIRECTION('',(0.,0.,1.));
#7171=DIRECTION('',(1.,0.,0.));
#7172=DIRECTION('',(0.,0.,1.));
#7173=DIRECTION('',(1.,0.,0.));
#7174=DIRECTION('',(0.,0.,1.));
#7175=DIRECTION('',(1.,0.,0.));
#7176=DIRECTION('',(0.,0.,1.));
#7177=DIRECTION('',(1.,0.,0.));
#7178=DIRECTION('',(0.,0.,1.));
#7179=DIRECTION('',(1.,0.,0.));
#7180=DIRECTION('',(0.,0.,1.));
#7181=DIRECTION('',(1.,0.,0.));
#7182=DIRECTION('',(0.,0.,-1.));
#7183=DIRECTION('',(-1.,0.,0.));
#7184=DIRECTION('',(0.,0.,-1.));
#7185=DIRECTION('',(-1.,0.,0.));
#7186=DIRECTION('',(0.,0.,-1.));
#7187=DIRECTION('',(-1.,0.,0.));
#7188=DIRECTION('',(0.,0.,-1.));
#7189=DIRECTION('',(-1.,0.,0.));
#7190=DIRECTION('',(0.,0.,-1.));
#7191=DIRECTION('',(-1.,0.,0.));
#7192=DIRECTION('',(0.,0.,-1.));
#7193=DIRECTION('',(-1.,0.,0.));
#7194=DIRECTION('',(0.,0.,-1.));
#7195=DIRECTION('',(-1.,0.,0.));
#7196=DIRECTION('',(0.,0.,-1.));
#7197=DIRECTION('',(-1.,0.,0.));
#7198=DIRECTION('',(0.,0.,-1.));
#7199=DIRECTION('',(-1.,0.,0.));
#7200=DIRECTION('',(0.,0.,-1.));
#7201=DIRECTION('',(-1.,0.,0.));
#7202=DIRECTION('',(0.,0.,-1.));
#7203=DIRECTION('',(-1.,0.,0.));
#7204=DIRECTION('',(0.,0.,1.));
#7205=DIRECTION('',(1.,0.,0.));
#7206=DIRECTION('',(0.,0.,1.));
#7207=DIRECTION('',(1.,0.,0.));
#7208=DIRECTION('',(0.,0.,1.));
#7209=DIRECTION('',(1.,0.,0.));
#7210=DIRECTION('',(0.,0.,1.));
#7211=DIRECTION('',(1.,0.,0.));
#7212=DIRECTION('',(0.,0.,1.));
#7213=DIRECTION('',(1.,0.,0.));
#7214=DIRECTION('',(0.,0.,1.));
#7215=DIRECTION('',(1.,0.,0.));
#7216=DIRECTION('',(0.,0.,-1.));
#7217=DIRECTION('',(1.,0.,0.));
#7218=DIRECTION('',(0.,0.,1.));
#7219=DIRECTION('',(1.,0.,0.));
#7220=DIRECTION('',(0.,0.,1.));
#7221=DIRECTION('',(1.,0.,0.));
#7222=DIRECTION('',(0.,0.,-1.));
#7223=DIRECTION('',(-1.,0.,0.));
#7224=DIRECTION('',(0.,0.,1.));
#7225=DIRECTION('',(1.,0.,0.));
#7226=DIRECTION('',(-0.948764095746536,-0.315985269628597,0.));
#7227=DIRECTION('',(0.315985269628597,-0.948764095746536,0.));
#7228=DIRECTION('',(0.,0.,1.));
#7229=DIRECTION('',(0.315985269628597,-0.948764095746537,0.));
#7230=DIRECTION('',(0.,0.,1.));
#7231=DIRECTION('',(0.315985269628597,-0.948764095746536,0.));
#7232=DIRECTION('',(0.948764095746536,0.315985269628598,0.));
#7233=DIRECTION('',(0.,0.,1.));
#7234=DIRECTION('',(0.948764095746536,0.315985269628598,0.));
#7235=DIRECTION('',(-0.948764095746536,-0.315985269628597,0.));
#7236=DIRECTION('',(0.315985269628597,-0.948764095746536,0.));
#7237=DIRECTION('',(0.,0.,1.));
#7238=DIRECTION('',(0.315985269628597,-0.948764095746537,0.));
#7239=DIRECTION('',(0.315985269628597,-0.948764095746536,0.));
#7240=DIRECTION('',(0.948764095746537,0.315985269628597,0.));
#7241=DIRECTION('',(0.,0.,1.));
#7242=DIRECTION('',(0.948764095746536,0.315985269628597,0.));
#7243=DIRECTION('',(0.948764095746536,0.315985269628597,0.));
#7244=DIRECTION('',(-0.315985269628597,0.948764095746537,0.));
#7245=DIRECTION('',(0.,0.,1.));
#7246=DIRECTION('',(-0.315985269628597,0.948764095746536,0.));
#7247=DIRECTION('',(-0.315985269628597,0.948764095746536,0.));
#7248=DIRECTION('',(-0.948764095746537,-0.315985269628597,0.));
#7249=DIRECTION('',(-0.948764095746536,-0.315985269628597,0.));
#7250=DIRECTION('',(0.,0.,1.));
#7251=DIRECTION('',(1.,0.,0.));
#7252=DIRECTION('',(0.,0.,1.));
#7253=DIRECTION('',(0.,0.,1.));
#7254=DIRECTION('',(0.,0.,1.));
#7255=DIRECTION('',(0.,0.,1.));
#7256=DIRECTION('',(0.,0.,1.));
#7257=DIRECTION('',(0.,0.,1.));
#7258=DIRECTION('',(0.,0.,1.));
#7259=DIRECTION('',(0.,0.,1.));
#7260=DIRECTION('',(0.,0.,1.));
#7261=DIRECTION('',(0.,0.,1.));
#7262=DIRECTION('',(0.,0.,1.));
#7263=DIRECTION('',(0.,0.,1.));
#7264=DIRECTION('',(0.,0.,1.));
#7265=DIRECTION('',(0.,0.,1.));
#7266=DIRECTION('',(0.,0.,1.));
#7267=DIRECTION('',(0.,0.,1.));
#7268=DIRECTION('',(0.,0.,1.));
#7269=DIRECTION('',(0.,0.,1.));
#7270=DIRECTION('',(0.,0.,1.));
#7271=DIRECTION('',(0.,0.,1.));
#7272=DIRECTION('',(0.,0.,1.));
#7273=DIRECTION('',(0.,0.,1.));
#7274=DIRECTION('',(0.,0.,1.));
#7275=DIRECTION('',(0.,0.,1.));
#7276=DIRECTION('',(0.,0.,1.));
#7277=DIRECTION('',(0.,0.,1.));
#7278=DIRECTION('',(0.,0.,1.));
#7279=DIRECTION('',(0.,0.,1.));
#7280=DIRECTION('',(0.,0.,1.));
#7281=DIRECTION('',(0.,0.,1.));
#7282=DIRECTION('',(0.,0.,1.));
#7283=DIRECTION('',(-0.791412208419556,0.611282844814478,0.));
#7284=DIRECTION('',(0.,0.,1.));
#7285=DIRECTION('',(0.,0.,1.));
#7286=DIRECTION('',(1.,0.,0.));
#7287=DIRECTION('',(0.,0.,1.));
#7288=DIRECTION('',(0.,0.,1.));
#7289=DIRECTION('',(0.,0.,1.));
#7290=DIRECTION('',(0.,0.,1.));
#7291=DIRECTION('',(0.,0.,1.));
#7292=DIRECTION('',(0.354566776497795,-0.935030695220196,0.));
#7293=DIRECTION('',(0.,0.,1.));
#7294=DIRECTION('',(0.,0.,1.));
#7295=DIRECTION('',(1.,0.,0.));
#7296=DIRECTION('',(0.,0.,1.));
#7297=DIRECTION('',(1.,0.,0.));
#7298=DIRECTION('',(0.,0.,1.));
#7299=DIRECTION('',(1.,0.,0.));
#7300=DIRECTION('',(-0.604405943092935,0.796676506465416,0.));
#7301=DIRECTION('',(-0.796676506465416,-0.604405943092935,0.));
#7302=DIRECTION('',(-0.796676506465416,-0.604405943092935,0.));
#7303=DIRECTION('',(0.,0.,1.));
#7304=DIRECTION('',(-0.796676506465416,-0.604405943092935,0.));
#7305=DIRECTION('',(0.,0.,1.));
#7306=DIRECTION('',(0.953297758541078,-0.302032090282733,0.));
#7307=DIRECTION('',(0.302032090282733,0.953297758541078,0.));
#7308=DIRECTION('',(0.302032090282733,0.953297758541078,0.));
#7309=DIRECTION('',(0.,0.,1.));
#7310=DIRECTION('',(0.302032090282733,0.953297758541078,0.));
#7311=DIRECTION('',(0.953297758541077,-0.302032090282734,0.));
#7312=DIRECTION('',(0.302032090282734,0.953297758541078,0.));
#7313=DIRECTION('',(0.,0.,1.));
#7314=DIRECTION('',(0.302032090282734,0.953297758541077,0.));
#7315=DIRECTION('',(0.,0.,1.));
#7316=DIRECTION('',(0.302032090282733,0.953297758541078,0.));
#7317=DIRECTION('',(-0.953297758541078,0.302032090282733,0.));
#7318=DIRECTION('',(0.,0.,1.));
#7319=DIRECTION('',(-0.953297758541078,0.302032090282733,0.));
#7320=DIRECTION('',(0.953297758541078,-0.302032090282733,0.));
#7321=DIRECTION('',(0.302032090282733,0.953297758541078,0.));
#7322=DIRECTION('',(0.,0.,1.));
#7323=DIRECTION('',(0.302032090282733,0.953297758541078,0.));
#7324=DIRECTION('',(0.302032090282734,0.953297758541077,0.));
#7325=DIRECTION('',(-0.953297758541077,0.302032090282734,0.));
#7326=DIRECTION('',(0.,0.,1.));
#7327=DIRECTION('',(-0.953297758541077,0.302032090282734,0.));
#7328=DIRECTION('',(-0.953297758541078,0.302032090282733,0.));
#7329=DIRECTION('',(-0.302032090282733,-0.953297758541078,0.));
#7330=DIRECTION('',(0.,0.,1.));
#7331=DIRECTION('',(-0.302032090282733,-0.953297758541078,0.));
#7332=DIRECTION('',(0.302032090282734,0.953297758541077,0.));
#7333=DIRECTION('',(-0.953297758541077,0.302032090282734,0.));
#7334=DIRECTION('',(0.,0.,1.));
#7335=DIRECTION('',(-0.953297758541077,0.302032090282734,0.));
#7336=DIRECTION('',(-0.953297758541078,0.302032090282733,0.));
#7337=DIRECTION('',(-0.302032090282733,-0.953297758541078,0.));
#7338=DIRECTION('',(0.,0.,1.));
#7339=DIRECTION('',(-0.302032090282733,-0.953297758541078,0.));
#7340=DIRECTION('',(-0.302032090282734,-0.953297758541077,0.));
#7341=DIRECTION('',(0.953297758541077,-0.302032090282734,0.));
#7342=DIRECTION('',(0.,0.,1.));
#7343=DIRECTION('',(0.953297758541077,-0.302032090282734,0.));
#7344=DIRECTION('',(-0.953297758541078,0.302032090282733,0.));
#7345=DIRECTION('',(-0.302032090282733,-0.953297758541078,0.));
#7346=DIRECTION('',(0.,0.,1.));
#7347=DIRECTION('',(-0.302032090282733,-0.953297758541078,0.));
#7348=DIRECTION('',(-0.302032090282732,-0.953297758541078,0.));
#7349=DIRECTION('',(0.953297758541078,-0.302032090282732,0.));
#7350=DIRECTION('',(0.,0.,1.));
#7351=DIRECTION('',(0.953297758541078,-0.302032090282732,0.));
#7352=DIRECTION('',(0.596000609932983,-0.802983980512384,0.));
#7353=DIRECTION('',(0.802983980512384,0.596000609932983,0.));
#7354=DIRECTION('',(0.802983980512384,0.596000609932983,0.));
#7355=DIRECTION('',(-0.302032090282733,-0.953297758541078,0.));
#7356=DIRECTION('',(0.953297758541078,-0.302032090282733,0.));
#7357=DIRECTION('',(0.953297758541078,-0.302032090282733,0.));
#7358=DIRECTION('',(0.953297758541078,-0.302032090282733,0.));
#7359=DIRECTION('',(0.,0.,1.));
#7360=DIRECTION('',(1.,0.,0.));
#7361=DIRECTION('',(-0.38540410290599,-0.92274789485711,0.));
#7362=DIRECTION('',(0.922747894857111,-0.385404102905991,0.));
#7363=DIRECTION('',(0.,0.,1.));
#7364=DIRECTION('',(0.922747894857111,-0.38540410290599,0.));
#7365=DIRECTION('',(0.,0.,1.));
#7366=DIRECTION('',(0.00733562049509941,-0.999973093974009,0.));
#7367=DIRECTION('',(0.999973093974009,0.00733562049509942,0.));
#7368=DIRECTION('',(0.,0.,1.));
#7369=DIRECTION('',(0.999973093974009,0.00733562049509941,0.));
#7370=DIRECTION('',(0.999973093974009,0.00733562049509923,0.));
#7371=DIRECTION('',(-0.00733562049509923,0.999973093974009,0.));
#7372=DIRECTION('',(0.,0.,1.));
#7373=DIRECTION('',(-0.00733562049509923,0.999973093974009,0.));
#7374=DIRECTION('',(-0.00733562049509877,0.999973093974009,0.));
#7375=DIRECTION('',(-0.999973093974009,-0.00733562049509878,0.));
#7376=DIRECTION('',(0.,0.,1.));
#7377=DIRECTION('',(-0.999973093974009,-0.00733562049509878,0.));
#7378=DIRECTION('',(-0.999973093974009,-0.00733562049509959,0.));
#7379=DIRECTION('',(0.00733562049509959,-0.999973093974009,0.));
#7380=DIRECTION('',(0.,0.,1.));
#7381=DIRECTION('',(0.00733562049509959,-0.999973093974009,0.));
#7382=DIRECTION('',(0.394965661577246,0.918695883399315,0.));
#7383=DIRECTION('',(-0.918695883399315,0.394965661577246,0.));
#7384=DIRECTION('',(0.,0.,1.));
#7385=DIRECTION('',(-0.918695883399315,0.394965661577246,0.));
#7386=DIRECTION('',(-0.999973093974009,-0.00733562049509932,0.));
#7387=DIRECTION('',(0.00733562049509933,-0.999973093974009,0.));
#7388=DIRECTION('',(0.00733562049509932,-0.999973093974009,0.));
#7389=DIRECTION('',(0.,0.,1.));
#7390=DIRECTION('',(1.,0.,0.));
#7391=DIRECTION('',(0.,0.,1.));
#7392=DIRECTION('',(0.,0.,1.));
#7393=DIRECTION('',(0.804683457399237,0.593704078972017,0.));
#7394=DIRECTION('',(-0.593704078972017,0.804683457399237,0.));
#7395=DIRECTION('',(0.,0.,1.));
#7396=DIRECTION('',(-0.593704078972017,0.804683457399237,0.));
#7397=DIRECTION('',(0.,0.,1.));
#7398=DIRECTION('',(0.,0.,1.));
#7399=DIRECTION('',(0.,0.,1.));
#7400=DIRECTION('',(0.,0.,1.));
#7401=DIRECTION('',(0.,0.,1.));
#7402=DIRECTION('',(0.,0.,1.));
#7403=DIRECTION('',(-0.804683457399236,-0.593704078972018,0.));
#7404=DIRECTION('',(0.593704078972018,-0.804683457399236,0.));
#7405=DIRECTION('',(0.,0.,1.));
#7406=DIRECTION('',(0.593704078972018,-0.804683457399236,0.));
#7407=DIRECTION('',(0.593704078972017,-0.804683457399237,0.));
#7408=DIRECTION('',(0.804683457399237,0.593704078972017,0.));
#7409=DIRECTION('',(0.,0.,1.));
#7410=DIRECTION('',(0.804683457399237,0.593704078972017,0.));
#7411=DIRECTION('',(0.804683457399238,0.593704078972015,0.));
#7412=DIRECTION('',(-0.593704078972015,0.804683457399238,0.));
#7413=DIRECTION('',(0.,0.,1.));
#7414=DIRECTION('',(-0.593704078972015,0.804683457399238,0.));
#7415=DIRECTION('',(0.,0.,1.));
#7416=DIRECTION('',(0.,0.,1.));
#7417=DIRECTION('',(0.,0.,1.));
#7418=DIRECTION('',(0.,0.,1.));
#7419=DIRECTION('',(0.,0.,1.));
#7420=DIRECTION('',(0.,0.,1.));
#7421=DIRECTION('',(-0.804683457399236,-0.593704078972018,0.));
#7422=DIRECTION('',(0.593704078972018,-0.804683457399236,0.));
#7423=DIRECTION('',(0.,0.,1.));
#7424=DIRECTION('',(0.593704078972018,-0.804683457399236,0.));
#7425=DIRECTION('',(0.,0.,1.));
#7426=DIRECTION('',(0.,0.,1.));
#7427=DIRECTION('',(0.,0.,1.));
#7428=DIRECTION('',(0.,0.,1.));
#7429=DIRECTION('',(0.,0.,1.));
#7430=DIRECTION('',(0.,0.,1.));
#7431=DIRECTION('',(0.,0.,1.));
#7432=DIRECTION('',(-0.593704078972009,0.804683457399243,0.));
#7433=DIRECTION('',(-0.804683457399243,-0.593704078972009,0.));
#7434=DIRECTION('',(0.,0.,1.));
#7435=DIRECTION('',(-0.804683457399243,-0.593704078972009,0.));
#7436=DIRECTION('',(0.,0.,1.));
#7437=DIRECTION('',(-0.364200570816872,-0.931320537847558,0.));
#7438=DIRECTION('',(0.,0.,1.));
#7439=DIRECTION('',(0.,0.,1.));
#7440=DIRECTION('',(1.,0.,0.));
#7441=DIRECTION('',(0.,0.,1.));
#7442=DIRECTION('',(0.,0.,1.));
#7443=DIRECTION('',(0.,0.,1.));
#7444=DIRECTION('',(0.,0.,1.));
#7445=DIRECTION('',(0.,0.,1.));
#7446=DIRECTION('',(1.,0.,0.));
#7447=DIRECTION('',(0.,0.,1.));
#7448=DIRECTION('',(0.,0.,1.));
#7449=DIRECTION('',(0.0073356204950985,-0.999973093974009,0.));
#7450=DIRECTION('',(0.999973093974009,0.0073356204950985,0.));
#7451=DIRECTION('',(0.,0.,1.));
#7452=DIRECTION('',(0.999973093974009,0.0073356204950985,0.));
#7453=DIRECTION('',(0.999973093974009,0.00733562049509836,0.));
#7454=DIRECTION('',(-0.00733562049509836,0.999973093974009,0.));
#7455=DIRECTION('',(0.,0.,1.));
#7456=DIRECTION('',(-0.00733562049509836,0.999973093974009,0.));
#7457=DIRECTION('',(-0.00733562049509893,0.999973093974009,0.));
#7458=DIRECTION('',(-0.999973093974009,-0.00733562049509893,0.));
#7459=DIRECTION('',(0.,0.,1.));
#7460=DIRECTION('',(-0.999973093974009,-0.00733562049509893,0.));
#7461=DIRECTION('',(-0.999973093974009,-0.00733562049509892,0.));
#7462=DIRECTION('',(0.00733562049509892,-0.999973093974009,0.));
#7463=DIRECTION('',(0.,0.,1.));
#7464=DIRECTION('',(0.00733562049509892,-0.999973093974009,0.));
#7465=DIRECTION('',(0.,0.,1.));
#7466=DIRECTION('',(0.,0.,1.));
#7467=DIRECTION('',(-0.627144990209482,-0.778902536428756,0.));
#7468=DIRECTION('',(0.,0.,1.));
#7469=DIRECTION('',(0.,0.,1.));
#7470=DIRECTION('',(1.,0.,0.));
#7471=DIRECTION('',(0.,0.,1.));
#7472=DIRECTION('',(0.,0.,1.));
#7473=DIRECTION('',(0.,0.,1.));
#7474=DIRECTION('',(0.,0.,1.));
#7475=DIRECTION('',(0.,0.,1.));
#7476=DIRECTION('',(0.999973093974009,0.00733562049509765,0.));
#7477=DIRECTION('',(-0.00733562049509765,0.999973093974009,0.));
#7478=DIRECTION('',(0.,0.,1.));
#7479=DIRECTION('',(-0.00733562049509765,0.999973093974009,0.));
#7480=DIRECTION('',(0.,0.,1.));
#7481=DIRECTION('',(0.,0.,1.));
#7482=DIRECTION('',(0.,0.,1.));
#7483=DIRECTION('',(0.,0.,1.));
#7484=DIRECTION('',(0.,0.,1.));
#7485=DIRECTION('',(0.,0.,1.));
#7486=DIRECTION('',(-0.656262480505536,-0.754532674362563,0.));
#7487=DIRECTION('',(0.,0.,1.));
#7488=DIRECTION('',(1.,0.,0.));
#7489=DIRECTION('',(0.,0.,1.));
#7490=DIRECTION('',(1.,0.,0.));
#7491=DIRECTION('',(-0.581834795682377,-0.813306996486103,0.));
#7492=DIRECTION('',(0.813306996486103,-0.581834795682377,0.));
#7493=DIRECTION('',(0.,0.,1.));
#7494=DIRECTION('',(0.813306996486104,-0.581834795682377,0.));
#7495=DIRECTION('',(0.,0.,1.));
#7496=DIRECTION('',(0.813306996486103,-0.581834795682377,0.));
#7497=DIRECTION('',(0.581834795682377,0.813306996486103,0.));
#7498=DIRECTION('',(0.,0.,1.));
#7499=DIRECTION('',(0.581834795682377,0.813306996486103,0.));
#7500=DIRECTION('',(-0.581834795682377,-0.813306996486103,0.));
#7501=DIRECTION('',(0.813306996486103,-0.581834795682377,0.));
#7502=DIRECTION('',(0.,0.,1.));
#7503=DIRECTION('',(0.813306996486103,-0.581834795682377,0.));
#7504=DIRECTION('',(0.813306996486104,-0.581834795682376,0.));
#7505=DIRECTION('',(0.581834795682376,0.813306996486105,0.));
#7506=DIRECTION('',(0.,0.,1.));
#7507=DIRECTION('',(0.581834795682376,0.813306996486104,0.));
#7508=DIRECTION('',(0.581834795682378,0.813306996486103,0.));
#7509=DIRECTION('',(-0.813306996486103,0.581834795682378,0.));
#7510=DIRECTION('',(0.,0.,1.));
#7511=DIRECTION('',(-0.813306996486103,0.581834795682378,0.));
#7512=DIRECTION('',(-0.813306996486103,0.581834795682377,0.));
#7513=DIRECTION('',(-0.581834795682377,-0.813306996486103,0.));
#7514=DIRECTION('',(-0.581834795682377,-0.813306996486103,0.));
#7515=DIRECTION('',(0.,0.,1.));
#7516=DIRECTION('',(1.,0.,0.));
#7517=DIRECTION('',(0.,0.,1.));
#7518=DIRECTION('',(0.,0.,1.));
#7519=DIRECTION('',(0.,0.,1.));
#7520=DIRECTION('',(0.,0.,1.));
#7521=DIRECTION('',(0.,0.,1.));
#7522=DIRECTION('',(0.,0.,1.));
#7523=DIRECTION('',(0.,0.,1.));
#7524=DIRECTION('',(0.,0.,1.));
#7525=DIRECTION('',(0.,0.,1.));
#7526=DIRECTION('',(0.,0.,1.));
#7527=DIRECTION('',(0.302032090282733,0.953297758541078,0.));
#7528=DIRECTION('',(-0.953297758541078,0.302032090282733,0.));
#7529=DIRECTION('',(0.,0.,1.));
#7530=DIRECTION('',(-0.953297758541078,0.302032090282733,0.));
#7531=DIRECTION('',(0.,0.,1.));
#7532=DIRECTION('',(0.,0.,1.));
#7533=DIRECTION('',(0.,0.,1.));
#7534=DIRECTION('',(0.,0.,1.));
#7535=DIRECTION('',(0.,0.,1.));
#7536=DIRECTION('',(0.,0.,1.));
#7537=DIRECTION('',(0.,0.,1.));
#7538=DIRECTION('',(0.,0.,1.));
#7539=DIRECTION('',(0.,0.,1.));
#7540=DIRECTION('',(0.,0.,1.));
#7541=DIRECTION('',(0.,0.,1.));
#7542=DIRECTION('',(0.881389905467344,0.472389494527838,0.));
#7543=DIRECTION('',(0.,0.,1.));
#7544=DIRECTION('',(0.,0.,1.));
#7545=DIRECTION('',(1.,0.,0.));
#7546=DIRECTION('',(0.,0.,1.));
#7547=DIRECTION('',(0.,0.,1.));
#7548=DIRECTION('',(0.,0.,1.));
#7549=DIRECTION('',(0.,0.,1.));
#7550=DIRECTION('',(0.,0.,1.));
#7551=DIRECTION('',(0.,0.,1.));
#7552=DIRECTION('',(1.,0.,0.));
#7553=DIRECTION('',(0.,0.,1.));
#7554=DIRECTION('',(-0.918202611657021,0.396111050017827,0.));
#7555=DIRECTION('',(0.,0.,1.));
#7556=DIRECTION('',(1.,0.,0.));
#7557=DIRECTION('',(0.,0.,1.));
#7558=DIRECTION('',(0.,0.,1.));
#7559=DIRECTION('',(1.,0.,0.));
#7560=DIRECTION('',(0.,0.,1.));
#7561=DIRECTION('',(0.,0.,1.));
#7562=DIRECTION('',(0.,0.,1.));
#7563=DIRECTION('',(0.,0.,1.));
#7564=DIRECTION('',(0.,0.,1.));
#7565=DIRECTION('',(0.,0.,1.));
#7566=DIRECTION('',(0.,0.,1.));
#7567=DIRECTION('',(0.,0.,1.));
#7568=DIRECTION('',(0.,0.,1.));
#7569=DIRECTION('',(0.,0.,1.));
#7570=DIRECTION('',(-0.813306996486102,0.581834795682379,0.));
#7571=DIRECTION('',(-0.581834795682379,-0.813306996486102,0.));
#7572=DIRECTION('',(0.,0.,1.));
#7573=DIRECTION('',(-0.581834795682379,-0.813306996486102,0.));
#7574=DIRECTION('',(0.,0.,1.));
#7575=DIRECTION('',(0.,0.,1.));
#7576=DIRECTION('',(0.,0.,1.));
#7577=DIRECTION('',(0.,0.,1.));
#7578=DIRECTION('',(0.,0.,1.));
#7579=DIRECTION('',(0.,0.,1.));
#7580=DIRECTION('',(0.,0.,1.));
#7581=DIRECTION('',(0.,0.,1.));
#7582=DIRECTION('',(0.979577892298751,0.201065046488782,0.));
#7583=DIRECTION('',(0.,0.,1.));
#7584=DIRECTION('',(0.,0.,1.));
#7585=DIRECTION('',(1.,0.,0.));
#7586=DIRECTION('',(0.,0.,1.));
#7587=DIRECTION('',(0.,0.,1.));
#7588=DIRECTION('',(0.,0.,1.));
#7589=DIRECTION('',(0.,0.,1.));
#7590=DIRECTION('',(0.,0.,1.));
#7591=DIRECTION('',(0.,0.,1.));
#7592=DIRECTION('',(0.,0.,1.));
#7593=DIRECTION('',(-0.995960165490319,-0.0897961511229539,0.));
#7594=DIRECTION('',(0.,0.,1.));
#7595=DIRECTION('',(1.,0.,0.));
#7596=DIRECTION('',(0.,0.,1.));
#7597=DIRECTION('',(1.,0.,0.));
#7598=DIRECTION('',(0.,0.,1.));
#7599=DIRECTION('',(1.,0.,0.));
#7600=DIRECTION('',(0.,0.,1.));
#7601=DIRECTION('',(0.,0.,1.));
#7602=DIRECTION('',(0.,0.,1.));
#7603=DIRECTION('',(0.,0.,1.));
#7604=DIRECTION('',(0.,0.,1.));
#7605=DIRECTION('',(0.,0.,1.));
#7606=DIRECTION('',(0.,0.,1.));
#7607=DIRECTION('',(0.,0.,1.));
#7608=DIRECTION('',(0.,0.,1.));
#7609=DIRECTION('',(0.,0.,1.));
#7610=DIRECTION('',(0.,0.,1.));
#7611=DIRECTION('',(0.,0.,1.));
#7612=DIRECTION('',(0.,0.,1.));
#7613=DIRECTION('',(0.,0.,1.));
#7614=DIRECTION('',(0.,0.,1.));
#7615=DIRECTION('',(0.,0.,1.));
#7616=DIRECTION('',(0.,0.,1.));
#7617=DIRECTION('',(0.,0.,1.));
#7618=DIRECTION('',(0.,0.,1.));
#7619=DIRECTION('',(0.,0.,1.));
#7620=DIRECTION('',(0.,0.,1.));
#7621=DIRECTION('',(1.,0.,0.));
#7622=DIRECTION('',(-0.315985269628598,0.948764095746536,0.));
#7623=DIRECTION('',(-0.948764095746536,-0.315985269628598,0.));
#7624=DIRECTION('',(0.,0.,1.));
#7625=DIRECTION('',(-0.948764095746536,-0.315985269628598,0.));
#7626=DIRECTION('',(0.,0.,1.));
#7627=DIRECTION('',(-0.948764095746536,-0.315985269628597,0.));
#7628=DIRECTION('',(0.315985269628597,-0.948764095746537,0.));
#7629=DIRECTION('',(0.,0.,1.));
#7630=DIRECTION('',(0.315985269628597,-0.948764095746536,0.));
#7631=DIRECTION('',(0.315985269628597,-0.948764095746536,0.));
#7632=DIRECTION('',(0.948764095746536,0.315985269628597,0.));
#7633=DIRECTION('',(0.,0.,1.));
#7634=DIRECTION('',(0.948764095746536,0.315985269628597,0.));
#7635=DIRECTION('',(0.948764095746536,0.315985269628598,0.));
#7636=DIRECTION('',(-0.315985269628598,0.948764095746536,0.));
#7637=DIRECTION('',(0.,0.,1.));
#7638=DIRECTION('',(-0.315985269628598,0.948764095746536,0.));
#7639=DIRECTION('',(-0.315985269628596,0.948764095746537,0.));
#7640=DIRECTION('',(-0.948764095746537,-0.315985269628596,0.));
#7641=DIRECTION('',(0.,0.,1.));
#7642=DIRECTION('',(-0.948764095746537,-0.315985269628596,0.));
#7643=DIRECTION('',(0.,0.,1.));
#7644=DIRECTION('',(-0.932491273674347,0.361192503412229,0.));
#7645=DIRECTION('',(0.,0.,1.));
#7646=DIRECTION('',(0.,0.,1.));
#7647=DIRECTION('',(1.,0.,0.));
#7648=DIRECTION('',(0.,0.,1.));
#7649=DIRECTION('',(0.,0.,1.));
#7650=DIRECTION('',(0.,0.,1.));
#7651=DIRECTION('',(0.,0.,1.));
#7652=DIRECTION('',(0.,0.,1.));
#7653=DIRECTION('',(0.,0.,1.));
#7654=DIRECTION('',(0.,0.,1.));
#7655=DIRECTION('',(0.315985269628599,-0.948764095746536,0.));
#7656=DIRECTION('',(0.948764095746536,0.315985269628599,0.));
#7657=DIRECTION('',(0.,0.,1.));
#7658=DIRECTION('',(0.948764095746536,0.315985269628599,0.));
#7659=DIRECTION('',(0.,0.,1.));
#7660=DIRECTION('',(0.,0.,1.));
#7661=DIRECTION('',(0.,0.,1.));
#7662=DIRECTION('',(0.,0.,1.));
#7663=DIRECTION('',(0.913427354561668,-0.407001803360221,0.));
#7664=DIRECTION('',(0.,0.,1.));
#7665=DIRECTION('',(0.,0.,1.));
#7666=DIRECTION('',(1.,0.,0.));
#7667=DIRECTION('',(0.,0.,1.));
#7668=DIRECTION('',(0.,0.,1.));
#7669=DIRECTION('',(0.870275073237516,0.492566033036623,0.));
#7670=DIRECTION('',(0.,0.,1.));
#7671=DIRECTION('',(0.,0.,1.));
#7672=DIRECTION('',(1.,0.,0.));
#7673=DIRECTION('',(0.,0.,1.));
#7674=DIRECTION('',(0.,0.,1.));
#7675=DIRECTION('',(0.,0.,1.));
#7676=DIRECTION('',(-0.507297105442582,0.86177122649203,0.));
#7677=DIRECTION('',(0.,0.,1.));
#7678=DIRECTION('',(0.,0.,1.));
#7679=DIRECTION('',(1.,0.,0.));
#7680=DIRECTION('',(0.,0.,1.));
#7681=DIRECTION('',(-0.948764095746536,-0.315985269628598,0.));
#7682=DIRECTION('',(0.315985269628598,-0.948764095746536,0.));
#7683=DIRECTION('',(0.315985269628598,-0.948764095746536,0.));
#7684=DIRECTION('',(0.,0.,1.));
#7685=DIRECTION('',(1.,0.,0.));
#7686=DIRECTION('',(0.,0.,1.));
#7687=DIRECTION('',(1.,0.,0.));
#7688=DIRECTION('',(0.,0.,1.));
#7689=DIRECTION('',(1.,0.,0.));
#7690=DIRECTION('',(0.,0.,1.));
#7691=DIRECTION('',(1.,0.,0.));
#7692=DIRECTION('',(0.,0.,1.));
#7693=DIRECTION('',(1.,0.,0.));
#7694=DIRECTION('',(0.,0.,1.));
#7695=DIRECTION('',(1.,0.,0.));
#7696=DIRECTION('',(0.,0.,-1.));
#7697=DIRECTION('',(-1.,0.,0.));
#7698=DIRECTION('',(0.,0.,-1.));
#7699=DIRECTION('',(-1.,0.,0.));
#7700=DIRECTION('',(0.,0.,-1.));
#7701=DIRECTION('',(-1.,0.,0.));
#7702=DIRECTION('',(0.,0.,-1.));
#7703=DIRECTION('',(-1.,0.,0.));
#7704=DIRECTION('',(0.,0.,-1.));
#7705=DIRECTION('',(-1.,0.,0.));
#7706=DIRECTION('',(0.,0.,-1.));
#7707=DIRECTION('',(-1.,0.,0.));
#7708=DIRECTION('',(0.,0.,-1.));
#7709=DIRECTION('',(-1.,0.,0.));
#7710=DIRECTION('',(0.,0.,-1.));
#7711=DIRECTION('',(-1.,0.,0.));
#7712=DIRECTION('',(0.,0.,-1.));
#7713=DIRECTION('',(-1.,0.,0.));
#7714=DIRECTION('',(0.,0.,-1.));
#7715=DIRECTION('',(-1.,0.,0.));
#7716=DIRECTION('',(0.,0.,-1.));
#7717=DIRECTION('',(-1.,0.,0.));
#7718=DIRECTION('',(0.,0.,-1.));
#7719=DIRECTION('',(-1.,0.,0.));
#7720=DIRECTION('',(0.,0.,-1.));
#7721=DIRECTION('',(-1.,0.,0.));
#7722=DIRECTION('',(0.,0.,-1.));
#7723=DIRECTION('',(-1.,0.,0.));
#7724=DIRECTION('',(0.,0.,-1.));
#7725=DIRECTION('',(-1.,0.,0.));
#7726=DIRECTION('',(0.,0.,-1.));
#7727=DIRECTION('',(-1.,0.,0.));
#7728=DIRECTION('',(0.,0.,-1.));
#7729=DIRECTION('',(-1.,0.,0.));
#7730=DIRECTION('',(0.,0.,-1.));
#7731=DIRECTION('',(-1.,0.,0.));
#7732=DIRECTION('',(0.,0.,-1.));
#7733=DIRECTION('',(-1.,0.,0.));
#7734=DIRECTION('',(0.,0.,-1.));
#7735=DIRECTION('',(-1.,0.,0.));
#7736=DIRECTION('',(0.,0.,-1.));
#7737=DIRECTION('',(-1.,0.,0.));
#7738=DIRECTION('',(0.,0.,-1.));
#7739=DIRECTION('',(-1.,0.,0.));
#7740=DIRECTION('',(0.,0.,-1.));
#7741=DIRECTION('',(-1.,0.,0.));
#7742=DIRECTION('',(0.,0.,-1.));
#7743=DIRECTION('',(-1.,0.,0.));
#7744=DIRECTION('',(0.,0.,-1.));
#7745=DIRECTION('',(-1.,0.,0.));
#7746=DIRECTION('',(0.,0.,-1.));
#7747=DIRECTION('',(-1.,0.,0.));
#7748=DIRECTION('',(0.,0.,-1.));
#7749=DIRECTION('',(-1.,0.,0.));
#7750=DIRECTION('',(0.,0.,-1.));
#7751=DIRECTION('',(-1.,0.,0.));
#7752=DIRECTION('',(0.,0.,-1.));
#7753=DIRECTION('',(-1.,0.,0.));
#7754=DIRECTION('',(0.,0.,-1.));
#7755=DIRECTION('',(-1.,0.,0.));
#7756=DIRECTION('',(0.,0.,-1.));
#7757=DIRECTION('',(-1.,0.,0.));
#7758=DIRECTION('',(0.,0.,-1.));
#7759=DIRECTION('',(-1.,0.,0.));
#7760=DIRECTION('',(0.,0.,-1.));
#7761=DIRECTION('',(-1.,0.,0.));
#7762=DIRECTION('',(0.,0.,-1.));
#7763=DIRECTION('',(-1.,0.,0.));
#7764=DIRECTION('',(0.,0.,-1.));
#7765=DIRECTION('',(-1.,0.,0.));
#7766=DIRECTION('',(0.,0.,-1.));
#7767=DIRECTION('',(-1.,0.,0.));
#7768=DIRECTION('',(0.,0.,-1.));
#7769=DIRECTION('',(-1.,0.,0.));
#7770=DIRECTION('',(0.,0.,-1.));
#7771=DIRECTION('',(-1.,0.,0.));
#7772=DIRECTION('',(0.,0.,-1.));
#7773=DIRECTION('',(-1.,0.,0.));
#7774=DIRECTION('',(0.,0.,-1.));
#7775=DIRECTION('',(-1.,0.,0.));
#7776=DIRECTION('',(0.,0.,-1.));
#7777=DIRECTION('',(-1.,0.,0.));
#7778=DIRECTION('',(0.,0.,-1.));
#7779=DIRECTION('',(-1.,0.,0.));
#7780=DIRECTION('',(0.,0.,-1.));
#7781=DIRECTION('',(-1.,0.,0.));
#7782=DIRECTION('',(0.,0.,-1.));
#7783=DIRECTION('',(-1.,0.,0.));
#7784=DIRECTION('',(0.,0.,-1.));
#7785=DIRECTION('',(-1.,0.,0.));
#7786=DIRECTION('',(0.,0.,-1.));
#7787=DIRECTION('',(-1.,0.,0.));
#7788=DIRECTION('',(0.,0.,-1.));
#7789=DIRECTION('',(-1.,0.,0.));
#7790=DIRECTION('',(0.,0.,-1.));
#7791=DIRECTION('',(-1.,0.,0.));
#7792=DIRECTION('',(0.,0.,-1.));
#7793=DIRECTION('',(-1.,0.,0.));
#7794=DIRECTION('',(0.,0.,-1.));
#7795=DIRECTION('',(-1.,0.,0.));
#7796=DIRECTION('',(0.,0.,-1.));
#7797=DIRECTION('',(-1.,0.,0.));
#7798=DIRECTION('',(0.,0.,-1.));
#7799=DIRECTION('',(-1.,0.,0.));
#7800=DIRECTION('',(0.,0.,-1.));
#7801=DIRECTION('',(-1.,0.,0.));
#7802=DIRECTION('',(0.,0.,1.));
#7803=DIRECTION('',(1.,0.,0.));
#7804=DIRECTION('',(0.,0.,-1.));
#7805=DIRECTION('',(1.,0.,0.));
#7806=DIRECTION('',(0.,0.,-1.));
#7807=DIRECTION('',(-1.,0.,0.));
#7808=DIRECTION('',(0.,0.,-1.));
#7809=DIRECTION('',(-1.,0.,0.));
#7810=DIRECTION('',(0.,0.,-1.));
#7811=DIRECTION('',(-1.,0.,0.));
#7812=DIRECTION('',(0.,0.,1.));
#7813=DIRECTION('',(1.,0.,0.));
#7814=DIRECTION('',(0.,0.,-1.));
#7815=DIRECTION('',(1.,0.,0.));
#7816=DIRECTION('',(0.,0.,-1.));
#7817=DIRECTION('',(-1.,0.,0.));
#7818=DIRECTION('',(0.,0.,-1.));
#7819=DIRECTION('',(-1.,0.,0.));
#7820=DIRECTION('',(0.,0.,-1.));
#7821=DIRECTION('',(-1.,0.,0.));
#7822=DIRECTION('',(0.,0.,1.));
#7823=DIRECTION('',(1.,0.,0.));
#7824=DIRECTION('',(0.,0.,-1.));
#7825=DIRECTION('',(1.,0.,0.));
#7826=DIRECTION('',(0.,0.,-1.));
#7827=DIRECTION('',(-1.,0.,0.));
#7828=DIRECTION('',(0.,0.,-1.));
#7829=DIRECTION('',(-1.,0.,0.));
#7830=DIRECTION('',(0.,0.,-1.));
#7831=DIRECTION('',(-1.,0.,0.));
#7832=DIRECTION('',(0.,0.,1.));
#7833=DIRECTION('',(1.,0.,0.));
#7834=DIRECTION('',(0.,0.,-1.));
#7835=DIRECTION('',(1.,0.,0.));
#7836=DIRECTION('',(0.,0.,-1.));
#7837=DIRECTION('',(-1.,0.,0.));
#7838=DIRECTION('',(0.,0.,-1.));
#7839=DIRECTION('',(-1.,0.,0.));
#7840=DIRECTION('',(0.,0.,-1.));
#7841=DIRECTION('',(-1.,0.,0.));
#7842=DIRECTION('',(0.,0.,1.));
#7843=DIRECTION('',(1.,0.,0.));
#7844=DIRECTION('',(0.,0.,-1.));
#7845=DIRECTION('',(1.,0.,0.));
#7846=DIRECTION('',(0.,0.,-1.));
#7847=DIRECTION('',(-1.,0.,0.));
#7848=DIRECTION('',(0.,0.,-1.));
#7849=DIRECTION('',(-1.,0.,0.));
#7850=DIRECTION('',(0.,0.,-1.));
#7851=DIRECTION('',(-1.,0.,0.));
#7852=DIRECTION('',(0.,0.,1.));
#7853=DIRECTION('',(1.,0.,0.));
#7854=DIRECTION('',(0.,0.,-1.));
#7855=DIRECTION('',(1.,0.,0.));
#7856=DIRECTION('',(0.,0.,-1.));
#7857=DIRECTION('',(-1.,0.,0.));
#7858=DIRECTION('',(0.,0.,-1.));
#7859=DIRECTION('',(-1.,0.,0.));
#7860=DIRECTION('',(0.,0.,-1.));
#7861=DIRECTION('',(-1.,0.,0.));
#7862=DIRECTION('',(0.,0.,1.));
#7863=DIRECTION('',(1.,0.,0.));
#7864=DIRECTION('',(0.,0.,-1.));
#7865=DIRECTION('',(1.,0.,0.));
#7866=DIRECTION('',(0.,0.,-1.));
#7867=DIRECTION('',(-1.,0.,0.));
#7868=DIRECTION('',(0.,0.,-1.));
#7869=DIRECTION('',(-1.,0.,0.));
#7870=DIRECTION('',(0.,0.,-1.));
#7871=DIRECTION('',(-1.,0.,0.));
#7872=DIRECTION('',(0.,0.,1.));
#7873=DIRECTION('',(1.,0.,0.));
#7874=DIRECTION('',(0.,0.,-1.));
#7875=DIRECTION('',(1.,0.,0.));
#7876=DIRECTION('',(0.,0.,-1.));
#7877=DIRECTION('',(-1.,0.,0.));
#7878=DIRECTION('',(0.,0.,-1.));
#7879=DIRECTION('',(-1.,0.,0.));
#7880=DIRECTION('',(0.,0.,-1.));
#7881=DIRECTION('',(-1.,0.,0.));
#7882=DIRECTION('',(0.,0.,1.));
#7883=DIRECTION('',(1.,0.,0.));
#7884=DIRECTION('',(0.,0.,-1.));
#7885=DIRECTION('',(1.,0.,0.));
#7886=DIRECTION('',(0.,0.,-1.));
#7887=DIRECTION('',(1.,0.,0.));
#7888=DIRECTION('',(0.,0.,-1.));
#7889=DIRECTION('',(-1.,0.,0.));
#7890=DIRECTION('',(0.,0.,1.));
#7891=DIRECTION('',(1.,0.,0.));
#7892=DIRECTION('',(0.,0.,-1.));
#7893=DIRECTION('',(-1.,0.,0.));
#7894=DIRECTION('',(0.,0.,-1.));
#7895=DIRECTION('',(-1.,0.,0.));
#7896=CARTESIAN_POINT('',(0.,0.,0.));
#7897=CARTESIAN_POINT('',(0.,0.,-0.0014));
#7898=CARTESIAN_POINT('',(-0.0158353710463989,-0.00230217660809335,-0.0014));
#7899=CARTESIAN_POINT('',(-0.0166526508586611,-0.00117188119782391,-0.0014));
#7900=CARTESIAN_POINT('',(-0.015115286547409,-0.00329805120575613,-0.0014));
#7901=CARTESIAN_POINT('',(-0.0150319428472701,6.07153216591882E-18,-0.0014));
#7902=CARTESIAN_POINT('',(-0.0166526508586611,0.00117188119782392,-0.0014));
#7903=CARTESIAN_POINT('',(-0.0158353710463989,0.00230217660809335,-0.0014));
#7904=CARTESIAN_POINT('',(-0.015115286547409,0.00329805120575613,-0.0014));
#7905=CARTESIAN_POINT('',(-0.0191670565758863,0.00622775420031592,-0.0014));
#7906=CARTESIAN_POINT('',(-0.0141670695517497,0.00621636304296631,-0.0014));
#7907=CARTESIAN_POINT('',(-0.0141642697471797,0.0074452975656525,-0.0014));
#7908=CARTESIAN_POINT('',(-0.0141610920315691,0.00884011078186857,-0.0014));
#7909=CARTESIAN_POINT('',(-0.0121610972219145,0.00883555431892872,-0.0014));
#7910=CARTESIAN_POINT('',(-0.0127834630605296,0.0107362543907246,-0.0014));
#7911=CARTESIAN_POINT('',(-0.0114578988303597,0.0111702975656525,-0.0014));
#7912=CARTESIAN_POINT('',(-0.010289977831652,0.0115527219905173,-0.0014));
#7913=CARTESIAN_POINT('',(-0.0118458924281899,0.016304472170007,-0.0014));
#7914=CARTESIAN_POINT('',(-0.00780751350830583,0.0133563378956843,-0.0014));
#7915=CARTESIAN_POINT('',(-0.00708289883035971,0.0143489211256759,-0.0014));
#7916=CARTESIAN_POINT('',(-0.00626047736623304,0.0154754809072017,-0.0014));
#7917=CARTESIAN_POINT('',(-0.00464512579827941,0.0142962271974726,-0.0014));
#7918=CARTESIAN_POINT('',(-0.00403142686720464,0.0161997433182338,-0.0014));
#7919=CARTESIAN_POINT('',(-0.00270389870078079,0.0157717445175826,-0.0014));
#7920=CARTESIAN_POINT('',(-0.00153424732768695,0.0153946456374792,-0.0014));
#7921=CARTESIAN_POINT('',(-9.75781955236954E-18,0.0201534359393821,-0.0014));
#7922=CARTESIAN_POINT('',(0.00153424732768693,0.0153946456374792,-0.0014));
#7923=CARTESIAN_POINT('',(0.0027038987007808,0.0157717445175826,-0.0014));
#7924=CARTESIAN_POINT('',(0.00403142686720463,0.0161997433182338,-0.0014));
#7925=CARTESIAN_POINT('',(0.00464512579827941,0.0142962271974726,-0.0014));
#7926=CARTESIAN_POINT('',(0.00626047736623304,0.0154754809072017,-0.0014));
#7927=CARTESIAN_POINT('',(0.00708289883035971,0.0143489211256759,-0.0014));
#7928=CARTESIAN_POINT('',(0.00780751350830584,0.0133563378956843,-0.0014));
#7929=CARTESIAN_POINT('',(0.0118458924281899,0.0163044721700069,-0.0014));
#7930=CARTESIAN_POINT('',(0.010289977831652,0.0115527219905173,-0.0014));
#7931=CARTESIAN_POINT('',(0.0114578988303597,0.0111702975656525,-0.0014));
#7932=CARTESIAN_POINT('',(0.0127834630605296,0.0107362543907246,-0.0014));
#7933=CARTESIAN_POINT('',(0.0121610972219145,0.00883555431892872,-0.0014));
#7934=CARTESIAN_POINT('',(0.0141610920315691,0.00884011078186857,-0.0014));
#7935=CARTESIAN_POINT('',(0.0141642697471797,0.0074452975656525,-0.0014));
#7936=CARTESIAN_POINT('',(0.0141670695517497,0.0062163630429663,-0.0014));
#7937=CARTESIAN_POINT('',(0.0191670565758863,0.00622775420031591,-0.0014));
#7938=CARTESIAN_POINT('',(0.015115286547409,0.00329805120575613,-0.0014));
#7939=CARTESIAN_POINT('',(0.0158353710463989,0.00230217660809336,-0.0014));
#7940=CARTESIAN_POINT('',(0.0166526508586611,0.00117188119782392,-0.0014));
#7941=CARTESIAN_POINT('',(0.0150319428472701,4.55364912443912E-18,-0.0014));
#7942=CARTESIAN_POINT('',(0.0166526508586611,-0.00117188119782391,-0.0014));
#7943=CARTESIAN_POINT('',(0.0158353710463989,-0.00230217660809334,-0.0014));
#7944=CARTESIAN_POINT('',(0.015115286547409,-0.00329805120575613,-0.0014));
#7945=CARTESIAN_POINT('',(0.0191670565758863,-0.00622775420031591,-0.0014));
#7946=CARTESIAN_POINT('',(0.0141670695517497,-0.0062163630429663,-0.0014));
#7947=CARTESIAN_POINT('',(0.0141642697471797,-0.00744529756565249,-0.0014));
#7948=CARTESIAN_POINT('',(0.0141610920315691,-0.00884011078186856,-0.0014));
#7949=CARTESIAN_POINT('',(0.0121610972219145,-0.00883555431892872,-0.0014));
#7950=CARTESIAN_POINT('',(0.0127834630605296,-0.0107362543907246,-0.0014));
#7951=CARTESIAN_POINT('',(0.0114578988303597,-0.0111702975656525,-0.0014));
#7952=CARTESIAN_POINT('',(0.010289977831652,-0.0115527219905173,-0.0014));
#7953=CARTESIAN_POINT('',(0.0118458924281899,-0.0163044721700069,-0.0014));
#7954=CARTESIAN_POINT('',(0.00780751350830584,-0.0133563378956843,-0.0014));
#7955=CARTESIAN_POINT('',(0.00708289883035971,-0.014348921125676,-0.0014));
#7956=CARTESIAN_POINT('',(0.00626047736623304,-0.0154754809072017,-0.0014));
#7957=CARTESIAN_POINT('',(0.00464512579827941,-0.0142962271974726,-0.0014));
#7958=CARTESIAN_POINT('',(0.00403142686720464,-0.0161997433182338,-0.0014));
#7959=CARTESIAN_POINT('',(0.00270389870078081,-0.0157717445175826,-0.0014));
#7960=CARTESIAN_POINT('',(0.00153424732768694,-0.0153946456374792,-0.0014));
#7961=CARTESIAN_POINT('',(-5.20417042793042E-18,-0.0201534359393821,-0.0014));
#7962=CARTESIAN_POINT('',(-0.00153424732768695,-0.0153946456374792,-0.0014));
#7963=CARTESIAN_POINT('',(-0.00270389870078081,-0.0157717445175826,-0.0014));
#7964=CARTESIAN_POINT('',(-0.00403142686720464,-0.0161997433182338,-0.0014));
#7965=CARTESIAN_POINT('',(-0.00464512579827941,-0.0142962271974726,-0.0014));
#7966=CARTESIAN_POINT('',(-0.00626047736623304,-0.0154754809072017,-0.0014));
#7967=CARTESIAN_POINT('',(-0.00708289883035972,-0.0143489211256759,-0.0014));
#7968=CARTESIAN_POINT('',(-0.00780751350830584,-0.0133563378956843,-0.0014));
#7969=CARTESIAN_POINT('',(-0.0118458924281899,-0.0163044721700069,-0.0014));
#7970=CARTESIAN_POINT('',(-0.010289977831652,-0.0115527219905173,-0.0014));
#7971=CARTESIAN_POINT('',(-0.0114578988303597,-0.0111702975656525,-0.0014));
#7972=CARTESIAN_POINT('',(-0.0127834630605296,-0.0107362543907246,-0.0014));
#7973=CARTESIAN_POINT('',(-0.0121610972219145,-0.00883555431892872,-0.0014));
#7974=CARTESIAN_POINT('',(-0.0141610920315691,-0.00884011078186857,-0.0014));
#7975=CARTESIAN_POINT('',(-0.0141642697471797,-0.00744529756565249,-0.0014));
#7976=CARTESIAN_POINT('',(-0.0141670695517497,-0.0062163630429663,-0.0014));
#7977=CARTESIAN_POINT('',(-0.0191670565758863,-0.00622775420031591,-0.0014));
#7978=CARTESIAN_POINT('',(0.,1.62265700887024E-19,-0.0014));
#7979=CARTESIAN_POINT('',(-0.0130587001896191,0.000835750380149971,-0.0014));
#7980=CARTESIAN_POINT('',(-0.0110559521258992,0.00699957512497035,-0.0014));
#7981=CARTESIAN_POINT('',(-0.01226875,-6.66784336078585E-18,-0.0014));
#7982=CARTESIAN_POINT('',(-0.0130587001896191,-0.000835750380149986,-0.0014));
#7983=CARTESIAN_POINT('',(0.,1.62265700887024E-19,-0.0014));
#7984=CARTESIAN_POINT('',(-0.0110559521258991,-0.00699957512497036,-0.0014));
#7985=CARTESIAN_POINT('',(-0.00992562724973763,-0.00721139031406329,-0.0014));
#7986=CARTESIAN_POINT('',(-0.0100734686297992,-0.00835184764616367,-0.0014));
#7987=CARTESIAN_POINT('',(0.,1.62265700887024E-19,-0.0014));
#7988=CARTESIAN_POINT('',(-0.00483020612807742,-0.0121613008391603,-0.0014));
#7989=CARTESIAN_POINT('',(-0.00379125224973763,-0.0116682746342962,-0.0014));
#7990=CARTESIAN_POINT('',(-0.00324051443800184,-0.0126778229802036,-0.0014));
#7991=CARTESIAN_POINT('',(0.,1.62265700887024E-19,-0.0014));
#7992=CARTESIAN_POINT('',(0.00324051443800185,-0.0126778229802036,-0.0014));
#7993=CARTESIAN_POINT('',(0.00379125224973764,-0.0116682746342962,-0.0014));
#7994=CARTESIAN_POINT('',(0.00483020612807743,-0.0121613008391603,-0.0014));
#7995=CARTESIAN_POINT('',(0.,1.62265700887024E-19,-0.0014));
#7996=CARTESIAN_POINT('',(0.0100734686297992,-0.00835184764616366,-0.0014));
#7997=CARTESIAN_POINT('',(0.00992562724973764,-0.00721139031406328,-0.0014));
#7998=CARTESIAN_POINT('',(0.0110559521258992,-0.00699957512497035,-0.0014));
#7999=CARTESIAN_POINT('',(0.,1.62265700887024E-19,-0.0014));
#8000=CARTESIAN_POINT('',(0.0130587001896191,-0.000835750380149973,-0.0014));
#8001=CARTESIAN_POINT('',(0.01226875,4.93311988480905E-18,-0.0014));
#8002=CARTESIAN_POINT('',(0.0130587001896191,0.000835750380149984,-0.0014));
#8003=CARTESIAN_POINT('',(0.,1.62265700887024E-19,-0.0014));
#8004=CARTESIAN_POINT('',(0.0110559521258991,0.00699957512497036,-0.0014));
#8005=CARTESIAN_POINT('',(0.00992562724973763,0.00721139031406329,-0.0014));
#8006=CARTESIAN_POINT('',(0.0100734686297992,0.00835184764616367,-0.0014));
#8007=CARTESIAN_POINT('',(0.,1.62265700887024E-19,-0.0014));
#8008=CARTESIAN_POINT('',(0.00483020612807742,0.0121613008391603,-0.0014));
#8009=CARTESIAN_POINT('',(0.00379125224973763,0.0116682746342962,-0.0014));
#8010=CARTESIAN_POINT('',(0.00324051443800184,0.0126778229802036,-0.0014));
#8011=CARTESIAN_POINT('',(0.,1.62265700887024E-19,-0.0014));
#8012=CARTESIAN_POINT('',(-0.00324051443800186,0.0126778229802036,-0.0014));
#8013=CARTESIAN_POINT('',(-0.00379125224973765,0.0116682746342962,-0.0014));
#8014=CARTESIAN_POINT('',(-0.00483020612807744,0.0121613008391603,-0.0014));
#8015=CARTESIAN_POINT('',(0.,1.62265700887024E-19,-0.0014));
#8016=CARTESIAN_POINT('',(-0.0100734686297992,0.00835184764616366,-0.0014));
#8017=CARTESIAN_POINT('',(-0.00992562724973764,0.00721139031406328,-0.0014));
#8018=CARTESIAN_POINT('',(0.00992562724973764,-0.00721139031406328,0.0001));
#8019=CARTESIAN_POINT('',(0.010117017174949,-0.0060774282791928,-0.00104999999999999));
#8020=CARTESIAN_POINT('',(0.00998520195031166,-0.00605518052731994,-0.00117445141814982));
#8021=CARTESIAN_POINT('',(0.00984803526340554,-0.00605450572700825,-0.00129221511326459));
#8022=CARTESIAN_POINT('',(0.00970284407043197,-0.00608317594834263,-0.00139999999999999));
#8023=CARTESIAN_POINT('',(0.010117017174949,-0.00607742827919279,-0.00105));
#8024=CARTESIAN_POINT('',(0.00970284407043198,-0.00608317594834262,-0.0014));
#8025=CARTESIAN_POINT('',(0.00992562724973764,-0.00721139031406328,-0.00105));
#8026=CARTESIAN_POINT('',(0.0089063080066852,-0.00774382648933972,-0.00105));
#8027=CARTESIAN_POINT('',(0.00878378783697487,-0.00734814833196931,-0.00139999999999999));
#8028=CARTESIAN_POINT('',(0.0088013873822136,-0.00749509294778035,-0.00129221511326456));
#8029=CARTESIAN_POINT('',(0.00884441599276334,-0.00762533769441689,-0.00117445141814979));
#8030=CARTESIAN_POINT('',(0.0089063080066852,-0.00774382648933971,-0.00104999999999999));
#8031=CARTESIAN_POINT('',(0.00878378783697487,-0.00734814833196932,-0.0014));
#8032=CARTESIAN_POINT('',(0.00992562724973764,-0.00721139031406328,-0.0014));
#8033=CARTESIAN_POINT('',(0.00379125224973764,-0.0116682746342962,0.0001));
#8034=CARTESIAN_POINT('',(0.00461261611254218,-0.0108633762525865,-0.00104999999999999));
#8035=CARTESIAN_POINT('',(0.00451905225614079,-0.0107678983981653,-0.00117445141814982));
#8036=CARTESIAN_POINT('',(0.00440847871304308,-0.0106867279175761,-0.0012922151132646));
#8037=CARTESIAN_POINT('',(0.00427416463721359,-0.0106245813718755,-0.00139999999999999));
#8038=CARTESIAN_POINT('',(0.00461261611254218,-0.0108633762525865,-0.00105));
#8039=CARTESIAN_POINT('',(0.00427416463721359,-0.0106245813718755,-0.0014));
#8040=CARTESIAN_POINT('',(0.00379125224973764,-0.0116682746342962,-0.00105));
#8041=CARTESIAN_POINT('',(0.00265364752780031,-0.0114998837300707,-0.00105));
#8042=CARTESIAN_POINT('',(0.00278710041390754,-0.0111077578275909,-0.0014));
#8043=CARTESIAN_POINT('',(0.00271496686702143,-0.0112369832721523,-0.00129221511326456));
#8044=CARTESIAN_POINT('',(0.00267322180293897,-0.0113676450683171,-0.00117445141814979));
#8045=CARTESIAN_POINT('',(0.00265364752780031,-0.0114998837300707,-0.00104999999999999));
#8046=CARTESIAN_POINT('',(0.00278710041390753,-0.0111077578275909,-0.0014));
#8047=CARTESIAN_POINT('',(0.00379125224973764,-0.0116682746342962,-0.0014));
#8048=CARTESIAN_POINT('',(-0.00379125224973763,-0.0116682746342962,0.0001));
#8049=CARTESIAN_POINT('',(-0.0026536475278003,-0.0114998837300707,-0.00104999999999999));
#8050=CARTESIAN_POINT('',(-0.00267322180293896,-0.0113676450683171,-0.00117445141814979));
#8051=CARTESIAN_POINT('',(-0.00271496686702142,-0.0112369832721523,-0.00129221511326456));
#8052=CARTESIAN_POINT('',(-0.00278710041390753,-0.0111077578275909,-0.0014));
#8053=CARTESIAN_POINT('',(-0.0026536475278003,-0.0114998837300707,-0.00105));
#8054=CARTESIAN_POINT('',(-0.00278710041390752,-0.0111077578275909,-0.0014));
#8055=CARTESIAN_POINT('',(-0.00379125224973763,-0.0116682746342962,-0.00105));
#8056=CARTESIAN_POINT('',(-0.00461261611254217,-0.0108633762525865,-0.00105));
#8057=CARTESIAN_POINT('',(-0.00427416463721358,-0.0106245813718755,-0.00139999999999999));
#8058=CARTESIAN_POINT('',(-0.00440847871304308,-0.0106867279175761,-0.0012922151132646));
#8059=CARTESIAN_POINT('',(-0.00451905225614078,-0.0107678983981653,-0.00117445141814983));
#8060=CARTESIAN_POINT('',(-0.00461261611254217,-0.0108633762525865,-0.00104999999999999));
#8061=CARTESIAN_POINT('',(-0.00427416463721358,-0.0106245813718755,-0.0014));
#8062=CARTESIAN_POINT('',(-0.00379125224973763,-0.0116682746342962,-0.0014));
#8063=CARTESIAN_POINT('',(-0.00992562724973763,-0.00721139031406329,0.0001));
#8064=CARTESIAN_POINT('',(-0.00890630800668519,-0.00774382648933972,-0.00104999999999999));
#8065=CARTESIAN_POINT('',(-0.00884441599276333,-0.0076253376944169,-0.00117445141814979));
#8066=CARTESIAN_POINT('',(-0.00880138738221359,-0.00749509294778036,-0.00129221511326456));
#8067=CARTESIAN_POINT('',(-0.00878378783697487,-0.00734814833196932,-0.00139999999999999));
#8068=CARTESIAN_POINT('',(-0.0089063080066852,-0.00774382648933973,-0.00105));
#8069=CARTESIAN_POINT('',(-0.00878378783697487,-0.00734814833196933,-0.0014));
#8070=CARTESIAN_POINT('',(-0.00992562724973763,-0.00721139031406329,-0.00105));
#8071=CARTESIAN_POINT('',(-0.0101170171749489,-0.0060774282791928,-0.00105));
#8072=CARTESIAN_POINT('',(-0.00970284407043196,-0.00608317594834264,-0.00139999999999999));
#8073=CARTESIAN_POINT('',(-0.00984803526340553,-0.00605450572700826,-0.0012922151132646));
#8074=CARTESIAN_POINT('',(-0.00998520195031164,-0.00605518052731994,-0.00117445141814983));
#8075=CARTESIAN_POINT('',(-0.0101170171749489,-0.00607742827919281,-0.00105));
#8076=CARTESIAN_POINT('',(-0.00970284407043197,-0.00608317594834263,-0.0014));
#8077=CARTESIAN_POINT('',(-0.00992562724973763,-0.00721139031406329,-0.0014));
#8078=CARTESIAN_POINT('',(-0.01226875,-6.66784336078585E-18,0.0001));
#8079=CARTESIAN_POINT('',(-0.0117570615412917,-0.00102989073266279,-0.00104999999999999));
#8080=CARTESIAN_POINT('',(-0.0116373438839952,-0.000970410496945156,-0.00117445141814982));
#8081=CARTESIAN_POINT('',(-0.0115259770655546,-0.000890331866195885,-0.0012922151132646));
#8082=CARTESIAN_POINT('',(-0.0114253668562857,-0.000781795927911264,-0.00139999999999999));
#8083=CARTESIAN_POINT('',(-0.0117570615412917,-0.00102989073266279,-0.00105));
#8084=CARTESIAN_POINT('',(-0.0114253668562857,-0.000781795927911278,-0.0014));
#8085=CARTESIAN_POINT('',(-0.01226875,-6.66784336078585E-18,-0.00105));
#8086=CARTESIAN_POINT('',(-0.0117570615412912,0.00102989073266253,-0.00105000000000053));
#8087=CARTESIAN_POINT('',(-0.0114253668562857,0.000781795927911251,-0.00139999999999999));
#8088=CARTESIAN_POINT('',(-0.0115259770655545,0.000890331866195722,-0.00129221511326475));
#8089=CARTESIAN_POINT('',(-0.0116373438839949,0.000970410496944914,-0.00117445141815015));
#8090=CARTESIAN_POINT('',(-0.0117570615412912,0.00102989073266253,-0.00105000000000053));
#8091=CARTESIAN_POINT('',(-0.0114253668562857,0.000781795927911265,-0.0014));
#8092=CARTESIAN_POINT('',(-0.01226875,-6.66784336078585E-18,-0.0014));
#8093=CARTESIAN_POINT('',(-0.00992562724973764,0.00721139031406328,0.0001));
#8094=CARTESIAN_POINT('',(-0.010117017174949,0.0060774282791928,-0.00104999999999999));
#8095=CARTESIAN_POINT('',(-0.00998520195031166,0.00605518052731994,-0.00117445141814982));
#8096=CARTESIAN_POINT('',(-0.00984803526340554,0.00605450572700825,-0.00129221511326459));
#8097=CARTESIAN_POINT('',(-0.00970284407043197,0.00608317594834263,-0.00139999999999999));
#8098=CARTESIAN_POINT('',(-0.010117017174949,0.00607742827919279,-0.00105));
#8099=CARTESIAN_POINT('',(-0.00970284407043198,0.00608317594834261,-0.0014));
#8100=CARTESIAN_POINT('',(-0.00992562724973764,0.00721139031406328,-0.00105));
#8101=CARTESIAN_POINT('',(-0.00890630800668494,0.00774382648933921,-0.00105000000000053));
#8102=CARTESIAN_POINT('',(-0.00878378783697488,0.00734814833196931,-0.00139999999999999));
#8103=CARTESIAN_POINT('',(-0.00880138738221358,0.00749509294778014,-0.00129221511326472));
#8104=CARTESIAN_POINT('',(-0.00884441599276322,0.00762533769441652,-0.00117445141815012));
#8105=CARTESIAN_POINT('',(-0.00890630800668493,0.00774382648933921,-0.00105000000000052));
#8106=CARTESIAN_POINT('',(-0.00878378783697487,0.00734814833196932,-0.0014));
#8107=CARTESIAN_POINT('',(-0.00992562724973764,0.00721139031406328,-0.0014));
#8108=CARTESIAN_POINT('',(-0.00379125224973765,0.0116682746342962,0.0001));
#8109=CARTESIAN_POINT('',(-0.00461261611254218,0.0108633762525865,-0.00104999999999999));
#8110=CARTESIAN_POINT('',(-0.00451905225614079,0.0107678983981653,-0.00117445141814982));
#8111=CARTESIAN_POINT('',(-0.00440847871304309,0.0106867279175761,-0.0012922151132646));
#8112=CARTESIAN_POINT('',(-0.00427416463721359,0.0106245813718755,-0.00139999999999999));
#8113=CARTESIAN_POINT('',(-0.00461261611254218,0.0108633762525865,-0.00105));
#8114=CARTESIAN_POINT('',(-0.00427416463721359,0.0106245813718755,-0.0014));
#8115=CARTESIAN_POINT('',(-0.00379125224973765,0.0116682746342962,-0.00105));
#8116=CARTESIAN_POINT('',(-0.00265364752780032,0.0114998837300707,-0.00105));
#8117=CARTESIAN_POINT('',(-0.00278710041390755,0.0111077578275909,-0.00139999999999999));
#8118=CARTESIAN_POINT('',(-0.00271496686702143,0.0112369832721523,-0.00129221511326456));
#8119=CARTESIAN_POINT('',(-0.00267322180293898,0.0113676450683171,-0.00117445141814979));
#8120=CARTESIAN_POINT('',(-0.00265364752780031,0.0114998837300707,-0.00104999999999999));
#8121=CARTESIAN_POINT('',(-0.00278710041390753,0.0111077578275909,-0.0014));
#8122=CARTESIAN_POINT('',(-0.00379125224973765,0.0116682746342962,-0.0014));
#8123=CARTESIAN_POINT('',(0.00379125224973763,0.0116682746342962,0.0001));
#8124=CARTESIAN_POINT('',(0.0026536475278003,0.0114998837300707,-0.00104999999999999));
#8125=CARTESIAN_POINT('',(0.00267322180293896,0.0113676450683171,-0.00117445141814979));
#8126=CARTESIAN_POINT('',(0.00271496686702142,0.0112369832721523,-0.00129221511326456));
#8127=CARTESIAN_POINT('',(0.00278710041390753,0.0111077578275909,-0.0014));
#8128=CARTESIAN_POINT('',(0.0026536475278003,0.0114998837300707,-0.00105));
#8129=CARTESIAN_POINT('',(0.00278710041390752,0.0111077578275909,-0.0014));
#8130=CARTESIAN_POINT('',(0.00379125224973763,0.0116682746342962,-0.00105));
#8131=CARTESIAN_POINT('',(0.00461261611254177,0.0108633762525861,-0.00105000000000053));
#8132=CARTESIAN_POINT('',(0.00427416463721358,0.0106245813718755,-0.00139999999999999));
#8133=CARTESIAN_POINT('',(0.00440847871304289,0.010686727917576,-0.00129221511326475));
#8134=CARTESIAN_POINT('',(0.00451905225614046,0.0107678983981651,-0.00117445141815016));
#8135=CARTESIAN_POINT('',(0.00461261611254177,0.0108633762525861,-0.00105000000000052));
#8136=CARTESIAN_POINT('',(0.00427416463721358,0.0106245813718755,-0.0014));
#8137=CARTESIAN_POINT('',(0.00379125224973763,0.0116682746342962,-0.0014));
#8138=CARTESIAN_POINT('',(0.00992562724973763,0.00721139031406329,0.0001));
#8139=CARTESIAN_POINT('',(0.00890630800668519,0.00774382648933973,-0.00104999999999999));
#8140=CARTESIAN_POINT('',(0.00884441599276333,0.0076253376944169,-0.00117445141814979));
#8141=CARTESIAN_POINT('',(0.00880138738221359,0.00749509294778036,-0.00129221511326456));
#8142=CARTESIAN_POINT('',(0.00878378783697487,0.00734814833196932,-0.00139999999999999));
#8143=CARTESIAN_POINT('',(0.0089063080066852,0.00774382648933973,-0.00105));
#8144=CARTESIAN_POINT('',(0.00878378783697487,0.00734814833196933,-0.0014));
#8145=CARTESIAN_POINT('',(0.00992562724973763,0.00721139031406329,-0.00105));
#8146=CARTESIAN_POINT('',(0.0101170171749489,0.0060774282791928,-0.00105));
#8147=CARTESIAN_POINT('',(0.00970284407043196,0.00608317594834264,-0.00139999999999999));
#8148=CARTESIAN_POINT('',(0.00984803526340553,0.00605450572700826,-0.0012922151132646));
#8149=CARTESIAN_POINT('',(0.00998520195031164,0.00605518052731994,-0.00117445141814983));
#8150=CARTESIAN_POINT('',(0.0101170171749489,0.00607742827919281,-0.00105));
#8151=CARTESIAN_POINT('',(0.00970284407043197,0.00608317594834263,-0.0014));
#8152=CARTESIAN_POINT('',(0.00992562724973763,0.00721139031406329,-0.0014));
#8153=CARTESIAN_POINT('',(0.01226875,4.93311988480905E-18,0.0001));
#8154=CARTESIAN_POINT('',(0.0117570615412917,0.00102989073266279,-0.00105));
#8155=CARTESIAN_POINT('',(0.0116373438839952,0.000970410496945154,-0.00117445141814982));
#8156=CARTESIAN_POINT('',(0.0115259770655546,0.000890331866195887,-0.00129221511326459));
#8157=CARTESIAN_POINT('',(0.0114253668562857,0.000781795927911262,-0.00139999999999999));
#8158=CARTESIAN_POINT('',(0.0117570615412917,0.00102989073266279,-0.00105));
#8159=CARTESIAN_POINT('',(0.0114253668562857,0.000781795927911276,-0.0014));
#8160=CARTESIAN_POINT('',(0.01226875,4.93311988480905E-18,-0.00105));
#8161=CARTESIAN_POINT('',(0.0117570615412917,-0.00102989073266278,-0.00105));
#8162=CARTESIAN_POINT('',(0.0114253668562857,-0.000781795927911252,-0.00139999999999999));
#8163=CARTESIAN_POINT('',(0.0115259770655546,-0.000890331866195873,-0.0012922151132646));
#8164=CARTESIAN_POINT('',(0.0116373438839952,-0.000970410496945145,-0.00117445141814982));
#8165=CARTESIAN_POINT('',(0.0117570615412917,-0.00102989073266278,-0.00104999999999999));
#8166=CARTESIAN_POINT('',(0.0114253668562857,-0.000781795927911267,-0.0014));
#8167=CARTESIAN_POINT('',(0.01226875,4.93311988480905E-18,-0.0014));
#8168=CARTESIAN_POINT('',(0.,0.,0.0014));
#8169=CARTESIAN_POINT('',(0.00902398883846897,-0.00436405832909047,0.0014));
#8170=CARTESIAN_POINT('',(0.00924688819562024,-0.00405248258967329,0.0014));
#8171=CARTESIAN_POINT('',(0.0088010894813177,-0.00467563406850766,0.0014));
#8172=CARTESIAN_POINT('',(0.0088010894813177,-0.00467563406850766,0.0014));
#8173=CARTESIAN_POINT('',(0.00786072085647032,-0.00424980037454211,0.0014));
#8174=CARTESIAN_POINT('',(0.00725085495735011,-0.00510229012997352,0.0014));
#8175=CARTESIAN_POINT('',(0.00725085495735011,-0.00510229012997352,0.0014));
#8176=CARTESIAN_POINT('',(0.00725085495735011,-0.00510229012997352,0.0014));
#8177=CARTESIAN_POINT('',(0.00677936895653572,-0.00576134810665894,0.0014));
#8178=CARTESIAN_POINT('',(0.00705360071496611,-0.00645133222051201,0.0014));
#8179=CARTESIAN_POINT('',(0.00705360071496611,-0.00645133222051201,0.0014));
#8180=CARTESIAN_POINT('',(0.00705360071496611,-0.00645133222051201,0.0014));
#8181=CARTESIAN_POINT('',(0.00732783247339651,-0.00714131633436509,0.0014));
#8182=CARTESIAN_POINT('',(0.0084976983232639,-0.00796597367176697,0.0014));
#8183=CARTESIAN_POINT('',(0.0084976983232639,-0.00796597367176697,0.0014));
#8184=CARTESIAN_POINT('',(0.0084976983232639,-0.00796597367176697,0.0014));
#8185=CARTESIAN_POINT('',(0.00823380049529109,-0.00751977620103947,0.0014));
#8186=CARTESIAN_POINT('',(0.00829868977066084,-0.0069664577279838,0.0014));
#8187=CARTESIAN_POINT('',(0.00829868977066084,-0.0069664577279838,0.0014));
#8188=CARTESIAN_POINT('',(0.00829868977066084,-0.0069664577279838,0.0014));
#8189=CARTESIAN_POINT('',(0.00836357904603059,-0.00641313925492812,0.0014));
#8190=CARTESIAN_POINT('',(0.00871325759145005,-0.00592434757450414,0.0014));
#8191=CARTESIAN_POINT('',(0.00871325759145005,-0.00592434757450414,0.0014));
#8192=CARTESIAN_POINT('',(0.00871325759145005,-0.00592434757450414,0.0014));
#8193=CARTESIAN_POINT('',(0.00925931958536339,-0.00516104492663825,0.0014));
#8194=CARTESIAN_POINT('',(0.0100606891016409,-0.00504442000136558,0.0014));
#8195=CARTESIAN_POINT('',(0.0100606891016409,-0.00504442000136558,0.0014));
#8196=CARTESIAN_POINT('',(0.0100606891016409,-0.00504442000136558,0.0014));
#8197=CARTESIAN_POINT('',(0.0108620586179184,-0.0049277950760929,0.0014));
#8198=CARTESIAN_POINT('',(0.0116994908097348,-0.00552688888732104,0.0014));
#8199=CARTESIAN_POINT('',(0.0116994908097348,-0.00552688888732104,0.0014));
#8200=CARTESIAN_POINT('',(0.0116994908097348,-0.00552688888732104,0.0014));
#8201=CARTESIAN_POINT('',(0.0122033400537738,-0.00588733952063257,0.0014));
#8202=CARTESIAN_POINT('',(0.0124626579989519,-0.00637053507303661,0.0014));
#8203=CARTESIAN_POINT('',(0.0124626579989519,-0.00637053507303661,0.0014));
#8204=CARTESIAN_POINT('',(0.0108303670734646,-0.00724703248656722,0.0014));
#8205=CARTESIAN_POINT('',(0.0126760333658207,-0.0074197279157629,0.0014));
#8206=CARTESIAN_POINT('',(0.0126760333658207,-0.0074197279157629,0.0014));
#8207=CARTESIAN_POINT('',(0.0126300907875114,-0.00798572520608515,0.0014));
#8208=CARTESIAN_POINT('',(0.0122265518026316,-0.00854980470458392,0.0014));
#8209=CARTESIAN_POINT('',(0.0122265518026316,-0.00854980470458392,0.0014));
#8210=CARTESIAN_POINT('',(0.0122265518026316,-0.00854980470458392,0.0014));
#8211=CARTESIAN_POINT('',(0.0116804898087182,-0.00931310735244981,0.0014));
#8212=CARTESIAN_POINT('',(0.0110319592631365,-0.00949879783067556,0.0014));
#8213=CARTESIAN_POINT('',(0.0110319592631365,-0.00949879783067556,0.0014));
#8214=CARTESIAN_POINT('',(0.0110319592631365,-0.00949879783067556,0.0014));
#8215=CARTESIAN_POINT('',(0.0103834287175548,-0.0096844883089013,0.0014));
#8216=CARTESIAN_POINT('',(0.00966064181767516,-0.00942569315976041,0.0014));
#8217=CARTESIAN_POINT('',(0.00966064181767516,-0.00942569315976041,0.0014));
#8218=CARTESIAN_POINT('',(0.00966064181767516,-0.00942569315976041,0.0014));
#8219=CARTESIAN_POINT('',(0.00893785491779553,-0.00916689801061953,0.0014));
#8220=CARTESIAN_POINT('',(0.00805640830925844,-0.00853631655786073,0.0014));
#8221=CARTESIAN_POINT('',(0.00805640830925844,-0.00853631655786073,0.0014));
#8222=CARTESIAN_POINT('',(0.00805640830925844,-0.00853631655786073,0.0014));
#8223=CARTESIAN_POINT('',(0.00533562239144817,-0.00658988313797845,0.0014));
#8224=CARTESIAN_POINT('',(0.00669373408799438,-0.00469147184836966,0.0014));
#8225=CARTESIAN_POINT('',(0.00669373408799438,-0.00469147184836966,0.0014));
#8226=CARTESIAN_POINT('',(0.00669373408799438,-0.00469147184836966,0.0014));
#8227=CARTESIAN_POINT('',(0.00721328017325031,-0.00396523397247905,0.0014));
#8228=CARTESIAN_POINT('',(0.00790299614054086,-0.00383089560628285,0.0014));
#8229=CARTESIAN_POINT('',(0.00790299614054086,-0.00383089560628285,0.0014));
#8230=CARTESIAN_POINT('',(0.00790299614054086,-0.00383089560628285,0.0014));
#8231=CARTESIAN_POINT('',(0.0085927121078314,-0.00369655724008664,0.0014));
#8232=CARTESIAN_POINT('',(0.00924688819562024,-0.00405248258967329,0.0014));
#8233=CARTESIAN_POINT('',(-0.00705413528662741,0.005722395959472,0.0014));
#8234=CARTESIAN_POINT('',(-0.00730893659638212,0.00536622666627206,0.0014));
#8235=CARTESIAN_POINT('',(-0.00679933397687271,0.00607856525267194,0.0014));
#8236=CARTESIAN_POINT('',(-0.00649181219689032,0.00585856607303007,0.0014));
#8237=CARTESIAN_POINT('',(-0.00618429041690793,0.00563856689338821,0.0014));
#8238=CARTESIAN_POINT('',(-0.0066827066374525,0.0049418650076654,0.0014));
#8239=CARTESIAN_POINT('',(-0.00718112285799707,0.00424516312194259,0.0014));
#8240=CARTESIAN_POINT('',(-0.00986079004439727,0.00616218045565807,0.0014));
#8241=CARTESIAN_POINT('',(-0.0125404572307975,0.00807919778937354,0.0014));
#8242=CARTESIAN_POINT('',(-0.0122968423200076,0.00841973038189641,0.0014));
#8243=CARTESIAN_POINT('',(-0.0120532274092177,0.00876026297441928,0.0014));
#8244=CARTESIAN_POINT('',(-0.00968108200279993,0.00706324482034567,0.0014));
#8245=CARTESIAN_POINT('',(-0.0145473640409548,0.00215774841150137,0.0014));
#8246=CARTESIAN_POINT('',(-0.0148435800290786,0.00215557542496148,0.0014));
#8247=CARTESIAN_POINT('',(-0.014251148052831,0.00215992139804126,0.0014));
#8248=CARTESIAN_POINT('',(-0.014251148052831,0.00215992139804126,0.0014));
#8249=CARTESIAN_POINT('',(-0.0133127072917648,0.00100893756085803,0.0014));
#8250=CARTESIAN_POINT('',(-0.0127111868791745,0.000356797709103872,0.0014));
#8251=CARTESIAN_POINT('',(-0.0127111868791745,0.000356797709103872,0.0014));
#8252=CARTESIAN_POINT('',(-0.00728817705592558,0.00528414536921056,0.0014));
#8253=CARTESIAN_POINT('',(-0.0114541151550431,-0.00074128989460181,0.0014));
#8254=CARTESIAN_POINT('',(-0.0114541151550431,-0.00074128989460181,0.0014));
#8255=CARTESIAN_POINT('',(-0.0107985638435018,-0.00118723764655334,0.0014));
#8256=CARTESIAN_POINT('',(-0.0101705289840662,-0.00118263049720674,0.0014));
#8257=CARTESIAN_POINT('',(-0.0101705289840662,-0.00118263049720674,0.0014));
#8258=CARTESIAN_POINT('',(-0.0101705289840662,-0.00118263049720674,0.0014));
#8259=CARTESIAN_POINT('',(-0.00957809700781859,-0.00117828452412697,0.0014));
#8260=CARTESIAN_POINT('',(-0.00923841440992471,-0.000888817993470612,0.0014));
#8261=CARTESIAN_POINT('',(-0.00923841440992471,-0.000888817993470612,0.0014));
#8262=CARTESIAN_POINT('',(-0.00923841440992471,-0.000888817993470612,0.0014));
#8263=CARTESIAN_POINT('',(-0.00889873181203083,-0.000599351462814257,0.0014));
#8264=CARTESIAN_POINT('',(-0.00890341209073213,3.86522039139558E-5,0.0014));
#8265=CARTESIAN_POINT('',(-0.00890341209073213,3.86522039139558E-5,0.0014));
#8266=CARTESIAN_POINT('',(-0.00890341209073213,3.86522039139558E-5,0.0014));
#8267=CARTESIAN_POINT('',(-0.00890795655777469,0.00065814237138443,0.0014));
#8268=CARTESIAN_POINT('',(-0.00929782321902108,0.000997088452205898,0.0014));
#8269=CARTESIAN_POINT('',(-0.00929782321902108,0.000997088452205898,0.0014));
#8270=CARTESIAN_POINT('',(-0.00929782321902108,0.000997088452205898,0.0014));
#8271=CARTESIAN_POINT('',(-0.00968768988026748,0.00133603453302737,0.0014));
#8272=CARTESIAN_POINT('',(-0.0103344367329236,0.00135834976324488,0.0014));
#8273=CARTESIAN_POINT('',(-0.0103344367329236,0.00135834976324488,0.0014));
#8274=CARTESIAN_POINT('',(-0.0103373775776879,0.00175923822794129,0.0014));
#8275=CARTESIAN_POINT('',(-0.0103403184224522,0.0021601266926377,0.0014));
#8276=CARTESIAN_POINT('',(-0.0103403184224522,0.0021601266926377,0.0014));
#8277=CARTESIAN_POINT('',(-0.00931896655635477,0.00213201434478195,0.0014));
#8278=CARTESIAN_POINT('',(-0.00875928351137221,0.00155291346792549,0.0014));
#8279=CARTESIAN_POINT('',(-0.00875928351137221,0.00155291346792549,0.0014));
#8280=CARTESIAN_POINT('',(-0.00875928351137221,0.00155291346792549,0.0014));
#8281=CARTESIAN_POINT('',(-0.00819960046638965,0.000973812591069027,0.0014));
#8282=CARTESIAN_POINT('',(-0.00819284122460452,5.24099741646658E-5,0.0014));
#8283=CARTESIAN_POINT('',(-0.00819284122460452,5.24099741646658E-5,0.0014));
#8284=CARTESIAN_POINT('',(-0.00819284122460452,5.24099741646658E-5,0.0014));
#8285=CARTESIAN_POINT('',(-0.00818595661821131,-0.000886082026669916,0.0014));
#8286=CARTESIAN_POINT('',(-0.00870100364648147,-0.00144102260838965,0.0014));
#8287=CARTESIAN_POINT('',(-0.00870100364648147,-0.00144102260838965,0.0014));
#8288=CARTESIAN_POINT('',(-0.00870100364648147,-0.00144102260838965,0.0014));
#8289=CARTESIAN_POINT('',(-0.00921605067475163,-0.00199596319010939,0.0014));
#8290=CARTESIAN_POINT('',(-0.0101274844843634,-0.00200264930253982,0.0014));
#8291=CARTESIAN_POINT('',(-0.0101274844843634,-0.00200264930253982,0.0014));
#8292=CARTESIAN_POINT('',(-0.0101274844843634,-0.00200264930253982,0.0014));
#8293=CARTESIAN_POINT('',(-0.0108836897232756,-0.00200819668644694,0.0014));
#8294=CARTESIAN_POINT('',(-0.0116026141668914,-0.00156271382825034,0.0014));
#8295=CARTESIAN_POINT('',(-0.0116026141668914,-0.00156271382825034,0.0014));
#8296=CARTESIAN_POINT('',(-0.00823961267015013,0.00393029494979651,0.0014));
#8297=CARTESIAN_POINT('',(-0.0128683419352381,-0.000546580761706334,0.0014));
#8298=CARTESIAN_POINT('',(-0.0128683419352381,-0.000546580761706334,0.0014));
#8299=CARTESIAN_POINT('',(-0.0134151452599689,2.40694466410733E-5,0.0014));
#8300=CARTESIAN_POINT('',(-0.0141408738011374,0.000911713996405433,0.0014));
#8301=CARTESIAN_POINT('',(-0.0141408738011374,0.000911713996405433,0.0014));
#8302=CARTESIAN_POINT('',(-0.0141293715983469,-0.000656236979192252,0.0014));
#8303=CARTESIAN_POINT('',(-0.0141178693955564,-0.00222418795478993,0.0014));
#8304=CARTESIAN_POINT('',(-0.0144646414778072,-0.0022267318116287,0.0014));
#8305=CARTESIAN_POINT('',(-0.0148114135600579,-0.00222927566846747,0.0014));
#8306=CARTESIAN_POINT('',(-0.0148274967945683,-3.68501217529915E-5,0.0014));
#8307=CARTESIAN_POINT('',(-0.00906573503859397,-0.00450482514459839,0.0014));
#8308=CARTESIAN_POINT('',(-0.00882476017743895,-0.0048314331152835,0.0014));
#8309=CARTESIAN_POINT('',(-0.009306709899749,-0.00417821717391327,0.0014));
#8310=CARTESIAN_POINT('',(-0.009306709899749,-0.00417821717391327,0.0014));
#8311=CARTESIAN_POINT('',(-0.00859367143137879,-0.00373177214044141,0.0014));
#8312=CARTESIAN_POINT('',(-0.00786581297565554,-0.00391949612370784,0.0014));
#8313=CARTESIAN_POINT('',(-0.00786581297565554,-0.00391949612370784,0.0014));
#8314=CARTESIAN_POINT('',(-0.00786581297565554,-0.00391949612370784,0.0014));
#8315=CARTESIAN_POINT('',(-0.00713795451993228,-0.00410722010697426,0.0014));
#8316=CARTESIAN_POINT('',(-0.00658582615384726,-0.00485555345735104,0.0014));
#8317=CARTESIAN_POINT('',(-0.00658582615384726,-0.00485555345735104,0.0014));
#8318=CARTESIAN_POINT('',(-0.00658582615384726,-0.00485555345735104,0.0014));
#8319=CARTESIAN_POINT('',(-0.00621802241840012,-0.00535406035997569,0.0014));
#8320=CARTESIAN_POINT('',(-0.00612991161282615,-0.00585008765790033,0.0014));
#8321=CARTESIAN_POINT('',(-0.00612991161282615,-0.00585008765790033,0.0014));
#8322=CARTESIAN_POINT('',(-0.00612991161282615,-0.00585008765790033,0.0014));
#8323=CARTESIAN_POINT('',(-0.00604180080725219,-0.00634611495582496,0.0014));
#8324=CARTESIAN_POINT('',(-0.00621167918535985,-0.00675993548018215,0.0014));
#8325=CARTESIAN_POINT('',(-0.00621167918535985,-0.00675993548018215,0.0014));
#8326=CARTESIAN_POINT('',(-0.00621167918535985,-0.00675993548018215,0.0014));
#8327=CARTESIAN_POINT('',(-0.00638155756346752,-0.00717375600453934,0.0014));
#8328=CARTESIAN_POINT('',(-0.00677119514253047,-0.00746123478626814,0.0014));
#8329=CARTESIAN_POINT('',(-0.00677119514253047,-0.00746123478626814,0.0014));
#8330=CARTESIAN_POINT('',(-0.00677119514253047,-0.00746123478626814,0.0014));
#8331=CARTESIAN_POINT('',(-0.00722500832285084,-0.00779606301439933,0.0014));
#8332=CARTESIAN_POINT('',(-0.00774698863527015,-0.00777943406937171,0.0014));
#8333=CARTESIAN_POINT('',(-0.00774698863527015,-0.00777943406937171,0.0014));
#8334=CARTESIAN_POINT('',(-0.00770961799893298,-0.00632465548218359,0.0014));
#8335=CARTESIAN_POINT('',(-0.00867321680055333,-0.00741507524497937,0.0014));
#8336=CARTESIAN_POINT('',(-0.00869218516309331,-0.00742907030615262,0.0014));
#8337=CARTESIAN_POINT('',(-0.00871052104916686,-0.00744259871941045,0.0014));
#8338=CARTESIAN_POINT('',(-0.00871052104916686,-0.00744259871941045,0.0014));
#8339=CARTESIAN_POINT('',(-0.00847567357818227,-0.0080055753918414,0.0014));
#8340=CARTESIAN_POINT('',(-0.00861515465858771,-0.0085385549359963,0.0014));
#8341=CARTESIAN_POINT('',(-0.00861515465858771,-0.0085385549359963,0.0014));
#8342=CARTESIAN_POINT('',(-0.00861515465858771,-0.0085385549359963,0.0014));
#8343=CARTESIAN_POINT('',(-0.00875463573899314,-0.0090715344801512,0.0014));
#8344=CARTESIAN_POINT('',(-0.00931158827847723,-0.00948246003285766,0.0014));
#8345=CARTESIAN_POINT('',(-0.00931158827847723,-0.00948246003285766,0.0014));
#8346=CARTESIAN_POINT('',(-0.00931158827847723,-0.00948246003285766,0.0014));
#8347=CARTESIAN_POINT('',(-0.0097298756795301,-0.00979107696030182,0.0014));
#8348=CARTESIAN_POINT('',(-0.010204139657957,-0.00984631716197564,0.0014));
#8349=CARTESIAN_POINT('',(-0.010204139657957,-0.00984631716197564,0.0014));
#8350=CARTESIAN_POINT('',(-0.010204139657957,-0.00984631716197564,0.0014));
#8351=CARTESIAN_POINT('',(-0.010678403636384,-0.00990155736364947,0.0014));
#8352=CARTESIAN_POINT('',(-0.0111503487888511,-0.00966129478164775,0.0014));
#8353=CARTESIAN_POINT('',(-0.0111503487888511,-0.00966129478164775,0.0014));
#8354=CARTESIAN_POINT('',(-0.0111503487888511,-0.00966129478164775,0.0014));
#8355=CARTESIAN_POINT('',(-0.0116222939413182,-0.00942103219964604,0.0014));
#8356=CARTESIAN_POINT('',(-0.012017154503281,-0.00888585352487428,0.0014));
#8357=CARTESIAN_POINT('',(-0.012017154503281,-0.00888585352487428,0.0014));
#8358=CARTESIAN_POINT('',(-0.012017154503281,-0.00888585352487428,0.0014));
#8359=CARTESIAN_POINT('',(-0.0125912665409099,-0.00810772435962799,0.0014));
#8360=CARTESIAN_POINT('',(-0.0125522428041002,-0.00730905578784532,0.0014));
#8361=CARTESIAN_POINT('',(-0.0125522428041002,-0.00730905578784532,0.0014));
#8362=CARTESIAN_POINT('',(-0.0125522428041002,-0.00730905578784532,0.0014));
#8363=CARTESIAN_POINT('',(-0.0125132190672904,-0.00651038721606265,0.0014));
#8364=CARTESIAN_POINT('',(-0.011808007534173,-0.00589981321311819,0.0014));
#8365=CARTESIAN_POINT('',(-0.011808007534173,-0.00589981321311819,0.0014));
#8366=CARTESIAN_POINT('',(-0.0115699920134181,-0.00622241020872472,0.0014));
#8367=CARTESIAN_POINT('',(-0.0113319764926632,-0.00654500720433124,0.0014));
#8368=CARTESIAN_POINT('',(-0.0113319764926632,-0.00654500720433124,0.0014));
#8369=CARTESIAN_POINT('',(-0.0117339890961408,-0.00692125880210093,0.0014));
#8370=CARTESIAN_POINT('',(-0.0117854416809,-0.00743442066662593,0.0014));
#8371=CARTESIAN_POINT('',(-0.0117854416809,-0.00743442066662593,0.0014));
#8372=CARTESIAN_POINT('',(-0.0117854416809,-0.00743442066662593,0.0014));
#8373=CARTESIAN_POINT('',(-0.0118368942656591,-0.00794758253115093,0.0014));
#8374=CARTESIAN_POINT('',(-0.01145809869444,-0.00846098734121034,0.0014));
#8375=CARTESIAN_POINT('',(-0.01145809869444,-0.00846098734121034,0.0014));
#8376=CARTESIAN_POINT('',(-0.01145809869444,-0.00846098734121034,0.0014));
#8377=CARTESIAN_POINT('',(-0.0110793031232209,-0.00897439215126975,0.0014));
#8378=CARTESIAN_POINT('',(-0.0106142835048536,-0.00904455120767423,0.0014));
#8379=CARTESIAN_POINT('',(-0.0106142835048536,-0.00904455120767423,0.0014));
#8380=CARTESIAN_POINT('',(-0.0106142835048536,-0.00904455120767423,0.0014));
#8381=CARTESIAN_POINT('',(-0.0101492638864863,-0.00911471026407871,0.0014));
#8382=CARTESIAN_POINT('',(-0.00972410052815586,-0.00880102018166287,0.0014));
#8383=CARTESIAN_POINT('',(-0.00972410052815586,-0.00880102018166287,0.0014));
#8384=CARTESIAN_POINT('',(-0.00972410052815586,-0.00880102018166287,0.0014));
#8385=CARTESIAN_POINT('',(-0.00917402394594935,-0.00839516778392809,0.0014));
#8386=CARTESIAN_POINT('',(-0.00920221471707112,-0.00784962134970519,0.0014));
#8387=CARTESIAN_POINT('',(-0.00920221471707112,-0.00784962134970519,0.0014));
#8388=CARTESIAN_POINT('',(-0.00920221471707112,-0.00784962134970519,0.0014));
#8389=CARTESIAN_POINT('',(-0.0092304054881929,-0.0073040749154823,0.0014));
#8390=CARTESIAN_POINT('',(-0.00977661517347762,-0.0065637635152627,0.0014));
#8391=CARTESIAN_POINT('',(-0.00977661517347762,-0.0065637635152627,0.0014));
#8392=CARTESIAN_POINT('',(-0.00983876132188076,-0.00647953303861232,0.0014));
#8393=CARTESIAN_POINT('',(-0.0099009074702839,-0.00639530256196195,0.0014));
#8394=CARTESIAN_POINT('',(-0.00962243120054185,-0.00618983978560872,0.0014));
#8395=CARTESIAN_POINT('',(-0.00934395493079981,-0.00598437700925549,0.0014));
#8396=CARTESIAN_POINT('',(-0.00927927220491082,-0.00607204546454465,0.0014));
#8397=CARTESIAN_POINT('',(-0.00921458947902184,-0.00615971391983381,0.0014));
#8398=CARTESIAN_POINT('',(-0.00921458947902184,-0.00615971391983381,0.0014));
#8399=CARTESIAN_POINT('',(-0.00870969880869054,-0.0068296305709447,0.0014));
#8400=CARTESIAN_POINT('',(-0.00823860288003388,-0.0070147700460953,0.0014));
#8401=CARTESIAN_POINT('',(-0.00823860288003388,-0.0070147700460953,0.0014));
#8402=CARTESIAN_POINT('',(-0.00823860288003388,-0.0070147700460953,0.0014));
#8403=CARTESIAN_POINT('',(-0.00776750695137721,-0.0071999095212459,0.0014));
#8404=CARTESIAN_POINT('',(-0.00731254777817724,-0.00686423576728609,0.0014));
#8405=CARTESIAN_POINT('',(-0.00731254777817724,-0.00686423576728609,0.0014));
#8406=CARTESIAN_POINT('',(-0.00731254777817724,-0.00686423576728609,0.0014));
#8407=CARTESIAN_POINT('',(-0.00692405619199389,-0.0065776025113859,0.0014));
#8408=CARTESIAN_POINT('',(-0.00687598885980025,-0.00615100529012909,0.0014));
#8409=CARTESIAN_POINT('',(-0.00687598885980025,-0.00615100529012909,0.0014));
#8410=CARTESIAN_POINT('',(-0.00687598885980025,-0.00615100529012909,0.0014));
#8411=CARTESIAN_POINT('',(-0.00682792152760661,-0.00572440806887228,0.0014));
#8412=CARTESIAN_POINT('',(-0.00717374159150978,-0.00525569698111715,0.0014));
#8413=CARTESIAN_POINT('',(-0.00717374159150978,-0.00525569698111715,0.0014));
#8414=CARTESIAN_POINT('',(-0.00717374159150978,-0.00525569698111715,0.0014));
#8415=CARTESIAN_POINT('',(-0.00750941534546959,-0.00480073780791718,0.0014));
#8416=CARTESIAN_POINT('',(-0.0079502294250545,-0.00469502133660123,0.0014));
#8417=CARTESIAN_POINT('',(-0.0079502294250545,-0.00469502133660123,0.0014));
#8418=CARTESIAN_POINT('',(-0.0079502294250545,-0.00469502133660123,0.0014));
#8419=CARTESIAN_POINT('',(-0.0083910435046394,-0.00458930486528528,0.0014));
#8420=CARTESIAN_POINT('',(-0.00882476017743895,-0.0048314331152835,0.0014));
#8421=CARTESIAN_POINT('',(0.00862802851436334,0.00206998012472046,0.0014));
#8422=CARTESIAN_POINT('',(0.00831401108464554,0.00206767655004717,0.0014));
#8423=CARTESIAN_POINT('',(0.00894204594408113,0.00207228369939376,0.0014));
#8424=CARTESIAN_POINT('',(0.0119227552265213,0.000827330886794477,0.0014));
#8425=CARTESIAN_POINT('',(0.0149034645089616,-0.00041762192580481,0.0014));
#8426=CARTESIAN_POINT('',(0.0149065411653846,-0.000837023889758957,0.0014));
#8427=CARTESIAN_POINT('',(0.0149096178218077,-0.0012564258537131,0.0014));
#8428=CARTESIAN_POINT('',(0.0119700720722068,7.34342261342379E-6,0.0014));
#8429=CARTESIAN_POINT('',(0.00903052632260583,0.00127111269893995,0.0014));
#8430=CARTESIAN_POINT('',(0.00904343365371176,-0.000488381788208941,0.0014));
#8431=CARTESIAN_POINT('',(0.00905634098481769,-0.00224787627535783,0.0014));
#8432=CARTESIAN_POINT('',(0.00870102421060187,-0.00225048281450064,0.0014));
#8433=CARTESIAN_POINT('',(0.00834570743638605,-0.00225308935364344,0.0014));
#8434=CARTESIAN_POINT('',(0.0083298592605158,-9.27064017981318E-5,0.0014));
#8435=CARTESIAN_POINT('',(-0.00499875889836603,-0.0125074626884114,0.0014));
#8436=CARTESIAN_POINT('',(-0.00339131020395107,-0.0130167485698126,0.0014));
#8437=CARTESIAN_POINT('',(-0.006606207592781,-0.0119981768070102,0.0014));
#8438=CARTESIAN_POINT('',(-0.00651114663012081,-0.0116981378192857,0.0014));
#8439=CARTESIAN_POINT('',(-0.00641608566746061,-0.0113980988315613,0.0014));
#8440=CARTESIAN_POINT('',(-0.00422258530478585,-0.0097700121128099,0.0014));
#8441=CARTESIAN_POINT('',(-0.0020290849421111,-0.00814192539405846,0.0014));
#8442=CARTESIAN_POINT('',(-0.00155526771715263,-0.00829204428984311,0.0014));
#8443=CARTESIAN_POINT('',(-0.00108145049219416,-0.00844216318562776,0.0014));
#8444=CARTESIAN_POINT('',(-0.00173655386835469,-0.0105098526802173,0.0014));
#8445=CARTESIAN_POINT('',(-0.00239165724451522,-0.0125775421748068,0.0014));
#8446=CARTESIAN_POINT('',(-0.00195721165143009,-0.012715187007618,0.0014));
#8447=CARTESIAN_POINT('',(-0.00152276605834496,-0.0128528318404291,0.0014));
#8448=CARTESIAN_POINT('',(-0.00163159150428627,-0.013196315387462,0.0014));
#8449=CARTESIAN_POINT('',(-0.00174041695022758,-0.013539798934495,0.0014));
#8450=CARTESIAN_POINT('',(-0.00217486254331271,-0.0134021541016838,0.0014));
#8451=CARTESIAN_POINT('',(-0.00260930813639784,-0.0132645092688727,0.0014));
#8452=CARTESIAN_POINT('',(-0.00283083028920326,-0.013963695145244,0.0014));
#8453=CARTESIAN_POINT('',(-0.00305235244200869,-0.0146628810216154,0.0014));
#8454=CARTESIAN_POINT('',(-0.00344335347578531,-0.0145390006720854,0.0014));
#8455=CARTESIAN_POINT('',(-0.00383435450956193,-0.0144151203225554,0.0014));
#8456=CARTESIAN_POINT('',(-0.0036128323567565,-0.013715934446184,0.0014));
#8457=CARTESIAN_POINT('',(-0.000689770415433428,0.00959555462744823,0.0014));
#8458=CARTESIAN_POINT('',(-0.00106371109831204,0.00947101392440706,0.0014));
#8459=CARTESIAN_POINT('',(-0.00031582973255481,0.00972009533048941,0.0014));
#8460=CARTESIAN_POINT('',(-0.000208299467002184,0.00939722947258934,0.0014));
#8461=CARTESIAN_POINT('',(-0.000100769201449557,0.00907436361468926,0.0014));
#8462=CARTESIAN_POINT('',(-0.000832233659177974,0.00883074984922823,0.0014));
#8463=CARTESIAN_POINT('',(-0.00156369811690639,0.00858713608376719,0.0014));
#8464=CARTESIAN_POINT('',(-0.00250068971523409,0.0114005076930019,0.0014));
#8465=CARTESIAN_POINT('',(-0.00343768131356178,0.0142138793022367,0.0014));
#8466=CARTESIAN_POINT('',(-0.00308015753871198,0.0143329523646565,0.0014));
#8467=CARTESIAN_POINT('',(-0.00272263376386218,0.0144520254270764,0.0014));
#8468=CARTESIAN_POINT('',(-0.00189317243108711,0.0119615196757417,0.0014));
#8469=CARTESIAN_POINT('',(-0.0158353710463989,0.00230217660809335,0.0014));
#8470=CARTESIAN_POINT('',(-0.015115286547409,0.00329805120575613,0.0014));
#8471=CARTESIAN_POINT('',(-0.0166526508586611,0.00117188119782392,0.0014));
#8472=CARTESIAN_POINT('',(-0.0150319428472701,6.07153216591882E-18,0.0014));
#8473=CARTESIAN_POINT('',(-0.0166526508586611,-0.00117188119782391,0.0014));
#8474=CARTESIAN_POINT('',(-0.0158353710463989,-0.00230217660809335,0.0014));
#8475=CARTESIAN_POINT('',(-0.015115286547409,-0.00329805120575613,0.0014));
#8476=CARTESIAN_POINT('',(-0.0191670565758863,-0.00622775420031591,0.0014));
#8477=CARTESIAN_POINT('',(-0.0141670695517497,-0.0062163630429663,0.0014));
#8478=CARTESIAN_POINT('',(-0.0141642697471797,-0.00744529756565249,0.0014));
#8479=CARTESIAN_POINT('',(-0.0141610920315691,-0.00884011078186857,0.0014));
#8480=CARTESIAN_POINT('',(-0.0121610972219145,-0.00883555431892872,0.0014));
#8481=CARTESIAN_POINT('',(-0.0127834630605296,-0.0107362543907246,0.0014));
#8482=CARTESIAN_POINT('',(-0.0114578988303597,-0.0111702975656525,0.0014));
#8483=CARTESIAN_POINT('',(-0.010289977831652,-0.0115527219905173,0.0014));
#8484=CARTESIAN_POINT('',(-0.0118458924281899,-0.0163044721700069,0.0014));
#8485=CARTESIAN_POINT('',(-0.00780751350830584,-0.0133563378956843,0.0014));
#8486=CARTESIAN_POINT('',(-0.00708289883035972,-0.0143489211256759,0.0014));
#8487=CARTESIAN_POINT('',(-0.00626047736623304,-0.0154754809072017,0.0014));
#8488=CARTESIAN_POINT('',(-0.00464512579827941,-0.0142962271974726,0.0014));
#8489=CARTESIAN_POINT('',(-0.00403142686720464,-0.0161997433182338,0.0014));
#8490=CARTESIAN_POINT('',(-0.00270389870078081,-0.0157717445175826,0.0014));
#8491=CARTESIAN_POINT('',(-0.00153424732768695,-0.0153946456374792,0.0014));
#8492=CARTESIAN_POINT('',(-5.20417042793042E-18,-0.0201534359393821,0.0014));
#8493=CARTESIAN_POINT('',(0.00153424732768694,-0.0153946456374792,0.0014));
#8494=CARTESIAN_POINT('',(0.00270389870078081,-0.0157717445175826,0.0014));
#8495=CARTESIAN_POINT('',(0.00403142686720464,-0.0161997433182338,0.0014));
#8496=CARTESIAN_POINT('',(0.00464512579827941,-0.0142962271974726,0.0014));
#8497=CARTESIAN_POINT('',(0.00626047736623304,-0.0154754809072017,0.0014));
#8498=CARTESIAN_POINT('',(0.00708289883035971,-0.014348921125676,0.0014));
#8499=CARTESIAN_POINT('',(0.00780751350830584,-0.0133563378956843,0.0014));
#8500=CARTESIAN_POINT('',(0.0118458924281899,-0.0163044721700069,0.0014));
#8501=CARTESIAN_POINT('',(0.010289977831652,-0.0115527219905173,0.0014));
#8502=CARTESIAN_POINT('',(0.0114578988303597,-0.0111702975656525,0.0014));
#8503=CARTESIAN_POINT('',(0.0127834630605296,-0.0107362543907246,0.0014));
#8504=CARTESIAN_POINT('',(0.0121610972219145,-0.00883555431892872,0.0014));
#8505=CARTESIAN_POINT('',(0.0141610920315691,-0.00884011078186856,0.0014));
#8506=CARTESIAN_POINT('',(0.0141642697471797,-0.00744529756565249,0.0014));
#8507=CARTESIAN_POINT('',(0.0141670695517497,-0.0062163630429663,0.0014));
#8508=CARTESIAN_POINT('',(0.0191670565758863,-0.00622775420031591,0.0014));
#8509=CARTESIAN_POINT('',(0.015115286547409,-0.00329805120575613,0.0014));
#8510=CARTESIAN_POINT('',(0.0158353710463989,-0.00230217660809334,0.0014));
#8511=CARTESIAN_POINT('',(0.0166526508586611,-0.00117188119782391,0.0014));
#8512=CARTESIAN_POINT('',(0.0150319428472701,4.55364912443912E-18,0.0014));
#8513=CARTESIAN_POINT('',(0.0166526508586611,0.00117188119782392,0.0014));
#8514=CARTESIAN_POINT('',(0.0158353710463989,0.00230217660809336,0.0014));
#8515=CARTESIAN_POINT('',(0.015115286547409,0.00329805120575613,0.0014));
#8516=CARTESIAN_POINT('',(0.0191670565758863,0.00622775420031591,0.0014));
#8517=CARTESIAN_POINT('',(0.0141670695517497,0.0062163630429663,0.0014));
#8518=CARTESIAN_POINT('',(0.0141642697471797,0.0074452975656525,0.0014));
#8519=CARTESIAN_POINT('',(0.0141610920315691,0.00884011078186857,0.0014));
#8520=CARTESIAN_POINT('',(0.0121610972219145,0.00883555431892872,0.0014));
#8521=CARTESIAN_POINT('',(0.0127834630605296,0.0107362543907246,0.0014));
#8522=CARTESIAN_POINT('',(0.0114578988303597,0.0111702975656525,0.0014));
#8523=CARTESIAN_POINT('',(0.010289977831652,0.0115527219905173,0.0014));
#8524=CARTESIAN_POINT('',(0.0118458924281899,0.0163044721700069,0.0014));
#8525=CARTESIAN_POINT('',(0.00780751350830584,0.0133563378956843,0.0014));
#8526=CARTESIAN_POINT('',(0.00708289883035971,0.0143489211256759,0.0014));
#8527=CARTESIAN_POINT('',(0.00626047736623304,0.0154754809072017,0.0014));
#8528=CARTESIAN_POINT('',(0.00464512579827941,0.0142962271974726,0.0014));
#8529=CARTESIAN_POINT('',(0.00403142686720463,0.0161997433182338,0.0014));
#8530=CARTESIAN_POINT('',(0.0027038987007808,0.0157717445175826,0.0014));
#8531=CARTESIAN_POINT('',(0.00153424732768693,0.0153946456374792,0.0014));
#8532=CARTESIAN_POINT('',(-9.75781955236954E-18,0.0201534359393821,0.0014));
#8533=CARTESIAN_POINT('',(-0.00153424732768695,0.0153946456374792,0.0014));
#8534=CARTESIAN_POINT('',(-0.00270389870078079,0.0157717445175826,0.0014));
#8535=CARTESIAN_POINT('',(-0.00403142686720464,0.0161997433182338,0.0014));
#8536=CARTESIAN_POINT('',(-0.00464512579827941,0.0142962271974726,0.0014));
#8537=CARTESIAN_POINT('',(-0.00626047736623304,0.0154754809072017,0.0014));
#8538=CARTESIAN_POINT('',(-0.00708289883035971,0.0143489211256759,0.0014));
#8539=CARTESIAN_POINT('',(-0.00780751350830583,0.0133563378956843,0.0014));
#8540=CARTESIAN_POINT('',(-0.0118458924281899,0.016304472170007,0.0014));
#8541=CARTESIAN_POINT('',(-0.010289977831652,0.0115527219905173,0.0014));
#8542=CARTESIAN_POINT('',(-0.0114578988303597,0.0111702975656525,0.0014));
#8543=CARTESIAN_POINT('',(-0.0127834630605296,0.0107362543907246,0.0014));
#8544=CARTESIAN_POINT('',(-0.0121610972219145,0.00883555431892872,0.0014));
#8545=CARTESIAN_POINT('',(-0.0141610920315691,0.00884011078186857,0.0014));
#8546=CARTESIAN_POINT('',(-0.0141642697471797,0.0074452975656525,0.0014));
#8547=CARTESIAN_POINT('',(-0.0141670695517497,0.00621636304296631,0.0014));
#8548=CARTESIAN_POINT('',(-0.0191670565758863,0.00622775420031592,0.0014));
#8549=CARTESIAN_POINT('',(0.,3.15346550780443E-19,0.0014));
#8550=CARTESIAN_POINT('',(0.00515,3.15346550780443E-19,0.0014));
#8551=CARTESIAN_POINT('',(0.0109248128141323,0.00553047071132887,0.0014));
#8552=CARTESIAN_POINT('',(0.0103780992966004,0.00553504564069142,0.0014));
#8553=CARTESIAN_POINT('',(0.009910636361487,0.00589276934360076,0.0014));
#8554=CARTESIAN_POINT('',(0.0109248128141323,0.00553047071132887,0.0014));
#8555=CARTESIAN_POINT('',(0.009910636361487,0.00589276934360076,0.0014));
#8556=CARTESIAN_POINT('',(0.009910636361487,0.00589276934360076,0.0014));
#8557=CARTESIAN_POINT('',(0.0100525951379363,0.00536213875799089,0.0014));
#8558=CARTESIAN_POINT('',(0.00990666401241866,0.00491466167721108,0.0014));
#8559=CARTESIAN_POINT('',(0.00990666401241866,0.00491466167721108,0.0014));
#8560=CARTESIAN_POINT('',(0.00990666401241866,0.00491466167721108,0.0014));
#8561=CARTESIAN_POINT('',(0.009760732886901,0.00446718459643127,0.0014));
#8562=CARTESIAN_POINT('',(0.00932067162113579,0.00414250267824345,0.0014));
#8563=CARTESIAN_POINT('',(0.00932067162113579,0.00414250267824345,0.0014));
#8564=CARTESIAN_POINT('',(0.00832375381391835,0.00545457617736716,0.0014));
#8565=CARTESIAN_POINT('',(0.00845986909235688,0.00381357409227281,0.0014));
#8566=CARTESIAN_POINT('',(0.00845986909235688,0.00381357409227281,0.0014));
#8567=CARTESIAN_POINT('',(0.0079944341070389,0.00377635191717404,0.0014));
#8568=CARTESIAN_POINT('',(0.00751747167492447,0.00403061100545756,0.0014));
#8569=CARTESIAN_POINT('',(0.00751747167492447,0.00403061100545756,0.0014));
#8570=CARTESIAN_POINT('',(0.00751747167492447,0.00403061100545756,0.0014));
#8571=CARTESIAN_POINT('',(0.00704050924281004,0.0042848700937411,0.0014));
#8572=CARTESIAN_POINT('',(0.00662958369010357,0.00484182263322519,0.0014));
#8573=CARTESIAN_POINT('',(0.00662958369010357,0.00484182263322519,0.0014));
#8574=CARTESIAN_POINT('',(0.00662958369010357,0.00484182263322519,0.0014));
#8575=CARTESIAN_POINT('',(0.00621865813739711,0.00539877517270928,0.0014));
#8576=CARTESIAN_POINT('',(0.00611643537691086,0.00592952120694963,0.0014));
#8577=CARTESIAN_POINT('',(0.00611643537691086,0.00592952120694963,0.0014));
#8578=CARTESIAN_POINT('',(0.00611643537691086,0.00592952120694963,0.0014));
#8579=CARTESIAN_POINT('',(0.00601421261642462,0.00646026724118998,0.0014));
#8580=CARTESIAN_POINT('',(0.00618455908755627,0.00689744093126807,0.0014));
#8581=CARTESIAN_POINT('',(0.00618455908755627,0.00689744093126807,0.0014));
#8582=CARTESIAN_POINT('',(0.00769803481980053,0.00630427274403539,0.0014));
#8583=CARTESIAN_POINT('',(0.00675027310214885,0.00762632103221803,0.0014));
#8584=CARTESIAN_POINT('',(0.00675027310214885,0.00762632103221803,0.0014));
#8585=CARTESIAN_POINT('',(0.0071754364604793,0.00794001111463387,0.0014));
#8586=CARTESIAN_POINT('',(0.00766243235442694,0.00794801047130292,0.0014));
#8587=CARTESIAN_POINT('',(0.00766243235442694,0.00794801047130292,0.0014));
#8588=CARTESIAN_POINT('',(0.00766243235442694,0.00794801047130292,0.0014));
#8589=CARTESIAN_POINT('',(0.00814942824837458,0.00795600982797197,0.0014));
#8590=CARTESIAN_POINT('',(0.00859584369799204,0.00767478827137395,0.0014));
#8591=CARTESIAN_POINT('',(0.00859584369799204,0.00767478827137395,0.0014));
#8592=CARTESIAN_POINT('',(0.00859584369799204,0.00767478827137395,0.0014));
#8593=CARTESIAN_POINT('',(0.00839883508246345,0.00823205606983622,0.0014));
#8594=CARTESIAN_POINT('',(0.00854978663687951,0.00875668525912079,0.0014));
#8595=CARTESIAN_POINT('',(0.00854978663687951,0.00875668525912079,0.0014));
#8596=CARTESIAN_POINT('',(0.00854978663687951,0.00875668525912079,0.0014));
#8597=CARTESIAN_POINT('',(0.00870073819129557,0.00928131444840537,0.0014));
#8598=CARTESIAN_POINT('',(0.00919236913664264,0.00964404502888083,0.0014));
#8599=CARTESIAN_POINT('',(0.00919236913664264,0.00964404502888083,0.0014));
#8600=CARTESIAN_POINT('',(0.00919236913664264,0.00964404502888083,0.0014));
#8601=CARTESIAN_POINT('',(0.00966910217455495,0.0099957837735843,0.0014));
#8602=CARTESIAN_POINT('',(0.0101982657585357,0.0100233910030516,0.0014));
#8603=CARTESIAN_POINT('',(0.0101982657585357,0.0100233910030516,0.0014));
#8604=CARTESIAN_POINT('',(0.0101982657585357,0.0100233910030516,0.0014));
#8605=CARTESIAN_POINT('',(0.0107274293425164,0.0100509982325189,0.0014));
#8606=CARTESIAN_POINT('',(0.0112383245584241,0.00976514052706,0.0014));
#8607=CARTESIAN_POINT('',(0.0112383245584241,0.00976514052706,0.0014));
#8608=CARTESIAN_POINT('',(0.0112383245584241,0.00976514052706,0.0014));
#8609=CARTESIAN_POINT('',(0.0117492197743317,0.00947928282160105,0.0014));
#8610=CARTESIAN_POINT('',(0.0121601453270382,0.00892233028211696,0.0014));
#8611=CARTESIAN_POINT('',(0.0121601453270382,0.00892233028211696,0.0014));
#8612=CARTESIAN_POINT('',(0.0121601453270382,0.00892233028211696,0.0014));
#8613=CARTESIAN_POINT('',(0.0125710708797447,0.00836537774263287,0.0014));
#8614=CARTESIAN_POINT('',(0.012687978591583,0.00780033573499111,0.0014));
#8615=CARTESIAN_POINT('',(0.012687978591583,0.00780033573499111,0.0014));
#8616=CARTESIAN_POINT('',(0.012687978591583,0.00780033573499111,0.0014));
#8617=CARTESIAN_POINT('',(0.0128048863034213,0.00723529372734936,0.0014));
#8618=CARTESIAN_POINT('',(0.0126223883091724,0.00673782941724731,0.0014));
#8619=CARTESIAN_POINT('',(0.0126223883091724,0.00673782941724731,0.0014));
#8620=CARTESIAN_POINT('',(0.0126223883091724,0.00673782941724731,0.0014));
#8621=CARTESIAN_POINT('',(0.0124398903149234,0.00624036510714526,0.0014));
#8622=CARTESIAN_POINT('',(0.0119631572770111,0.00588862636244178,0.0014));
#8623=CARTESIAN_POINT('',(0.0119631572770111,0.00588862636244178,0.0014));
#8624=CARTESIAN_POINT('',(0.0119631572770111,0.00588862636244178,0.0014));
#8625=CARTESIAN_POINT('',(0.0114715263316641,0.00552589578196632,0.0014));
#8626=CARTESIAN_POINT('',(0.0109248128141323,0.00553047071132887,0.0014));
#8627=CARTESIAN_POINT('',(0.00551579302694783,0.0120269397170569,0.0014));
#8628=CARTESIAN_POINT('',(0.00588099885363501,0.011911232029475,0.0014));
#8629=CARTESIAN_POINT('',(0.00515058720026064,0.0121426474046388,0.0014));
#8630=CARTESIAN_POINT('',(0.00515058720026065,0.0121426474046388,0.0014));
#8631=CARTESIAN_POINT('',(0.00522069921906883,0.0126657158758137,0.0014));
#8632=CARTESIAN_POINT('',(0.00498907251071768,0.0130356456217162,0.0014));
#8633=CARTESIAN_POINT('',(0.00498907251071768,0.0130356456217162,0.0014));
#8634=CARTESIAN_POINT('',(0.00498907251071768,0.0130356456217162,0.0014));
#8635=CARTESIAN_POINT('',(0.00475744580236654,0.0134055753676187,0.0014));
#8636=CARTESIAN_POINT('',(0.00421846173844531,0.013576340988325,0.0014));
#8637=CARTESIAN_POINT('',(0.00421846173844531,0.013576340988325,0.0014));
#8638=CARTESIAN_POINT('',(0.00421846173844531,0.013576340988325,0.0014));
#8639=CARTESIAN_POINT('',(0.00349755358241968,0.013804745382771,0.0014));
#8640=CARTESIAN_POINT('',(0.00297581057397146,0.0133485764876504,0.0014));
#8641=CARTESIAN_POINT('',(0.00297581057397146,0.0133485764876504,0.0014));
#8642=CARTESIAN_POINT('',(0.00297581057397146,0.0133485764876504,0.0014));
#8643=CARTESIAN_POINT('',(0.00245406756552324,0.0128924075925298,0.0014));
#8644=CARTESIAN_POINT('',(0.0020462411341646,0.0115486104276058,0.0014));
#8645=CARTESIAN_POINT('',(0.0020462411341646,0.0115486104276058,0.0014));
#8646=CARTESIAN_POINT('',(0.0020462411341646,0.0115486104276058,0.0014));
#8647=CARTESIAN_POINT('',(0.00235340321827742,0.0118815425475402,0.0014));
#8648=CARTESIAN_POINT('',(0.00284935204201744,0.0119686681706125,0.0014));
#8649=CARTESIAN_POINT('',(0.00284935204201744,0.0119686681706125,0.0014));
#8650=CARTESIAN_POINT('',(0.00284935204201744,0.0119686681706125,0.0014));
#8651=CARTESIAN_POINT('',(0.00334530086575747,0.0120557937936848,0.0014));
#8652=CARTESIAN_POINT('',(0.00386663557745963,0.0118906199943114,0.0014));
#8653=CARTESIAN_POINT('',(0.00386663557745963,0.0118906199943114,0.0014));
#8654=CARTESIAN_POINT('',(0.00386663557745963,0.0118906199943114,0.0014));
#8655=CARTESIAN_POINT('',(0.00444906420068937,0.0117060898903239,0.0014));
#8656=CARTESIAN_POINT('',(0.00482952741538263,0.0113226177396754,0.0014));
#8657=CARTESIAN_POINT('',(0.00482952741538263,0.0113226177396754,0.0014));
#8658=CARTESIAN_POINT('',(0.00354067956657279,0.0100400718243135,0.0014));
#8659=CARTESIAN_POINT('',(0.00532462542111639,0.0103956390679265,0.0014));
#8660=CARTESIAN_POINT('',(0.00532462542111639,0.0103956390679265,0.0014));
#8661=CARTESIAN_POINT('',(0.0054392602121569,0.00985213254682604,0.0014));
#8662=CARTESIAN_POINT('',(0.00523279296294019,0.00920046415719835,0.0014));
#8663=CARTESIAN_POINT('',(0.00523279296294019,0.00920046415719835,0.0014));
#8664=CARTESIAN_POINT('',(0.00523279296294019,0.00920046415719835,0.0014));
#8665=CARTESIAN_POINT('',(0.00493857713280637,0.00827183670197889,0.0014));
#8666=CARTESIAN_POINT('',(0.00421914929587178,0.00787307130300018,0.0014));
#8667=CARTESIAN_POINT('',(0.00421914929587178,0.00787307130300018,0.0014));
#8668=CARTESIAN_POINT('',(0.00421914929587178,0.00787307130300018,0.0014));
#8669=CARTESIAN_POINT('',(0.00349972145893719,0.00747430590402146,0.0014));
#8670=CARTESIAN_POINT('',(0.00251000009219013,0.00778787803876935,0.0014));
#8671=CARTESIAN_POINT('',(0.00251000009219013,0.00778787803876935,0.0014));
#8672=CARTESIAN_POINT('',(0.00251000009219013,0.00778787803876935,0.0014));
#8673=CARTESIAN_POINT('',(0.00129355243155177,0.00817328357064054,0.0014));
#8674=CARTESIAN_POINT('',(0.00105264246410076,0.00911982103142092,0.0014));
#8675=CARTESIAN_POINT('',(0.00105264246410076,0.00911982103142092,0.0014));
#8676=CARTESIAN_POINT('',(0.00105264246410076,0.00911982103142092,0.0014));
#8677=CARTESIAN_POINT('',(0.000811732496649737,0.0100663584922013,0.0014));
#8678=CARTESIAN_POINT('',(0.00130725389476985,0.0116303626273077,0.0014));
#8679=CARTESIAN_POINT('',(0.00130725389476985,0.0116303626273077,0.0014));
#8680=CARTESIAN_POINT('',(0.00130725389476985,0.0116303626273077,0.0014));
#8681=CARTESIAN_POINT('',(0.00165394681741291,0.0127246224648909,0.0014));
#8682=CARTESIAN_POINT('',(0.002075270888132,0.0133754445912812,0.0014));
#8683=CARTESIAN_POINT('',(0.002075270888132,0.0133754445912812,0.0014));
#8684=CARTESIAN_POINT('',(0.002075270888132,0.0133754445912812,0.0014));
#8685=CARTESIAN_POINT('',(0.00249659495885108,0.0140262667176715,0.0014));
#8686=CARTESIAN_POINT('',(0.00307987603589708,0.0142522954141108,0.0014));
#8687=CARTESIAN_POINT('',(0.00307987603589708,0.0142522954141108,0.0014));
#8688=CARTESIAN_POINT('',(0.00307987603589708,0.0142522954141108,0.0014));
#8689=CARTESIAN_POINT('',(0.00366315711294308,0.0144783241105502,0.0014));
#8690=CARTESIAN_POINT('',(0.00447095438758574,0.014222390749542,0.0014));
#8691=CARTESIAN_POINT('',(0.00447095438758574,0.014222390749542,0.0014));
#8692=CARTESIAN_POINT('',(0.00447095438758574,0.014222390749542,0.0014));
#8693=CARTESIAN_POINT('',(0.00535749492597508,0.0139415092625867,0.0014));
#8694=CARTESIAN_POINT('',(0.00570162511449555,0.0133066179727679,0.0014));
#8695=CARTESIAN_POINT('',(0.00570162511449555,0.0133066179727679,0.0014));
#8696=CARTESIAN_POINT('',(0.00570162511449555,0.0133066179727679,0.0014));
#8697=CARTESIAN_POINT('',(0.00604575530301601,0.012671726682949,0.0014));
#8698=CARTESIAN_POINT('',(0.00588099885363502,0.011911232029475,0.0014));
#8699=CARTESIAN_POINT('',(-0.00483698115232324,0.0129088998926561,0.0014));
#8700=CARTESIAN_POINT('',(-0.00414950957053282,0.0122989183576078,0.0014));
#8701=CARTESIAN_POINT('',(-0.00369589790417145,0.0109369230248466,0.0014));
#8702=CARTESIAN_POINT('',(-0.00483698115232324,0.0129088998926561,0.0014));
#8703=CARTESIAN_POINT('',(-0.00369589790417145,0.0109369230248466,0.0014));
#8704=CARTESIAN_POINT('',(-0.00369589790417145,0.0109369230248466,0.0014));
#8705=CARTESIAN_POINT('',(-0.00325038644613797,0.00959924903731338,0.0014));
#8706=CARTESIAN_POINT('',(-0.00343605012201613,0.00870252323549469,0.0014));
#8707=CARTESIAN_POINT('',(-0.00343605012201613,0.00870252323549469,0.0014));
#8708=CARTESIAN_POINT('',(-0.00343605012201613,0.00870252323549469,0.0014));
#8709=CARTESIAN_POINT('',(-0.0036217137978943,0.00780579743367599,0.0014));
#8710=CARTESIAN_POINT('',(-0.00471131006410322,0.0074429081005869,0.0014));
#8711=CARTESIAN_POINT('',(-0.00471131006410322,0.0074429081005869,0.0014));
#8712=CARTESIAN_POINT('',(-0.00471131006410322,0.0074429081005869,0.0014));
#8713=CARTESIAN_POINT('',(-0.00579239385948237,0.00708285384041257,0.0014));
#8714=CARTESIAN_POINT('',(-0.00647865041002362,0.00768918717367671,0.0014));
#8715=CARTESIAN_POINT('',(-0.00647865041002362,0.00768918717367671,0.0014));
#8716=CARTESIAN_POINT('',(-0.00647865041002362,0.00768918717367671,0.0014));
#8717=CARTESIAN_POINT('',(-0.00716490696056486,0.00829552050694085,0.0014));
#8718=CARTESIAN_POINT('',(-0.00761041841859834,0.00963319449447411,0.0014));
#8719=CARTESIAN_POINT('',(-0.00761041841859834,0.00963319449447411,0.0014));
#8720=CARTESIAN_POINT('',(-0.00761041841859834,0.00963319449447411,0.0014));
#8721=CARTESIAN_POINT('',(-0.00806403008495971,0.0109951898272352,0.0014));
#8722=CARTESIAN_POINT('',(-0.00787958144033072,0.0118955638308381,0.0014));
#8723=CARTESIAN_POINT('',(-0.00787958144033072,0.0118955638308381,0.0014));
#8724=CARTESIAN_POINT('',(-0.00787958144033072,0.0118955638308381,0.0014));
#8725=CARTESIAN_POINT('',(-0.00769513279570174,0.012795937834441,0.0014));
#8726=CARTESIAN_POINT('',(-0.00661404900032258,0.0131559920946153,0.0014));
#8727=CARTESIAN_POINT('',(-0.00661404900032258,0.0131559920946153,0.0014));
#8728=CARTESIAN_POINT('',(-0.00661404900032258,0.0131559920946153,0.0014));
#8729=CARTESIAN_POINT('',(-0.00552445273411367,0.0135188814277044,0.0014));
#8730=CARTESIAN_POINT('',(-0.00483698115232324,0.0129088998926561,0.0014));
#8731=CARTESIAN_POINT('',(0.00451146127036186,-0.00763045320229046,0.0014));
#8732=CARTESIAN_POINT('',(0.00439625830747644,-0.0072845496257162,0.0014));
#8733=CARTESIAN_POINT('',(0.00462666423324729,-0.00797635677886472,0.0014));
#8734=CARTESIAN_POINT('',(0.00310928252819693,-0.00848171977620977,0.0014));
#8735=CARTESIAN_POINT('',(0.00159190082314657,-0.00898708277355483,0.0014));
#8736=CARTESIAN_POINT('',(0.00192040927199954,-0.00997344844112986,0.0014));
#8737=CARTESIAN_POINT('',(0.00224891772085252,-0.0109598141087049,0.0014));
#8738=CARTESIAN_POINT('',(0.00224891772085252,-0.0109598141087049,0.0014));
#8739=CARTESIAN_POINT('',(0.00235528966759042,-0.0106166693089319,0.0014));
#8740=CARTESIAN_POINT('',(0.00268525466928555,-0.0103093850369377,0.0014));
#8741=CARTESIAN_POINT('',(0.00268525466928555,-0.0103093850369377,0.0014));
#8742=CARTESIAN_POINT('',(0.00411202981127765,-0.0118537112027301,0.0014));
#8743=CARTESIAN_POINT('',(0.00346516455769641,-0.0098522469108777,0.0014));
#8744=CARTESIAN_POINT('',(0.00346516455769641,-0.0098522469108777,0.0014));
#8745=CARTESIAN_POINT('',(0.0041826442419188,-0.00961329076520519,0.0014));
#8746=CARTESIAN_POINT('',(0.00473204168643797,-0.00976204898310388,0.0014));
#8747=CARTESIAN_POINT('',(0.00473204168643797,-0.00976204898310388,0.0014));
#8748=CARTESIAN_POINT('',(0.00473204168643797,-0.00976204898310388,0.0014));
#8749=CARTESIAN_POINT('',(0.00528143913095714,-0.00991080720100257,0.0014));
#8750=CARTESIAN_POINT('',(0.00563306393202631,-0.0103175693946311,0.0014));
#8751=CARTESIAN_POINT('',(0.00563306393202631,-0.0103175693946311,0.0014));
#8752=CARTESIAN_POINT('',(0.00356410336897308,-0.0120994855799854,0.0014));
#8753=CARTESIAN_POINT('',(0.00616019324686624,-0.0112512940681971,0.0014));
#8754=CARTESIAN_POINT('',(0.00616019324686624,-0.0112512940681971,0.0014));
#8755=CARTESIAN_POINT('',(0.00636764858237477,-0.0118741907431999,0.0014));
#8756=CARTESIAN_POINT('',(0.00629792264965754,-0.0124445499863269,0.0014));
#8757=CARTESIAN_POINT('',(0.00629792264965754,-0.0124445499863269,0.0014));
#8758=CARTESIAN_POINT('',(0.00444132711501994,-0.0122225779808061,0.0014));
#8759=CARTESIAN_POINT('',(0.00584370318946534,-0.0134604391445701,0.0014));
#8760=CARTESIAN_POINT('',(0.00584370318946534,-0.0134604391445701,0.0014));
#8761=CARTESIAN_POINT('',(0.00545920966199037,-0.0139059690596865,0.0014));
#8762=CARTESIAN_POINT('',(0.00474983709284394,-0.0141422251359164,0.0014));
#8763=CARTESIAN_POINT('',(0.00474983709284394,-0.0141422251359164,0.0014));
#8764=CARTESIAN_POINT('',(0.00474983709284394,-0.0141422251359164,0.0014));
#8765=CARTESIAN_POINT('',(0.00384184020433651,-0.0144446329134906,0.0014));
#8766=CARTESIAN_POINT('',(0.00312426789366539,-0.0141650030183888,0.0014));
#8767=CARTESIAN_POINT('',(0.00312426789366539,-0.0141650030183888,0.0014));
#8768=CARTESIAN_POINT('',(0.00312426789366539,-0.0141650030183888,0.0014));
#8769=CARTESIAN_POINT('',(0.00240669558299427,-0.0138853731232869,0.0014));
#8770=CARTESIAN_POINT('',(0.00202588219036267,-0.0131475911176343,0.0014));
#8771=CARTESIAN_POINT('',(0.00202588219036267,-0.0131475911176343,0.0014));
#8772=CARTESIAN_POINT('',(0.00241097015647073,-0.0130193378191095,0.0014));
#8773=CARTESIAN_POINT('',(0.00279605812257879,-0.0128910845205847,0.0014));
#8774=CARTESIAN_POINT('',(0.00279605812257879,-0.0128910845205847,0.0014));
#8775=CARTESIAN_POINT('',(0.00307201076064894,-0.0133455652079032,0.0014));
#8776=CARTESIAN_POINT('',(0.00352773212584421,-0.0135015051929873,0.0014));
#8777=CARTESIAN_POINT('',(0.00352773212584421,-0.0135015051929873,0.0014));
#8778=CARTESIAN_POINT('',(0.00352773212584421,-0.0135015051929873,0.0014));
#8779=CARTESIAN_POINT('',(0.00398345349103948,-0.0136574451780715,0.0014));
#8780=CARTESIAN_POINT('',(0.0045360885020507,-0.0134733904443991,0.0014));
#8781=CARTESIAN_POINT('',(0.0045360885020507,-0.0134733904443991,0.0014));
#8782=CARTESIAN_POINT('',(0.0045360885020507,-0.0134733904443991,0.0014));
#8783=CARTESIAN_POINT('',(0.00521978854012326,-0.0132456845880709,0.0014));
#8784=CARTESIAN_POINT('',(0.00542888859827107,-0.0127197211280035,0.0014));
#8785=CARTESIAN_POINT('',(0.00542888859827107,-0.0127197211280035,0.0014));
#8786=CARTESIAN_POINT('',(0.00542888859827107,-0.0127197211280035,0.0014));
#8787=CARTESIAN_POINT('',(0.00563798865641889,-0.0121937576679361,0.0014));
#8788=CARTESIAN_POINT('',(0.00541343288110706,-0.0115195159307855,0.0014));
#8789=CARTESIAN_POINT('',(0.00541343288110706,-0.0115195159307855,0.0014));
#8790=CARTESIAN_POINT('',(0.00541343288110706,-0.0115195159307855,0.0014));
#8791=CARTESIAN_POINT('',(0.00518887710579523,-0.0108452741936349,0.0014));
#8792=CARTESIAN_POINT('',(0.00472057038115521,-0.0105929546064102,0.0014));
#8793=CARTESIAN_POINT('',(0.00472057038115521,-0.0105929546064102,0.0014));
#8794=CARTESIAN_POINT('',(0.00472057038115521,-0.0105929546064102,0.0014));
#8795=CARTESIAN_POINT('',(0.00425226365651518,-0.0103406350191855,0.0014));
#8796=CARTESIAN_POINT('',(0.00357802191936458,-0.0105651907944973,0.0014));
#8797=CARTESIAN_POINT('',(0.00357802191936458,-0.0105651907944973,0.0014));
#8798=CARTESIAN_POINT('',(0.00357802191936458,-0.0105651907944973,0.0014));
#8799=CARTESIAN_POINT('',(0.00311861873172689,-0.0107181947295795,0.0014));
#8800=CARTESIAN_POINT('',(0.00285079619213831,-0.0110520659448536,0.0014));
#8801=CARTESIAN_POINT('',(0.00285079619213831,-0.0110520659448536,0.0014));
#8802=CARTESIAN_POINT('',(0.00388779855724955,-0.0118929020163153,0.0014));
#8803=CARTESIAN_POINT('',(0.0025549088305447,-0.0118185835896392,0.0014));
#8804=CARTESIAN_POINT('',(0.00218223884349286,-0.0119427010882555,0.0014));
#8805=CARTESIAN_POINT('',(0.00180998714292174,-0.0120666792768294,0.0014));
#8806=CARTESIAN_POINT('',(0.00122227202757656,-0.0103020305619623,0.0014));
#8807=CARTESIAN_POINT('',(0.000634556912231373,-0.00853738184709521,0.0014));
#8808=CARTESIAN_POINT('',(0.00251540760985391,-0.00791096573640571,0.0014));
#8809=CARTESIAN_POINT('',(0.,0.,-0.0014));
#8810=CARTESIAN_POINT('',(0.,1.62265700887024E-19,-0.0014));
#8811=CARTESIAN_POINT('',(0.00265,1.62265700887024E-19,-0.0014));
#8812=CARTESIAN_POINT('',(0.,2.20436423846524E-19,-0.0014));
#8813=CARTESIAN_POINT('',(0.0036,2.20436423846524E-19,-0.0014));
#8814=CARTESIAN_POINT('',(0.0158353710463989,-0.00230217660809334,0.0014));
#8815=CARTESIAN_POINT('',(0.0166526508586611,-0.00117188119782391,0.0014));
#8816=CARTESIAN_POINT('',(0.015115286547409,-0.00329805120575613,-0.0014));
#8817=CARTESIAN_POINT('',(0.0158353710463989,0.00230217660809336,0.0014));
#8818=CARTESIAN_POINT('',(0.0166526508586611,0.00117188119782392,0.0014));
#8819=CARTESIAN_POINT('',(0.015115286547409,0.00329805120575613,0.0014));
#8820=CARTESIAN_POINT('',(0.0141642697471797,0.0074452975656525,0.0014));
#8821=CARTESIAN_POINT('',(0.0141610920315691,0.00884011078186857,0.0014));
#8822=CARTESIAN_POINT('',(0.0141670695517497,0.0062163630429663,-0.0014));
#8823=CARTESIAN_POINT('',(0.0114578988303597,0.0111702975656525,0.0014));
#8824=CARTESIAN_POINT('',(0.0127834630605296,0.0107362543907246,0.0014));
#8825=CARTESIAN_POINT('',(0.010289977831652,0.0115527219905173,0.0014));
#8826=CARTESIAN_POINT('',(0.00708289883035971,0.0143489211256759,0.0014));
#8827=CARTESIAN_POINT('',(0.00626047736623304,0.0154754809072017,0.0014));
#8828=CARTESIAN_POINT('',(0.00780751350830584,0.0133563378956843,-0.0014));
#8829=CARTESIAN_POINT('',(0.0027038987007808,0.0157717445175826,0.0014));
#8830=CARTESIAN_POINT('',(0.00403142686720463,0.0161997433182338,0.0014));
#8831=CARTESIAN_POINT('',(0.00153424732768693,0.0153946456374792,0.0014));
#8832=CARTESIAN_POINT('',(-0.00270389870078079,0.0157717445175826,0.0014));
#8833=CARTESIAN_POINT('',(-0.00403142686720464,0.0161997433182338,0.0014));
#8834=CARTESIAN_POINT('',(-0.00153424732768695,0.0153946456374792,-0.0014));
#8835=CARTESIAN_POINT('',(-0.00708289883035971,0.0143489211256759,0.0014));
#8836=CARTESIAN_POINT('',(-0.00626047736623304,0.0154754809072017,0.0014));
#8837=CARTESIAN_POINT('',(-0.00780751350830583,0.0133563378956843,0.0014));
#8838=CARTESIAN_POINT('',(-0.0114578988303597,0.0111702975656525,0.0014));
#8839=CARTESIAN_POINT('',(-0.0127834630605296,0.0107362543907246,0.0014));
#8840=CARTESIAN_POINT('',(-0.010289977831652,0.0115527219905173,-0.0014));
#8841=CARTESIAN_POINT('',(-0.0141642697471797,0.0074452975656525,0.0014));
#8842=CARTESIAN_POINT('',(-0.0141610920315691,0.00884011078186857,0.0014));
#8843=CARTESIAN_POINT('',(-0.0141670695517497,0.00621636304296631,0.0014));
#8844=CARTESIAN_POINT('',(-0.0158353710463989,0.00230217660809335,0.0014));
#8845=CARTESIAN_POINT('',(-0.0166526508586611,0.00117188119782392,0.0014));
#8846=CARTESIAN_POINT('',(-0.015115286547409,0.00329805120575613,-0.0014));
#8847=CARTESIAN_POINT('',(-0.0158353710463989,-0.00230217660809335,0.0014));
#8848=CARTESIAN_POINT('',(-0.0166526508586611,-0.00117188119782391,0.0014));
#8849=CARTESIAN_POINT('',(-0.015115286547409,-0.00329805120575613,0.0014));
#8850=CARTESIAN_POINT('',(-0.0141642697471797,-0.00744529756565249,0.0014));
#8851=CARTESIAN_POINT('',(-0.0141610920315691,-0.00884011078186857,0.0014));
#8852=CARTESIAN_POINT('',(-0.0141670695517497,-0.0062163630429663,-0.0014));
#8853=CARTESIAN_POINT('',(-0.0114578988303597,-0.0111702975656525,0.0014));
#8854=CARTESIAN_POINT('',(-0.0127834630605296,-0.0107362543907246,0.0014));
#8855=CARTESIAN_POINT('',(-0.010289977831652,-0.0115527219905173,0.0014));
#8856=CARTESIAN_POINT('',(-0.00708289883035972,-0.0143489211256759,0.0014));
#8857=CARTESIAN_POINT('',(-0.00626047736623304,-0.0154754809072017,0.0014));
#8858=CARTESIAN_POINT('',(-0.00780751350830584,-0.0133563378956843,-0.0014));
#8859=CARTESIAN_POINT('',(-0.00270389870078081,-0.0157717445175826,0.0014));
#8860=CARTESIAN_POINT('',(-0.00403142686720464,-0.0161997433182338,0.0014));
#8861=CARTESIAN_POINT('',(-0.00153424732768695,-0.0153946456374792,0.0014));
#8862=CARTESIAN_POINT('',(0.00270389870078081,-0.0157717445175826,0.0014));
#8863=CARTESIAN_POINT('',(0.00403142686720464,-0.0161997433182338,0.0014));
#8864=CARTESIAN_POINT('',(0.00153424732768694,-0.0153946456374792,-0.0014));
#8865=CARTESIAN_POINT('',(0.00708289883035971,-0.014348921125676,0.0014));
#8866=CARTESIAN_POINT('',(0.00626047736623304,-0.0154754809072017,0.0014));
#8867=CARTESIAN_POINT('',(0.00780751350830584,-0.0133563378956843,0.0014));
#8868=CARTESIAN_POINT('',(0.0114578988303597,-0.0111702975656525,0.0014));
#8869=CARTESIAN_POINT('',(0.0127834630605296,-0.0107362543907246,0.0014));
#8870=CARTESIAN_POINT('',(0.010289977831652,-0.0115527219905173,-0.0014));
#8871=CARTESIAN_POINT('',(0.0141642697471797,-0.00744529756565249,0.0014));
#8872=CARTESIAN_POINT('',(0.0141610920315691,-0.00884011078186856,0.0014));
#8873=CARTESIAN_POINT('',(0.0141670695517497,-0.0062163630429663,0.0014));
#8874=CARTESIAN_POINT('',(0.,1.62265700887024E-19,0.0014));
#8875=CARTESIAN_POINT('',(0.,1.62265700887024E-19,0.0016));
#8876=CARTESIAN_POINT('',(0.00265,1.62265700887024E-19,0.0016));
#8877=CARTESIAN_POINT('',(0.,0.,-0.0014));
#8878=CARTESIAN_POINT('',(0.,1.62265700887024E-19,-0.0014));
#8879=CARTESIAN_POINT('',(0.,1.62265700887024E-19,-0.0014));
#8880=CARTESIAN_POINT('',(0.,1.62265700887024E-19,-0.0014));
#8881=CARTESIAN_POINT('',(0.,1.62265700887024E-19,-0.0014));
#8882=CARTESIAN_POINT('',(0.,1.62265700887024E-19,-0.0014));
#8883=CARTESIAN_POINT('',(0.,1.62265700887024E-19,-0.0014));
#8884=CARTESIAN_POINT('',(0.,1.62265700887024E-19,-0.0014));
#8885=CARTESIAN_POINT('',(0.,1.62265700887024E-19,-0.0014));
#8886=CARTESIAN_POINT('',(0.,1.62265700887024E-19,-0.0014));
#8887=CARTESIAN_POINT('',(0.,1.62265700887024E-19,-0.0014));
#8888=CARTESIAN_POINT('',(0.,3.15346550780443E-19,-0.0014));
#8889=CARTESIAN_POINT('',(0.00515,3.15346550780443E-19,-0.0014));
#8890=CARTESIAN_POINT('',(-0.0118458924281899,0.016304472170007,0.0014));
#8891=CARTESIAN_POINT('',(-0.0191670565758863,0.00622775420031592,0.0014));
#8892=CARTESIAN_POINT('',(-0.0191670565758863,-0.00622775420031591,0.0014));
#8893=CARTESIAN_POINT('',(-0.0118458924281899,-0.0163044721700069,0.0014));
#8894=CARTESIAN_POINT('',(-5.20417042793042E-18,-0.0201534359393821,0.0014));
#8895=CARTESIAN_POINT('',(0.0118458924281899,-0.0163044721700069,0.0014));
#8896=CARTESIAN_POINT('',(0.0191670565758863,-0.00622775420031591,0.0014));
#8897=CARTESIAN_POINT('',(0.0191670565758863,0.00622775420031591,0.0014));
#8898=CARTESIAN_POINT('',(0.0118458924281899,0.0163044721700069,0.0014));
#8899=CARTESIAN_POINT('',(-9.75781955236954E-18,0.0201534359393821,0.0014));
#8900=CARTESIAN_POINT('',(-0.0150319428472701,6.07153216591882E-18,0.0014));
#8901=CARTESIAN_POINT('',(-0.0121610972219145,-0.00883555431892872,0.0014));
#8902=CARTESIAN_POINT('',(-0.00464512579827941,-0.0142962271974726,0.0014));
#8903=CARTESIAN_POINT('',(0.00464512579827941,-0.0142962271974726,0.0014));
#8904=CARTESIAN_POINT('',(0.0121610972219145,-0.00883555431892872,0.0014));
#8905=CARTESIAN_POINT('',(0.0150319428472701,4.55364912443912E-18,0.0014));
#8906=CARTESIAN_POINT('',(0.0121610972219145,0.00883555431892872,0.0014));
#8907=CARTESIAN_POINT('',(-0.0121610972219145,0.00883555431892872,0.0014));
#8908=CARTESIAN_POINT('',(-0.00464512579827941,0.0142962271974726,0.0014));
#8909=CARTESIAN_POINT('',(0.00464512579827941,0.0142962271974726,0.0014));
#8910=CARTESIAN_POINT('',(0.,3.15346550780443E-19,0.002));
#8911=CARTESIAN_POINT('',(0.,3.15346550780443E-19,0.0016));
#8912=CARTESIAN_POINT('',(0.00515,3.15346550780443E-19,0.0016));
#8913=CARTESIAN_POINT('',(0.,0.,0.002));
#8914=CARTESIAN_POINT('',(0.,3.15346550780443E-19,0.002));
#8915=CARTESIAN_POINT('',(0.00475,3.15346550780443E-19,0.002));
#8916=CARTESIAN_POINT('',(0.,1.62265700887024E-19,0.002));
#8917=CARTESIAN_POINT('',(0.00305,1.62265700887024E-19,0.002));
#8918=CARTESIAN_POINT('',(0.,2.20436423846524E-19,-0.0014));
#8919=CARTESIAN_POINT('',(0.,2.20436423846524E-19,-0.00065));
#8920=CARTESIAN_POINT('',(0.00435,2.20436423846524E-19,-0.00065));
#8921=CARTESIAN_POINT('',(0.,3.15346550780443E-19,-0.0014));
#8922=CARTESIAN_POINT('',(0.,3.15346550780443E-19,-0.00065));
#8923=CARTESIAN_POINT('',(0.0044,3.15346550780443E-19,-0.00065));
#8924=CARTESIAN_POINT('',(0.,0.,-0.00065));
#8925=CARTESIAN_POINT('',(0.,3.15346550780443E-19,0.002));
#8926=CARTESIAN_POINT('',(0.,1.62265700887024E-19,0.0016));
#8927=CARTESIAN_POINT('',(-0.000208299467002184,0.00939722947258934,0.000466666666666667));
#8928=CARTESIAN_POINT('',(-0.00031582973255481,0.00972009533048941,0.000466666666666667));
#8929=CARTESIAN_POINT('',(-0.00031582973255481,0.00972009533048941,0.000466666666666667));
#8930=CARTESIAN_POINT('',(-0.000208299467002184,0.00939722947258934,0.000466666666666667));
#8931=CARTESIAN_POINT('',(-0.000100769201449557,0.00907436361468926,0.000466666666666667));
#8932=CARTESIAN_POINT('',(-0.000100769201449557,0.00907436361468926,0.000466666666666667));
#8933=CARTESIAN_POINT('',(-0.000689770415433428,0.00959555462744823,0.000466666666666667));
#8934=CARTESIAN_POINT('',(-0.00106371109831204,0.00947101392440706,0.000466666666666667));
#8935=CARTESIAN_POINT('',(-0.00106371109831204,0.00947101392440706,0.000466666666666667));
#8936=CARTESIAN_POINT('',(-0.000689770415433428,0.00959555462744823,0.000466666666666667));
#8937=CARTESIAN_POINT('',(-0.00189317243108711,0.0119615196757417,0.000466666666666667));
#8938=CARTESIAN_POINT('',(-0.00272263376386218,0.0144520254270764,0.000466666666666667));
#8939=CARTESIAN_POINT('',(-0.00272263376386218,0.0144520254270764,0.000466666666666667));
#8940=CARTESIAN_POINT('',(-0.00189317243108711,0.0119615196757417,0.000466666666666667));
#8941=CARTESIAN_POINT('',(-0.00308015753871198,0.0143329523646565,0.000466666666666667));
#8942=CARTESIAN_POINT('',(-0.00343768131356178,0.0142138793022367,0.000466666666666667));
#8943=CARTESIAN_POINT('',(-0.00343768131356178,0.0142138793022367,0.000466666666666667));
#8944=CARTESIAN_POINT('',(-0.00308015753871198,0.0143329523646565,0.000466666666666667));
#8945=CARTESIAN_POINT('',(-0.00250068971523409,0.0114005076930019,0.000466666666666667));
#8946=CARTESIAN_POINT('',(-0.00156369811690639,0.00858713608376719,0.000466666666666667));
#8947=CARTESIAN_POINT('',(-0.00156369811690639,0.00858713608376719,0.000466666666666667));
#8948=CARTESIAN_POINT('',(-0.00250068971523409,0.0114005076930019,0.000466666666666667));
#8949=CARTESIAN_POINT('',(-0.000832233659177974,0.00883074984922823,0.000466666666666667));
#8950=CARTESIAN_POINT('',(-0.000832233659177974,0.00883074984922823,0.000466666666666667));
#8951=CARTESIAN_POINT('',(-3.46944695195361E-18,0.,0.000466666666666667));
#8952=CARTESIAN_POINT('',(0.00954957354731648,0.00699622244453398,0.000466666666666667));
#8953=CARTESIAN_POINT('',(0.00954957354731648,0.00699622244453398,0.0014));
#8954=CARTESIAN_POINT('',(0.00981675970915854,0.00663408869458136,0.000466666666666667));
#8955=CARTESIAN_POINT('',(0.00981675970915854,0.00663408869458136,0.0014));
#8956=CARTESIAN_POINT('',(0.0101192767705628,0.00640037768123523,0.000466666666666667));
#8957=CARTESIAN_POINT('',(0.0101192767705628,0.00640037768123523,0.0014));
#8958=CARTESIAN_POINT('',(0.0104571247315292,0.0062950894044956,0.000466666666666667));
#8959=CARTESIAN_POINT('',(0.0104571247315292,0.0062950894044956,0.0014));
#8960=CARTESIAN_POINT('',(0.00954957354731648,0.00699622244453398,0.0014));
#8961=CARTESIAN_POINT('',(0.00995035279007957,0.00645302181960505,0.0014));
#8962=CARTESIAN_POINT('',(0.0104571247315292,0.0062950894044956,0.0014));
#8963=CARTESIAN_POINT('',(0.00954957354731648,0.00699622244453398,0.0014));
#8964=CARTESIAN_POINT('',(0.0104571247315292,0.0062950894044956,0.0014));
#8965=CARTESIAN_POINT('',(0.00954957354731648,0.00699622244453398,0.000466666666666667));
#8966=CARTESIAN_POINT('',(0.00954957354731648,0.00699622244453398,0.000466666666666667));
#8967=CARTESIAN_POINT('',(0.00954957354731648,0.00699622244453398,0.000466666666666667));
#8968=CARTESIAN_POINT('',(0.00995035279007957,0.00645302181960505,0.000466666666666667));
#8969=CARTESIAN_POINT('',(0.0104571247315292,0.0062950894044956,0.000466666666666667));
#8970=CARTESIAN_POINT('',(0.0104571247315292,0.0062950894044956,0.000466666666666667));
#8971=CARTESIAN_POINT('',(0.0104571247315292,0.0062950894044956,0.000466666666666667));
#8972=CARTESIAN_POINT('',(0.00915485417672333,0.00807572829287719,0.000466666666666667));
#8973=CARTESIAN_POINT('',(0.00915485417672333,0.00807572829287719,0.0014));
#8974=CARTESIAN_POINT('',(0.0091474321586289,0.00772277544878606,0.000466666666666667));
#8975=CARTESIAN_POINT('',(0.0091474321586289,0.00772277544878606,0.0014));
#8976=CARTESIAN_POINT('',(0.00927900528215995,0.00736294016600499,0.000466666666666667));
#8977=CARTESIAN_POINT('',(0.00927900528215995,0.00736294016600499,0.0014));
#8978=CARTESIAN_POINT('',(0.00954957354731648,0.00699622244453398,0.000466666666666667));
#8979=CARTESIAN_POINT('',(0.00954957354731648,0.00699622244453398,0.0014));
#8980=CARTESIAN_POINT('',(0.00915485417672333,0.00807572829287719,0.0014));
#8981=CARTESIAN_POINT('',(0.00914372114958169,0.00754629902674049,0.0014));
#8982=CARTESIAN_POINT('',(0.00954957354731648,0.00699622244453398,0.0014));
#8983=CARTESIAN_POINT('',(0.00915485417672333,0.00807572829287719,0.0014));
#8984=CARTESIAN_POINT('',(0.00915485417672333,0.00807572829287719,0.000466666666666667));
#8985=CARTESIAN_POINT('',(0.00915485417672333,0.00807572829287719,0.000466666666666667));
#8986=CARTESIAN_POINT('',(0.00915485417672333,0.00807572829287719,0.000466666666666667));
#8987=CARTESIAN_POINT('',(0.00914372114958169,0.00754629902674049,0.000466666666666667));
#8988=CARTESIAN_POINT('',(0.00954957354731648,0.00699622244453398,0.000466666666666667));
#8989=CARTESIAN_POINT('',(0.00965761814921204,0.00896788813948934,0.000466666666666667));
#8990=CARTESIAN_POINT('',(0.00965761814921204,0.00896788813948934,0.0014));
#8991=CARTESIAN_POINT('',(0.00932986418564733,0.0087260677525057,0.000466666666666667));
#8992=CARTESIAN_POINT('',(0.00932986418564733,0.0087260677525057,0.0014));
#8993=CARTESIAN_POINT('',(0.00916227619481776,0.00842868113696832,0.000466666666666667));
#8994=CARTESIAN_POINT('',(0.00916227619481776,0.00842868113696832,0.0014));
#8995=CARTESIAN_POINT('',(0.00915485417672333,0.00807572829287719,0.000466666666666667));
#8996=CARTESIAN_POINT('',(0.00915485417672333,0.00807572829287719,0.0014));
#8997=CARTESIAN_POINT('',(0.00965761814921204,0.00896788813948934,0.0014));
#8998=CARTESIAN_POINT('',(0.00916598720386497,0.00860515755901388,0.0014));
#8999=CARTESIAN_POINT('',(0.00915485417672333,0.00807572829287719,0.0014));
#9000=CARTESIAN_POINT('',(0.00965761814921204,0.00896788813948934,0.0014));
#9001=CARTESIAN_POINT('',(0.00965761814921204,0.00896788813948934,0.000466666666666667));
#9002=CARTESIAN_POINT('',(0.00965761814921204,0.00896788813948934,0.000466666666666667));
#9003=CARTESIAN_POINT('',(0.00965761814921204,0.00896788813948934,0.000466666666666667));
#9004=CARTESIAN_POINT('',(0.00916598720386497,0.00860515755901388,0.000466666666666667));
#9005=CARTESIAN_POINT('',(0.00915485417672333,0.00807572829287719,0.000466666666666667));
#9006=CARTESIAN_POINT('',(0.0106563388955073,0.00919504371122214,0.000466666666666667));
#9007=CARTESIAN_POINT('',(0.0106563388955073,0.00919504371122214,0.0014));
#9008=CARTESIAN_POINT('',(0.0103029991231472,0.00927415337266906,0.000466666666666667));
#9009=CARTESIAN_POINT('',(0.0103029991231472,0.00927415337266906,0.0014));
#9010=CARTESIAN_POINT('',(0.00997009220771545,0.00919843484875813,0.000466666666666667));
#9011=CARTESIAN_POINT('',(0.00997009220771545,0.00919843484875813,0.0014));
#9012=CARTESIAN_POINT('',(0.00965761814921204,0.00896788813948934,0.000466666666666667));
#9013=CARTESIAN_POINT('',(0.00965761814921204,0.00896788813948934,0.0014));
#9014=CARTESIAN_POINT('',(0.0106563388955073,0.00919504371122214,0.0014));
#9015=CARTESIAN_POINT('',(0.0101263292369672,0.00931370820339252,0.0014));
#9016=CARTESIAN_POINT('',(0.00965761814921204,0.00896788813948934,0.0014));
#9017=CARTESIAN_POINT('',(0.0106563388955073,0.00919504371122214,0.0014));
#9018=CARTESIAN_POINT('',(0.0106563388955073,0.00919504371122214,0.000466666666666667));
#9019=CARTESIAN_POINT('',(0.0106563388955073,0.00919504371122214,0.000466666666666667));
#9020=CARTESIAN_POINT('',(0.0106563388955073,0.00919504371122214,0.000466666666666667));
#9021=CARTESIAN_POINT('',(0.0101263292369672,0.00931370820339252,0.000466666666666667));
#9022=CARTESIAN_POINT('',(0.00965761814921204,0.00896788813948934,0.000466666666666667));
#9023=CARTESIAN_POINT('',(0.0116031927875541,0.00851140472941049,0.000466666666666667));
#9024=CARTESIAN_POINT('',(0.0116031927875541,0.00851140472941049,0.0014));
#9025=CARTESIAN_POINT('',(0.0113252966318829,0.00888805438917134,0.000466666666666667));
#9026=CARTESIAN_POINT('',(0.0113252966318829,0.00888805438917134,0.0014));
#9027=CARTESIAN_POINT('',(0.0110096786678673,0.00911593404977523,0.000466666666666667));
#9028=CARTESIAN_POINT('',(0.0110096786678673,0.00911593404977523,0.0014));
#9029=CARTESIAN_POINT('',(0.0106563388955073,0.00919504371122214,0.000466666666666667));
#9030=CARTESIAN_POINT('',(0.0106563388955073,0.00919504371122214,0.0014));
#9031=CARTESIAN_POINT('',(0.0116031927875541,0.00851140472941049,0.0014));
#9032=CARTESIAN_POINT('',(0.0111863485540474,0.00907637921905177,0.0014));
#9033=CARTESIAN_POINT('',(0.0106563388955073,0.00919504371122214,0.0014));
#9034=CARTESIAN_POINT('',(0.0116031927875541,0.00851140472941049,0.0014));
#9035=CARTESIAN_POINT('',(0.0116031927875541,0.00851140472941049,0.000466666666666667));
#9036=CARTESIAN_POINT('',(0.0116031927875541,0.00851140472941049,0.000466666666666667));
#9037=CARTESIAN_POINT('',(0.0116031927875541,0.00851140472941049,0.000466666666666667));
#9038=CARTESIAN_POINT('',(0.0111863485540474,0.00907637921905177,0.000466666666666667));
#9039=CARTESIAN_POINT('',(0.0106563388955073,0.00919504371122214,0.000466666666666667));
#9040=CARTESIAN_POINT('',(0.0119795868172884,0.00740156485465299,0.000466666666666667));
#9041=CARTESIAN_POINT('',(0.0119795868172884,0.00740156485465299,0.0014));
#9042=CARTESIAN_POINT('',(0.0120065536198034,0.00776480844473048,0.000466666666666667));
#9043=CARTESIAN_POINT('',(0.0120065536198034,0.00776480844473048,0.0014));
#9044=CARTESIAN_POINT('',(0.0118810889432253,0.00813475506964964,0.000466666666666667));
#9045=CARTESIAN_POINT('',(0.0118810889432253,0.00813475506964964,0.0014));
#9046=CARTESIAN_POINT('',(0.0116031927875541,0.00851140472941049,0.000466666666666667));
#9047=CARTESIAN_POINT('',(0.0116031927875541,0.00851140472941049,0.0014));
#9048=CARTESIAN_POINT('',(0.0119795868172884,0.00740156485465299,0.0014));
#9049=CARTESIAN_POINT('',(0.0120200370210609,0.00794643023976922,0.0014));
#9050=CARTESIAN_POINT('',(0.0116031927875541,0.00851140472941049,0.0014));
#9051=CARTESIAN_POINT('',(0.0119795868172884,0.00740156485465299,0.0014));
#9052=CARTESIAN_POINT('',(0.0119795868172884,0.00740156485465299,0.000466666666666667));
#9053=CARTESIAN_POINT('',(0.0119795868172884,0.00740156485465299,0.000466666666666667));
#9054=CARTESIAN_POINT('',(0.0119795868172884,0.00740156485465299,0.000466666666666667));
#9055=CARTESIAN_POINT('',(0.0120200370210609,0.00794643023976922,0.000466666666666667));
#9056=CARTESIAN_POINT('',(0.0116031927875541,0.00851140472941049,0.000466666666666667));
#9057=CARTESIAN_POINT('',(0.0114704255257607,0.00651087940563359,0.000466666666666667));
#9058=CARTESIAN_POINT('',(0.0114704255257607,0.00651087940563359,0.0014));
#9059=CARTESIAN_POINT('',(0.0117828995842641,0.00674142611490237,0.000466666666666667));
#9060=CARTESIAN_POINT('',(0.0117828995842641,0.00674142611490237,0.0014));
#9061=CARTESIAN_POINT('',(0.0119526200147734,0.0070383212645755,0.000466666666666667));
#9062=CARTESIAN_POINT('',(0.0119526200147734,0.0070383212645755,0.0014));
#9063=CARTESIAN_POINT('',(0.0119795868172884,0.00740156485465299,0.000466666666666667));
#9064=CARTESIAN_POINT('',(0.0119795868172884,0.00740156485465299,0.0014));
#9065=CARTESIAN_POINT('',(0.0114704255257607,0.00651087940563359,0.0014));
#9066=CARTESIAN_POINT('',(0.0119391366135159,0.00685669946953676,0.0014));
#9067=CARTESIAN_POINT('',(0.0119795868172884,0.00740156485465299,0.0014));
#9068=CARTESIAN_POINT('',(0.0114704255257607,0.00651087940563359,0.0014));
#9069=CARTESIAN_POINT('',(0.0114704255257607,0.00651087940563359,0.000466666666666667));
#9070=CARTESIAN_POINT('',(0.0114704255257607,0.00651087940563359,0.000466666666666667));
#9071=CARTESIAN_POINT('',(0.0114704255257607,0.00651087940563359,0.000466666666666667));
#9072=CARTESIAN_POINT('',(0.0119391366135159,0.00685669946953676,0.000466666666666667));
#9073=CARTESIAN_POINT('',(0.0119795868172884,0.00740156485465299,0.000466666666666667));
#9074=CARTESIAN_POINT('',(0.00730766963810998,0.00704115937483658,0.000466666666666667));
#9075=CARTESIAN_POINT('',(0.00730766963810998,0.00704115937483658,0.0014));
#9076=CARTESIAN_POINT('',(0.00700894749416173,0.00682075897551117,0.000466666666666667));
#9077=CARTESIAN_POINT('',(0.00700894749416173,0.00682075897551117,0.0014));
#9078=CARTESIAN_POINT('',(0.00685113646036435,0.00655329873351033,0.000466666666666667));
#9079=CARTESIAN_POINT('',(0.00685113646036435,0.00655329873351033,0.0014));
#9080=CARTESIAN_POINT('',(0.00683423653671786,0.00623877864883407,0.000466666666666667));
#9081=CARTESIAN_POINT('',(0.00683423653671786,0.00623877864883407,0.0014));
#9082=CARTESIAN_POINT('',(0.00730766963810998,0.00704115937483658,0.0014));
#9083=CARTESIAN_POINT('',(0.0068595864221876,0.00671055877584846,0.0014));
#9084=CARTESIAN_POINT('',(0.00683423653671786,0.00623877864883407,0.0014));
#9085=CARTESIAN_POINT('',(0.00730766963810998,0.00704115937483658,0.0014));
#9086=CARTESIAN_POINT('',(0.00683423653671786,0.00623877864883407,0.0014));
#9087=CARTESIAN_POINT('',(0.00730766963810998,0.00704115937483658,0.000466666666666667));
#9088=CARTESIAN_POINT('',(0.00730766963810998,0.00704115937483658,0.000466666666666667));
#9089=CARTESIAN_POINT('',(0.00730766963810998,0.00704115937483658,0.000466666666666667));
#9090=CARTESIAN_POINT('',(0.0068595864221876,0.00671055877584846,0.000466666666666667));
#9091=CARTESIAN_POINT('',(0.00683423653671786,0.00623877864883407,0.000466666666666667));
#9092=CARTESIAN_POINT('',(0.00683423653671786,0.00623877864883407,0.000466666666666667));
#9093=CARTESIAN_POINT('',(0.00683423653671786,0.00623877864883407,0.000466666666666667));
#9094=CARTESIAN_POINT('',(0.00819568662289364,0.00722645772007118,0.000466666666666667));
#9095=CARTESIAN_POINT('',(0.00819568662289364,0.00722645772007118,0.0014));
#9096=CARTESIAN_POINT('',(0.00787718560030166,0.00730472432101068,0.000466666666666667));
#9097=CARTESIAN_POINT('',(0.00787718560030166,0.00730472432101068,0.0014));
#9098=CARTESIAN_POINT('',(0.00758117993870711,0.00724295820593248,0.000466666666666667));
#9099=CARTESIAN_POINT('',(0.00758117993870711,0.00724295820593248,0.0014));
#9100=CARTESIAN_POINT('',(0.00730766963810998,0.00704115937483658,0.000466666666666667));
#9101=CARTESIAN_POINT('',(0.00730766963810998,0.00704115937483658,0.0014));
#9102=CARTESIAN_POINT('',(0.00819568662289364,0.00722645772007118,0.0014));
#9103=CARTESIAN_POINT('',(0.00771793508900567,0.00734385762148043,0.0014));
#9104=CARTESIAN_POINT('',(0.00730766963810998,0.00704115937483658,0.0014));
#9105=CARTESIAN_POINT('',(0.00819568662289364,0.00722645772007118,0.0014));
#9106=CARTESIAN_POINT('',(0.00819568662289364,0.00722645772007118,0.000466666666666667));
#9107=CARTESIAN_POINT('',(0.00819568662289364,0.00722645772007118,0.000466666666666667));
#9108=CARTESIAN_POINT('',(0.00819568662289364,0.00722645772007118,0.000466666666666667));
#9109=CARTESIAN_POINT('',(0.00771793508900567,0.00734385762148043,0.000466666666666667));
#9110=CARTESIAN_POINT('',(0.00730766963810998,0.00704115937483658,0.000466666666666667));
#9111=CARTESIAN_POINT('',(0.00903616873725706,0.00661742687331485,0.000466666666666667));
#9112=CARTESIAN_POINT('',(0.00903616873725706,0.00661742687331485,0.0014));
#9113=CARTESIAN_POINT('',(0.00879434835027342,0.00694518083687956,0.000466666666666667));
#9114=CARTESIAN_POINT('',(0.00879434835027342,0.00694518083687956,0.0014));
#9115=CARTESIAN_POINT('',(0.00851418764548561,0.00714819111913167,0.000466666666666667));
#9116=CARTESIAN_POINT('',(0.00851418764548561,0.00714819111913167,0.0014));
#9117=CARTESIAN_POINT('',(0.00819568662289364,0.00722645772007118,0.000466666666666667));
#9118=CARTESIAN_POINT('',(0.00819568662289364,0.00722645772007118,0.0014));
#9119=CARTESIAN_POINT('',(0.00903616873725706,0.00661742687331485,0.0014));
#9120=CARTESIAN_POINT('',(0.0086734381567816,0.00710905781866192,0.0014));
#9121=CARTESIAN_POINT('',(0.00819568662289364,0.00722645772007118,0.0014));
#9122=CARTESIAN_POINT('',(0.00903616873725706,0.00661742687331485,0.0014));
#9123=CARTESIAN_POINT('',(0.00903616873725706,0.00661742687331485,0.000466666666666667));
#9124=CARTESIAN_POINT('',(0.00903616873725706,0.00661742687331485,0.000466666666666667));
#9125=CARTESIAN_POINT('',(0.00903616873725706,0.00661742687331485,0.000466666666666667));
#9126=CARTESIAN_POINT('',(0.0086734381567816,0.00710905781866192,0.000466666666666667));
#9127=CARTESIAN_POINT('',(0.00819568662289364,0.00722645772007118,0.000466666666666667));
#9128=CARTESIAN_POINT('',(0.00936806405959146,0.00564465914151431,0.000466666666666667));
#9129=CARTESIAN_POINT('',(0.00936806405959146,0.00564465914151431,0.0014));
#9130=CARTESIAN_POINT('',(0.00938467511115197,0.00597076496592141,0.000466666666666667));
#9131=CARTESIAN_POINT('',(0.00938467511115197,0.00597076496592141,0.0014));
#9132=CARTESIAN_POINT('',(0.0092740433370405,0.00629502087652159,0.000466666666666667));
#9133=CARTESIAN_POINT('',(0.0092740433370405,0.00629502087652159,0.0014));
#9134=CARTESIAN_POINT('',(0.00903616873725706,0.00661742687331485,0.000466666666666667));
#9135=CARTESIAN_POINT('',(0.00903616873725706,0.00661742687331485,0.0014));
#9136=CARTESIAN_POINT('',(0.00936806405959146,0.00564465914151431,0.0014));
#9137=CARTESIAN_POINT('',(0.00939298063693222,0.00613381787812496,0.0014));
#9138=CARTESIAN_POINT('',(0.00903616873725706,0.00661742687331485,0.0014));
#9139=CARTESIAN_POINT('',(0.00936806405959146,0.00564465914151431,0.0014));
#9140=CARTESIAN_POINT('',(0.00936806405959146,0.00564465914151431,0.000466666666666667));
#9141=CARTESIAN_POINT('',(0.00936806405959146,0.00564465914151431,0.000466666666666667));
#9142=CARTESIAN_POINT('',(0.00936806405959146,0.00564465914151431,0.000466666666666667));
#9143=CARTESIAN_POINT('',(0.00939298063693222,0.00613381787812496,0.000466666666666667));
#9144=CARTESIAN_POINT('',(0.00903616873725706,0.00661742687331485,0.000466666666666667));
#9145=CARTESIAN_POINT('',(0.008932882031355,0.00485280215825979,0.000466666666666667));
#9146=CARTESIAN_POINT('',(0.008932882031355,0.00485280215825979,0.0014));
#9147=CARTESIAN_POINT('',(0.00920639233195213,0.0050546009893557,0.000466666666666667));
#9148=CARTESIAN_POINT('',(0.00920639233195213,0.0050546009893557,0.0014));
#9149=CARTESIAN_POINT('',(0.00935145300803094,0.0053185533171072,0.000466666666666667));
#9150=CARTESIAN_POINT('',(0.00935145300803094,0.0053185533171072,0.0014));
#9151=CARTESIAN_POINT('',(0.00936806405959146,0.00564465914151431,0.000466666666666667));
#9152=CARTESIAN_POINT('',(0.00936806405959146,0.00564465914151431,0.0014));
#9153=CARTESIAN_POINT('',(0.008932882031355,0.00485280215825979,0.0014));
#9154=CARTESIAN_POINT('',(0.00934314748225069,0.00515550040490365,0.0014));
#9155=CARTESIAN_POINT('',(0.00936806405959146,0.00564465914151431,0.0014));
#9156=CARTESIAN_POINT('',(0.008932882031355,0.00485280215825979,0.0014));
#9157=CARTESIAN_POINT('',(0.008932882031355,0.00485280215825979,0.000466666666666667));
#9158=CARTESIAN_POINT('',(0.008932882031355,0.00485280215825979,0.000466666666666667));
#9159=CARTESIAN_POINT('',(0.008932882031355,0.00485280215825979,0.000466666666666667));
#9160=CARTESIAN_POINT('',(0.00934314748225069,0.00515550040490365,0.000466666666666667));
#9161=CARTESIAN_POINT('',(0.00936806405959146,0.00564465914151431,0.000466666666666667));
#9162=CARTESIAN_POINT('',(0.00801966374843487,0.00463209663163921,0.000466666666666667));
#9163=CARTESIAN_POINT('',(0.00801966374843487,0.00463209663163921,0.0014));
#9164=CARTESIAN_POINT('',(0.00832516982158164,0.0045554511467464,0.000466666666666667));
#9165=CARTESIAN_POINT('',(0.00832516982158164,0.0045554511467464,0.0014));
#9166=CARTESIAN_POINT('',(0.00862957591588835,0.00462901965561992,0.000466666666666667));
#9167=CARTESIAN_POINT('',(0.00862957591588835,0.00462901965561992,0.0014));
#9168=CARTESIAN_POINT('',(0.008932882031355,0.00485280215825979,0.000466666666666667));
#9169=CARTESIAN_POINT('',(0.008932882031355,0.00485280215825979,0.0014));
#9170=CARTESIAN_POINT('',(0.00801966374843487,0.00463209663163921,0.0014));
#9171=CARTESIAN_POINT('',(0.00847792285815503,0.00451712840429999,0.0014));
#9172=CARTESIAN_POINT('',(0.008932882031355,0.00485280215825979,0.0014));
#9173=CARTESIAN_POINT('',(0.00801966374843487,0.00463209663163921,0.0014));
#9174=CARTESIAN_POINT('',(0.00801966374843487,0.00463209663163921,0.000466666666666667));
#9175=CARTESIAN_POINT('',(0.00801966374843487,0.00463209663163921,0.000466666666666667));
#9176=CARTESIAN_POINT('',(0.00801966374843487,0.00463209663163921,0.000466666666666667));
#9177=CARTESIAN_POINT('',(0.00847792285815503,0.00451712840429999,0.000466666666666667));
#9178=CARTESIAN_POINT('',(0.008932882031355,0.00485280215825979,0.000466666666666667));
#9179=CARTESIAN_POINT('',(0.00718768222246726,0.00525359371176027,0.000466666666666667));
#9180=CARTESIAN_POINT('',(0.00718768222246726,0.00525359371176027,0.0014));
#9181=CARTESIAN_POINT('',(0.00743683049996556,0.00491590780990572,0.000466666666666667));
#9182=CARTESIAN_POINT('',(0.00743683049996556,0.00491590780990572,0.0014));
#9183=CARTESIAN_POINT('',(0.0077141576752881,0.00470874211653203,0.000466666666666667));
#9184=CARTESIAN_POINT('',(0.0077141576752881,0.00470874211653203,0.0014));
#9185=CARTESIAN_POINT('',(0.00801966374843487,0.00463209663163921,0.000466666666666667));
#9186=CARTESIAN_POINT('',(0.00801966374843487,0.00463209663163921,0.0014));
#9187=CARTESIAN_POINT('',(0.00718768222246726,0.00525359371176027,0.0014));
#9188=CARTESIAN_POINT('',(0.00756140463871471,0.00474706485897844,0.0014));
#9189=CARTESIAN_POINT('',(0.00801966374843487,0.00463209663163921,0.0014));
#9190=CARTESIAN_POINT('',(0.00718768222246726,0.00525359371176027,0.0014));
#9191=CARTESIAN_POINT('',(0.00718768222246726,0.00525359371176027,0.000466666666666667));
#9192=CARTESIAN_POINT('',(0.00718768222246726,0.00525359371176027,0.000466666666666667));
#9193=CARTESIAN_POINT('',(0.00718768222246726,0.00525359371176027,0.000466666666666667));
#9194=CARTESIAN_POINT('',(0.00756140463871471,0.00474706485897844,0.000466666666666667));
#9195=CARTESIAN_POINT('',(0.00801966374843487,0.00463209663163921,0.000466666666666667));
#9196=CARTESIAN_POINT('',(0.009910636361487,0.00589276934360076,0.000466666666666667));
#9197=CARTESIAN_POINT('',(0.009910636361487,0.00589276934360076,0.0014));
#9198=CARTESIAN_POINT('',(0.0100052755457865,0.00553901561986085,0.000466666666666667));
#9199=CARTESIAN_POINT('',(0.0100052755457865,0.00553901561986085,0.0014));
#9200=CARTESIAN_POINT('',(0.0100039514294304,0.00521297973106429,0.000466666666666667));
#9201=CARTESIAN_POINT('',(0.0100039514294304,0.00521297973106429,0.0014));
#9202=CARTESIAN_POINT('',(0.00990666401241866,0.00491466167721108,0.000466666666666667));
#9203=CARTESIAN_POINT('',(0.00990666401241866,0.00491466167721108,0.0014));
#9204=CARTESIAN_POINT('',(0.009910636361487,0.00589276934360076,0.000466666666666667));
#9205=CARTESIAN_POINT('',(0.009910636361487,0.00589276934360076,0.000466666666666667));
#9206=CARTESIAN_POINT('',(0.009910636361487,0.00589276934360076,0.000466666666666667));
#9207=CARTESIAN_POINT('',(0.0100525951379363,0.00536213875799089,0.000466666666666667));
#9208=CARTESIAN_POINT('',(0.00990666401241866,0.00491466167721108,0.000466666666666667));
#9209=CARTESIAN_POINT('',(0.00990666401241866,0.00491466167721108,0.000466666666666667));
#9210=CARTESIAN_POINT('',(0.00990666401241866,0.00491466167721108,0.000466666666666667));
#9211=CARTESIAN_POINT('',(0.0109248128141323,0.00553047071132887,0.000466666666666667));
#9212=CARTESIAN_POINT('',(0.0109248128141323,0.00553047071132887,0.0014));
#9213=CARTESIAN_POINT('',(0.0105603371357777,0.00553352066423724,0.000466666666666667));
#9214=CARTESIAN_POINT('',(0.0105603371357777,0.00553352066423724,0.0014));
#9215=CARTESIAN_POINT('',(0.0102222783182293,0.00565428687499453,0.000466666666666667));
#9216=CARTESIAN_POINT('',(0.0102222783182293,0.00565428687499453,0.0014));
#9217=CARTESIAN_POINT('',(0.009910636361487,0.00589276934360076,0.000466666666666667));
#9218=CARTESIAN_POINT('',(0.009910636361487,0.00589276934360076,0.0014));
#9219=CARTESIAN_POINT('',(0.0109248128141323,0.00553047071132887,0.000466666666666667));
#9220=CARTESIAN_POINT('',(0.0109248128141323,0.00553047071132887,0.000466666666666667));
#9221=CARTESIAN_POINT('',(0.0109248128141323,0.00553047071132887,0.000466666666666667));
#9222=CARTESIAN_POINT('',(0.0103780992966004,0.00553504564069142,0.000466666666666667));
#9223=CARTESIAN_POINT('',(0.009910636361487,0.00589276934360076,0.000466666666666667));
#9224=CARTESIAN_POINT('',(0.0119631572770111,0.00588862636244178,0.000466666666666667));
#9225=CARTESIAN_POINT('',(0.0119631572770111,0.00588862636244178,0.0014));
#9226=CARTESIAN_POINT('',(0.0116354033134464,0.00564680597545814,0.000466666666666667));
#9227=CARTESIAN_POINT('',(0.0116354033134464,0.00564680597545814,0.0014));
#9228=CARTESIAN_POINT('',(0.0112892884924868,0.0055274207584205,0.000466666666666667));
#9229=CARTESIAN_POINT('',(0.0112892884924868,0.0055274207584205,0.0014));
#9230=CARTESIAN_POINT('',(0.0109248128141323,0.00553047071132887,0.000466666666666667));
#9231=CARTESIAN_POINT('',(0.0109248128141323,0.00553047071132887,0.0014));
#9232=CARTESIAN_POINT('',(0.0119631572770111,0.00588862636244178,0.000466666666666667));
#9233=CARTESIAN_POINT('',(0.0119631572770111,0.00588862636244178,0.000466666666666667));
#9234=CARTESIAN_POINT('',(0.0119631572770111,0.00588862636244178,0.000466666666666667));
#9235=CARTESIAN_POINT('',(0.0114715263316641,0.00552589578196632,0.000466666666666667));
#9236=CARTESIAN_POINT('',(0.0109248128141323,0.00553047071132887,0.000466666666666667));
#9237=CARTESIAN_POINT('',(0.0126223883091724,0.00673782941724731,0.000466666666666667));
#9238=CARTESIAN_POINT('',(0.0126223883091724,0.00673782941724731,0.0014));
#9239=CARTESIAN_POINT('',(0.0125007229796731,0.00640618654384594,0.000466666666666667));
#9240=CARTESIAN_POINT('',(0.0125007229796731,0.00640618654384594,0.0014));
#9241=CARTESIAN_POINT('',(0.012280979302286,0.00612311885891077,0.000466666666666667));
#9242=CARTESIAN_POINT('',(0.012280979302286,0.00612311885891077,0.0014));
#9243=CARTESIAN_POINT('',(0.0119631572770111,0.00588862636244178,0.000466666666666667));
#9244=CARTESIAN_POINT('',(0.0119631572770111,0.00588862636244178,0.0014));
#9245=CARTESIAN_POINT('',(0.0126223883091724,0.00673782941724731,0.000466666666666667));
#9246=CARTESIAN_POINT('',(0.0126223883091724,0.00673782941724731,0.000466666666666667));
#9247=CARTESIAN_POINT('',(0.0126223883091724,0.00673782941724731,0.000466666666666667));
#9248=CARTESIAN_POINT('',(0.0124398903149234,0.00624036510714526,0.000466666666666667));
#9249=CARTESIAN_POINT('',(0.0119631572770111,0.00588862636244178,0.000466666666666667));
#9250=CARTESIAN_POINT('',(0.012687978591583,0.00780033573499111,0.000466666666666667));
#9251=CARTESIAN_POINT('',(0.012687978591583,0.00780033573499111,0.0014));
#9252=CARTESIAN_POINT('',(0.0127659170661419,0.00742364106322994,0.000466666666666667));
#9253=CARTESIAN_POINT('',(0.0127659170661419,0.00742364106322994,0.0014));
#9254=CARTESIAN_POINT('',(0.0127440536386717,0.00706947229064868,0.000466666666666667));
#9255=CARTESIAN_POINT('',(0.0127440536386717,0.00706947229064868,0.0014));
#9256=CARTESIAN_POINT('',(0.0126223883091724,0.00673782941724731,0.000466666666666667));
#9257=CARTESIAN_POINT('',(0.0126223883091724,0.00673782941724731,0.0014));
#9258=CARTESIAN_POINT('',(0.012687978591583,0.00780033573499111,0.000466666666666667));
#9259=CARTESIAN_POINT('',(0.012687978591583,0.00780033573499111,0.000466666666666667));
#9260=CARTESIAN_POINT('',(0.012687978591583,0.00780033573499111,0.000466666666666667));
#9261=CARTESIAN_POINT('',(0.0128048863034213,0.00723529372734936,0.000466666666666667));
#9262=CARTESIAN_POINT('',(0.0126223883091724,0.00673782941724731,0.000466666666666667));
#9263=CARTESIAN_POINT('',(0.0121601453270382,0.00892233028211696,0.000466666666666667));
#9264=CARTESIAN_POINT('',(0.0121601453270382,0.00892233028211696,0.0014));
#9265=CARTESIAN_POINT('',(0.0124340956955092,0.00855102858912757,0.000466666666666667));
#9266=CARTESIAN_POINT('',(0.0124340956955092,0.00855102858912757,0.0014));
#9267=CARTESIAN_POINT('',(0.0126100401170241,0.00817703040675228,0.000466666666666667));
#9268=CARTESIAN_POINT('',(0.0126100401170241,0.00817703040675228,0.0014));
#9269=CARTESIAN_POINT('',(0.012687978591583,0.00780033573499111,0.000466666666666667));
#9270=CARTESIAN_POINT('',(0.012687978591583,0.00780033573499111,0.0014));
#9271=CARTESIAN_POINT('',(0.0121601453270382,0.00892233028211696,0.000466666666666667));
#9272=CARTESIAN_POINT('',(0.0121601453270382,0.00892233028211696,0.000466666666666667));
#9273=CARTESIAN_POINT('',(0.0121601453270382,0.00892233028211696,0.000466666666666667));
#9274=CARTESIAN_POINT('',(0.0125710708797447,0.00836537774263287,0.000466666666666667));
#9275=CARTESIAN_POINT('',(0.012687978591583,0.00780033573499111,0.000466666666666667));
#9276=CARTESIAN_POINT('',(0.0112383245584241,0.00976514052706,0.000466666666666667));
#9277=CARTESIAN_POINT('',(0.0112383245584241,0.00976514052706,0.0014));
#9278=CARTESIAN_POINT('',(0.0115789213690292,0.0095745687234207,0.000466666666666667));
#9279=CARTESIAN_POINT('',(0.0115789213690292,0.0095745687234207,0.0014));
#9280=CARTESIAN_POINT('',(0.0118861949585672,0.00929363197510635,0.000466666666666667));
#9281=CARTESIAN_POINT('',(0.0118861949585672,0.00929363197510635,0.0014));
#9282=CARTESIAN_POINT('',(0.0121601453270382,0.00892233028211696,0.000466666666666667));
#9283=CARTESIAN_POINT('',(0.0121601453270382,0.00892233028211696,0.0014));
#9284=CARTESIAN_POINT('',(0.0112383245584241,0.00976514052706,0.000466666666666667));
#9285=CARTESIAN_POINT('',(0.0112383245584241,0.00976514052706,0.000466666666666667));
#9286=CARTESIAN_POINT('',(0.0112383245584241,0.00976514052706,0.000466666666666667));
#9287=CARTESIAN_POINT('',(0.0117492197743317,0.00947928282160105,0.000466666666666667));
#9288=CARTESIAN_POINT('',(0.0121601453270382,0.00892233028211696,0.000466666666666667));
#9289=CARTESIAN_POINT('',(0.0101982657585357,0.0100233910030516,0.000466666666666667));
#9290=CARTESIAN_POINT('',(0.0101982657585357,0.0100233910030516,0.0014));
#9291=CARTESIAN_POINT('',(0.0105510414811895,0.0100417958226965,0.000466666666666667));
#9292=CARTESIAN_POINT('',(0.0105510414811895,0.0100417958226965,0.0014));
#9293=CARTESIAN_POINT('',(0.010897727747819,0.00995571233069929,0.000466666666666667));
#9294=CARTESIAN_POINT('',(0.010897727747819,0.00995571233069929,0.0014));
#9295=CARTESIAN_POINT('',(0.0112383245584241,0.00976514052706,0.000466666666666667));
#9296=CARTESIAN_POINT('',(0.0112383245584241,0.00976514052706,0.0014));
#9297=CARTESIAN_POINT('',(0.0101982657585357,0.0100233910030516,0.000466666666666667));
#9298=CARTESIAN_POINT('',(0.0101982657585357,0.0100233910030516,0.000466666666666667));
#9299=CARTESIAN_POINT('',(0.0101982657585357,0.0100233910030516,0.000466666666666667));
#9300=CARTESIAN_POINT('',(0.0107274293425164,0.0100509982325189,0.000466666666666667));
#9301=CARTESIAN_POINT('',(0.0112383245584241,0.00976514052706,0.000466666666666667));
#9302=CARTESIAN_POINT('',(0.00919236913664264,0.00964404502888083,0.000466666666666667));
#9303=CARTESIAN_POINT('',(0.00919236913664264,0.00964404502888083,0.0014));
#9304=CARTESIAN_POINT('',(0.00951019116191751,0.00987853752534981,0.000466666666666667));
#9305=CARTESIAN_POINT('',(0.00951019116191751,0.00987853752534981,0.0014));
#9306=CARTESIAN_POINT('',(0.00984549003588187,0.0100049861834067,0.000466666666666667));
#9307=CARTESIAN_POINT('',(0.00984549003588187,0.0100049861834067,0.0014));
#9308=CARTESIAN_POINT('',(0.0101982657585357,0.0100233910030516,0.000466666666666667));
#9309=CARTESIAN_POINT('',(0.0101982657585357,0.0100233910030516,0.0014));
#9310=CARTESIAN_POINT('',(0.00919236913664264,0.00964404502888083,0.000466666666666667));
#9311=CARTESIAN_POINT('',(0.00919236913664264,0.00964404502888083,0.000466666666666667));
#9312=CARTESIAN_POINT('',(0.00919236913664264,0.00964404502888083,0.000466666666666667));
#9313=CARTESIAN_POINT('',(0.00966910217455495,0.0099957837735843,0.000466666666666667));
#9314=CARTESIAN_POINT('',(0.0101982657585357,0.0100233910030516,0.000466666666666667));
#9315=CARTESIAN_POINT('',(0.00854978663687951,0.00875668525912079,0.000466666666666667));
#9316=CARTESIAN_POINT('',(0.00854978663687951,0.00875668525912079,0.0014));
#9317=CARTESIAN_POINT('',(0.00865042100649022,0.00910643805197718,0.000466666666666667));
#9318=CARTESIAN_POINT('',(0.00865042100649022,0.00910643805197718,0.0014));
#9319=CARTESIAN_POINT('',(0.00886461517307792,0.00940222464189719,0.000466666666666667));
#9320=CARTESIAN_POINT('',(0.00886461517307792,0.00940222464189719,0.0014));
#9321=CARTESIAN_POINT('',(0.00919236913664264,0.00964404502888083,0.000466666666666667));
#9322=CARTESIAN_POINT('',(0.00919236913664264,0.00964404502888083,0.0014));
#9323=CARTESIAN_POINT('',(0.00854978663687951,0.00875668525912079,0.000466666666666667));
#9324=CARTESIAN_POINT('',(0.00854978663687951,0.00875668525912079,0.000466666666666667));
#9325=CARTESIAN_POINT('',(0.00854978663687951,0.00875668525912079,0.000466666666666667));
#9326=CARTESIAN_POINT('',(0.00870073819129557,0.00928131444840537,0.000466666666666667));
#9327=CARTESIAN_POINT('',(0.00919236913664264,0.00964404502888083,0.000466666666666667));
#9328=CARTESIAN_POINT('',(0.00859584369799204,0.00767478827137395,0.000466666666666667));
#9329=CARTESIAN_POINT('',(0.00859584369799204,0.00767478827137395,0.0014));
#9330=CARTESIAN_POINT('',(0.00846450462097298,0.00804630013701546,0.000466666666666667));
#9331=CARTESIAN_POINT('',(0.00846450462097298,0.00804630013701546,0.0014));
#9332=CARTESIAN_POINT('',(0.0084491522672688,0.00840693246626441,0.000466666666666667));
#9333=CARTESIAN_POINT('',(0.0084491522672688,0.00840693246626441,0.0014));
#9334=CARTESIAN_POINT('',(0.00854978663687951,0.00875668525912079,0.000466666666666667));
#9335=CARTESIAN_POINT('',(0.00854978663687951,0.00875668525912079,0.0014));
#9336=CARTESIAN_POINT('',(0.00859584369799204,0.00767478827137395,0.000466666666666667));
#9337=CARTESIAN_POINT('',(0.00859584369799204,0.00767478827137395,0.000466666666666667));
#9338=CARTESIAN_POINT('',(0.00859584369799204,0.00767478827137395,0.000466666666666667));
#9339=CARTESIAN_POINT('',(0.00839883508246345,0.00823205606983622,0.000466666666666667));
#9340=CARTESIAN_POINT('',(0.00854978663687951,0.00875668525912079,0.000466666666666667));
#9341=CARTESIAN_POINT('',(0.00766243235442694,0.00794801047130292,0.000466666666666667));
#9342=CARTESIAN_POINT('',(0.00766243235442694,0.00794801047130292,0.0014));
#9343=CARTESIAN_POINT('',(0.00798709628372537,0.00795334337574895,0.000466666666666667));
#9344=CARTESIAN_POINT('',(0.00798709628372537,0.00795334337574895,0.0014));
#9345=CARTESIAN_POINT('',(0.00829823339824707,0.00786226930910596,0.000466666666666667));
#9346=CARTESIAN_POINT('',(0.00829823339824707,0.00786226930910596,0.0014));
#9347=CARTESIAN_POINT('',(0.00859584369799204,0.00767478827137395,0.000466666666666667));
#9348=CARTESIAN_POINT('',(0.00859584369799204,0.00767478827137395,0.0014));
#9349=CARTESIAN_POINT('',(0.00766243235442694,0.00794801047130292,0.000466666666666667));
#9350=CARTESIAN_POINT('',(0.00766243235442694,0.00794801047130292,0.000466666666666667));
#9351=CARTESIAN_POINT('',(0.00766243235442694,0.00794801047130292,0.000466666666666667));
#9352=CARTESIAN_POINT('',(0.00814942824837458,0.00795600982797197,0.000466666666666667));
#9353=CARTESIAN_POINT('',(0.00859584369799204,0.00767478827137395,0.000466666666666667));
#9354=CARTESIAN_POINT('',(0.00675027310214885,0.00762632103221803,0.000466666666666667));
#9355=CARTESIAN_POINT('',(0.00675027310214885,0.00762632103221803,0.0014));
#9356=CARTESIAN_POINT('',(0.00703371534103582,0.00783544775382859,0.000466666666666667));
#9357=CARTESIAN_POINT('',(0.00703371534103582,0.00783544775382859,0.0014));
#9358=CARTESIAN_POINT('',(0.00733776842512851,0.00794267756685689,0.000466666666666667));
#9359=CARTESIAN_POINT('',(0.00733776842512851,0.00794267756685689,0.0014));
#9360=CARTESIAN_POINT('',(0.00766243235442694,0.00794801047130292,0.000466666666666667));
#9361=CARTESIAN_POINT('',(0.00766243235442694,0.00794801047130292,0.0014));
#9362=CARTESIAN_POINT('',(0.00675027310214885,0.00762632103221803,0.000466666666666667));
#9363=CARTESIAN_POINT('',(0.00675027310214885,0.00762632103221803,0.000466666666666667));
#9364=CARTESIAN_POINT('',(0.00675027310214885,0.00762632103221803,0.000466666666666667));
#9365=CARTESIAN_POINT('',(0.0071754364604793,0.00794001111463387,0.000466666666666667));
#9366=CARTESIAN_POINT('',(0.00766243235442694,0.00794801047130292,0.000466666666666667));
#9367=CARTESIAN_POINT('',(0.00769803481980053,0.00630427274403539,0.000466666666666667));
#9368=CARTESIAN_POINT('',(0.00618455908755627,0.00689744093126807,0.000466666666666667));
#9369=CARTESIAN_POINT('',(0.00618455908755627,0.00689744093126807,0.000466666666666667));
#9370=CARTESIAN_POINT('',(0.00769803481980053,0.00630427274403539,0.000466666666666667));
#9371=CARTESIAN_POINT('',(0.00611643537691086,0.00592952120694963,0.000466666666666667));
#9372=CARTESIAN_POINT('',(0.00611643537691086,0.00592952120694963,0.0014));
#9373=CARTESIAN_POINT('',(0.00604828686992003,0.0062833518964432,0.000466666666666667));
#9374=CARTESIAN_POINT('',(0.00604828686992003,0.0062833518964432,0.0014));
#9375=CARTESIAN_POINT('',(0.0060709947734685,0.00660599180454934,0.000466666666666667));
#9376=CARTESIAN_POINT('',(0.0060709947734685,0.00660599180454934,0.0014));
#9377=CARTESIAN_POINT('',(0.00618455908755627,0.00689744093126807,0.000466666666666667));
#9378=CARTESIAN_POINT('',(0.00618455908755627,0.00689744093126807,0.0014));
#9379=CARTESIAN_POINT('',(0.00611643537691086,0.00592952120694963,0.000466666666666667));
#9380=CARTESIAN_POINT('',(0.00611643537691086,0.00592952120694963,0.000466666666666667));
#9381=CARTESIAN_POINT('',(0.00611643537691086,0.00592952120694963,0.000466666666666667));
#9382=CARTESIAN_POINT('',(0.00601421261642462,0.00646026724118998,0.000466666666666667));
#9383=CARTESIAN_POINT('',(0.00618455908755627,0.00689744093126807,0.000466666666666667));
#9384=CARTESIAN_POINT('',(0.00662958369010357,0.00484182263322519,0.000466666666666667));
#9385=CARTESIAN_POINT('',(0.00662958369010357,0.00484182263322519,0.0014));
#9386=CARTESIAN_POINT('',(0.0063556333216326,0.00521312432621458,0.000466666666666667));
#9387=CARTESIAN_POINT('',(0.0063556333216326,0.00521312432621458,0.0014));
#9388=CARTESIAN_POINT('',(0.00618458388390169,0.00557569051745606,0.000466666666666667));
#9389=CARTESIAN_POINT('',(0.00618458388390169,0.00557569051745606,0.0014));
#9390=CARTESIAN_POINT('',(0.00611643537691086,0.00592952120694963,0.000466666666666667));
#9391=CARTESIAN_POINT('',(0.00611643537691086,0.00592952120694963,0.0014));
#9392=CARTESIAN_POINT('',(0.00662958369010357,0.00484182263322519,0.000466666666666667));
#9393=CARTESIAN_POINT('',(0.00662958369010357,0.00484182263322519,0.000466666666666667));
#9394=CARTESIAN_POINT('',(0.00662958369010357,0.00484182263322519,0.000466666666666667));
#9395=CARTESIAN_POINT('',(0.00621865813739711,0.00539877517270928,0.000466666666666667));
#9396=CARTESIAN_POINT('',(0.00611643537691086,0.00592952120694963,0.000466666666666667));
#9397=CARTESIAN_POINT('',(0.00751747167492447,0.00403061100545756,0.000466666666666667));
#9398=CARTESIAN_POINT('',(0.00751747167492447,0.00403061100545756,0.0014));
#9399=CARTESIAN_POINT('',(0.00719949672018152,0.00420011706431325,0.000466666666666667));
#9400=CARTESIAN_POINT('',(0.00719949672018152,0.00420011706431325,0.0014));
#9401=CARTESIAN_POINT('',(0.00690353405857455,0.00447052094023579,0.000466666666666667));
#9402=CARTESIAN_POINT('',(0.00690353405857455,0.00447052094023579,0.0014));
#9403=CARTESIAN_POINT('',(0.00662958369010357,0.00484182263322519,0.000466666666666667));
#9404=CARTESIAN_POINT('',(0.00662958369010357,0.00484182263322519,0.0014));
#9405=CARTESIAN_POINT('',(0.00751747167492447,0.00403061100545756,0.000466666666666667));
#9406=CARTESIAN_POINT('',(0.00751747167492447,0.00403061100545756,0.000466666666666667));
#9407=CARTESIAN_POINT('',(0.00751747167492447,0.00403061100545756,0.000466666666666667));
#9408=CARTESIAN_POINT('',(0.00704050924281004,0.0042848700937411,0.000466666666666667));
#9409=CARTESIAN_POINT('',(0.00662958369010357,0.00484182263322519,0.000466666666666667));
#9410=CARTESIAN_POINT('',(0.00845986909235688,0.00381357409227281,0.000466666666666667));
#9411=CARTESIAN_POINT('',(0.00845986909235688,0.00381357409227281,0.0014));
#9412=CARTESIAN_POINT('',(0.00814957910214489,0.00378875930887363,0.000466666666666667));
#9413=CARTESIAN_POINT('',(0.00814957910214489,0.00378875930887363,0.0014));
#9414=CARTESIAN_POINT('',(0.00783544662966742,0.00386110494660188,0.000466666666666667));
#9415=CARTESIAN_POINT('',(0.00783544662966742,0.00386110494660188,0.0014));
#9416=CARTESIAN_POINT('',(0.00751747167492447,0.00403061100545756,0.000466666666666667));
#9417=CARTESIAN_POINT('',(0.00751747167492447,0.00403061100545756,0.0014));
#9418=CARTESIAN_POINT('',(0.00845986909235688,0.00381357409227281,0.000466666666666667));
#9419=CARTESIAN_POINT('',(0.00845986909235688,0.00381357409227281,0.000466666666666667));
#9420=CARTESIAN_POINT('',(0.00845986909235688,0.00381357409227281,0.000466666666666667));
#9421=CARTESIAN_POINT('',(0.0079944341070389,0.00377635191717404,0.000466666666666667));
#9422=CARTESIAN_POINT('',(0.00751747167492447,0.00403061100545756,0.000466666666666667));
#9423=CARTESIAN_POINT('',(0.00832375381391835,0.00545457617736716,0.000466666666666667));
#9424=CARTESIAN_POINT('',(0.00932067162113579,0.00414250267824345,0.000466666666666667));
#9425=CARTESIAN_POINT('',(0.00932067162113579,0.00414250267824345,0.000466666666666667));
#9426=CARTESIAN_POINT('',(0.00832375381391835,0.00545457617736716,0.000466666666666667));
#9427=CARTESIAN_POINT('',(0.00683423653671786,0.00623877864883407,0.000466666666666667));
#9428=CARTESIAN_POINT('',(0.00683423653671786,0.00623877864883407,0.0014));
#9429=CARTESIAN_POINT('',(0.00681733661307137,0.00592425856415781,0.000466666666666667));
#9430=CARTESIAN_POINT('',(0.00681733661307137,0.00592425856415781,0.0014));
#9431=CARTESIAN_POINT('',(0.00693515184165451,0.00559586358513321,0.000466666666666667));
#9432=CARTESIAN_POINT('',(0.00693515184165451,0.00559586358513321,0.0014));
#9433=CARTESIAN_POINT('',(0.00718768222246726,0.00525359371176027,0.000466666666666667));
#9434=CARTESIAN_POINT('',(0.00718768222246726,0.00525359371176027,0.0014));
#9435=CARTESIAN_POINT('',(0.00683423653671786,0.00623877864883407,0.0014));
#9436=CARTESIAN_POINT('',(0.00680888665124813,0.00576699852181968,0.0014));
#9437=CARTESIAN_POINT('',(0.00718768222246726,0.00525359371176027,0.0014));
#9438=CARTESIAN_POINT('',(0.00683423653671786,0.00623877864883407,0.000466666666666667));
#9439=CARTESIAN_POINT('',(0.00680888665124813,0.00576699852181968,0.000466666666666667));
#9440=CARTESIAN_POINT('',(0.00718768222246726,0.00525359371176027,0.000466666666666667));
#9441=CARTESIAN_POINT('',(0.00990666401241866,0.00491466167721108,0.000466666666666667));
#9442=CARTESIAN_POINT('',(0.00990666401241866,0.00491466167721108,0.0014));
#9443=CARTESIAN_POINT('',(0.00980937659540689,0.00461634362335788,0.000466666666666667));
#9444=CARTESIAN_POINT('',(0.00980937659540689,0.00461634362335788,0.0014));
#9445=CARTESIAN_POINT('',(0.0096140457983126,0.00435895729036867,0.000466666666666667));
#9446=CARTESIAN_POINT('',(0.0096140457983126,0.00435895729036867,0.0014));
#9447=CARTESIAN_POINT('',(0.00932067162113579,0.00414250267824345,0.000466666666666667));
#9448=CARTESIAN_POINT('',(0.00932067162113579,0.00414250267824345,0.0014));
#9449=CARTESIAN_POINT('',(0.00990666401241866,0.00491466167721108,0.000466666666666667));
#9450=CARTESIAN_POINT('',(0.009760732886901,0.00446718459643127,0.000466666666666667));
#9451=CARTESIAN_POINT('',(0.00932067162113579,0.00414250267824345,0.000466666666666667));
#9452=CARTESIAN_POINT('',(0.0104571247315292,0.0062950894044956,0.000466666666666667));
#9453=CARTESIAN_POINT('',(0.0104571247315292,0.0062950894044956,0.0014));
#9454=CARTESIAN_POINT('',(0.0107949726924957,0.00618980112775596,0.000466666666666667));
#9455=CARTESIAN_POINT('',(0.0107949726924957,0.00618980112775596,0.0014));
#9456=CARTESIAN_POINT('',(0.0111327396239062,0.00626173112813529,0.000466666666666667));
#9457=CARTESIAN_POINT('',(0.0111327396239062,0.00626173112813529,0.0014));
#9458=CARTESIAN_POINT('',(0.0114704255257607,0.00651087940563359,0.000466666666666667));
#9459=CARTESIAN_POINT('',(0.0114704255257607,0.00651087940563359,0.0014));
#9460=CARTESIAN_POINT('',(0.0104571247315292,0.0062950894044956,0.0014));
#9461=CARTESIAN_POINT('',(0.0109638966729789,0.00613715698938614,0.0014));
#9462=CARTESIAN_POINT('',(0.0114704255257607,0.00651087940563359,0.0014));
#9463=CARTESIAN_POINT('',(0.0104571247315292,0.0062950894044956,0.000466666666666667));
#9464=CARTESIAN_POINT('',(0.0109638966729789,0.00613715698938614,0.000466666666666667));
#9465=CARTESIAN_POINT('',(0.0114704255257607,0.00651087940563359,0.000466666666666667));
#9466=CARTESIAN_POINT('',(-3.46944695195361E-18,0.,0.000466666666666667));
#9467=CARTESIAN_POINT('',(0.,0.,0.0014));
#9468=CARTESIAN_POINT('',(-0.003782949996535,-0.0103156483089715,0.000466666666666667));
#9469=CARTESIAN_POINT('',(-0.003782949996535,-0.0103156483089715,0.0014));
#9470=CARTESIAN_POINT('',(-0.0020896790376504,-0.00903103275609535,0.0014));
#9471=CARTESIAN_POINT('',(-0.00547622095541962,-0.0116002638618477,0.0014));
#9472=CARTESIAN_POINT('',(-0.0020896790376504,-0.00903103275609535,0.000466666666666667));
#9473=CARTESIAN_POINT('',(-0.0020896790376504,-0.00903103275609535,0.000466666666666667));
#9474=CARTESIAN_POINT('',(-0.003782949996535,-0.0103156483089715,0.000466666666666667));
#9475=CARTESIAN_POINT('',(-0.00547622095541962,-0.0116002638618477,0.000466666666666667));
#9476=CARTESIAN_POINT('',(-0.00547622095541962,-0.0116002638618477,0.000466666666666667));
#9477=CARTESIAN_POINT('',(-0.00261401982264034,-0.010685998937254,0.000466666666666667));
#9478=CARTESIAN_POINT('',(-0.00261401982264034,-0.010685998937254,0.0014));
#9479=CARTESIAN_POINT('',(-0.00313836060763028,-0.0123409651184127,0.0014));
#9480=CARTESIAN_POINT('',(-0.00313836060763028,-0.0123409651184127,0.000466666666666667));
#9481=CARTESIAN_POINT('',(-0.00313836060763028,-0.0123409651184127,0.000466666666666667));
#9482=CARTESIAN_POINT('',(-0.00261401982264034,-0.010685998937254,0.000466666666666667));
#9483=CARTESIAN_POINT('',(-0.00651114663012081,-0.0116981378192857,0.000466666666666667));
#9484=CARTESIAN_POINT('',(-0.006606207592781,-0.0119981768070102,0.000466666666666667));
#9485=CARTESIAN_POINT('',(-0.006606207592781,-0.0119981768070102,0.000466666666666667));
#9486=CARTESIAN_POINT('',(-0.00651114663012081,-0.0116981378192857,0.000466666666666667));
#9487=CARTESIAN_POINT('',(-0.00641608566746061,-0.0113980988315613,0.000466666666666667));
#9488=CARTESIAN_POINT('',(-0.00641608566746061,-0.0113980988315613,0.000466666666666667));
#9489=CARTESIAN_POINT('',(-0.00499875889836603,-0.0125074626884114,0.000466666666666667));
#9490=CARTESIAN_POINT('',(-0.00339131020395107,-0.0130167485698126,0.000466666666666667));
#9491=CARTESIAN_POINT('',(-0.00339131020395107,-0.0130167485698126,0.000466666666666667));
#9492=CARTESIAN_POINT('',(-0.00499875889836603,-0.0125074626884114,0.000466666666666667));
#9493=CARTESIAN_POINT('',(-0.0036128323567565,-0.013715934446184,0.000466666666666667));
#9494=CARTESIAN_POINT('',(-0.00383435450956193,-0.0144151203225554,0.000466666666666667));
#9495=CARTESIAN_POINT('',(-0.00383435450956193,-0.0144151203225554,0.000466666666666667));
#9496=CARTESIAN_POINT('',(-0.0036128323567565,-0.013715934446184,0.000466666666666667));
#9497=CARTESIAN_POINT('',(-0.00344335347578531,-0.0145390006720854,0.000466666666666667));
#9498=CARTESIAN_POINT('',(-0.00305235244200869,-0.0146628810216154,0.000466666666666667));
#9499=CARTESIAN_POINT('',(-0.00305235244200869,-0.0146628810216154,0.000466666666666667));
#9500=CARTESIAN_POINT('',(-0.00344335347578531,-0.0145390006720854,0.000466666666666667));
#9501=CARTESIAN_POINT('',(-0.00283083028920326,-0.013963695145244,0.000466666666666667));
#9502=CARTESIAN_POINT('',(-0.00260930813639784,-0.0132645092688727,0.000466666666666667));
#9503=CARTESIAN_POINT('',(-0.00260930813639784,-0.0132645092688727,0.000466666666666667));
#9504=CARTESIAN_POINT('',(-0.00283083028920326,-0.013963695145244,0.000466666666666667));
#9505=CARTESIAN_POINT('',(-0.00217486254331271,-0.0134021541016838,0.000466666666666667));
#9506=CARTESIAN_POINT('',(-0.00174041695022758,-0.013539798934495,0.000466666666666667));
#9507=CARTESIAN_POINT('',(-0.00174041695022758,-0.013539798934495,0.000466666666666667));
#9508=CARTESIAN_POINT('',(-0.00217486254331271,-0.0134021541016838,0.000466666666666667));
#9509=CARTESIAN_POINT('',(-0.00163159150428627,-0.013196315387462,0.000466666666666667));
#9510=CARTESIAN_POINT('',(-0.00152276605834496,-0.0128528318404291,0.000466666666666667));
#9511=CARTESIAN_POINT('',(-0.00152276605834496,-0.0128528318404291,0.000466666666666667));
#9512=CARTESIAN_POINT('',(-0.00163159150428627,-0.013196315387462,0.000466666666666667));
#9513=CARTESIAN_POINT('',(-0.00195721165143009,-0.012715187007618,0.000466666666666667));
#9514=CARTESIAN_POINT('',(-0.00239165724451522,-0.0125775421748068,0.000466666666666667));
#9515=CARTESIAN_POINT('',(-0.00239165724451522,-0.0125775421748068,0.000466666666666667));
#9516=CARTESIAN_POINT('',(-0.00195721165143009,-0.012715187007618,0.000466666666666667));
#9517=CARTESIAN_POINT('',(-0.00173655386835469,-0.0105098526802173,0.000466666666666667));
#9518=CARTESIAN_POINT('',(-0.00108145049219416,-0.00844216318562776,0.000466666666666667));
#9519=CARTESIAN_POINT('',(-0.00108145049219416,-0.00844216318562776,0.000466666666666667));
#9520=CARTESIAN_POINT('',(-0.00173655386835469,-0.0105098526802173,0.000466666666666667));
#9521=CARTESIAN_POINT('',(-0.00155526771715263,-0.00829204428984311,0.000466666666666667));
#9522=CARTESIAN_POINT('',(-0.0020290849421111,-0.00814192539405846,0.000466666666666667));
#9523=CARTESIAN_POINT('',(-0.0020290849421111,-0.00814192539405846,0.000466666666666667));
#9524=CARTESIAN_POINT('',(-0.00155526771715263,-0.00829204428984311,0.000466666666666667));
#9525=CARTESIAN_POINT('',(-0.00422258530478585,-0.0097700121128099,0.000466666666666667));
#9526=CARTESIAN_POINT('',(-0.00422258530478585,-0.0097700121128099,0.000466666666666667));
#9527=CARTESIAN_POINT('',(-0.00430729078152495,-0.0119706144901302,0.000466666666666667));
#9528=CARTESIAN_POINT('',(-0.00430729078152495,-0.0119706144901302,0.0014));
#9529=CARTESIAN_POINT('',(-0.00430729078152495,-0.0119706144901302,0.000466666666666667));
#9530=CARTESIAN_POINT('',(-3.46944695195361E-18,0.,0.000466666666666667));
#9531=CARTESIAN_POINT('',(0.0119227552265213,0.000827330886794477,0.000466666666666667));
#9532=CARTESIAN_POINT('',(0.00894204594408113,0.00207228369939376,0.000466666666666667));
#9533=CARTESIAN_POINT('',(0.00894204594408113,0.00207228369939376,0.000466666666666667));
#9534=CARTESIAN_POINT('',(0.0119227552265213,0.000827330886794477,0.000466666666666667));
#9535=CARTESIAN_POINT('',(0.0149034645089616,-0.00041762192580481,0.000466666666666667));
#9536=CARTESIAN_POINT('',(0.0149034645089616,-0.00041762192580481,0.000466666666666667));
#9537=CARTESIAN_POINT('',(0.00862802851436334,0.00206998012472046,0.000466666666666667));
#9538=CARTESIAN_POINT('',(0.00831401108464554,0.00206767655004717,0.000466666666666667));
#9539=CARTESIAN_POINT('',(0.00831401108464554,0.00206767655004717,0.000466666666666667));
#9540=CARTESIAN_POINT('',(0.00862802851436334,0.00206998012472046,0.000466666666666667));
#9541=CARTESIAN_POINT('',(0.0083298592605158,-9.27064017981318E-5,0.000466666666666667));
#9542=CARTESIAN_POINT('',(0.00834570743638605,-0.00225308935364344,0.000466666666666667));
#9543=CARTESIAN_POINT('',(0.00834570743638605,-0.00225308935364344,0.000466666666666667));
#9544=CARTESIAN_POINT('',(0.0083298592605158,-9.27064017981318E-5,0.000466666666666667));
#9545=CARTESIAN_POINT('',(0.00870102421060187,-0.00225048281450064,0.000466666666666667));
#9546=CARTESIAN_POINT('',(0.00905634098481769,-0.00224787627535783,0.000466666666666667));
#9547=CARTESIAN_POINT('',(0.00905634098481769,-0.00224787627535783,0.000466666666666667));
#9548=CARTESIAN_POINT('',(0.00870102421060187,-0.00225048281450064,0.000466666666666667));
#9549=CARTESIAN_POINT('',(0.00904343365371176,-0.000488381788208941,0.000466666666666667));
#9550=CARTESIAN_POINT('',(0.00903052632260583,0.00127111269893995,0.000466666666666667));
#9551=CARTESIAN_POINT('',(0.00903052632260583,0.00127111269893995,0.000466666666666667));
#9552=CARTESIAN_POINT('',(0.00904343365371176,-0.000488381788208941,0.000466666666666667));
#9553=CARTESIAN_POINT('',(0.0119700720722068,7.34342261342379E-6,0.000466666666666667));
#9554=CARTESIAN_POINT('',(0.0149096178218077,-0.0012564258537131,0.000466666666666667));
#9555=CARTESIAN_POINT('',(0.0149096178218077,-0.0012564258537131,0.000466666666666667));
#9556=CARTESIAN_POINT('',(0.0119700720722068,7.34342261342379E-6,0.000466666666666667));
#9557=CARTESIAN_POINT('',(0.0149065411653846,-0.000837023889758957,0.000466666666666667));
#9558=CARTESIAN_POINT('',(0.0149065411653846,-0.000837023889758957,0.000466666666666667));
#9559=CARTESIAN_POINT('',(-3.46944695195361E-18,0.,0.000466666666666667));
#9560=CARTESIAN_POINT('',(-0.009306709899749,-0.00417821717391327,0.000466666666666667));
#9561=CARTESIAN_POINT('',(-0.009306709899749,-0.00417821717391327,0.0014));
#9562=CARTESIAN_POINT('',(-0.00883135092083553,-0.0038805871515987,0.000466666666666667));
#9563=CARTESIAN_POINT('',(-0.00883135092083553,-0.0038805871515987,0.0014));
#9564=CARTESIAN_POINT('',(-0.00835105194613771,-0.00379434680153022,0.000466666666666667));
#9565=CARTESIAN_POINT('',(-0.00835105194613771,-0.00379434680153022,0.0014));
#9566=CARTESIAN_POINT('',(-0.00786581297565554,-0.00391949612370784,0.000466666666666667));
#9567=CARTESIAN_POINT('',(-0.00786581297565554,-0.00391949612370784,0.0014));
#9568=CARTESIAN_POINT('',(-0.009306709899749,-0.00417821717391327,0.000466666666666667));
#9569=CARTESIAN_POINT('',(-0.009306709899749,-0.00417821717391327,0.000466666666666667));
#9570=CARTESIAN_POINT('',(-0.009306709899749,-0.00417821717391327,0.000466666666666667));
#9571=CARTESIAN_POINT('',(-0.00859367143137879,-0.00373177214044141,0.000466666666666667));
#9572=CARTESIAN_POINT('',(-0.00786581297565554,-0.00391949612370784,0.000466666666666667));
#9573=CARTESIAN_POINT('',(-0.00786581297565554,-0.00391949612370784,0.000466666666666667));
#9574=CARTESIAN_POINT('',(-0.00786581297565554,-0.00391949612370784,0.000466666666666667));
#9575=CARTESIAN_POINT('',(-0.00906573503859397,-0.00450482514459839,0.000466666666666667));
#9576=CARTESIAN_POINT('',(-0.00882476017743895,-0.0048314331152835,0.000466666666666667));
#9577=CARTESIAN_POINT('',(-0.00882476017743895,-0.0048314331152835,0.000466666666666667));
#9578=CARTESIAN_POINT('',(-0.00906573503859397,-0.00450482514459839,0.000466666666666667));
#9579=CARTESIAN_POINT('',(-0.0079502294250545,-0.00469502133660123,0.000466666666666667));
#9580=CARTESIAN_POINT('',(-0.0079502294250545,-0.00469502133660123,0.0014));
#9581=CARTESIAN_POINT('',(-0.0082441054781111,-0.00462454368905726,0.000466666666666667));
#9582=CARTESIAN_POINT('',(-0.0082441054781111,-0.00462454368905726,0.0014));
#9583=CARTESIAN_POINT('',(-0.00853561572890592,-0.00467001428195135,0.000466666666666667));
#9584=CARTESIAN_POINT('',(-0.00853561572890592,-0.00467001428195135,0.0014));
#9585=CARTESIAN_POINT('',(-0.00882476017743895,-0.0048314331152835,0.000466666666666667));
#9586=CARTESIAN_POINT('',(-0.00882476017743895,-0.0048314331152835,0.0014));
#9587=CARTESIAN_POINT('',(-0.0079502294250545,-0.00469502133660123,0.000466666666666667));
#9588=CARTESIAN_POINT('',(-0.0079502294250545,-0.00469502133660123,0.000466666666666667));
#9589=CARTESIAN_POINT('',(-0.0079502294250545,-0.00469502133660123,0.000466666666666667));
#9590=CARTESIAN_POINT('',(-0.0083910435046394,-0.00458930486528528,0.000466666666666667));
#9591=CARTESIAN_POINT('',(-0.00882476017743895,-0.0048314331152835,0.000466666666666667));
#9592=CARTESIAN_POINT('',(-0.00717374159150978,-0.00525569698111715,0.000466666666666667));
#9593=CARTESIAN_POINT('',(-0.00717374159150978,-0.00525569698111715,0.0014));
#9594=CARTESIAN_POINT('',(-0.00739752409414965,-0.0049523908656505,0.000466666666666667));
#9595=CARTESIAN_POINT('',(-0.00739752409414965,-0.0049523908656505,0.0014));
#9596=CARTESIAN_POINT('',(-0.00765635337199789,-0.0047654989841452,0.000466666666666667));
#9597=CARTESIAN_POINT('',(-0.00765635337199789,-0.0047654989841452,0.0014));
#9598=CARTESIAN_POINT('',(-0.0079502294250545,-0.00469502133660123,0.000466666666666667));
#9599=CARTESIAN_POINT('',(-0.0079502294250545,-0.00469502133660123,0.0014));
#9600=CARTESIAN_POINT('',(-0.00717374159150978,-0.00525569698111715,0.000466666666666667));
#9601=CARTESIAN_POINT('',(-0.00717374159150978,-0.00525569698111715,0.000466666666666667));
#9602=CARTESIAN_POINT('',(-0.00717374159150978,-0.00525569698111715,0.000466666666666667));
#9603=CARTESIAN_POINT('',(-0.00750941534546959,-0.00480073780791718,0.000466666666666667));
#9604=CARTESIAN_POINT('',(-0.0079502294250545,-0.00469502133660123,0.000466666666666667));
#9605=CARTESIAN_POINT('',(-0.00687598885980025,-0.00615100529012909,0.000466666666666667));
#9606=CARTESIAN_POINT('',(-0.00687598885980025,-0.00615100529012909,0.0014));
#9607=CARTESIAN_POINT('',(-0.00684394397167116,-0.00586660714262455,0.000466666666666667));
#9608=CARTESIAN_POINT('',(-0.00684394397167116,-0.00586660714262455,0.0014));
#9609=CARTESIAN_POINT('',(-0.006943194882241,-0.00556817103962057,0.000466666666666667));
#9610=CARTESIAN_POINT('',(-0.006943194882241,-0.00556817103962057,0.0014));
#9611=CARTESIAN_POINT('',(-0.00717374159150978,-0.00525569698111715,0.000466666666666667));
#9612=CARTESIAN_POINT('',(-0.00717374159150978,-0.00525569698111715,0.0014));
#9613=CARTESIAN_POINT('',(-0.00687598885980025,-0.00615100529012909,0.000466666666666667));
#9614=CARTESIAN_POINT('',(-0.00687598885980025,-0.00615100529012909,0.000466666666666667));
#9615=CARTESIAN_POINT('',(-0.00687598885980025,-0.00615100529012909,0.000466666666666667));
#9616=CARTESIAN_POINT('',(-0.00682792152760661,-0.00572440806887228,0.000466666666666667));
#9617=CARTESIAN_POINT('',(-0.00717374159150978,-0.00525569698111715,0.000466666666666667));
#9618=CARTESIAN_POINT('',(-0.00731254777817724,-0.00686423576728609,0.000466666666666667));
#9619=CARTESIAN_POINT('',(-0.00731254777817724,-0.00686423576728609,0.0014));
#9620=CARTESIAN_POINT('',(-0.00705355338738834,-0.0066731469300193,0.000466666666666667));
#9621=CARTESIAN_POINT('',(-0.00705355338738834,-0.0066731469300193,0.0014));
#9622=CARTESIAN_POINT('',(-0.00690803374792934,-0.00643540343763363,0.000466666666666667));
#9623=CARTESIAN_POINT('',(-0.00690803374792934,-0.00643540343763363,0.0014));
#9624=CARTESIAN_POINT('',(-0.00687598885980025,-0.00615100529012909,0.000466666666666667));
#9625=CARTESIAN_POINT('',(-0.00687598885980025,-0.00615100529012909,0.0014));
#9626=CARTESIAN_POINT('',(-0.00731254777817724,-0.00686423576728609,0.000466666666666667));
#9627=CARTESIAN_POINT('',(-0.00731254777817724,-0.00686423576728609,0.000466666666666667));
#9628=CARTESIAN_POINT('',(-0.00731254777817724,-0.00686423576728609,0.000466666666666667));
#9629=CARTESIAN_POINT('',(-0.00692405619199389,-0.0065776025113859,0.000466666666666667));
#9630=CARTESIAN_POINT('',(-0.00687598885980025,-0.00615100529012909,0.000466666666666667));
#9631=CARTESIAN_POINT('',(-0.00823860288003388,-0.0070147700460953,0.000466666666666667));
#9632=CARTESIAN_POINT('',(-0.00823860288003388,-0.0070147700460953,0.0014));
#9633=CARTESIAN_POINT('',(-0.0079245389275961,-0.00713819636286237,0.000466666666666667));
#9634=CARTESIAN_POINT('',(-0.0079245389275961,-0.00713819636286237,0.0014));
#9635=CARTESIAN_POINT('',(-0.00761585389364389,-0.00708801826992596,0.000466666666666667));
#9636=CARTESIAN_POINT('',(-0.00761585389364389,-0.00708801826992596,0.0014));
#9637=CARTESIAN_POINT('',(-0.00731254777817724,-0.00686423576728609,0.000466666666666667));
#9638=CARTESIAN_POINT('',(-0.00731254777817724,-0.00686423576728609,0.0014));
#9639=CARTESIAN_POINT('',(-0.00823860288003388,-0.0070147700460953,0.000466666666666667));
#9640=CARTESIAN_POINT('',(-0.00823860288003388,-0.0070147700460953,0.000466666666666667));
#9641=CARTESIAN_POINT('',(-0.00823860288003388,-0.0070147700460953,0.000466666666666667));
#9642=CARTESIAN_POINT('',(-0.00776750695137721,-0.0071999095212459,0.000466666666666667));
#9643=CARTESIAN_POINT('',(-0.00731254777817724,-0.00686423576728609,0.000466666666666667));
#9644=CARTESIAN_POINT('',(-0.00921458947902184,-0.00615971391983381,0.000466666666666667));
#9645=CARTESIAN_POINT('',(-0.00921458947902184,-0.00615971391983381,0.0014));
#9646=CARTESIAN_POINT('',(-0.00887799569880097,-0.0066063250205744,0.000466666666666667));
#9647=CARTESIAN_POINT('',(-0.00887799569880097,-0.0066063250205744,0.0014));
#9648=CARTESIAN_POINT('',(-0.00855266683247165,-0.00689134372932823,0.000466666666666667));
#9649=CARTESIAN_POINT('',(-0.00855266683247165,-0.00689134372932823,0.0014));
#9650=CARTESIAN_POINT('',(-0.00823860288003388,-0.0070147700460953,0.000466666666666667));
#9651=CARTESIAN_POINT('',(-0.00823860288003388,-0.0070147700460953,0.0014));
#9652=CARTESIAN_POINT('',(-0.00921458947902184,-0.00615971391983381,0.000466666666666667));
#9653=CARTESIAN_POINT('',(-0.00921458947902184,-0.00615971391983381,0.000466666666666667));
#9654=CARTESIAN_POINT('',(-0.00921458947902184,-0.00615971391983381,0.000466666666666667));
#9655=CARTESIAN_POINT('',(-0.00870969880869054,-0.0068296305709447,0.000466666666666667));
#9656=CARTESIAN_POINT('',(-0.00823860288003388,-0.0070147700460953,0.000466666666666667));
#9657=CARTESIAN_POINT('',(-0.00927927220491082,-0.00607204546454465,0.000466666666666667));
#9658=CARTESIAN_POINT('',(-0.00934395493079981,-0.00598437700925549,0.000466666666666667));
#9659=CARTESIAN_POINT('',(-0.00934395493079981,-0.00598437700925549,0.000466666666666667));
#9660=CARTESIAN_POINT('',(-0.00927927220491082,-0.00607204546454465,0.000466666666666667));
#9661=CARTESIAN_POINT('',(-0.00962243120054185,-0.00618983978560872,0.000466666666666667));
#9662=CARTESIAN_POINT('',(-0.0099009074702839,-0.00639530256196195,0.000466666666666667));
#9663=CARTESIAN_POINT('',(-0.0099009074702839,-0.00639530256196195,0.000466666666666667));
#9664=CARTESIAN_POINT('',(-0.00962243120054185,-0.00618983978560872,0.000466666666666667));
#9665=CARTESIAN_POINT('',(-0.00983876132188076,-0.00647953303861232,0.000466666666666667));
#9666=CARTESIAN_POINT('',(-0.00977661517347762,-0.0065637635152627,0.000466666666666667));
#9667=CARTESIAN_POINT('',(-0.00977661517347762,-0.0065637635152627,0.000466666666666667));
#9668=CARTESIAN_POINT('',(-0.00983876132188076,-0.00647953303861232,0.000466666666666667));
#9669=CARTESIAN_POINT('',(-0.00920221471707112,-0.00784962134970519,0.000466666666666667));
#9670=CARTESIAN_POINT('',(-0.00920221471707112,-0.00784962134970519,0.0014));
#9671=CARTESIAN_POINT('',(-0.00922100856448564,-0.00748592372688993,0.000466666666666667));
#9672=CARTESIAN_POINT('',(-0.00922100856448564,-0.00748592372688993,0.0014));
#9673=CARTESIAN_POINT('',(-0.00941247538328781,-0.00705730444874243,0.000466666666666667));
#9674=CARTESIAN_POINT('',(-0.00941247538328781,-0.00705730444874243,0.0014));
#9675=CARTESIAN_POINT('',(-0.00977661517347762,-0.0065637635152627,0.000466666666666667));
#9676=CARTESIAN_POINT('',(-0.00977661517347762,-0.0065637635152627,0.0014));
#9677=CARTESIAN_POINT('',(-0.00920221471707112,-0.00784962134970519,0.000466666666666667));
#9678=CARTESIAN_POINT('',(-0.00920221471707112,-0.00784962134970519,0.000466666666666667));
#9679=CARTESIAN_POINT('',(-0.00920221471707112,-0.00784962134970519,0.000466666666666667));
#9680=CARTESIAN_POINT('',(-0.0092304054881929,-0.0073040749154823,0.000466666666666667));
#9681=CARTESIAN_POINT('',(-0.00977661517347762,-0.0065637635152627,0.000466666666666667));
#9682=CARTESIAN_POINT('',(-0.00972410052815586,-0.00880102018166287,0.000466666666666667));
#9683=CARTESIAN_POINT('',(-0.00972410052815586,-0.00880102018166287,0.0014));
#9684=CARTESIAN_POINT('',(-0.00935738280668485,-0.00853045191650635,0.000466666666666667));
#9685=CARTESIAN_POINT('',(-0.00935738280668485,-0.00853045191650635,0.0014));
#9686=CARTESIAN_POINT('',(-0.00918342086965661,-0.00821331897252046,0.000466666666666667));
#9687=CARTESIAN_POINT('',(-0.00918342086965661,-0.00821331897252046,0.0014));
#9688=CARTESIAN_POINT('',(-0.00920221471707112,-0.00784962134970519,0.000466666666666667));
#9689=CARTESIAN_POINT('',(-0.00920221471707112,-0.00784962134970519,0.0014));
#9690=CARTESIAN_POINT('',(-0.00972410052815586,-0.00880102018166287,0.000466666666666667));
#9691=CARTESIAN_POINT('',(-0.00972410052815586,-0.00880102018166287,0.000466666666666667));
#9692=CARTESIAN_POINT('',(-0.00972410052815586,-0.00880102018166287,0.000466666666666667));
#9693=CARTESIAN_POINT('',(-0.00917402394594935,-0.00839516778392809,0.000466666666666667));
#9694=CARTESIAN_POINT('',(-0.00920221471707112,-0.00784962134970519,0.000466666666666667));
#9695=CARTESIAN_POINT('',(-0.0106142835048536,-0.00904455120767423,0.000466666666666667));
#9696=CARTESIAN_POINT('',(-0.0106142835048536,-0.00904455120767423,0.0014));
#9697=CARTESIAN_POINT('',(-0.0103042704259421,-0.00909132391194388,0.000466666666666667));
#9698=CARTESIAN_POINT('',(-0.0103042704259421,-0.00909132391194388,0.0014));
#9699=CARTESIAN_POINT('',(-0.0100075427670428,-0.00901014690327343,0.000466666666666667));
#9700=CARTESIAN_POINT('',(-0.0100075427670428,-0.00901014690327343,0.0014));
#9701=CARTESIAN_POINT('',(-0.00972410052815586,-0.00880102018166287,0.000466666666666667));
#9702=CARTESIAN_POINT('',(-0.00972410052815586,-0.00880102018166287,0.0014));
#9703=CARTESIAN_POINT('',(-0.0106142835048536,-0.00904455120767423,0.000466666666666667));
#9704=CARTESIAN_POINT('',(-0.0106142835048536,-0.00904455120767423,0.000466666666666667));
#9705=CARTESIAN_POINT('',(-0.0106142835048536,-0.00904455120767423,0.000466666666666667));
#9706=CARTESIAN_POINT('',(-0.0101492638864863,-0.00911471026407871,0.000466666666666667));
#9707=CARTESIAN_POINT('',(-0.00972410052815586,-0.00880102018166287,0.000466666666666667));
#9708=CARTESIAN_POINT('',(-0.01145809869444,-0.00846098734121034,0.000466666666666667));
#9709=CARTESIAN_POINT('',(-0.01145809869444,-0.00846098734121034,0.0014));
#9710=CARTESIAN_POINT('',(-0.0112055683136272,-0.00880325721458328,0.000466666666666667));
#9711=CARTESIAN_POINT('',(-0.0112055683136272,-0.00880325721458328,0.0014));
#9712=CARTESIAN_POINT('',(-0.0109242965837651,-0.00899777850340458,0.000466666666666667));
#9713=CARTESIAN_POINT('',(-0.0109242965837651,-0.00899777850340458,0.0014));
#9714=CARTESIAN_POINT('',(-0.0106142835048536,-0.00904455120767423,0.000466666666666667));
#9715=CARTESIAN_POINT('',(-0.0106142835048536,-0.00904455120767423,0.0014));
#9716=CARTESIAN_POINT('',(-0.01145809869444,-0.00846098734121034,0.000466666666666667));
#9717=CARTESIAN_POINT('',(-0.01145809869444,-0.00846098734121034,0.000466666666666667));
#9718=CARTESIAN_POINT('',(-0.01145809869444,-0.00846098734121034,0.000466666666666667));
#9719=CARTESIAN_POINT('',(-0.0110793031232209,-0.00897439215126975,0.000466666666666667));
#9720=CARTESIAN_POINT('',(-0.0106142835048536,-0.00904455120767423,0.000466666666666667));
#9721=CARTESIAN_POINT('',(-0.0117854416809,-0.00743442066662593,0.000466666666666667));
#9722=CARTESIAN_POINT('',(-0.0117854416809,-0.00743442066662593,0.0014));
#9723=CARTESIAN_POINT('',(-0.0118197434040727,-0.00777652857630926,0.000466666666666667));
#9724=CARTESIAN_POINT('',(-0.0118197434040727,-0.00777652857630926,0.0014));
#9725=CARTESIAN_POINT('',(-0.0117106290752527,-0.0081187174678374,0.000466666666666667));
#9726=CARTESIAN_POINT('',(-0.0117106290752527,-0.0081187174678374,0.0014));
#9727=CARTESIAN_POINT('',(-0.01145809869444,-0.00846098734121034,0.000466666666666667));
#9728=CARTESIAN_POINT('',(-0.01145809869444,-0.00846098734121034,0.0014));
#9729=CARTESIAN_POINT('',(-0.0117854416809,-0.00743442066662593,0.000466666666666667));
#9730=CARTESIAN_POINT('',(-0.0117854416809,-0.00743442066662593,0.000466666666666667));
#9731=CARTESIAN_POINT('',(-0.0117854416809,-0.00743442066662593,0.000466666666666667));
#9732=CARTESIAN_POINT('',(-0.0118368942656591,-0.00794758253115093,0.000466666666666667));
#9733=CARTESIAN_POINT('',(-0.01145809869444,-0.00846098734121034,0.000466666666666667));
#9734=CARTESIAN_POINT('',(-0.0113319764926632,-0.00654500720433124,0.000466666666666667));
#9735=CARTESIAN_POINT('',(-0.0113319764926632,-0.00654500720433124,0.0014));
#9736=CARTESIAN_POINT('',(-0.0115999848949816,-0.00679584160284437,0.000466666666666667));
#9737=CARTESIAN_POINT('',(-0.0115999848949816,-0.00679584160284437,0.0014));
#9738=CARTESIAN_POINT('',(-0.0117511399577272,-0.0070923127569426,0.000466666666666667));
#9739=CARTESIAN_POINT('',(-0.0117511399577272,-0.0070923127569426,0.0014));
#9740=CARTESIAN_POINT('',(-0.0117854416809,-0.00743442066662593,0.000466666666666667));
#9741=CARTESIAN_POINT('',(-0.0117854416809,-0.00743442066662593,0.0014));
#9742=CARTESIAN_POINT('',(-0.0113319764926632,-0.00654500720433124,0.000466666666666667));
#9743=CARTESIAN_POINT('',(-0.0113319764926632,-0.00654500720433124,0.000466666666666667));
#9744=CARTESIAN_POINT('',(-0.0113319764926632,-0.00654500720433124,0.000466666666666667));
#9745=CARTESIAN_POINT('',(-0.0117339890961408,-0.00692125880210093,0.000466666666666667));
#9746=CARTESIAN_POINT('',(-0.0117854416809,-0.00743442066662593,0.000466666666666667));
#9747=CARTESIAN_POINT('',(-0.0115699920134181,-0.00622241020872472,0.000466666666666667));
#9748=CARTESIAN_POINT('',(-0.011808007534173,-0.00589981321311819,0.000466666666666667));
#9749=CARTESIAN_POINT('',(-0.011808007534173,-0.00589981321311819,0.000466666666666667));
#9750=CARTESIAN_POINT('',(-0.0115699920134181,-0.00622241020872472,0.000466666666666667));
#9751=CARTESIAN_POINT('',(-0.0125522428041002,-0.00730905578784532,0.000466666666666667));
#9752=CARTESIAN_POINT('',(-0.0125522428041002,-0.00730905578784532,0.0014));
#9753=CARTESIAN_POINT('',(-0.0125262269795604,-0.00677661007332354,0.000466666666666667));
#9754=CARTESIAN_POINT('',(-0.0125262269795604,-0.00677661007332354,0.0014));
#9755=CARTESIAN_POINT('',(-0.0122781485562513,-0.0063068625484145,0.000466666666666667));
#9756=CARTESIAN_POINT('',(-0.0122781485562513,-0.0063068625484145,0.0014));
#9757=CARTESIAN_POINT('',(-0.011808007534173,-0.00589981321311819,0.000466666666666667));
#9758=CARTESIAN_POINT('',(-0.011808007534173,-0.00589981321311819,0.0014));
#9759=CARTESIAN_POINT('',(-0.0125522428041002,-0.00730905578784532,0.000466666666666667));
#9760=CARTESIAN_POINT('',(-0.0125522428041002,-0.00730905578784532,0.000466666666666667));
#9761=CARTESIAN_POINT('',(-0.0125522428041002,-0.00730905578784532,0.000466666666666667));
#9762=CARTESIAN_POINT('',(-0.0125132190672904,-0.00651038721606265,0.000466666666666667));
#9763=CARTESIAN_POINT('',(-0.011808007534173,-0.00589981321311819,0.000466666666666667));
#9764=CARTESIAN_POINT('',(-0.012017154503281,-0.00888585352487428,0.000466666666666667));
#9765=CARTESIAN_POINT('',(-0.012017154503281,-0.00888585352487428,0.0014));
#9766=CARTESIAN_POINT('',(-0.0123998958617003,-0.00836710074804342,0.000466666666666667));
#9767=CARTESIAN_POINT('',(-0.0123998958617003,-0.00836710074804342,0.0014));
#9768=CARTESIAN_POINT('',(-0.01257825862864,-0.0078415015023671,0.000466666666666667));
#9769=CARTESIAN_POINT('',(-0.01257825862864,-0.0078415015023671,0.0014));
#9770=CARTESIAN_POINT('',(-0.0125522428041002,-0.00730905578784532,0.000466666666666667));
#9771=CARTESIAN_POINT('',(-0.0125522428041002,-0.00730905578784532,0.0014));
#9772=CARTESIAN_POINT('',(-0.012017154503281,-0.00888585352487428,0.000466666666666667));
#9773=CARTESIAN_POINT('',(-0.012017154503281,-0.00888585352487428,0.000466666666666667));
#9774=CARTESIAN_POINT('',(-0.012017154503281,-0.00888585352487428,0.000466666666666667));
#9775=CARTESIAN_POINT('',(-0.0125912665409099,-0.00810772435962799,0.000466666666666667));
#9776=CARTESIAN_POINT('',(-0.0125522428041002,-0.00730905578784532,0.000466666666666667));
#9777=CARTESIAN_POINT('',(-0.0111503487888511,-0.00966129478164775,0.000466666666666667));
#9778=CARTESIAN_POINT('',(-0.0111503487888511,-0.00966129478164775,0.0014));
#9779=CARTESIAN_POINT('',(-0.0114649788904958,-0.00950111972697994,0.000466666666666667));
#9780=CARTESIAN_POINT('',(-0.0114649788904958,-0.00950111972697994,0.0014));
#9781=CARTESIAN_POINT('',(-0.0117539141286391,-0.00924263930805545,0.000466666666666667));
#9782=CARTESIAN_POINT('',(-0.0117539141286391,-0.00924263930805545,0.0014));
#9783=CARTESIAN_POINT('',(-0.012017154503281,-0.00888585352487428,0.000466666666666667));
#9784=CARTESIAN_POINT('',(-0.012017154503281,-0.00888585352487428,0.0014));
#9785=CARTESIAN_POINT('',(-0.0111503487888511,-0.00966129478164775,0.000466666666666667));
#9786=CARTESIAN_POINT('',(-0.0111503487888511,-0.00966129478164775,0.000466666666666667));
#9787=CARTESIAN_POINT('',(-0.0111503487888511,-0.00966129478164775,0.000466666666666667));
#9788=CARTESIAN_POINT('',(-0.0116222939413182,-0.00942103219964604,0.000466666666666667));
#9789=CARTESIAN_POINT('',(-0.012017154503281,-0.00888585352487428,0.000466666666666667));
#9790=CARTESIAN_POINT('',(-0.010204139657957,-0.00984631716197564,0.000466666666666667));
#9791=CARTESIAN_POINT('',(-0.010204139657957,-0.00984631716197564,0.0014));
#9792=CARTESIAN_POINT('',(-0.010520315643575,-0.00988314396309153,0.000466666666666667));
#9793=CARTESIAN_POINT('',(-0.010520315643575,-0.00988314396309153,0.0014));
#9794=CARTESIAN_POINT('',(-0.0108357186872064,-0.00982146983631556,0.000466666666666667));
#9795=CARTESIAN_POINT('',(-0.0108357186872064,-0.00982146983631556,0.0014));
#9796=CARTESIAN_POINT('',(-0.0111503487888511,-0.00966129478164775,0.000466666666666667));
#9797=CARTESIAN_POINT('',(-0.0111503487888511,-0.00966129478164775,0.0014));
#9798=CARTESIAN_POINT('',(-0.010204139657957,-0.00984631716197564,0.000466666666666667));
#9799=CARTESIAN_POINT('',(-0.010204139657957,-0.00984631716197564,0.000466666666666667));
#9800=CARTESIAN_POINT('',(-0.010204139657957,-0.00984631716197564,0.000466666666666667));
#9801=CARTESIAN_POINT('',(-0.010678403636384,-0.00990155736364947,0.000466666666666667));
#9802=CARTESIAN_POINT('',(-0.0111503487888511,-0.00966129478164775,0.000466666666666667));
#9803=CARTESIAN_POINT('',(-0.00931158827847723,-0.00948246003285766,0.000466666666666667));
#9804=CARTESIAN_POINT('',(-0.00931158827847723,-0.00948246003285766,0.0014));
#9805=CARTESIAN_POINT('',(-0.00959044654584581,-0.00968820465115377,0.000466666666666667));
#9806=CARTESIAN_POINT('',(-0.00959044654584581,-0.00968820465115377,0.0014));
#9807=CARTESIAN_POINT('',(-0.00988796367233908,-0.00980949036085976,0.000466666666666667));
#9808=CARTESIAN_POINT('',(-0.00988796367233908,-0.00980949036085976,0.0014));
#9809=CARTESIAN_POINT('',(-0.010204139657957,-0.00984631716197564,0.000466666666666667));
#9810=CARTESIAN_POINT('',(-0.010204139657957,-0.00984631716197564,0.0014));
#9811=CARTESIAN_POINT('',(-0.00931158827847723,-0.00948246003285766,0.000466666666666667));
#9812=CARTESIAN_POINT('',(-0.00931158827847723,-0.00948246003285766,0.000466666666666667));
#9813=CARTESIAN_POINT('',(-0.00931158827847723,-0.00948246003285766,0.000466666666666667));
#9814=CARTESIAN_POINT('',(-0.0097298756795301,-0.00979107696030182,0.000466666666666667));
#9815=CARTESIAN_POINT('',(-0.010204139657957,-0.00984631716197564,0.000466666666666667));
#9816=CARTESIAN_POINT('',(-0.00861515465858771,-0.0085385549359963,0.000466666666666667));
#9817=CARTESIAN_POINT('',(-0.00861515465858771,-0.0085385549359963,0.0014));
#9818=CARTESIAN_POINT('',(-0.00870814204552466,-0.00889387463209957,0.000466666666666667));
#9819=CARTESIAN_POINT('',(-0.00870814204552466,-0.00889387463209957,0.0014));
#9820=CARTESIAN_POINT('',(-0.00894028658548784,-0.00920850966438669,0.000466666666666667));
#9821=CARTESIAN_POINT('',(-0.00894028658548784,-0.00920850966438669,0.0014));
#9822=CARTESIAN_POINT('',(-0.00931158827847723,-0.00948246003285766,0.000466666666666667));
#9823=CARTESIAN_POINT('',(-0.00931158827847723,-0.00948246003285766,0.0014));
#9824=CARTESIAN_POINT('',(-0.00861515465858771,-0.0085385549359963,0.000466666666666667));
#9825=CARTESIAN_POINT('',(-0.00861515465858771,-0.0085385549359963,0.000466666666666667));
#9826=CARTESIAN_POINT('',(-0.00861515465858771,-0.0085385549359963,0.000466666666666667));
#9827=CARTESIAN_POINT('',(-0.00875463573899314,-0.0090715344801512,0.000466666666666667));
#9828=CARTESIAN_POINT('',(-0.00931158827847723,-0.00948246003285766,0.000466666666666667));
#9829=CARTESIAN_POINT('',(-0.00871052104916686,-0.00744259871941045,0.000466666666666667));
#9830=CARTESIAN_POINT('',(-0.00871052104916686,-0.00744259871941045,0.0014));
#9831=CARTESIAN_POINT('',(-0.00855395606851047,-0.00781791650103108,0.000466666666666667));
#9832=CARTESIAN_POINT('',(-0.00855395606851047,-0.00781791650103108,0.0014));
#9833=CARTESIAN_POINT('',(-0.00852216727165075,-0.00818323523989303,0.000466666666666667));
#9834=CARTESIAN_POINT('',(-0.00852216727165075,-0.00818323523989303,0.0014));
#9835=CARTESIAN_POINT('',(-0.00861515465858771,-0.0085385549359963,0.000466666666666667));
#9836=CARTESIAN_POINT('',(-0.00861515465858771,-0.0085385549359963,0.0014));
#9837=CARTESIAN_POINT('',(-0.00871052104916686,-0.00744259871941045,0.000466666666666667));
#9838=CARTESIAN_POINT('',(-0.00871052104916686,-0.00744259871941045,0.000466666666666667));
#9839=CARTESIAN_POINT('',(-0.00871052104916686,-0.00744259871941045,0.000466666666666667));
#9840=CARTESIAN_POINT('',(-0.00847567357818227,-0.0080055753918414,0.000466666666666667));
#9841=CARTESIAN_POINT('',(-0.00861515465858771,-0.0085385549359963,0.000466666666666667));
#9842=CARTESIAN_POINT('',(-0.00869218516309331,-0.00742907030615262,0.000466666666666667));
#9843=CARTESIAN_POINT('',(-0.00867321680055333,-0.00741507524497937,0.000466666666666667));
#9844=CARTESIAN_POINT('',(-0.00867321680055333,-0.00741507524497937,0.000466666666666667));
#9845=CARTESIAN_POINT('',(-0.00869218516309331,-0.00742907030615262,0.000466666666666667));
#9846=CARTESIAN_POINT('',(-0.00770961799893298,-0.00632465548218359,0.000466666666666667));
#9847=CARTESIAN_POINT('',(-0.00774698863527015,-0.00777943406937171,0.000466666666666667));
#9848=CARTESIAN_POINT('',(-0.00774698863527015,-0.00777943406937171,0.000466666666666667));
#9849=CARTESIAN_POINT('',(-0.00770961799893298,-0.00632465548218359,0.000466666666666667));
#9850=CARTESIAN_POINT('',(-0.00677119514253047,-0.00746123478626814,0.000466666666666667));
#9851=CARTESIAN_POINT('',(-0.00677119514253047,-0.00746123478626814,0.0014));
#9852=CARTESIAN_POINT('',(-0.00707373726274405,-0.00768445360502227,0.000466666666666667));
#9853=CARTESIAN_POINT('',(-0.00707373726274405,-0.00768445360502227,0.0014));
#9854=CARTESIAN_POINT('',(-0.00739900176032394,-0.00779052003272346,0.000466666666666667));
#9855=CARTESIAN_POINT('',(-0.00739900176032394,-0.00779052003272346,0.0014));
#9856=CARTESIAN_POINT('',(-0.00774698863527015,-0.00777943406937171,0.000466666666666667));
#9857=CARTESIAN_POINT('',(-0.00774698863527015,-0.00777943406937171,0.0014));
#9858=CARTESIAN_POINT('',(-0.00677119514253047,-0.00746123478626814,0.000466666666666667));
#9859=CARTESIAN_POINT('',(-0.00677119514253047,-0.00746123478626814,0.000466666666666667));
#9860=CARTESIAN_POINT('',(-0.00677119514253047,-0.00746123478626814,0.000466666666666667));
#9861=CARTESIAN_POINT('',(-0.00722500832285084,-0.00779606301439933,0.000466666666666667));
#9862=CARTESIAN_POINT('',(-0.00774698863527015,-0.00777943406937171,0.000466666666666667));
#9863=CARTESIAN_POINT('',(-0.00621167918535985,-0.00675993548018215,0.000466666666666667));
#9864=CARTESIAN_POINT('',(-0.00621167918535985,-0.00675993548018215,0.0014));
#9865=CARTESIAN_POINT('',(-0.00632493143743163,-0.00703581582975361,0.000466666666666667));
#9866=CARTESIAN_POINT('',(-0.00632493143743163,-0.00703581582975361,0.0014));
#9867=CARTESIAN_POINT('',(-0.0065114367564885,-0.00726958226511561,0.000466666666666667));
#9868=CARTESIAN_POINT('',(-0.0065114367564885,-0.00726958226511561,0.0014));
#9869=CARTESIAN_POINT('',(-0.00677119514253047,-0.00746123478626814,0.000466666666666667));
#9870=CARTESIAN_POINT('',(-0.00677119514253047,-0.00746123478626814,0.0014));
#9871=CARTESIAN_POINT('',(-0.00621167918535985,-0.00675993548018215,0.000466666666666667));
#9872=CARTESIAN_POINT('',(-0.00621167918535985,-0.00675993548018215,0.000466666666666667));
#9873=CARTESIAN_POINT('',(-0.00621167918535985,-0.00675993548018215,0.000466666666666667));
#9874=CARTESIAN_POINT('',(-0.00638155756346752,-0.00717375600453934,0.000466666666666667));
#9875=CARTESIAN_POINT('',(-0.00677119514253047,-0.00746123478626814,0.000466666666666667));
#9876=CARTESIAN_POINT('',(-0.00612991161282615,-0.00585008765790033,0.000466666666666667));
#9877=CARTESIAN_POINT('',(-0.00612991161282615,-0.00585008765790033,0.0014));
#9878=CARTESIAN_POINT('',(-0.00607117107577684,-0.00618077252318342,0.000466666666666667));
#9879=CARTESIAN_POINT('',(-0.00607117107577684,-0.00618077252318342,0.0014));
#9880=CARTESIAN_POINT('',(-0.00609842693328808,-0.00648405513061069,0.000466666666666667));
#9881=CARTESIAN_POINT('',(-0.00609842693328808,-0.00648405513061069,0.0014));
#9882=CARTESIAN_POINT('',(-0.00621167918535985,-0.00675993548018215,0.000466666666666667));
#9883=CARTESIAN_POINT('',(-0.00621167918535985,-0.00675993548018215,0.0014));
#9884=CARTESIAN_POINT('',(-0.00612991161282615,-0.00585008765790033,0.000466666666666667));
#9885=CARTESIAN_POINT('',(-0.00612991161282615,-0.00585008765790033,0.000466666666666667));
#9886=CARTESIAN_POINT('',(-0.00612991161282615,-0.00585008765790033,0.000466666666666667));
#9887=CARTESIAN_POINT('',(-0.00604180080725219,-0.00634611495582496,0.000466666666666667));
#9888=CARTESIAN_POINT('',(-0.00621167918535985,-0.00675993548018215,0.000466666666666667));
#9889=CARTESIAN_POINT('',(-0.00658582615384726,-0.00485555345735104,0.000466666666666667));
#9890=CARTESIAN_POINT('',(-0.00658582615384726,-0.00485555345735104,0.0014));
#9891=CARTESIAN_POINT('',(-0.00634062366354917,-0.00518789139243414,0.000466666666666667));
#9892=CARTESIAN_POINT('',(-0.00634062366354917,-0.00518789139243414,0.0014));
#9893=CARTESIAN_POINT('',(-0.00618865214987546,-0.00551940279261724,0.000466666666666667));
#9894=CARTESIAN_POINT('',(-0.00618865214987546,-0.00551940279261724,0.0014));
#9895=CARTESIAN_POINT('',(-0.00612991161282615,-0.00585008765790033,0.000466666666666667));
#9896=CARTESIAN_POINT('',(-0.00612991161282615,-0.00585008765790033,0.0014));
#9897=CARTESIAN_POINT('',(-0.00658582615384726,-0.00485555345735104,0.000466666666666667));
#9898=CARTESIAN_POINT('',(-0.00658582615384726,-0.00485555345735104,0.000466666666666667));
#9899=CARTESIAN_POINT('',(-0.00658582615384726,-0.00485555345735104,0.000466666666666667));
#9900=CARTESIAN_POINT('',(-0.00621802241840012,-0.00535406035997569,0.000466666666666667));
#9901=CARTESIAN_POINT('',(-0.00612991161282615,-0.00585008765790033,0.000466666666666667));
#9902=CARTESIAN_POINT('',(-0.00786581297565554,-0.00391949612370784,0.000466666666666667));
#9903=CARTESIAN_POINT('',(-0.00786581297565554,-0.00391949612370784,0.0014));
#9904=CARTESIAN_POINT('',(-0.00738057400517337,-0.00404464544588545,0.000466666666666667));
#9905=CARTESIAN_POINT('',(-0.00738057400517337,-0.00404464544588545,0.0014));
#9906=CARTESIAN_POINT('',(-0.00695391173123727,-0.00435666455709986,0.000466666666666667));
#9907=CARTESIAN_POINT('',(-0.00695391173123727,-0.00435666455709986,0.0014));
#9908=CARTESIAN_POINT('',(-0.00658582615384726,-0.00485555345735104,0.000466666666666667));
#9909=CARTESIAN_POINT('',(-0.00658582615384726,-0.00485555345735104,0.0014));
#9910=CARTESIAN_POINT('',(-0.00786581297565554,-0.00391949612370784,0.000466666666666667));
#9911=CARTESIAN_POINT('',(-0.00713795451993228,-0.00410722010697426,0.000466666666666667));
#9912=CARTESIAN_POINT('',(-0.00658582615384726,-0.00485555345735104,0.000466666666666667));
#9913=CARTESIAN_POINT('',(-3.46944695195361E-18,0.,0.000466666666666667));
#9914=CARTESIAN_POINT('',(-0.014251148052831,0.00215992139804126,0.000466666666666667));
#9915=CARTESIAN_POINT('',(-0.014251148052831,0.00215992139804126,0.0014));
#9916=CARTESIAN_POINT('',(-0.0136255208787868,0.0013925988399191,0.000466666666666667));
#9917=CARTESIAN_POINT('',(-0.0136255208787868,0.0013925988399191,0.0014));
#9918=CARTESIAN_POINT('',(-0.013112200487568,0.000791557610273308,0.000466666666666667));
#9919=CARTESIAN_POINT('',(-0.013112200487568,0.000791557610273308,0.0014));
#9920=CARTESIAN_POINT('',(-0.0127111868791745,0.000356797709103872,0.000466666666666667));
#9921=CARTESIAN_POINT('',(-0.0127111868791745,0.000356797709103872,0.0014));
#9922=CARTESIAN_POINT('',(-0.014251148052831,0.00215992139804126,0.000466666666666667));
#9923=CARTESIAN_POINT('',(-0.014251148052831,0.00215992139804126,0.000466666666666667));
#9924=CARTESIAN_POINT('',(-0.014251148052831,0.00215992139804126,0.000466666666666667));
#9925=CARTESIAN_POINT('',(-0.0133127072917648,0.00100893756085803,0.000466666666666667));
#9926=CARTESIAN_POINT('',(-0.0127111868791745,0.000356797709103872,0.000466666666666667));
#9927=CARTESIAN_POINT('',(-0.0127111868791745,0.000356797709103872,0.000466666666666667));
#9928=CARTESIAN_POINT('',(-0.0127111868791745,0.000356797709103872,0.000466666666666667));
#9929=CARTESIAN_POINT('',(-0.0145473640409548,0.00215774841150137,0.000466666666666667));
#9930=CARTESIAN_POINT('',(-0.0148435800290786,0.00215557542496148,0.000466666666666667));
#9931=CARTESIAN_POINT('',(-0.0148435800290786,0.00215557542496148,0.000466666666666667));
#9932=CARTESIAN_POINT('',(-0.0145473640409548,0.00215774841150137,0.000466666666666667));
#9933=CARTESIAN_POINT('',(-0.0148274967945683,-3.68501217529915E-5,0.000466666666666667));
#9934=CARTESIAN_POINT('',(-0.0148114135600579,-0.00222927566846747,0.000466666666666667));
#9935=CARTESIAN_POINT('',(-0.0148114135600579,-0.00222927566846747,0.000466666666666667));
#9936=CARTESIAN_POINT('',(-0.0148274967945683,-3.68501217529915E-5,0.000466666666666667));
#9937=CARTESIAN_POINT('',(-0.0144646414778072,-0.0022267318116287,0.000466666666666667));
#9938=CARTESIAN_POINT('',(-0.0141178693955564,-0.00222418795478993,0.000466666666666667));
#9939=CARTESIAN_POINT('',(-0.0141178693955564,-0.00222418795478993,0.000466666666666667));
#9940=CARTESIAN_POINT('',(-0.0144646414778072,-0.0022267318116287,0.000466666666666667));
#9941=CARTESIAN_POINT('',(-0.0141293715983469,-0.000656236979192252,0.000466666666666667));
#9942=CARTESIAN_POINT('',(-0.0141408738011374,0.000911713996405433,0.000466666666666667));
#9943=CARTESIAN_POINT('',(-0.0141408738011374,0.000911713996405433,0.000466666666666667));
#9944=CARTESIAN_POINT('',(-0.0141293715983469,-0.000656236979192252,0.000466666666666667));
#9945=CARTESIAN_POINT('',(-0.0128683419352381,-0.000546580761706334,0.000466666666666667));
#9946=CARTESIAN_POINT('',(-0.0128683419352381,-0.000546580761706334,0.0014));
#9947=CARTESIAN_POINT('',(-0.0132328774850587,-0.000166147289474729,0.000466666666666667));
#9948=CARTESIAN_POINT('',(-0.0132328774850587,-0.000166147289474729,0.0014));
#9949=CARTESIAN_POINT('',(-0.0136570547736918,0.000319950963229193,0.000466666666666667));
#9950=CARTESIAN_POINT('',(-0.0136570547736918,0.000319950963229193,0.0014));
#9951=CARTESIAN_POINT('',(-0.0141408738011374,0.000911713996405433,0.000466666666666667));
#9952=CARTESIAN_POINT('',(-0.0141408738011374,0.000911713996405433,0.0014));
#9953=CARTESIAN_POINT('',(-0.0128683419352381,-0.000546580761706334,0.000466666666666667));
#9954=CARTESIAN_POINT('',(-0.0128683419352381,-0.000546580761706334,0.000466666666666667));
#9955=CARTESIAN_POINT('',(-0.0128683419352381,-0.000546580761706334,0.000466666666666667));
#9956=CARTESIAN_POINT('',(-0.0134151452599689,2.40694466410733E-5,0.000466666666666667));
#9957=CARTESIAN_POINT('',(-0.0141408738011374,0.000911713996405433,0.000466666666666667));
#9958=CARTESIAN_POINT('',(-0.00823961267015013,0.00393029494979651,0.000466666666666667));
#9959=CARTESIAN_POINT('',(-0.0116026141668914,-0.00156271382825034,0.000466666666666667));
#9960=CARTESIAN_POINT('',(-0.0116026141668914,-0.00156271382825034,0.000466666666666667));
#9961=CARTESIAN_POINT('',(-0.00823961267015013,0.00393029494979651,0.000466666666666667));
#9962=CARTESIAN_POINT('',(-0.0101274844843634,-0.00200264930253982,0.000466666666666667));
#9963=CARTESIAN_POINT('',(-0.0101274844843634,-0.00200264930253982,0.0014));
#9964=CARTESIAN_POINT('',(-0.0106316213103049,-0.0020063475584779,0.000466666666666667));
#9965=CARTESIAN_POINT('',(-0.0106316213103049,-0.0020063475584779,0.0014));
#9966=CARTESIAN_POINT('',(-0.0111233312044809,-0.00185970240038141,0.000466666666666667));
#9967=CARTESIAN_POINT('',(-0.0111233312044809,-0.00185970240038141,0.0014));
#9968=CARTESIAN_POINT('',(-0.0116026141668914,-0.00156271382825034,0.000466666666666667));
#9969=CARTESIAN_POINT('',(-0.0116026141668914,-0.00156271382825034,0.0014));
#9970=CARTESIAN_POINT('',(-0.0101274844843634,-0.00200264930253982,0.000466666666666667));
#9971=CARTESIAN_POINT('',(-0.0101274844843634,-0.00200264930253982,0.000466666666666667));
#9972=CARTESIAN_POINT('',(-0.0101274844843634,-0.00200264930253982,0.000466666666666667));
#9973=CARTESIAN_POINT('',(-0.0108836897232756,-0.00200819668644694,0.000466666666666667));
#9974=CARTESIAN_POINT('',(-0.0116026141668914,-0.00156271382825034,0.000466666666666667));
#9975=CARTESIAN_POINT('',(-0.00870100364648147,-0.00144102260838965,0.000466666666666667));
#9976=CARTESIAN_POINT('',(-0.00870100364648147,-0.00144102260838965,0.0014));
#9977=CARTESIAN_POINT('',(-0.00904436833199491,-0.00181098299620281,0.000466666666666667));
#9978=CARTESIAN_POINT('',(-0.00904436833199491,-0.00181098299620281,0.0014));
#9979=CARTESIAN_POINT('',(-0.00951986194462221,-0.00199819189425287,0.000466666666666667));
#9980=CARTESIAN_POINT('',(-0.00951986194462221,-0.00199819189425287,0.0014));
#9981=CARTESIAN_POINT('',(-0.0101274844843634,-0.00200264930253982,0.000466666666666667));
#9982=CARTESIAN_POINT('',(-0.0101274844843634,-0.00200264930253982,0.0014));
#9983=CARTESIAN_POINT('',(-0.00870100364648147,-0.00144102260838965,0.000466666666666667));
#9984=CARTESIAN_POINT('',(-0.00870100364648147,-0.00144102260838965,0.000466666666666667));
#9985=CARTESIAN_POINT('',(-0.00870100364648147,-0.00144102260838965,0.000466666666666667));
#9986=CARTESIAN_POINT('',(-0.00921605067475163,-0.00199596319010939,0.000466666666666667));
#9987=CARTESIAN_POINT('',(-0.0101274844843634,-0.00200264930253982,0.000466666666666667));
#9988=CARTESIAN_POINT('',(-0.00819284122460452,5.24099741646658E-5,0.000466666666666667));
#9989=CARTESIAN_POINT('',(-0.00819284122460452,5.24099741646658E-5,0.0014));
#9990=CARTESIAN_POINT('',(-0.00818825148700905,-0.000573251359725055,0.000466666666666667));
#9991=CARTESIAN_POINT('',(-0.00818825148700905,-0.000573251359725055,0.0014));
#9992=CARTESIAN_POINT('',(-0.00835763896096803,-0.00107106222057649,0.000466666666666667));
#9993=CARTESIAN_POINT('',(-0.00835763896096803,-0.00107106222057649,0.0014));
#9994=CARTESIAN_POINT('',(-0.00870100364648147,-0.00144102260838965,0.000466666666666667));
#9995=CARTESIAN_POINT('',(-0.00870100364648147,-0.00144102260838965,0.0014));
#9996=CARTESIAN_POINT('',(-0.00819284122460452,5.24099741646658E-5,0.000466666666666667));
#9997=CARTESIAN_POINT('',(-0.00819284122460452,5.24099741646658E-5,0.000466666666666667));
#9998=CARTESIAN_POINT('',(-0.00819284122460452,5.24099741646658E-5,0.000466666666666667));
#9999=CARTESIAN_POINT('',(-0.00818595661821131,-0.000886082026669916,0.000466666666666667));
#10000=CARTESIAN_POINT('',(-0.00870100364648147,-0.00144102260838965,0.000466666666666667));
#10001=CARTESIAN_POINT('',(-0.00875928351137221,0.00155291346792549,0.000466666666666667));
#10002=CARTESIAN_POINT('',(-0.00875928351137221,0.00155291346792549,0.0014));
#10003=CARTESIAN_POINT('',(-0.00838616148138384,0.00116684621668785,0.000466666666666667));
#10004=CARTESIAN_POINT('',(-0.00838616148138384,0.00116684621668785,0.0014));
#10005=CARTESIAN_POINT('',(-0.00819734738579461,0.00066667838543424,0.000466666666666667));
#10006=CARTESIAN_POINT('',(-0.00819734738579461,0.00066667838543424,0.0014));
#10007=CARTESIAN_POINT('',(-0.00819284122460452,5.24099741646658E-5,0.000466666666666667));
#10008=CARTESIAN_POINT('',(-0.00819284122460452,5.24099741646658E-5,0.0014));
#10009=CARTESIAN_POINT('',(-0.00875928351137221,0.00155291346792549,0.000466666666666667));
#10010=CARTESIAN_POINT('',(-0.00875928351137221,0.00155291346792549,0.000466666666666667));
#10011=CARTESIAN_POINT('',(-0.00875928351137221,0.00155291346792549,0.000466666666666667));
#10012=CARTESIAN_POINT('',(-0.00819960046638965,0.000973812591069027,0.000466666666666667));
#10013=CARTESIAN_POINT('',(-0.00819284122460452,5.24099741646658E-5,0.000466666666666667));
#10014=CARTESIAN_POINT('',(-0.0103403184224522,0.0021601266926377,0.000466666666666667));
#10015=CARTESIAN_POINT('',(-0.0103403184224522,0.0021601266926377,0.0014));
#10016=CARTESIAN_POINT('',(-0.00965941717838725,0.00214138512740054,0.000466666666666667));
#10017=CARTESIAN_POINT('',(-0.00965941717838725,0.00214138512740054,0.0014));
#10018=CARTESIAN_POINT('',(-0.00913240554136058,0.00193898071916313,0.000466666666666667));
#10019=CARTESIAN_POINT('',(-0.00913240554136058,0.00193898071916313,0.0014));
#10020=CARTESIAN_POINT('',(-0.00875928351137221,0.00155291346792549,0.000466666666666667));
#10021=CARTESIAN_POINT('',(-0.00875928351137221,0.00155291346792549,0.0014));
#10022=CARTESIAN_POINT('',(-0.0103403184224522,0.0021601266926377,0.000466666666666667));
#10023=CARTESIAN_POINT('',(-0.0103403184224522,0.0021601266926377,0.000466666666666667));
#10024=CARTESIAN_POINT('',(-0.0103403184224522,0.0021601266926377,0.000466666666666667));
#10025=CARTESIAN_POINT('',(-0.00931896655635477,0.00213201434478195,0.000466666666666667));
#10026=CARTESIAN_POINT('',(-0.00875928351137221,0.00155291346792549,0.000466666666666667));
#10027=CARTESIAN_POINT('',(-0.0103373775776879,0.00175923822794129,0.000466666666666667));
#10028=CARTESIAN_POINT('',(-0.0103344367329236,0.00135834976324488,0.000466666666666667));
#10029=CARTESIAN_POINT('',(-0.0103344367329236,0.00135834976324488,0.000466666666666667));
#10030=CARTESIAN_POINT('',(-0.0103373775776879,0.00175923822794129,0.000466666666666667));
#10031=CARTESIAN_POINT('',(-0.00929782321902108,0.000997088452205898,0.000466666666666667));
#10032=CARTESIAN_POINT('',(-0.00929782321902108,0.000997088452205898,0.0014));
#10033=CARTESIAN_POINT('',(-0.00955773432651868,0.00122305250608688,0.000466666666666667));
#10034=CARTESIAN_POINT('',(-0.00955773432651868,0.00122305250608688,0.0014));
#10035=CARTESIAN_POINT('',(-0.00990327216448618,0.00134347294309987,0.000466666666666667));
#10036=CARTESIAN_POINT('',(-0.00990327216448618,0.00134347294309987,0.0014));
#10037=CARTESIAN_POINT('',(-0.0103344367329236,0.00135834976324488,0.000466666666666667));
#10038=CARTESIAN_POINT('',(-0.0103344367329236,0.00135834976324488,0.0014));
#10039=CARTESIAN_POINT('',(-0.00929782321902108,0.000997088452205898,0.000466666666666667));
#10040=CARTESIAN_POINT('',(-0.00929782321902108,0.000997088452205898,0.000466666666666667));
#10041=CARTESIAN_POINT('',(-0.00929782321902108,0.000997088452205898,0.000466666666666667));
#10042=CARTESIAN_POINT('',(-0.00968768988026748,0.00133603453302737,0.000466666666666667));
#10043=CARTESIAN_POINT('',(-0.0103344367329236,0.00135834976324488,0.000466666666666667));
#10044=CARTESIAN_POINT('',(-0.00890341209073213,3.86522039139558E-5,0.000466666666666667));
#10045=CARTESIAN_POINT('',(-0.00890341209073213,3.86522039139558E-5,0.0014));
#10046=CARTESIAN_POINT('',(-0.00890644173542717,0.000451645648894272,0.000466666666666667));
#10047=CARTESIAN_POINT('',(-0.00890644173542717,0.000451645648894272,0.0014));
#10048=CARTESIAN_POINT('',(-0.00903791211152349,0.000771124398324919,0.000466666666666667));
#10049=CARTESIAN_POINT('',(-0.00903791211152349,0.000771124398324919,0.0014));
#10050=CARTESIAN_POINT('',(-0.00929782321902108,0.000997088452205898,0.000466666666666667));
#10051=CARTESIAN_POINT('',(-0.00929782321902108,0.000997088452205898,0.0014));
#10052=CARTESIAN_POINT('',(-0.00890341209073213,3.86522039139558E-5,0.000466666666666667));
#10053=CARTESIAN_POINT('',(-0.00890341209073213,3.86522039139558E-5,0.000466666666666667));
#10054=CARTESIAN_POINT('',(-0.00890341209073213,3.86522039139558E-5,0.000466666666666667));
#10055=CARTESIAN_POINT('',(-0.00890795655777469,0.00065814237138443,0.000466666666666667));
#10056=CARTESIAN_POINT('',(-0.00929782321902108,0.000997088452205898,0.000466666666666667));
#10057=CARTESIAN_POINT('',(-0.00923841440992471,-0.000888817993470612,0.000466666666666667));
#10058=CARTESIAN_POINT('',(-0.00923841440992471,-0.000888817993470612,0.0014));
#10059=CARTESIAN_POINT('',(-0.00901195934466212,-0.000695840306366375,0.000466666666666667));
#10060=CARTESIAN_POINT('',(-0.00901195934466212,-0.000695840306366375,0.0014));
#10061=CARTESIAN_POINT('',(-0.00890029190493126,-0.000386683573904853,0.000466666666666667));
#10062=CARTESIAN_POINT('',(-0.00890029190493126,-0.000386683573904853,0.0014));
#10063=CARTESIAN_POINT('',(-0.00890341209073213,3.86522039139558E-5,0.000466666666666667));
#10064=CARTESIAN_POINT('',(-0.00890341209073213,3.86522039139558E-5,0.0014));
#10065=CARTESIAN_POINT('',(-0.00923841440992471,-0.000888817993470612,0.000466666666666667));
#10066=CARTESIAN_POINT('',(-0.00923841440992471,-0.000888817993470612,0.000466666666666667));
#10067=CARTESIAN_POINT('',(-0.00923841440992471,-0.000888817993470612,0.000466666666666667));
#10068=CARTESIAN_POINT('',(-0.00889873181203083,-0.000599351462814257,0.000466666666666667));
#10069=CARTESIAN_POINT('',(-0.00890341209073213,3.86522039139558E-5,0.000466666666666667));
#10070=CARTESIAN_POINT('',(-0.0101705289840662,-0.00118263049720674,0.000466666666666667));
#10071=CARTESIAN_POINT('',(-0.0101705289840662,-0.00118263049720674,0.0014));
#10072=CARTESIAN_POINT('',(-0.00977557433323447,-0.00117973318182023,0.000466666666666667));
#10073=CARTESIAN_POINT('',(-0.00977557433323447,-0.00117973318182023,0.0014));
#10074=CARTESIAN_POINT('',(-0.0094648694751873,-0.00108179568057485,0.000466666666666667));
#10075=CARTESIAN_POINT('',(-0.0094648694751873,-0.00108179568057485,0.0014));
#10076=CARTESIAN_POINT('',(-0.00923841440992471,-0.000888817993470612,0.000466666666666667));
#10077=CARTESIAN_POINT('',(-0.00923841440992471,-0.000888817993470612,0.0014));
#10078=CARTESIAN_POINT('',(-0.0101705289840662,-0.00118263049720674,0.000466666666666667));
#10079=CARTESIAN_POINT('',(-0.0101705289840662,-0.00118263049720674,0.000466666666666667));
#10080=CARTESIAN_POINT('',(-0.0101705289840662,-0.00118263049720674,0.000466666666666667));
#10081=CARTESIAN_POINT('',(-0.00957809700781859,-0.00117828452412697,0.000466666666666667));
#10082=CARTESIAN_POINT('',(-0.00923841440992471,-0.000888817993470612,0.000466666666666667));
#10083=CARTESIAN_POINT('',(-0.0114541151550431,-0.00074128989460181,0.000466666666666667));
#10084=CARTESIAN_POINT('',(-0.0114541151550431,-0.00074128989460181,0.0014));
#10085=CARTESIAN_POINT('',(-0.0110170809473489,-0.00103858839590283,0.000466666666666667));
#10086=CARTESIAN_POINT('',(-0.0110170809473489,-0.00103858839590283,0.0014));
#10087=CARTESIAN_POINT('',(-0.0105892188903566,-0.00118570193010447,0.000466666666666667));
#10088=CARTESIAN_POINT('',(-0.0105892188903566,-0.00118570193010447,0.0014));
#10089=CARTESIAN_POINT('',(-0.0101705289840662,-0.00118263049720674,0.000466666666666667));
#10090=CARTESIAN_POINT('',(-0.0101705289840662,-0.00118263049720674,0.0014));
#10091=CARTESIAN_POINT('',(-0.0114541151550431,-0.00074128989460181,0.000466666666666667));
#10092=CARTESIAN_POINT('',(-0.0114541151550431,-0.00074128989460181,0.000466666666666667));
#10093=CARTESIAN_POINT('',(-0.0114541151550431,-0.00074128989460181,0.000466666666666667));
#10094=CARTESIAN_POINT('',(-0.0107985638435018,-0.00118723764655334,0.000466666666666667));
#10095=CARTESIAN_POINT('',(-0.0101705289840662,-0.00118263049720674,0.000466666666666667));
#10096=CARTESIAN_POINT('',(-0.00728817705592558,0.00528414536921056,0.000466666666666667));
#10097=CARTESIAN_POINT('',(-0.00728817705592558,0.00528414536921056,0.000466666666666667));
#10098=CARTESIAN_POINT('',(-3.46944695195361E-18,0.,0.000466666666666667));
#10099=CARTESIAN_POINT('',(-0.00649181219689032,0.00585856607303007,0.000466666666666667));
#10100=CARTESIAN_POINT('',(-0.00679933397687271,0.00607856525267194,0.000466666666666667));
#10101=CARTESIAN_POINT('',(-0.00679933397687271,0.00607856525267194,0.000466666666666667));
#10102=CARTESIAN_POINT('',(-0.00649181219689032,0.00585856607303007,0.000466666666666667));
#10103=CARTESIAN_POINT('',(-0.00618429041690793,0.00563856689338821,0.000466666666666667));
#10104=CARTESIAN_POINT('',(-0.00618429041690793,0.00563856689338821,0.000466666666666667));
#10105=CARTESIAN_POINT('',(-0.00705413528662741,0.005722395959472,0.000466666666666667));
#10106=CARTESIAN_POINT('',(-0.00730893659638212,0.00536622666627206,0.000466666666666667));
#10107=CARTESIAN_POINT('',(-0.00730893659638212,0.00536622666627206,0.000466666666666667));
#10108=CARTESIAN_POINT('',(-0.00705413528662741,0.005722395959472,0.000466666666666667));
#10109=CARTESIAN_POINT('',(-0.00968108200279993,0.00706324482034567,0.000466666666666667));
#10110=CARTESIAN_POINT('',(-0.0120532274092177,0.00876026297441928,0.000466666666666667));
#10111=CARTESIAN_POINT('',(-0.0120532274092177,0.00876026297441928,0.000466666666666667));
#10112=CARTESIAN_POINT('',(-0.00968108200279993,0.00706324482034567,0.000466666666666667));
#10113=CARTESIAN_POINT('',(-0.0122968423200076,0.00841973038189641,0.000466666666666667));
#10114=CARTESIAN_POINT('',(-0.0125404572307975,0.00807919778937354,0.000466666666666667));
#10115=CARTESIAN_POINT('',(-0.0125404572307975,0.00807919778937354,0.000466666666666667));
#10116=CARTESIAN_POINT('',(-0.0122968423200076,0.00841973038189641,0.000466666666666667));
#10117=CARTESIAN_POINT('',(-0.00986079004439727,0.00616218045565807,0.000466666666666667));
#10118=CARTESIAN_POINT('',(-0.00718112285799707,0.00424516312194259,0.000466666666666667));
#10119=CARTESIAN_POINT('',(-0.00718112285799707,0.00424516312194259,0.000466666666666667));
#10120=CARTESIAN_POINT('',(-0.00986079004439727,0.00616218045565807,0.000466666666666667));
#10121=CARTESIAN_POINT('',(-0.0066827066374525,0.0049418650076654,0.000466666666666667));
#10122=CARTESIAN_POINT('',(-0.0066827066374525,0.0049418650076654,0.000466666666666667));
#10123=CARTESIAN_POINT('',(-3.46944695195361E-18,0.,0.000466666666666667));
#10124=CARTESIAN_POINT('',(0.00352424282898443,0.011262595702308,0.000466666666666667));
#10125=CARTESIAN_POINT('',(0.00352424282898443,0.011262595702308,0.0014));
#10126=CARTESIAN_POINT('',(0.00313595708016459,0.0113856157716329,0.000466666666666667));
#10127=CARTESIAN_POINT('',(0.00313595708016459,0.0113856157716329,0.0014));
#10128=CARTESIAN_POINT('',(0.00277929624616117,0.0113664039563568,0.000466666666666667));
#10129=CARTESIAN_POINT('',(0.00277929624616117,0.0113664039563568,0.0014));
#10130=CARTESIAN_POINT('',(0.00245426032697415,0.0112049602564796,0.000466666666666667));
#10131=CARTESIAN_POINT('',(0.00245426032697415,0.0112049602564796,0.0014));
#10132=CARTESIAN_POINT('',(0.00352424282898443,0.011262595702308,0.0014));
#10133=CARTESIAN_POINT('',(0.00294181420575468,0.0114471258062954,0.0014));
#10134=CARTESIAN_POINT('',(0.00245426032697415,0.0112049602564796,0.0014));
#10135=CARTESIAN_POINT('',(0.00352424282898443,0.011262595702308,0.0014));
#10136=CARTESIAN_POINT('',(0.00245426032697415,0.0112049602564796,0.0014));
#10137=CARTESIAN_POINT('',(0.00352424282898443,0.011262595702308,0.000466666666666667));
#10138=CARTESIAN_POINT('',(0.00352424282898443,0.011262595702308,0.000466666666666667));
#10139=CARTESIAN_POINT('',(0.00352424282898443,0.011262595702308,0.000466666666666667));
#10140=CARTESIAN_POINT('',(0.00294181420575468,0.0114471258062954,0.000466666666666667));
#10141=CARTESIAN_POINT('',(0.00245426032697415,0.0112049602564796,0.000466666666666667));
#10142=CARTESIAN_POINT('',(0.00245426032697415,0.0112049602564796,0.000466666666666667));
#10143=CARTESIAN_POINT('',(0.00245426032697415,0.0112049602564796,0.000466666666666667));
#10144=CARTESIAN_POINT('',(0.00443700313741563,0.0105528676565606,0.000466666666666667));
#10145=CARTESIAN_POINT('',(0.00443700313741563,0.0105528676565606,0.0014));
#10146=CARTESIAN_POINT('',(0.00428013866293957,0.0108829264129489,0.000466666666666667));
#10147=CARTESIAN_POINT('',(0.00428013866293957,0.0108829264129489,0.0014));
#10148=CARTESIAN_POINT('',(0.00397588522679584,0.011119502428198,0.000466666666666667));
#10149=CARTESIAN_POINT('',(0.00397588522679584,0.011119502428198,0.0014));
#10150=CARTESIAN_POINT('',(0.00352424282898443,0.011262595702308,0.000466666666666667));
#10151=CARTESIAN_POINT('',(0.00352424282898443,0.011262595702308,0.0014));
#10152=CARTESIAN_POINT('',(0.00443700313741563,0.0105528676565606,0.0014));
#10153=CARTESIAN_POINT('',(0.00420170642570155,0.0110479557911431,0.0014));
#10154=CARTESIAN_POINT('',(0.00352424282898443,0.011262595702308,0.0014));
#10155=CARTESIAN_POINT('',(0.00443700313741563,0.0105528676565606,0.0014));
#10156=CARTESIAN_POINT('',(0.00443700313741563,0.0105528676565606,0.000466666666666667));
#10157=CARTESIAN_POINT('',(0.00443700313741563,0.0105528676565606,0.000466666666666667));
#10158=CARTESIAN_POINT('',(0.00443700313741563,0.0105528676565606,0.000466666666666667));
#10159=CARTESIAN_POINT('',(0.00420170642570155,0.0110479557911431,0.000466666666666667));
#10160=CARTESIAN_POINT('',(0.00352424282898443,0.011262595702308,0.000466666666666667));
#10161=CARTESIAN_POINT('',(0.00447142442124597,0.00942376048456955,0.000466666666666667));
#10162=CARTESIAN_POINT('',(0.00447142442124597,0.00942376048456955,0.0014));
#10163=CARTESIAN_POINT('',(0.00460534137316848,0.00984643984284196,0.000466666666666667));
#10164=CARTESIAN_POINT('',(0.00460534137316848,0.00984643984284196,0.0014));
#10165=CARTESIAN_POINT('',(0.0045938676118917,0.0102228089001723,0.000466666666666667));
#10166=CARTESIAN_POINT('',(0.0045938676118917,0.0102228089001723,0.0014));
#10167=CARTESIAN_POINT('',(0.00443700313741563,0.0105528676565606,0.000466666666666667));
#10168=CARTESIAN_POINT('',(0.00443700313741563,0.0105528676565606,0.0014));
#10169=CARTESIAN_POINT('',(0.00447142442124597,0.00942376048456955,0.0014));
#10170=CARTESIAN_POINT('',(0.00467229984912973,0.0100577795219782,0.0014));
#10171=CARTESIAN_POINT('',(0.00443700313741563,0.0105528676565606,0.0014));
#10172=CARTESIAN_POINT('',(0.00447142442124597,0.00942376048456955,0.0014));
#10173=CARTESIAN_POINT('',(0.00447142442124597,0.00942376048456955,0.000466666666666667));
#10174=CARTESIAN_POINT('',(0.00447142442124597,0.00942376048456955,0.000466666666666667));
#10175=CARTESIAN_POINT('',(0.00447142442124597,0.00942376048456955,0.000466666666666667));
#10176=CARTESIAN_POINT('',(0.00467229984912973,0.0100577795219782,0.000466666666666667));
#10177=CARTESIAN_POINT('',(0.00443700313741563,0.0105528676565606,0.000466666666666667));
#10178=CARTESIAN_POINT('',(0.00379159131710105,0.00852991314158721,0.000466666666666667));
#10179=CARTESIAN_POINT('',(0.00379159131710105,0.00852991314158721,0.0014));
#10180=CARTESIAN_POINT('',(0.00411261699501863,0.00870856258188326,0.000466666666666667));
#10181=CARTESIAN_POINT('',(0.00411261699501863,0.00870856258188326,0.0014));
#10182=CARTESIAN_POINT('',(0.0043392280297336,0.00900651169621071,0.000466666666666667));
#10183=CARTESIAN_POINT('',(0.0043392280297336,0.00900651169621071,0.0014));
#10184=CARTESIAN_POINT('',(0.00447142442124597,0.00942376048456955,0.000466666666666667));
#10185=CARTESIAN_POINT('',(0.00447142442124597,0.00942376048456955,0.0014));
#10186=CARTESIAN_POINT('',(0.00379159131710105,0.00852991314158721,0.0014));
#10187=CARTESIAN_POINT('',(0.00427312983397741,0.00879788730203129,0.0014));
#10188=CARTESIAN_POINT('',(0.00447142442124597,0.00942376048456955,0.0014));
#10189=CARTESIAN_POINT('',(0.00379159131710105,0.00852991314158721,0.0014));
#10190=CARTESIAN_POINT('',(0.00379159131710105,0.00852991314158721,0.000466666666666667));
#10191=CARTESIAN_POINT('',(0.00379159131710105,0.00852991314158721,0.000466666666666667));
#10192=CARTESIAN_POINT('',(0.00379159131710105,0.00852991314158721,0.000466666666666667));
#10193=CARTESIAN_POINT('',(0.00427312983397741,0.00879788730203129,0.000466666666666667));
#10194=CARTESIAN_POINT('',(0.00447142442124597,0.00942376048456955,0.000466666666666667));
#10195=CARTESIAN_POINT('',(0.0027018289699055,0.00845464174707873,0.000466666666666667));
#10196=CARTESIAN_POINT('',(0.0027018289699055,0.00845464174707873,0.0014));
#10197=CARTESIAN_POINT('',(0.00310731152345163,0.008326173236455,0.000466666666666667));
#10198=CARTESIAN_POINT('',(0.00310731152345163,0.008326173236455,0.0014));
#10199=CARTESIAN_POINT('',(0.00347056563918347,0.00835126370129116,0.000466666666666667));
#10200=CARTESIAN_POINT('',(0.00347056563918347,0.00835126370129116,0.0014));
#10201=CARTESIAN_POINT('',(0.00379159131710105,0.00852991314158721,0.000466666666666667));
#10202=CARTESIAN_POINT('',(0.00379159131710105,0.00852991314158721,0.0014));
#10203=CARTESIAN_POINT('',(0.0027018289699055,0.00845464174707873,0.0014));
#10204=CARTESIAN_POINT('',(0.00331005280022468,0.00826193898114313,0.0014));
#10205=CARTESIAN_POINT('',(0.00379159131710105,0.00852991314158721,0.0014));
#10206=CARTESIAN_POINT('',(0.0027018289699055,0.00845464174707873,0.0014));
#10207=CARTESIAN_POINT('',(0.0027018289699055,0.00845464174707873,0.000466666666666667));
#10208=CARTESIAN_POINT('',(0.0027018289699055,0.00845464174707873,0.000466666666666667));
#10209=CARTESIAN_POINT('',(0.0027018289699055,0.00845464174707873,0.000466666666666667));
#10210=CARTESIAN_POINT('',(0.00331005280022468,0.00826193898114313,0.000466666666666667));
#10211=CARTESIAN_POINT('',(0.00379159131710105,0.00852991314158721,0.000466666666666667));
#10212=CARTESIAN_POINT('',(0.00180259126762632,0.00917875948319074,0.000466666666666667));
#10213=CARTESIAN_POINT('',(0.00180259126762632,0.00917875948319074,0.0014));
#10214=CARTESIAN_POINT('',(0.00196130181116149,0.00883566647907237,0.000466666666666667));
#10215=CARTESIAN_POINT('',(0.00196130181116149,0.00883566647907237,0.0014));
#10216=CARTESIAN_POINT('',(0.00226104771192122,0.00859429390036836,0.000466666666666667));
#10217=CARTESIAN_POINT('',(0.00226104771192122,0.00859429390036836,0.0014));
#10218=CARTESIAN_POINT('',(0.0027018289699055,0.00845464174707873,0.000466666666666667));
#10219=CARTESIAN_POINT('',(0.0027018289699055,0.00845464174707873,0.0014));
#10220=CARTESIAN_POINT('',(0.00180259126762632,0.00917875948319074,0.0014));
#10221=CARTESIAN_POINT('',(0.00204065708292908,0.00866411997701318,0.0014));
#10222=CARTESIAN_POINT('',(0.0027018289699055,0.00845464174707873,0.0014));
#10223=CARTESIAN_POINT('',(0.00180259126762632,0.00917875948319074,0.0014));
#10224=CARTESIAN_POINT('',(0.00180259126762632,0.00917875948319074,0.000466666666666667));
#10225=CARTESIAN_POINT('',(0.00180259126762632,0.00917875948319074,0.000466666666666667));
#10226=CARTESIAN_POINT('',(0.00180259126762632,0.00917875948319074,0.000466666666666667));
#10227=CARTESIAN_POINT('',(0.00204065708292908,0.00866411997701318,0.000466666666666667));
#10228=CARTESIAN_POINT('',(0.0027018289699055,0.00845464174707873,0.000466666666666667));
#10229=CARTESIAN_POINT('',(0.00177099270154028,0.010345067378996,0.000466666666666667));
#10230=CARTESIAN_POINT('',(0.00177099270154028,0.010345067378996,0.0014));
#10231=CARTESIAN_POINT('',(0.00163334786872914,0.00991062178591087,0.000466666666666667));
#10232=CARTESIAN_POINT('',(0.00163334786872914,0.00991062178591087,0.0014));
#10233=CARTESIAN_POINT('',(0.00164388072409115,0.00952185248730911,0.000466666666666667));
#10234=CARTESIAN_POINT('',(0.00164388072409115,0.00952185248730911,0.0014));
#10235=CARTESIAN_POINT('',(0.00180259126762632,0.00917875948319074,0.000466666666666667));
#10236=CARTESIAN_POINT('',(0.00180259126762632,0.00917875948319074,0.0014));
#10237=CARTESIAN_POINT('',(0.00177099270154028,0.010345067378996,0.0014));
#10238=CARTESIAN_POINT('',(0.00156452545232357,0.0096933989893683,0.0014));
#10239=CARTESIAN_POINT('',(0.00180259126762632,0.00917875948319074,0.0014));
#10240=CARTESIAN_POINT('',(0.00177099270154028,0.010345067378996,0.0014));
#10241=CARTESIAN_POINT('',(0.00177099270154028,0.010345067378996,0.000466666666666667));
#10242=CARTESIAN_POINT('',(0.00177099270154028,0.010345067378996,0.000466666666666667));
#10243=CARTESIAN_POINT('',(0.00177099270154028,0.010345067378996,0.000466666666666667));
#10244=CARTESIAN_POINT('',(0.00156452545232357,0.0096933989893683,0.000466666666666667));
#10245=CARTESIAN_POINT('',(0.00180259126762632,0.00917875948319074,0.000466666666666667));
#10246=CARTESIAN_POINT('',(0.00515058720026065,0.0121426474046388,0.000466666666666667));
#10247=CARTESIAN_POINT('',(0.00515058720026065,0.0121426474046388,0.0014));
#10248=CARTESIAN_POINT('',(0.00519732854613277,0.0124913597187554,0.000466666666666667));
#10249=CARTESIAN_POINT('',(0.00519732854613277,0.0124913597187554,0.0014));
#10250=CARTESIAN_POINT('',(0.00514349031628511,0.0127890257911146,0.000466666666666667));
#10251=CARTESIAN_POINT('',(0.00514349031628511,0.0127890257911146,0.0014));
#10252=CARTESIAN_POINT('',(0.00498907251071768,0.0130356456217162,0.000466666666666667));
#10253=CARTESIAN_POINT('',(0.00498907251071768,0.0130356456217162,0.0014));
#10254=CARTESIAN_POINT('',(0.00515058720026064,0.0121426474046388,0.000466666666666667));
#10255=CARTESIAN_POINT('',(0.00515058720026064,0.0121426474046388,0.000466666666666667));
#10256=CARTESIAN_POINT('',(0.00515058720026065,0.0121426474046388,0.000466666666666667));
#10257=CARTESIAN_POINT('',(0.00522069921906883,0.0126657158758137,0.000466666666666667));
#10258=CARTESIAN_POINT('',(0.00498907251071768,0.0130356456217162,0.000466666666666667));
#10259=CARTESIAN_POINT('',(0.00498907251071768,0.0130356456217162,0.000466666666666667));
#10260=CARTESIAN_POINT('',(0.00498907251071768,0.0130356456217162,0.000466666666666667));
#10261=CARTESIAN_POINT('',(0.00551579302694783,0.0120269397170569,0.000466666666666667));
#10262=CARTESIAN_POINT('',(0.00588099885363501,0.011911232029475,0.000466666666666667));
#10263=CARTESIAN_POINT('',(0.00588099885363501,0.011911232029475,0.000466666666666667));
#10264=CARTESIAN_POINT('',(0.00551579302694783,0.0120269397170569,0.000466666666666667));
#10265=CARTESIAN_POINT('',(0.00570162511449555,0.0133066179727679,0.000466666666666667));
#10266=CARTESIAN_POINT('',(0.00570162511449555,0.0133066179727679,0.0014));
#10267=CARTESIAN_POINT('',(0.00593104524017586,0.0128833571128886,0.000466666666666667));
#10268=CARTESIAN_POINT('',(0.00593104524017586,0.0128833571128886,0.0014));
#10269=CARTESIAN_POINT('',(0.00599083648655568,0.0124182284651244,0.000466666666666667));
#10270=CARTESIAN_POINT('',(0.00599083648655568,0.0124182284651244,0.0014));
#10271=CARTESIAN_POINT('',(0.00588099885363502,0.011911232029475,0.000466666666666667));
#10272=CARTESIAN_POINT('',(0.00588099885363502,0.011911232029475,0.0014));
#10273=CARTESIAN_POINT('',(0.00570162511449555,0.0133066179727679,0.000466666666666667));
#10274=CARTESIAN_POINT('',(0.00570162511449555,0.0133066179727679,0.000466666666666667));
#10275=CARTESIAN_POINT('',(0.00570162511449555,0.0133066179727679,0.000466666666666667));
#10276=CARTESIAN_POINT('',(0.00604575530301601,0.012671726682949,0.000466666666666667));
#10277=CARTESIAN_POINT('',(0.00588099885363502,0.011911232029475,0.000466666666666667));
#10278=CARTESIAN_POINT('',(0.00447095438758574,0.014222390749542,0.000466666666666667));
#10279=CARTESIAN_POINT('',(0.00447095438758574,0.014222390749542,0.0014));
#10280=CARTESIAN_POINT('',(0.00506198141317863,0.0140351364249051,0.000466666666666667));
#10281=CARTESIAN_POINT('',(0.00506198141317863,0.0140351364249051,0.0014));
#10282=CARTESIAN_POINT('',(0.00547220498881524,0.0137298788326471,0.000466666666666667));
#10283=CARTESIAN_POINT('',(0.00547220498881524,0.0137298788326471,0.0014));
#10284=CARTESIAN_POINT('',(0.00570162511449555,0.0133066179727679,0.000466666666666667));
#10285=CARTESIAN_POINT('',(0.00570162511449555,0.0133066179727679,0.0014));
#10286=CARTESIAN_POINT('',(0.00447095438758574,0.014222390749542,0.000466666666666667));
#10287=CARTESIAN_POINT('',(0.00447095438758574,0.014222390749542,0.000466666666666667));
#10288=CARTESIAN_POINT('',(0.00447095438758574,0.014222390749542,0.000466666666666667));
#10289=CARTESIAN_POINT('',(0.00535749492597508,0.0139415092625867,0.000466666666666667));
#10290=CARTESIAN_POINT('',(0.00570162511449555,0.0133066179727679,0.000466666666666667));
#10291=CARTESIAN_POINT('',(0.00307987603589708,0.0142522954141108,0.000466666666666667));
#10292=CARTESIAN_POINT('',(0.00307987603589708,0.0142522954141108,0.0014));
#10293=CARTESIAN_POINT('',(0.00346873008726108,0.0144029812117371,0.000466666666666667));
#10294=CARTESIAN_POINT('',(0.00346873008726108,0.0144029812117371,0.0014));
#10295=CARTESIAN_POINT('',(0.0039324228711573,0.0143930129902141,0.000466666666666667));
#10296=CARTESIAN_POINT('',(0.0039324228711573,0.0143930129902141,0.0014));
#10297=CARTESIAN_POINT('',(0.00447095438758574,0.014222390749542,0.000466666666666667));
#10298=CARTESIAN_POINT('',(0.00447095438758574,0.014222390749542,0.0014));
#10299=CARTESIAN_POINT('',(0.00307987603589708,0.0142522954141108,0.000466666666666667));
#10300=CARTESIAN_POINT('',(0.00307987603589708,0.0142522954141108,0.000466666666666667));
#10301=CARTESIAN_POINT('',(0.00307987603589708,0.0142522954141108,0.000466666666666667));
#10302=CARTESIAN_POINT('',(0.00366315711294308,0.0144783241105502,0.000466666666666667));
#10303=CARTESIAN_POINT('',(0.00447095438758574,0.014222390749542,0.000466666666666667));
#10304=CARTESIAN_POINT('',(0.002075270888132,0.0133754445912812,0.000466666666666667));
#10305=CARTESIAN_POINT('',(0.002075270888132,0.0133754445912812,0.0014));
#10306=CARTESIAN_POINT('',(0.00235615360194472,0.0138093260088747,0.000466666666666667));
#10307=CARTESIAN_POINT('',(0.00235615360194472,0.0138093260088747,0.0014));
#10308=CARTESIAN_POINT('',(0.00269102198453308,0.0141016096164846,0.000466666666666667));
#10309=CARTESIAN_POINT('',(0.00269102198453308,0.0141016096164846,0.0014));
#10310=CARTESIAN_POINT('',(0.00307987603589708,0.0142522954141108,0.000466666666666667));
#10311=CARTESIAN_POINT('',(0.00307987603589708,0.0142522954141108,0.0014));
#10312=CARTESIAN_POINT('',(0.002075270888132,0.0133754445912812,0.000466666666666667));
#10313=CARTESIAN_POINT('',(0.002075270888132,0.0133754445912812,0.000466666666666667));
#10314=CARTESIAN_POINT('',(0.002075270888132,0.0133754445912812,0.000466666666666667));
#10315=CARTESIAN_POINT('',(0.00249659495885108,0.0140262667176715,0.000466666666666667));
#10316=CARTESIAN_POINT('',(0.00307987603589708,0.0142522954141108,0.000466666666666667));
#10317=CARTESIAN_POINT('',(0.00130725389476985,0.0116303626273077,0.000466666666666667));
#10318=CARTESIAN_POINT('',(0.00130725389476985,0.0116303626273077,0.0014));
#10319=CARTESIAN_POINT('',(0.00153838250986522,0.0123598691856965,0.000466666666666667));
#10320=CARTESIAN_POINT('',(0.00153838250986522,0.0123598691856965,0.0014));
#10321=CARTESIAN_POINT('',(0.00179438817431927,0.0129415631736877,0.000466666666666667));
#10322=CARTESIAN_POINT('',(0.00179438817431927,0.0129415631736877,0.0014));
#10323=CARTESIAN_POINT('',(0.002075270888132,0.0133754445912812,0.000466666666666667));
#10324=CARTESIAN_POINT('',(0.002075270888132,0.0133754445912812,0.0014));
#10325=CARTESIAN_POINT('',(0.00130725389476985,0.0116303626273077,0.000466666666666667));
#10326=CARTESIAN_POINT('',(0.00130725389476985,0.0116303626273077,0.000466666666666667));
#10327=CARTESIAN_POINT('',(0.00130725389476985,0.0116303626273077,0.000466666666666667));
#10328=CARTESIAN_POINT('',(0.00165394681741291,0.0127246224648909,0.000466666666666667));
#10329=CARTESIAN_POINT('',(0.002075270888132,0.0133754445912812,0.000466666666666667));
#10330=CARTESIAN_POINT('',(0.00105264246410076,0.00911982103142092,0.000466666666666667));
#10331=CARTESIAN_POINT('',(0.00105264246410076,0.00911982103142092,0.0014));
#10332=CARTESIAN_POINT('',(0.00089203581913341,0.00975084600527451,0.000466666666666667));
#10333=CARTESIAN_POINT('',(0.00089203581913341,0.00975084600527451,0.0014));
#10334=CARTESIAN_POINT('',(0.000976906296023107,0.0105876932039034,0.000466666666666667));
#10335=CARTESIAN_POINT('',(0.000976906296023107,0.0105876932039034,0.0014));
#10336=CARTESIAN_POINT('',(0.00130725389476985,0.0116303626273077,0.000466666666666667));
#10337=CARTESIAN_POINT('',(0.00130725389476985,0.0116303626273077,0.0014));
#10338=CARTESIAN_POINT('',(0.00105264246410076,0.00911982103142092,0.000466666666666667));
#10339=CARTESIAN_POINT('',(0.00105264246410076,0.00911982103142092,0.000466666666666667));
#10340=CARTESIAN_POINT('',(0.00105264246410076,0.00911982103142092,0.000466666666666667));
#10341=CARTESIAN_POINT('',(0.000811732496649737,0.0100663584922013,0.000466666666666667));
#10342=CARTESIAN_POINT('',(0.00130725389476985,0.0116303626273077,0.000466666666666667));
#10343=CARTESIAN_POINT('',(0.00251000009219013,0.00778787803876935,0.000466666666666667));
#10344=CARTESIAN_POINT('',(0.00251000009219013,0.00778787803876935,0.0014));
#10345=CARTESIAN_POINT('',(0.00169903498509789,0.00804481506001681,0.000466666666666667));
#10346=CARTESIAN_POINT('',(0.00169903498509789,0.00804481506001681,0.0014));
#10347=CARTESIAN_POINT('',(0.0012132491090681,0.00848879605756733,0.000466666666666667));
#10348=CARTESIAN_POINT('',(0.0012132491090681,0.00848879605756733,0.0014));
#10349=CARTESIAN_POINT('',(0.00105264246410076,0.00911982103142092,0.000466666666666667));
#10350=CARTESIAN_POINT('',(0.00105264246410076,0.00911982103142092,0.0014));
#10351=CARTESIAN_POINT('',(0.00251000009219013,0.00778787803876935,0.000466666666666667));
#10352=CARTESIAN_POINT('',(0.00251000009219013,0.00778787803876935,0.000466666666666667));
#10353=CARTESIAN_POINT('',(0.00251000009219013,0.00778787803876935,0.000466666666666667));
#10354=CARTESIAN_POINT('',(0.00129355243155177,0.00817328357064054,0.000466666666666667));
#10355=CARTESIAN_POINT('',(0.00105264246410076,0.00911982103142092,0.000466666666666667));
#10356=CARTESIAN_POINT('',(0.00421914929587178,0.00787307130300018,0.000466666666666667));
#10357=CARTESIAN_POINT('',(0.00421914929587178,0.00787307130300018,0.0014));
#10358=CARTESIAN_POINT('',(0.00373953073791538,0.00760722770368103,0.000466666666666667));
#10359=CARTESIAN_POINT('',(0.00373953073791538,0.00760722770368103,0.0014));
#10360=CARTESIAN_POINT('',(0.00316981433668817,0.00757882994893742,0.000466666666666667));
#10361=CARTESIAN_POINT('',(0.00316981433668817,0.00757882994893742,0.0014));
#10362=CARTESIAN_POINT('',(0.00251000009219013,0.00778787803876935,0.000466666666666667));
#10363=CARTESIAN_POINT('',(0.00251000009219013,0.00778787803876935,0.0014));
#10364=CARTESIAN_POINT('',(0.00421914929587178,0.00787307130300018,0.000466666666666667));
#10365=CARTESIAN_POINT('',(0.00421914929587178,0.00787307130300018,0.000466666666666667));
#10366=CARTESIAN_POINT('',(0.00421914929587178,0.00787307130300018,0.000466666666666667));
#10367=CARTESIAN_POINT('',(0.00349972145893719,0.00747430590402146,0.000466666666666667));
#10368=CARTESIAN_POINT('',(0.00251000009219013,0.00778787803876935,0.000466666666666667));
#10369=CARTESIAN_POINT('',(0.00523279296294019,0.00920046415719835,0.000466666666666667));
#10370=CARTESIAN_POINT('',(0.00523279296294019,0.00920046415719835,0.0014));
#10371=CARTESIAN_POINT('',(0.00503664907618431,0.00858137918705204,0.000466666666666667));
#10372=CARTESIAN_POINT('',(0.00503664907618431,0.00858137918705204,0.0014));
#10373=CARTESIAN_POINT('',(0.00469876785382817,0.00813891490231932,0.000466666666666667));
#10374=CARTESIAN_POINT('',(0.00469876785382817,0.00813891490231932,0.0014));
#10375=CARTESIAN_POINT('',(0.00421914929587178,0.00787307130300018,0.000466666666666667));
#10376=CARTESIAN_POINT('',(0.00421914929587178,0.00787307130300018,0.0014));
#10377=CARTESIAN_POINT('',(0.00523279296294019,0.00920046415719835,0.000466666666666667));
#10378=CARTESIAN_POINT('',(0.00523279296294019,0.00920046415719835,0.000466666666666667));
#10379=CARTESIAN_POINT('',(0.00523279296294019,0.00920046415719835,0.000466666666666667));
#10380=CARTESIAN_POINT('',(0.00493857713280637,0.00827183670197889,0.000466666666666667));
#10381=CARTESIAN_POINT('',(0.00421914929587178,0.00787307130300018,0.000466666666666667));
#10382=CARTESIAN_POINT('',(0.00532462542111639,0.0103956390679265,0.000466666666666667));
#10383=CARTESIAN_POINT('',(0.00532462542111639,0.0103956390679265,0.0014));
#10384=CARTESIAN_POINT('',(0.0054010486151434,0.0100333013871929,0.000466666666666667));
#10385=CARTESIAN_POINT('',(0.0054010486151434,0.0100333013871929,0.0014));
#10386=CARTESIAN_POINT('',(0.00537043779575133,0.00963490975028348,0.000466666666666667));
#10387=CARTESIAN_POINT('',(0.00537043779575133,0.00963490975028348,0.0014));
#10388=CARTESIAN_POINT('',(0.00523279296294019,0.00920046415719835,0.000466666666666667));
#10389=CARTESIAN_POINT('',(0.00523279296294019,0.00920046415719835,0.0014));
#10390=CARTESIAN_POINT('',(0.00532462542111639,0.0103956390679265,0.000466666666666667));
#10391=CARTESIAN_POINT('',(0.00532462542111639,0.0103956390679265,0.000466666666666667));
#10392=CARTESIAN_POINT('',(0.00532462542111639,0.0103956390679265,0.000466666666666667));
#10393=CARTESIAN_POINT('',(0.0054392602121569,0.00985213254682604,0.000466666666666667));
#10394=CARTESIAN_POINT('',(0.00523279296294019,0.00920046415719835,0.000466666666666667));
#10395=CARTESIAN_POINT('',(0.00354067956657279,0.0100400718243135,0.000466666666666667));
#10396=CARTESIAN_POINT('',(0.00482952741538263,0.0113226177396754,0.000466666666666667));
#10397=CARTESIAN_POINT('',(0.00482952741538263,0.0113226177396754,0.000466666666666667));
#10398=CARTESIAN_POINT('',(0.00354067956657279,0.0100400718243135,0.000466666666666667));
#10399=CARTESIAN_POINT('',(0.00386663557745963,0.0118906199943114,0.000466666666666667));
#10400=CARTESIAN_POINT('',(0.00386663557745963,0.0118906199943114,0.0014));
#10401=CARTESIAN_POINT('',(0.00425492132627946,0.0117675999249864,0.000466666666666667));
#10402=CARTESIAN_POINT('',(0.00425492132627946,0.0117675999249864,0.0014));
#10403=CARTESIAN_POINT('',(0.00457588527225379,0.0115782658401078,0.000466666666666667));
#10404=CARTESIAN_POINT('',(0.00457588527225379,0.0115782658401078,0.0014));
#10405=CARTESIAN_POINT('',(0.00482952741538263,0.0113226177396754,0.000466666666666667));
#10406=CARTESIAN_POINT('',(0.00482952741538263,0.0113226177396754,0.0014));
#10407=CARTESIAN_POINT('',(0.00386663557745963,0.0118906199943114,0.000466666666666667));
#10408=CARTESIAN_POINT('',(0.00386663557745963,0.0118906199943114,0.000466666666666667));
#10409=CARTESIAN_POINT('',(0.00386663557745963,0.0118906199943114,0.000466666666666667));
#10410=CARTESIAN_POINT('',(0.00444906420068937,0.0117060898903239,0.000466666666666667));
#10411=CARTESIAN_POINT('',(0.00482952741538263,0.0113226177396754,0.000466666666666667));
#10412=CARTESIAN_POINT('',(0.00284935204201744,0.0119686681706125,0.000466666666666667));
#10413=CARTESIAN_POINT('',(0.00284935204201744,0.0119686681706125,0.0014));
#10414=CARTESIAN_POINT('',(0.00317998459117746,0.0120267519193273,0.000466666666666667));
#10415=CARTESIAN_POINT('',(0.00317998459117746,0.0120267519193273,0.0014));
#10416=CARTESIAN_POINT('',(0.00351907910299152,0.0120007358605603,0.000466666666666667));
#10417=CARTESIAN_POINT('',(0.00351907910299152,0.0120007358605603,0.0014));
#10418=CARTESIAN_POINT('',(0.00386663557745963,0.0118906199943114,0.000466666666666667));
#10419=CARTESIAN_POINT('',(0.00386663557745963,0.0118906199943114,0.0014));
#10420=CARTESIAN_POINT('',(0.00284935204201744,0.0119686681706125,0.000466666666666667));
#10421=CARTESIAN_POINT('',(0.00284935204201744,0.0119686681706125,0.000466666666666667));
#10422=CARTESIAN_POINT('',(0.00284935204201744,0.0119686681706125,0.000466666666666667));
#10423=CARTESIAN_POINT('',(0.00334530086575747,0.0120557937936848,0.000466666666666667));
#10424=CARTESIAN_POINT('',(0.00386663557745963,0.0118906199943114,0.000466666666666667));
#10425=CARTESIAN_POINT('',(0.0020462411341646,0.0115486104276058,0.000466666666666667));
#10426=CARTESIAN_POINT('',(0.0020462411341646,0.0115486104276058,0.0014));
#10427=CARTESIAN_POINT('',(0.00225101585690648,0.0117705651742287,0.000466666666666667));
#10428=CARTESIAN_POINT('',(0.00225101585690648,0.0117705651742287,0.0014));
#10429=CARTESIAN_POINT('',(0.00251871949285743,0.0119105844218976,0.000466666666666667));
#10430=CARTESIAN_POINT('',(0.00251871949285743,0.0119105844218976,0.0014));
#10431=CARTESIAN_POINT('',(0.00284935204201744,0.0119686681706125,0.000466666666666667));
#10432=CARTESIAN_POINT('',(0.00284935204201744,0.0119686681706125,0.0014));
#10433=CARTESIAN_POINT('',(0.0020462411341646,0.0115486104276058,0.000466666666666667));
#10434=CARTESIAN_POINT('',(0.0020462411341646,0.0115486104276058,0.000466666666666667));
#10435=CARTESIAN_POINT('',(0.0020462411341646,0.0115486104276058,0.000466666666666667));
#10436=CARTESIAN_POINT('',(0.00235340321827742,0.0118815425475402,0.000466666666666667));
#10437=CARTESIAN_POINT('',(0.00284935204201744,0.0119686681706125,0.000466666666666667));
#10438=CARTESIAN_POINT('',(0.00297581057397146,0.0133485764876504,0.000466666666666667));
#10439=CARTESIAN_POINT('',(0.00297581057397146,0.0133485764876504,0.0014));
#10440=CARTESIAN_POINT('',(0.00262798190167264,0.0130444638909033,0.000466666666666667));
#10441=CARTESIAN_POINT('',(0.00262798190167264,0.0130444638909033,0.0014));
#10442=CARTESIAN_POINT('',(0.00231812542173703,0.0124444752042218,0.000466666666666667));
#10443=CARTESIAN_POINT('',(0.00231812542173703,0.0124444752042218,0.0014));
#10444=CARTESIAN_POINT('',(0.0020462411341646,0.0115486104276058,0.000466666666666667));
#10445=CARTESIAN_POINT('',(0.0020462411341646,0.0115486104276058,0.0014));
#10446=CARTESIAN_POINT('',(0.00297581057397146,0.0133485764876504,0.000466666666666667));
#10447=CARTESIAN_POINT('',(0.00297581057397146,0.0133485764876504,0.000466666666666667));
#10448=CARTESIAN_POINT('',(0.00297581057397146,0.0133485764876504,0.000466666666666667));
#10449=CARTESIAN_POINT('',(0.00245406756552324,0.0128924075925298,0.000466666666666667));
#10450=CARTESIAN_POINT('',(0.0020462411341646,0.0115486104276058,0.000466666666666667));
#10451=CARTESIAN_POINT('',(0.00421846173844531,0.013576340988325,0.000466666666666667));
#10452=CARTESIAN_POINT('',(0.00421846173844531,0.013576340988325,0.0014));
#10453=CARTESIAN_POINT('',(0.00373785630109489,0.0137286105846224,0.000466666666666667));
#10454=CARTESIAN_POINT('',(0.00373785630109489,0.0137286105846224,0.0014));
#10455=CARTESIAN_POINT('',(0.00332363924627027,0.0136526890843975,0.000466666666666667));
#10456=CARTESIAN_POINT('',(0.00332363924627027,0.0136526890843975,0.0014));
#10457=CARTESIAN_POINT('',(0.00297581057397146,0.0133485764876504,0.000466666666666667));
#10458=CARTESIAN_POINT('',(0.00297581057397146,0.0133485764876504,0.0014));
#10459=CARTESIAN_POINT('',(0.00421846173844531,0.013576340988325,0.000466666666666667));
#10460=CARTESIAN_POINT('',(0.00421846173844531,0.013576340988325,0.000466666666666667));
#10461=CARTESIAN_POINT('',(0.00421846173844531,0.013576340988325,0.000466666666666667));
#10462=CARTESIAN_POINT('',(0.00349755358241968,0.013804745382771,0.000466666666666667));
#10463=CARTESIAN_POINT('',(0.00297581057397146,0.0133485764876504,0.000466666666666667));
#10464=CARTESIAN_POINT('',(0.00498907251071768,0.0130356456217162,0.000466666666666667));
#10465=CARTESIAN_POINT('',(0.00498907251071768,0.0130356456217162,0.0014));
#10466=CARTESIAN_POINT('',(0.00483465470515025,0.0132822654523179,0.000466666666666667));
#10467=CARTESIAN_POINT('',(0.00483465470515025,0.0132822654523179,0.0014));
#10468=CARTESIAN_POINT('',(0.00457778444772613,0.0134624972411875,0.000466666666666667));
#10469=CARTESIAN_POINT('',(0.00457778444772613,0.0134624972411875,0.0014));
#10470=CARTESIAN_POINT('',(0.00421846173844531,0.013576340988325,0.000466666666666667));
#10471=CARTESIAN_POINT('',(0.00421846173844531,0.013576340988325,0.0014));
#10472=CARTESIAN_POINT('',(0.00498907251071768,0.0130356456217162,0.000466666666666667));
#10473=CARTESIAN_POINT('',(0.00475744580236654,0.0134055753676187,0.000466666666666667));
#10474=CARTESIAN_POINT('',(0.00421846173844531,0.013576340988325,0.000466666666666667));
#10475=CARTESIAN_POINT('',(0.00245426032697415,0.0112049602564796,0.000466666666666667));
#10476=CARTESIAN_POINT('',(0.00245426032697415,0.0112049602564796,0.0014));
#10477=CARTESIAN_POINT('',(0.00212922440778713,0.0110435165566025,0.000466666666666667));
#10478=CARTESIAN_POINT('',(0.00212922440778713,0.0110435165566025,0.0014));
#10479=CARTESIAN_POINT('',(0.00190146853264251,0.0107568855974413,0.000466666666666667));
#10480=CARTESIAN_POINT('',(0.00190146853264251,0.0107568855974413,0.0014));
#10481=CARTESIAN_POINT('',(0.00177099270154028,0.010345067378996,0.000466666666666667));
#10482=CARTESIAN_POINT('',(0.00177099270154028,0.010345067378996,0.0014));
#10483=CARTESIAN_POINT('',(0.00245426032697415,0.0112049602564796,0.0014));
#10484=CARTESIAN_POINT('',(0.00196670644819362,0.0109627947066639,0.0014));
#10485=CARTESIAN_POINT('',(0.00177099270154028,0.010345067378996,0.0014));
#10486=CARTESIAN_POINT('',(0.00245426032697415,0.0112049602564796,0.000466666666666667));
#10487=CARTESIAN_POINT('',(0.00196670644819362,0.0109627947066639,0.000466666666666667));
#10488=CARTESIAN_POINT('',(0.00177099270154028,0.010345067378996,0.000466666666666667));
#10489=CARTESIAN_POINT('',(-3.46944695195361E-18,0.,0.000466666666666667));
#10490=CARTESIAN_POINT('',(0.0105954965389857,-0.00749696647585024,0.000466666666666667));
#10491=CARTESIAN_POINT('',(0.0105954965389857,-0.00749696647585024,0.0014));
#10492=CARTESIAN_POINT('',(0.00918402345508339,-0.00647300946128873,0.0014));
#10493=CARTESIAN_POINT('',(0.00888362296115822,-0.00716694550583174,0.0014));
#10494=CARTESIAN_POINT('',(0.00918402345508339,-0.00647300946128873,0.000466666666666667));
#10495=CARTESIAN_POINT('',(0.00918402345508339,-0.00647300946128873,0.000466666666666667));
#10496=CARTESIAN_POINT('',(0.0105954965389857,-0.00749696647585024,0.000466666666666667));
#10497=CARTESIAN_POINT('',(0.00888362296724657,-0.00716694547454573,0.000466666666666667));
#10498=CARTESIAN_POINT('',(0.00888369526345966,-0.00716695941206368,0.000466666666666667));
#10499=CARTESIAN_POINT('',(0.0101339409453549,-0.00584277772784657,0.000466666666666667));
#10500=CARTESIAN_POINT('',(0.0101339409453549,-0.00584277772784657,0.0014));
#10501=CARTESIAN_POINT('',(0.00977245068224559,-0.00588301830406141,0.000466666666666667));
#10502=CARTESIAN_POINT('',(0.00977245068224559,-0.00588301830406141,0.0014));
#10503=CARTESIAN_POINT('',(0.00945581151882174,-0.00609309554854213,0.000466666666666667));
#10504=CARTESIAN_POINT('',(0.00945581151882174,-0.00609309554854213,0.0014));
#10505=CARTESIAN_POINT('',(0.00918402345508339,-0.00647300946128873,0.000466666666666667));
#10506=CARTESIAN_POINT('',(0.00918402345508339,-0.00647300946128873,0.0014));
#10507=CARTESIAN_POINT('',(0.0101339409453549,-0.00584277772784657,0.0014));
#10508=CARTESIAN_POINT('',(0.00959170555069092,-0.00590313859216883,0.0014));
#10509=CARTESIAN_POINT('',(0.00918402345508339,-0.00647300946128873,0.0014));
#10510=CARTESIAN_POINT('',(0.0101339409453549,-0.00584277772784657,0.0014));
#10511=CARTESIAN_POINT('',(0.0101339409453549,-0.00584277772784657,0.000466666666666667));
#10512=CARTESIAN_POINT('',(0.0101339409453549,-0.00584277772784657,0.000466666666666667));
#10513=CARTESIAN_POINT('',(0.0101339409453549,-0.00584277772784657,0.000466666666666667));
#10514=CARTESIAN_POINT('',(0.00959170555069092,-0.00590313859216883,0.000466666666666667));
#10515=CARTESIAN_POINT('',(0.00918402345508339,-0.00647300946128873,0.000466666666666667));
#10516=CARTESIAN_POINT('',(0.0112541551280085,-0.00619589931415065,0.000466666666666667));
#10517=CARTESIAN_POINT('',(0.0112541551280085,-0.00619589931415065,0.0014));
#10518=CARTESIAN_POINT('',(0.0108688359360155,-0.00592024434706643,0.000466666666666667));
#10519=CARTESIAN_POINT('',(0.0108688359360155,-0.00592024434706643,0.0014));
#10520=CARTESIAN_POINT('',(0.0104954312084643,-0.00580253715163174,0.000466666666666667));
#10521=CARTESIAN_POINT('',(0.0104954312084643,-0.00580253715163174,0.0014));
#10522=CARTESIAN_POINT('',(0.0101339409453549,-0.00584277772784657,0.000466666666666667));
#10523=CARTESIAN_POINT('',(0.0101339409453549,-0.00584277772784657,0.0014));
#10524=CARTESIAN_POINT('',(0.0112541551280085,-0.00619589931415065,0.0014));
#10525=CARTESIAN_POINT('',(0.010676176340019,-0.00578241686352432,0.0014));
#10526=CARTESIAN_POINT('',(0.0101339409453549,-0.00584277772784657,0.0014));
#10527=CARTESIAN_POINT('',(0.0112541551280085,-0.00619589931415065,0.0014));
#10528=CARTESIAN_POINT('',(0.0112541551280085,-0.00619589931415065,0.000466666666666667));
#10529=CARTESIAN_POINT('',(0.0112541551280085,-0.00619589931415065,0.000466666666666667));
#10530=CARTESIAN_POINT('',(0.0112541551280085,-0.00619589931415065,0.000466666666666667));
#10531=CARTESIAN_POINT('',(0.010676176340019,-0.00578241686352432,0.000466666666666667));
#10532=CARTESIAN_POINT('',(0.0101339409453549,-0.00584277772784657,0.000466666666666667));
#10533=CARTESIAN_POINT('',(0.0119051780897856,-0.00712654494758194,0.000466666666666667));
#10534=CARTESIAN_POINT('',(0.0119051780897856,-0.00712654494758194,0.0014));
#10535=CARTESIAN_POINT('',(0.0118371774051901,-0.00676795912328624,0.000466666666666667));
#10536=CARTESIAN_POINT('',(0.0118371774051901,-0.00676795912328624,0.0014));
#10537=CARTESIAN_POINT('',(0.0116201697512643,-0.00645774391214248,0.000466666666666667));
#10538=CARTESIAN_POINT('',(0.0116201697512643,-0.00645774391214248,0.0014));
#10539=CARTESIAN_POINT('',(0.0112541551280085,-0.00619589931415065,0.000466666666666667));
#10540=CARTESIAN_POINT('',(0.0112541551280085,-0.00619589931415065,0.0014));
#10541=CARTESIAN_POINT('',(0.0119051780897856,-0.00712654494758194,0.0014));
#10542=CARTESIAN_POINT('',(0.0118031770628923,-0.00658866621113839,0.0014));
#10543=CARTESIAN_POINT('',(0.0112541551280085,-0.00619589931415065,0.0014));
#10544=CARTESIAN_POINT('',(0.0119051780897856,-0.00712654494758194,0.0014));
#10545=CARTESIAN_POINT('',(0.0119051780897856,-0.00712654494758194,0.000466666666666667));
#10546=CARTESIAN_POINT('',(0.0119051780897856,-0.00712654494758194,0.000466666666666667));
#10547=CARTESIAN_POINT('',(0.0119051780897856,-0.00712654494758194,0.000466666666666667));
#10548=CARTESIAN_POINT('',(0.0118031770628923,-0.00658866621113839,0.000466666666666667));
#10549=CARTESIAN_POINT('',(0.0112541551280085,-0.00619589931415065,0.000466666666666667));
#10550=CARTESIAN_POINT('',(0.0116359563954754,-0.00818333049167939,0.000466666666666667));
#10551=CARTESIAN_POINT('',(0.0116359563954754,-0.00818333049167939,0.0014));
#10552=CARTESIAN_POINT('',(0.0118834382096111,-0.00783739261991012,0.000466666666666667));
#10553=CARTESIAN_POINT('',(0.0118834382096111,-0.00783739261991012,0.0014));
#10554=CARTESIAN_POINT('',(0.0119731787743812,-0.00748513077187764,0.000466666666666667));
#10555=CARTESIAN_POINT('',(0.0119731787743812,-0.00748513077187764,0.0014));
#10556=CARTESIAN_POINT('',(0.0119051780897856,-0.00712654494758194,0.000466666666666667));
#10557=CARTESIAN_POINT('',(0.0119051780897856,-0.00712654494758194,0.0014));
#10558=CARTESIAN_POINT('',(0.0116359563954754,-0.00818333049167939,0.0014));
#10559=CARTESIAN_POINT('',(0.012007179116679,-0.00766442368402549,0.0014));
#10560=CARTESIAN_POINT('',(0.0119051780897856,-0.00712654494758194,0.0014));
#10561=CARTESIAN_POINT('',(0.0116359563954754,-0.00818333049167939,0.0014));
#10562=CARTESIAN_POINT('',(0.0116359563954754,-0.00818333049167939,0.000466666666666667));
#10563=CARTESIAN_POINT('',(0.0116359563954754,-0.00818333049167939,0.000466666666666667));
#10564=CARTESIAN_POINT('',(0.0116359563954754,-0.00818333049167939,0.000466666666666667));
#10565=CARTESIAN_POINT('',(0.012007179116679,-0.00766442368402549,0.000466666666666667));
#10566=CARTESIAN_POINT('',(0.0119051780897856,-0.00712654494758194,0.000466666666666667));
#10567=CARTESIAN_POINT('',(0.0106155573013292,-0.00886557744062353,0.000466666666666667));
#10568=CARTESIAN_POINT('',(0.0106155573013292,-0.00886557744062353,0.0014));
#10569=CARTESIAN_POINT('',(0.011005805613153,-0.00881614208480704,0.000466666666666667));
#10570=CARTESIAN_POINT('',(0.011005805613153,-0.00881614208480704,0.0014));
#10571=CARTESIAN_POINT('',(0.0113459386445351,-0.008588726435159,0.000466666666666667));
#10572=CARTESIAN_POINT('',(0.0113459386445351,-0.008588726435159,0.0014));
#10573=CARTESIAN_POINT('',(0.0116359563954754,-0.00818333049167939,0.000466666666666667));
#10574=CARTESIAN_POINT('',(0.0116359563954754,-0.00818333049167939,0.0014));
#10575=CARTESIAN_POINT('',(0.0106155573013292,-0.00886557744062353,0.0014));
#10576=CARTESIAN_POINT('',(0.0112009297690649,-0.0087914244068988,0.0014));
#10577=CARTESIAN_POINT('',(0.0116359563954754,-0.00818333049167939,0.0014));
#10578=CARTESIAN_POINT('',(0.0106155573013292,-0.00886557744062353,0.0014));
#10579=CARTESIAN_POINT('',(0.0106155573013292,-0.00886557744062353,0.000466666666666667));
#10580=CARTESIAN_POINT('',(0.0106155573013292,-0.00886557744062353,0.000466666666666667));
#10581=CARTESIAN_POINT('',(0.0106155573013292,-0.00886557744062353,0.000466666666666667));
#10582=CARTESIAN_POINT('',(0.0112009297690649,-0.0087914244068988,0.000466666666666667));
#10583=CARTESIAN_POINT('',(0.0116359563954754,-0.00818333049167939,0.000466666666666667));
#10584=CARTESIAN_POINT('',(0.00946726360921897,-0.00853702011161399,0.000466666666666667));
#10585=CARTESIAN_POINT('',(0.00946726360921897,-0.00853702011161399,0.0014));
#10586=CARTESIAN_POINT('',(0.00984254442546866,-0.00880549368677016,0.000466666666666667));
#10587=CARTESIAN_POINT('',(0.00984254442546866,-0.00880549368677016,0.0014));
#10588=CARTESIAN_POINT('',(0.0102253089895054,-0.00891501279644001,0.000466666666666667));
#10589=CARTESIAN_POINT('',(0.0102253089895054,-0.00891501279644001,0.0014));
#10590=CARTESIAN_POINT('',(0.0106155573013292,-0.00886557744062353,0.000466666666666667));
#10591=CARTESIAN_POINT('',(0.0106155573013292,-0.00886557744062353,0.0014));
#10592=CARTESIAN_POINT('',(0.00946726360921897,-0.00853702011161399,0.0014));
#10593=CARTESIAN_POINT('',(0.0100301848335935,-0.00893973047434825,0.0014));
#10594=CARTESIAN_POINT('',(0.0106155573013292,-0.00886557744062353,0.0014));
#10595=CARTESIAN_POINT('',(0.00946726360921897,-0.00853702011161399,0.0014));
#10596=CARTESIAN_POINT('',(0.00946726360921897,-0.00853702011161399,0.000466666666666667));
#10597=CARTESIAN_POINT('',(0.00946726360921897,-0.00853702011161399,0.000466666666666667));
#10598=CARTESIAN_POINT('',(0.00946726360921897,-0.00853702011161399,0.000466666666666667));
#10599=CARTESIAN_POINT('',(0.0100301848335935,-0.00893973047434825,0.000466666666666667));
#10600=CARTESIAN_POINT('',(0.0106155573013292,-0.00886557744062353,0.000466666666666667));
#10601=CARTESIAN_POINT('',(0.00895086651436341,-0.00790405749835929,0.000466666666666667));
#10602=CARTESIAN_POINT('',(0.00895086651436341,-0.00790405749835929,0.0014));
#10603=CARTESIAN_POINT('',(0.00904339966793502,-0.00814594536089758,0.000466666666666667));
#10604=CARTESIAN_POINT('',(0.00904339966793502,-0.00814594536089758,0.0014));
#10605=CARTESIAN_POINT('',(0.00921553203288687,-0.00835693289864914,0.000466666666666667));
#10606=CARTESIAN_POINT('',(0.00921553203288687,-0.00835693289864914,0.0014));
#10607=CARTESIAN_POINT('',(0.00946726360921897,-0.00853702011161399,0.000466666666666667));
#10608=CARTESIAN_POINT('',(0.00946726360921897,-0.00853702011161399,0.0014));
#10609=CARTESIAN_POINT('',(0.00895086651436341,-0.00790405749835929,0.0014));
#10610=CARTESIAN_POINT('',(0.00908966624472082,-0.00826688929216672,0.0014));
#10611=CARTESIAN_POINT('',(0.00946726360921897,-0.00853702011161399,0.0014));
#10612=CARTESIAN_POINT('',(0.00895086651436341,-0.00790405749835929,0.0014));
#10613=CARTESIAN_POINT('',(0.00895086651436341,-0.00790405749835929,0.000466666666666667));
#10614=CARTESIAN_POINT('',(0.00895086651436341,-0.00790405749835929,0.000466666666666667));
#10615=CARTESIAN_POINT('',(0.00895086651436341,-0.00790405749835929,0.000466666666666667));
#10616=CARTESIAN_POINT('',(0.00908966624472082,-0.00826688929216672,0.000466666666666667));
#10617=CARTESIAN_POINT('',(0.00946726360921897,-0.00853702011161399,0.000466666666666667));
#10618=CARTESIAN_POINT('',(0.0088010894813177,-0.00467563406850766,0.000466666666666667));
#10619=CARTESIAN_POINT('',(0.0088010894813177,-0.00467563406850766,0.0014));
#10620=CARTESIAN_POINT('',(0.00817417706475278,-0.0043917449391973,0.000466666666666667));
#10621=CARTESIAN_POINT('',(0.00817417706475278,-0.0043917449391973,0.0014));
#10622=CARTESIAN_POINT('',(0.00765743222343025,-0.00453396362635258,0.000466666666666667));
#10623=CARTESIAN_POINT('',(0.00765743222343025,-0.00453396362635258,0.0014));
#10624=CARTESIAN_POINT('',(0.00725085495735011,-0.00510229012997352,0.000466666666666667));
#10625=CARTESIAN_POINT('',(0.00725085495735011,-0.00510229012997352,0.0014));
#10626=CARTESIAN_POINT('',(0.0088010894813177,-0.00467563406850766,0.000466666666666667));
#10627=CARTESIAN_POINT('',(0.0088010894813177,-0.00467563406850766,0.000466666666666667));
#10628=CARTESIAN_POINT('',(0.0088010894813177,-0.00467563406850766,0.000466666666666667));
#10629=CARTESIAN_POINT('',(0.00786072085647032,-0.00424980037454211,0.000466666666666667));
#10630=CARTESIAN_POINT('',(0.00725085495735011,-0.00510229012997352,0.000466666666666667));
#10631=CARTESIAN_POINT('',(0.00725085495735011,-0.00510229012997352,0.000466666666666667));
#10632=CARTESIAN_POINT('',(0.00725085495735011,-0.00510229012997352,0.000466666666666667));
#10633=CARTESIAN_POINT('',(0.00902398883846897,-0.00436405832909047,0.000466666666666667));
#10634=CARTESIAN_POINT('',(0.00924688819562024,-0.00405248258967329,0.000466666666666667));
#10635=CARTESIAN_POINT('',(0.00924688819562024,-0.00405248258967329,0.000466666666666667));
#10636=CARTESIAN_POINT('',(0.00902398883846897,-0.00436405832909047,0.000466666666666667));
#10637=CARTESIAN_POINT('',(0.00790299614054086,-0.00383089560628285,0.000466666666666667));
#10638=CARTESIAN_POINT('',(0.00790299614054086,-0.00383089560628285,0.0014));
#10639=CARTESIAN_POINT('',(0.00836280678540122,-0.00374133669548537,0.000466666666666667));
#10640=CARTESIAN_POINT('',(0.00836280678540122,-0.00374133669548537,0.0014));
#10641=CARTESIAN_POINT('',(0.00881077080376101,-0.00381519902328219,0.000466666666666667));
#10642=CARTESIAN_POINT('',(0.00881077080376101,-0.00381519902328219,0.0014));
#10643=CARTESIAN_POINT('',(0.00924688819562024,-0.00405248258967329,0.000466666666666667));
#10644=CARTESIAN_POINT('',(0.00924688819562024,-0.00405248258967329,0.0014));
#10645=CARTESIAN_POINT('',(0.00790299614054086,-0.00383089560628285,0.000466666666666667));
#10646=CARTESIAN_POINT('',(0.00790299614054086,-0.00383089560628285,0.000466666666666667));
#10647=CARTESIAN_POINT('',(0.00790299614054086,-0.00383089560628285,0.000466666666666667));
#10648=CARTESIAN_POINT('',(0.0085927121078314,-0.00369655724008664,0.000466666666666667));
#10649=CARTESIAN_POINT('',(0.00924688819562024,-0.00405248258967329,0.000466666666666667));
#10650=CARTESIAN_POINT('',(0.00669373408799438,-0.00469147184836966,0.000466666666666667));
#10651=CARTESIAN_POINT('',(0.00669373408799438,-0.00469147184836966,0.0014));
#10652=CARTESIAN_POINT('',(0.00704009814483167,-0.00420731326444259,0.000466666666666667));
#10653=CARTESIAN_POINT('',(0.00704009814483167,-0.00420731326444259,0.0014));
#10654=CARTESIAN_POINT('',(0.00744318549568049,-0.00392045451708032,0.000466666666666667));
#10655=CARTESIAN_POINT('',(0.00744318549568049,-0.00392045451708032,0.0014));
#10656=CARTESIAN_POINT('',(0.00790299614054086,-0.00383089560628285,0.000466666666666667));
#10657=CARTESIAN_POINT('',(0.00790299614054086,-0.00383089560628285,0.0014));
#10658=CARTESIAN_POINT('',(0.00669373408799438,-0.00469147184836966,0.000466666666666667));
#10659=CARTESIAN_POINT('',(0.00669373408799438,-0.00469147184836966,0.000466666666666667));
#10660=CARTESIAN_POINT('',(0.00669373408799438,-0.00469147184836966,0.000466666666666667));
#10661=CARTESIAN_POINT('',(0.00721328017325031,-0.00396523397247905,0.000466666666666667));
#10662=CARTESIAN_POINT('',(0.00790299614054086,-0.00383089560628285,0.000466666666666667));
#10663=CARTESIAN_POINT('',(0.00805640830925844,-0.00853631655786073,0.000466666666666667));
#10664=CARTESIAN_POINT('',(0.00805640830925844,-0.00853631655786073,0.0014));
#10665=CARTESIAN_POINT('',(0.00624255103071826,-0.00723869427793921,0.000466666666666667));
#10666=CARTESIAN_POINT('',(0.00624255103071826,-0.00723869427793921,0.0014));
#10667=CARTESIAN_POINT('',(0.00578832629029691,-0.00595707937477552,0.000466666666666667));
#10668=CARTESIAN_POINT('',(0.00578832629029691,-0.00595707937477552,0.0014));
#10669=CARTESIAN_POINT('',(0.00669373408799438,-0.00469147184836966,0.000466666666666667));
#10670=CARTESIAN_POINT('',(0.00669373408799438,-0.00469147184836966,0.0014));
#10671=CARTESIAN_POINT('',(0.00805640830925844,-0.00853631655786073,0.000466666666666667));
#10672=CARTESIAN_POINT('',(0.00805640830925844,-0.00853631655786073,0.000466666666666667));
#10673=CARTESIAN_POINT('',(0.00805640830925844,-0.00853631655786073,0.000466666666666667));
#10674=CARTESIAN_POINT('',(0.00533562239144817,-0.00658988313797845,0.000466666666666667));
#10675=CARTESIAN_POINT('',(0.00669373408799438,-0.00469147184836966,0.000466666666666667));
#10676=CARTESIAN_POINT('',(0.00966064181767516,-0.00942569315976041,0.000466666666666667));
#10677=CARTESIAN_POINT('',(0.00966064181767516,-0.00942569315976041,0.0014));
#10678=CARTESIAN_POINT('',(0.00917878388442207,-0.00925316306033316,0.000466666666666667));
#10679=CARTESIAN_POINT('',(0.00917878388442207,-0.00925316306033316,0.0014));
#10680=CARTESIAN_POINT('',(0.0086440393816165,-0.00895670419303326,0.000466666666666667));
#10681=CARTESIAN_POINT('',(0.0086440393816165,-0.00895670419303326,0.0014));
#10682=CARTESIAN_POINT('',(0.00805640830925844,-0.00853631655786073,0.000466666666666667));
#10683=CARTESIAN_POINT('',(0.00805640830925844,-0.00853631655786073,0.0014));
#10684=CARTESIAN_POINT('',(0.00966064181767516,-0.00942569315976041,0.000466666666666667));
#10685=CARTESIAN_POINT('',(0.00966064181767516,-0.00942569315976041,0.000466666666666667));
#10686=CARTESIAN_POINT('',(0.00966064181767516,-0.00942569315976041,0.000466666666666667));
#10687=CARTESIAN_POINT('',(0.00893785491779553,-0.00916689801061953,0.000466666666666667));
#10688=CARTESIAN_POINT('',(0.00805640830925844,-0.00853631655786073,0.000466666666666667));
#10689=CARTESIAN_POINT('',(0.0110319592631365,-0.00949879783067556,0.000466666666666667));
#10690=CARTESIAN_POINT('',(0.0110319592631365,-0.00949879783067556,0.0014));
#10691=CARTESIAN_POINT('',(0.010599605566082,-0.00962259148282605,0.000466666666666667));
#10692=CARTESIAN_POINT('',(0.010599605566082,-0.00962259148282605,0.0014));
#10693=CARTESIAN_POINT('',(0.0101424997509283,-0.00959822325918767,0.000466666666666667));
#10694=CARTESIAN_POINT('',(0.0101424997509283,-0.00959822325918767,0.0014));
#10695=CARTESIAN_POINT('',(0.00966064181767516,-0.00942569315976041,0.000466666666666667));
#10696=CARTESIAN_POINT('',(0.00966064181767516,-0.00942569315976041,0.0014));
#10697=CARTESIAN_POINT('',(0.0110319592631365,-0.00949879783067556,0.000466666666666667));
#10698=CARTESIAN_POINT('',(0.0110319592631365,-0.00949879783067556,0.000466666666666667));
#10699=CARTESIAN_POINT('',(0.0110319592631365,-0.00949879783067556,0.000466666666666667));
#10700=CARTESIAN_POINT('',(0.0103834287175548,-0.0096844883089013,0.000466666666666667));
#10701=CARTESIAN_POINT('',(0.00966064181767516,-0.00942569315976041,0.000466666666666667));
#10702=CARTESIAN_POINT('',(0.0122265518026316,-0.00854980470458392,0.000466666666666667));
#10703=CARTESIAN_POINT('',(0.0122265518026316,-0.00854980470458392,0.0014));
#10704=CARTESIAN_POINT('',(0.011862510473356,-0.00905867313649451,0.000466666666666667));
#10705=CARTESIAN_POINT('',(0.011862510473356,-0.00905867313649451,0.0014));
#10706=CARTESIAN_POINT('',(0.011464312960191,-0.00937500417852506,0.000466666666666667));
#10707=CARTESIAN_POINT('',(0.011464312960191,-0.00937500417852506,0.0014));
#10708=CARTESIAN_POINT('',(0.0110319592631365,-0.00949879783067556,0.000466666666666667));
#10709=CARTESIAN_POINT('',(0.0110319592631365,-0.00949879783067556,0.0014));
#10710=CARTESIAN_POINT('',(0.0122265518026316,-0.00854980470458392,0.000466666666666667));
#10711=CARTESIAN_POINT('',(0.0122265518026316,-0.00854980470458392,0.000466666666666667));
#10712=CARTESIAN_POINT('',(0.0122265518026316,-0.00854980470458392,0.000466666666666667));
#10713=CARTESIAN_POINT('',(0.0116804898087182,-0.00931310735244981,0.000466666666666667));
#10714=CARTESIAN_POINT('',(0.0110319592631365,-0.00949879783067556,0.000466666666666667));
#10715=CARTESIAN_POINT('',(0.0126760333658207,-0.0074197279157629,0.000466666666666667));
#10716=CARTESIAN_POINT('',(0.0126760333658207,-0.0074197279157629,0.0014));
#10717=CARTESIAN_POINT('',(0.0126454049802812,-0.0077970594426444,0.000466666666666667));
#10718=CARTESIAN_POINT('',(0.0126454049802812,-0.0077970594426444,0.0014));
#10719=CARTESIAN_POINT('',(0.0124955777925514,-0.00817375170558474,0.000466666666666667));
#10720=CARTESIAN_POINT('',(0.0124955777925514,-0.00817375170558474,0.0014));
#10721=CARTESIAN_POINT('',(0.0122265518026316,-0.00854980470458392,0.000466666666666667));
#10722=CARTESIAN_POINT('',(0.0122265518026316,-0.00854980470458392,0.0014));
#10723=CARTESIAN_POINT('',(0.0126760333658207,-0.0074197279157629,0.000466666666666667));
#10724=CARTESIAN_POINT('',(0.0126760333658207,-0.0074197279157629,0.000466666666666667));
#10725=CARTESIAN_POINT('',(0.0126760333658207,-0.0074197279157629,0.000466666666666667));
#10726=CARTESIAN_POINT('',(0.0126300907875114,-0.00798572520608515,0.000466666666666667));
#10727=CARTESIAN_POINT('',(0.0122265518026316,-0.00854980470458392,0.000466666666666667));
#10728=CARTESIAN_POINT('',(0.0108303670734646,-0.00724703248656722,0.000466666666666669));
#10729=CARTESIAN_POINT('',(0.0124626579989519,-0.00637053507303661,0.000466666666666667));
#10730=CARTESIAN_POINT('',(0.0124626579989519,-0.00637053507303661,0.000466666666666667));
#10731=CARTESIAN_POINT('',(0.0108303670734646,-0.00724703248656722,0.000466666666666667));
#10732=CARTESIAN_POINT('',(0.0116994908097348,-0.00552688888732104,0.000466666666666667));
#10733=CARTESIAN_POINT('',(0.0116994908097348,-0.00552688888732104,0.0014));
#10734=CARTESIAN_POINT('',(0.0120353903057608,-0.00576718930952873,0.000466666666666667));
#10735=CARTESIAN_POINT('',(0.0120353903057608,-0.00576718930952873,0.0014));
#10736=CARTESIAN_POINT('',(0.0122897793688331,-0.00604840470476725,0.000466666666666667));
#10737=CARTESIAN_POINT('',(0.0122897793688331,-0.00604840470476725,0.0014));
#10738=CARTESIAN_POINT('',(0.0124626579989519,-0.00637053507303661,0.000466666666666667));
#10739=CARTESIAN_POINT('',(0.0124626579989519,-0.00637053507303661,0.0014));
#10740=CARTESIAN_POINT('',(0.0116994908097348,-0.00552688888732104,0.000466666666666667));
#10741=CARTESIAN_POINT('',(0.0116994908097348,-0.00552688888732104,0.000466666666666667));
#10742=CARTESIAN_POINT('',(0.0116994908097348,-0.00552688888732104,0.000466666666666667));
#10743=CARTESIAN_POINT('',(0.0122033400537738,-0.00588733952063257,0.000466666666666667));
#10744=CARTESIAN_POINT('',(0.0124626579989519,-0.00637053507303661,0.000466666666666667));
#10745=CARTESIAN_POINT('',(0.0100606891016409,-0.00504442000136558,0.000466666666666667));
#10746=CARTESIAN_POINT('',(0.0100606891016409,-0.00504442000136558,0.0014));
#10747=CARTESIAN_POINT('',(0.0105949354458259,-0.00496667005118379,0.000466666666666667));
#10748=CARTESIAN_POINT('',(0.0105949354458259,-0.00496667005118379,0.0014));
#10749=CARTESIAN_POINT('',(0.0111412026818572,-0.00512749301316895,0.000466666666666667));
#10750=CARTESIAN_POINT('',(0.0111412026818572,-0.00512749301316895,0.0014));
#10751=CARTESIAN_POINT('',(0.0116994908097348,-0.00552688888732104,0.000466666666666667));
#10752=CARTESIAN_POINT('',(0.0116994908097348,-0.00552688888732104,0.0014));
#10753=CARTESIAN_POINT('',(0.0100606891016409,-0.00504442000136558,0.000466666666666667));
#10754=CARTESIAN_POINT('',(0.0100606891016409,-0.00504442000136558,0.000466666666666667));
#10755=CARTESIAN_POINT('',(0.0100606891016409,-0.00504442000136558,0.000466666666666667));
#10756=CARTESIAN_POINT('',(0.0108620586179184,-0.0049277950760929,0.000466666666666667));
#10757=CARTESIAN_POINT('',(0.0116994908097348,-0.00552688888732104,0.000466666666666667));
#10758=CARTESIAN_POINT('',(0.00871325759145005,-0.00592434757450414,0.000466666666666667));
#10759=CARTESIAN_POINT('',(0.00871325759145005,-0.00592434757450414,0.0014));
#10760=CARTESIAN_POINT('',(0.00907729892072561,-0.00541547914259355,0.000466666666666667));
#10761=CARTESIAN_POINT('',(0.00907729892072561,-0.00541547914259355,0.0014));
#10762=CARTESIAN_POINT('',(0.00952644275745589,-0.00512216995154736,0.000466666666666667));
#10763=CARTESIAN_POINT('',(0.00952644275745589,-0.00512216995154736,0.0014));
#10764=CARTESIAN_POINT('',(0.0100606891016409,-0.00504442000136558,0.000466666666666667));
#10765=CARTESIAN_POINT('',(0.0100606891016409,-0.00504442000136558,0.0014));
#10766=CARTESIAN_POINT('',(0.00871325759145005,-0.00592434757450414,0.000466666666666667));
#10767=CARTESIAN_POINT('',(0.00871325759145005,-0.00592434757450414,0.000466666666666667));
#10768=CARTESIAN_POINT('',(0.00871325759145005,-0.00592434757450414,0.000466666666666667));
#10769=CARTESIAN_POINT('',(0.00925931958536339,-0.00516104492663825,0.000466666666666667));
#10770=CARTESIAN_POINT('',(0.0100606891016409,-0.00504442000136558,0.000466666666666667));
#10771=CARTESIAN_POINT('',(0.00829868977066084,-0.0069664577279838,0.000466666666666667));
#10772=CARTESIAN_POINT('',(0.00829868977066084,-0.0069664577279838,0.0014));
#10773=CARTESIAN_POINT('',(0.00834194928757401,-0.00659757874594668,0.000466666666666667));
#10774=CARTESIAN_POINT('',(0.00834194928757401,-0.00659757874594668,0.0014));
#10775=CARTESIAN_POINT('',(0.00848013856117041,-0.00625020869478679,0.000466666666666667));
#10776=CARTESIAN_POINT('',(0.00848013856117041,-0.00625020869478679,0.0014));
#10777=CARTESIAN_POINT('',(0.00871325759145005,-0.00592434757450414,0.000466666666666667));
#10778=CARTESIAN_POINT('',(0.00871325759145005,-0.00592434757450414,0.0014));
#10779=CARTESIAN_POINT('',(0.00829868977066084,-0.0069664577279838,0.000466666666666667));
#10780=CARTESIAN_POINT('',(0.00829868977066084,-0.0069664577279838,0.000466666666666667));
#10781=CARTESIAN_POINT('',(0.00829868977066084,-0.0069664577279838,0.000466666666666667));
#10782=CARTESIAN_POINT('',(0.00836357904603059,-0.00641313925492812,0.000466666666666667));
#10783=CARTESIAN_POINT('',(0.00871325759145005,-0.00592434757450414,0.000466666666666667));
#10784=CARTESIAN_POINT('',(0.0084976983232639,-0.00796597367176697,0.000466666666666667));
#10785=CARTESIAN_POINT('',(0.0084976983232639,-0.00796597367176697,0.0014));
#10786=CARTESIAN_POINT('',(0.00832176643794869,-0.00766850869128197,0.000466666666666667));
#10787=CARTESIAN_POINT('',(0.00832176643794869,-0.00766850869128197,0.0014));
#10788=CARTESIAN_POINT('',(0.00825543025374767,-0.00733533671002091,0.000466666666666667));
#10789=CARTESIAN_POINT('',(0.00825543025374767,-0.00733533671002091,0.0014));
#10790=CARTESIAN_POINT('',(0.00829868977066084,-0.0069664577279838,0.000466666666666667));
#10791=CARTESIAN_POINT('',(0.00829868977066084,-0.0069664577279838,0.0014));
#10792=CARTESIAN_POINT('',(0.0084976983232639,-0.00796597367176697,0.000466666666666667));
#10793=CARTESIAN_POINT('',(0.0084976983232639,-0.00796597367176697,0.000466666666666667));
#10794=CARTESIAN_POINT('',(0.0084976983232639,-0.00796597367176697,0.000466666666666667));
#10795=CARTESIAN_POINT('',(0.00823380049529109,-0.00751977620103947,0.000466666666666667));
#10796=CARTESIAN_POINT('',(0.00829868977066084,-0.0069664577279838,0.000466666666666667));
#10797=CARTESIAN_POINT('',(0.00705360071496611,-0.00645133222051201,0.000466666666666667));
#10798=CARTESIAN_POINT('',(0.00705360071496611,-0.00645133222051201,0.0014));
#10799=CARTESIAN_POINT('',(0.00723642188725304,-0.0069113216297474,0.000466666666666667));
#10800=CARTESIAN_POINT('',(0.00723642188725304,-0.0069113216297474,0.0014));
#10801=CARTESIAN_POINT('',(0.00771778775668564,-0.00741620211349905,0.000466666666666667));
#10802=CARTESIAN_POINT('',(0.00771778775668564,-0.00741620211349905,0.0014));
#10803=CARTESIAN_POINT('',(0.0084976983232639,-0.00796597367176697,0.000466666666666667));
#10804=CARTESIAN_POINT('',(0.0084976983232639,-0.00796597367176697,0.0014));
#10805=CARTESIAN_POINT('',(0.00705360071496611,-0.00645133222051201,0.000466666666666667));
#10806=CARTESIAN_POINT('',(0.00705360071496611,-0.00645133222051201,0.000466666666666667));
#10807=CARTESIAN_POINT('',(0.00705360071496611,-0.00645133222051201,0.000466666666666667));
#10808=CARTESIAN_POINT('',(0.00732783247339651,-0.00714131633436509,0.000466666666666667));
#10809=CARTESIAN_POINT('',(0.0084976983232639,-0.00796597367176697,0.000466666666666667));
#10810=CARTESIAN_POINT('',(0.00725085495735011,-0.00510229012997352,0.000466666666666667));
#10811=CARTESIAN_POINT('',(0.00725085495735011,-0.00510229012997352,0.0014));
#10812=CARTESIAN_POINT('',(0.00693653095680718,-0.00554166211443047,0.000466666666666667));
#10813=CARTESIAN_POINT('',(0.00693653095680718,-0.00554166211443047,0.0014));
#10814=CARTESIAN_POINT('',(0.00687077954267918,-0.00599134281127663,0.000466666666666667));
#10815=CARTESIAN_POINT('',(0.00687077954267918,-0.00599134281127663,0.0014));
#10816=CARTESIAN_POINT('',(0.00705360071496611,-0.00645133222051201,0.000466666666666667));
#10817=CARTESIAN_POINT('',(0.00705360071496611,-0.00645133222051201,0.0014));
#10818=CARTESIAN_POINT('',(0.00725085495735011,-0.00510229012997352,0.000466666666666667));
#10819=CARTESIAN_POINT('',(0.00677936895653572,-0.00576134810665894,0.000466666666666667));
#10820=CARTESIAN_POINT('',(0.00705360071496611,-0.00645133222051201,0.000466666666666667));
#10821=CARTESIAN_POINT('',(0.010184758801596,-0.00741934771230862,0.000466666666666667));
#10822=CARTESIAN_POINT('',(0.010184758801596,-0.00741934771230862,0.0014));
#10823=CARTESIAN_POINT('',(0.010184758801596,-0.00741934771230862,0.000466666666666667));
#10824=CARTESIAN_POINT('',(-3.46944695195361E-18,0.,0.000466666666666667));
#10825=CARTESIAN_POINT('',(-0.00690996367603547,0.0098664804943171,0.000466666666666667));
#10826=CARTESIAN_POINT('',(-0.00690996367603547,0.0098664804943171,0.0014));
#10827=CARTESIAN_POINT('',(-0.0067598398150254,0.00941572489609377,0.000466666666666667));
#10828=CARTESIAN_POINT('',(-0.0067598398150254,0.00941572489609377,0.0014));
#10829=CARTESIAN_POINT('',(-0.00660267039116531,0.00904319449758705,0.000466666666666667));
#10830=CARTESIAN_POINT('',(-0.00660267039116531,0.00904319449758705,0.0014));
#10831=CARTESIAN_POINT('',(-0.00643845540445521,0.00874888929879694,0.000466666666666667));
#10832=CARTESIAN_POINT('',(-0.00643845540445521,0.00874888929879694,0.0014));
#10833=CARTESIAN_POINT('',(-0.00690996367603547,0.0098664804943171,0.0014));
#10834=CARTESIAN_POINT('',(-0.00668477788452036,0.0091903470969821,0.0014));
#10835=CARTESIAN_POINT('',(-0.00643845540445521,0.00874888929879694,0.0014));
#10836=CARTESIAN_POINT('',(-0.00690996367603547,0.0098664804943171,0.0014));
#10837=CARTESIAN_POINT('',(-0.00643845540445521,0.00874888929879694,0.0014));
#10838=CARTESIAN_POINT('',(-0.00690996367603547,0.0098664804943171,0.000466666666666667));
#10839=CARTESIAN_POINT('',(-0.00690996367603547,0.0098664804943171,0.000466666666666667));
#10840=CARTESIAN_POINT('',(-0.00690996367603547,0.0098664804943171,0.000466666666666667));
#10841=CARTESIAN_POINT('',(-0.00668477788452036,0.0091903470969821,0.000466666666666667));
#10842=CARTESIAN_POINT('',(-0.00643845540445521,0.00874888929879694,0.000466666666666667));
#10843=CARTESIAN_POINT('',(-0.00643845540445521,0.00874888929879694,0.000466666666666667));
#10844=CARTESIAN_POINT('',(-0.00643845540445521,0.00874888929879694,0.000466666666666667));
#10845=CARTESIAN_POINT('',(-0.00721202529976789,0.0110715777680592,0.000466666666666667));
#10846=CARTESIAN_POINT('',(-0.00721202529976789,0.0110715777680592,0.0014));
#10847=CARTESIAN_POINT('',(-0.0071661748838416,0.0107351494139397,0.000466666666666667));
#10848=CARTESIAN_POINT('',(-0.0071661748838416,0.0107351494139397,0.0014));
#10849=CARTESIAN_POINT('',(-0.0070654876759308,0.0103334503226923,0.000466666666666667));
#10850=CARTESIAN_POINT('',(-0.0070654876759308,0.0103334503226923,0.0014));
#10851=CARTESIAN_POINT('',(-0.00690996367603547,0.0098664804943171,0.000466666666666667));
#10852=CARTESIAN_POINT('',(-0.00690996367603547,0.0098664804943171,0.0014));
#10853=CARTESIAN_POINT('',(-0.00721202529976789,0.0110715777680592,0.0014));
#10854=CARTESIAN_POINT('',(-0.00714324967587846,0.01056693523688,0.0014));
#10855=CARTESIAN_POINT('',(-0.00690996367603547,0.0098664804943171,0.0014));
#10856=CARTESIAN_POINT('',(-0.00721202529976789,0.0110715777680592,0.0014));
#10857=CARTESIAN_POINT('',(-0.00721202529976789,0.0110715777680592,0.000466666666666667));
#10858=CARTESIAN_POINT('',(-0.00721202529976789,0.0110715777680592,0.000466666666666667));
#10859=CARTESIAN_POINT('',(-0.00721202529976789,0.0110715777680592,0.000466666666666667));
#10860=CARTESIAN_POINT('',(-0.00714324967587846,0.01056693523688,0.000466666666666667));
#10861=CARTESIAN_POINT('',(-0.00690996367603547,0.0098664804943171,0.000466666666666667));
#10862=CARTESIAN_POINT('',(-0.00710013309037562,0.0119565681099185,0.000466666666666667));
#10863=CARTESIAN_POINT('',(-0.00710013309037562,0.0119565681099185,0.0014));
#10864=CARTESIAN_POINT('',(-0.00722057831256343,0.0117030029027985,0.000466666666666667));
#10865=CARTESIAN_POINT('',(-0.00722057831256343,0.0117030029027985,0.0014));
#10866=CARTESIAN_POINT('',(-0.00725787571569418,0.0114080061221788,0.000466666666666667));
#10867=CARTESIAN_POINT('',(-0.00725787571569418,0.0114080061221788,0.0014));
#10868=CARTESIAN_POINT('',(-0.00721202529976789,0.0110715777680592,0.000466666666666667));
#10869=CARTESIAN_POINT('',(-0.00721202529976789,0.0110715777680592,0.0014));
#10870=CARTESIAN_POINT('',(-0.00710013309037562,0.0119565681099185,0.0014));
#10871=CARTESIAN_POINT('',(-0.00728080092365733,0.0115762202992385,0.0014));
#10872=CARTESIAN_POINT('',(-0.00721202529976789,0.0110715777680592,0.0014));
#10873=CARTESIAN_POINT('',(-0.00710013309037562,0.0119565681099185,0.0014));
#10874=CARTESIAN_POINT('',(-0.00710013309037562,0.0119565681099185,0.000466666666666667));
#10875=CARTESIAN_POINT('',(-0.00710013309037562,0.0119565681099185,0.000466666666666667));
#10876=CARTESIAN_POINT('',(-0.00710013309037562,0.0119565681099185,0.000466666666666667));
#10877=CARTESIAN_POINT('',(-0.00728080092365733,0.0115762202992385,0.000466666666666667));
#10878=CARTESIAN_POINT('',(-0.00721202529976789,0.0110715777680592,0.000466666666666667));
#10879=CARTESIAN_POINT('',(-0.00639898846921733,0.0125102603788152,0.000466666666666667));
#10880=CARTESIAN_POINT('',(-0.00639898846921733,0.0125102603788152,0.0014));
#10881=CARTESIAN_POINT('',(-0.00674597299446838,0.0123946974066707,0.000466666666666667));
#10882=CARTESIAN_POINT('',(-0.00674597299446838,0.0123946974066707,0.0014));
#10883=CARTESIAN_POINT('',(-0.00697968786818781,0.0122101333170385,0.000466666666666667));
#10884=CARTESIAN_POINT('',(-0.00697968786818781,0.0122101333170385,0.0014));
#10885=CARTESIAN_POINT('',(-0.00710013309037562,0.0119565681099185,0.000466666666666667));
#10886=CARTESIAN_POINT('',(-0.00710013309037562,0.0119565681099185,0.0014));
#10887=CARTESIAN_POINT('',(-0.00639898846921733,0.0125102603788152,0.0014));
#10888=CARTESIAN_POINT('',(-0.00691946525709391,0.0123369159205985,0.0014));
#10889=CARTESIAN_POINT('',(-0.00710013309037562,0.0119565681099185,0.0014));
#10890=CARTESIAN_POINT('',(-0.00639898846921733,0.0125102603788152,0.0014));
#10891=CARTESIAN_POINT('',(-0.00639898846921733,0.0125102603788152,0.000466666666666667));
#10892=CARTESIAN_POINT('',(-0.00639898846921733,0.0125102603788152,0.000466666666666667));
#10893=CARTESIAN_POINT('',(-0.00639898846921733,0.0125102603788152,0.000466666666666667));
#10894=CARTESIAN_POINT('',(-0.00691946525709391,0.0123369159205985,0.000466666666666667));
#10895=CARTESIAN_POINT('',(-0.00710013309037562,0.0119565681099185,0.000466666666666667));
#10896=CARTESIAN_POINT('',(-0.00549674840622779,0.0124905743439341,0.000466666666666667));
#10897=CARTESIAN_POINT('',(-0.00549674840622779,0.0124905743439341,0.0014));
#10898=CARTESIAN_POINT('',(-0.00574477156424233,0.0126214213948867,0.000466666666666667));
#10899=CARTESIAN_POINT('',(-0.00574477156424233,0.0126214213948867,0.0014));
#10900=CARTESIAN_POINT('',(-0.00604551825190551,0.0126279834065137,0.000466666666666667));
#10901=CARTESIAN_POINT('',(-0.00604551825190551,0.0126279834065137,0.0014));
#10902=CARTESIAN_POINT('',(-0.00639898846921733,0.0125102603788152,0.000466666666666667));
#10903=CARTESIAN_POINT('',(-0.00639898846921733,0.0125102603788152,0.0014));
#10904=CARTESIAN_POINT('',(-0.00549674840622779,0.0124905743439341,0.0014));
#10905=CARTESIAN_POINT('',(-0.0058687831432496,0.012686844920363,0.0014));
#10906=CARTESIAN_POINT('',(-0.00639898846921733,0.0125102603788152,0.0014));
#10907=CARTESIAN_POINT('',(-0.00549674840622779,0.0124905743439341,0.0014));
#10908=CARTESIAN_POINT('',(-0.00549674840622779,0.0124905743439341,0.000466666666666667));
#10909=CARTESIAN_POINT('',(-0.00549674840622779,0.0124905743439341,0.000466666666666667));
#10910=CARTESIAN_POINT('',(-0.00549674840622779,0.0124905743439341,0.000466666666666667));
#10911=CARTESIAN_POINT('',(-0.0058687831432496,0.012686844920363,0.000466666666666667));
#10912=CARTESIAN_POINT('',(-0.00639898846921733,0.0125102603788152,0.000466666666666667));
#10913=CARTESIAN_POINT('',(-0.00487717615789165,0.0118491977675359,0.000466666666666667));
#10914=CARTESIAN_POINT('',(-0.00487717615789165,0.0118491977675359,0.0014));
#10915=CARTESIAN_POINT('',(-0.00504220116543454,0.0121459351008488,0.000466666666666667));
#10916=CARTESIAN_POINT('',(-0.00504220116543454,0.0121459351008488,0.0014));
#10917=CARTESIAN_POINT('',(-0.00524872524821326,0.0123597272929815,0.000466666666666667));
#10918=CARTESIAN_POINT('',(-0.00524872524821326,0.0123597272929815,0.0014));
#10919=CARTESIAN_POINT('',(-0.00549674840622779,0.0124905743439341,0.000466666666666667));
#10920=CARTESIAN_POINT('',(-0.00549674840622779,0.0124905743439341,0.0014));
#10921=CARTESIAN_POINT('',(-0.00487717615789165,0.0118491977675359,0.0014));
#10922=CARTESIAN_POINT('',(-0.00512471366920599,0.0122943037675052,0.0014));
#10923=CARTESIAN_POINT('',(-0.00549674840622779,0.0124905743439341,0.0014));
#10924=CARTESIAN_POINT('',(-0.00487717615789165,0.0118491977675359,0.0014));
#10925=CARTESIAN_POINT('',(-0.00487717615789165,0.0118491977675359,0.000466666666666667));
#10926=CARTESIAN_POINT('',(-0.00487717615789165,0.0118491977675359,0.000466666666666667));
#10927=CARTESIAN_POINT('',(-0.00487717615789165,0.0118491977675359,0.000466666666666667));
#10928=CARTESIAN_POINT('',(-0.00512471366920599,0.0122943037675052,0.000466666666666667));
#10929=CARTESIAN_POINT('',(-0.00549674840622779,0.0124905743439341,0.000466666666666667));
#10930=CARTESIAN_POINT('',(-0.00439635264673433,0.0107036370250036,0.000466666666666667));
#10931=CARTESIAN_POINT('',(-0.00439635264673433,0.0107036370250036,0.0014));
#10932=CARTESIAN_POINT('',(-0.00455187664662965,0.0111706068533789,0.000466666666666667));
#10933=CARTESIAN_POINT('',(-0.00455187664662965,0.0111706068533789,0.0014));
#10934=CARTESIAN_POINT('',(-0.00471215115034876,0.011552460434223,0.000466666666666667));
#10935=CARTESIAN_POINT('',(-0.00471215115034876,0.011552460434223,0.0014));
#10936=CARTESIAN_POINT('',(-0.00487717615789165,0.0118491977675359,0.000466666666666667));
#10937=CARTESIAN_POINT('',(-0.00487717615789165,0.0118491977675359,0.0014));
#10938=CARTESIAN_POINT('',(-0.00439635264673433,0.0107036370250036,0.0014));
#10939=CARTESIAN_POINT('',(-0.00462963864657731,0.0114040917675665,0.0014));
#10940=CARTESIAN_POINT('',(-0.00487717615789165,0.0118491977675359,0.0014));
#10941=CARTESIAN_POINT('',(-0.00439635264673433,0.0107036370250036,0.0014));
#10942=CARTESIAN_POINT('',(-0.00439635264673433,0.0107036370250036,0.000466666666666667));
#10943=CARTESIAN_POINT('',(-0.00439635264673433,0.0107036370250036,0.000466666666666667));
#10944=CARTESIAN_POINT('',(-0.00439635264673433,0.0107036370250036,0.000466666666666667));
#10945=CARTESIAN_POINT('',(-0.00462963864657731,0.0114040917675665,0.000466666666666667));
#10946=CARTESIAN_POINT('',(-0.00487717615789165,0.0118491977675359,0.000466666666666667));
#10947=CARTESIAN_POINT('',(-0.00410360626257896,0.00952650929827357,0.000466666666666667));
#10948=CARTESIAN_POINT('',(-0.00410360626257896,0.00952650929827357,0.0014));
#10949=CARTESIAN_POINT('',(-0.00414864665767247,0.0098605055178703,0.000466666666666667));
#10950=CARTESIAN_POINT('',(-0.00414864665767247,0.0098605055178703,0.0014));
#10951=CARTESIAN_POINT('',(-0.00424622878572426,0.0102528814267803,0.000466666666666667));
#10952=CARTESIAN_POINT('',(-0.00424622878572426,0.0102528814267803,0.0014));
#10953=CARTESIAN_POINT('',(-0.00439635264673433,0.0107036370250036,0.000466666666666667));
#10954=CARTESIAN_POINT('',(-0.00439635264673433,0.0107036370250036,0.0014));
#10955=CARTESIAN_POINT('',(-0.00410360626257896,0.00952650929827357,0.0014));
#10956=CARTESIAN_POINT('',(-0.00417116685521922,0.0100275036276687,0.0014));
#10957=CARTESIAN_POINT('',(-0.00439635264673433,0.0107036370250036,0.0014));
#10958=CARTESIAN_POINT('',(-0.00410360626257896,0.00952650929827357,0.0014));
#10959=CARTESIAN_POINT('',(-0.00410360626257896,0.00952650929827357,0.000466666666666667));
#10960=CARTESIAN_POINT('',(-0.00410360626257896,0.00952650929827357,0.000466666666666667));
#10961=CARTESIAN_POINT('',(-0.00410360626257896,0.00952650929827357,0.000466666666666667));
#10962=CARTESIAN_POINT('',(-0.00417116685521922,0.0100275036276687,0.000466666666666667));
#10963=CARTESIAN_POINT('',(-0.00439635264673433,0.0107036370250036,0.000466666666666667));
#10964=CARTESIAN_POINT('',(-0.00421630797479793,0.00864597769703737,0.000466666666666667));
#10965=CARTESIAN_POINT('',(-0.00421630797479793,0.00864597769703737,0.0014));
#10966=CARTESIAN_POINT('',(-0.00409613310489179,0.00889900254493144,0.000466666666666667));
#10967=CARTESIAN_POINT('',(-0.00409613310489179,0.00889900254493144,0.0014));
#10968=CARTESIAN_POINT('',(-0.00405856586748546,0.00919251307867684,0.000466666666666667));
#10969=CARTESIAN_POINT('',(-0.00405856586748546,0.00919251307867684,0.0014));
#10970=CARTESIAN_POINT('',(-0.00410360626257896,0.00952650929827357,0.000466666666666667));
#10971=CARTESIAN_POINT('',(-0.00410360626257896,0.00952650929827357,0.0014));
#10972=CARTESIAN_POINT('',(-0.00421630797479793,0.00864597769703737,0.0014));
#10973=CARTESIAN_POINT('',(-0.00403604566993872,0.00902551496887848,0.0014));
#10974=CARTESIAN_POINT('',(-0.00410360626257896,0.00952650929827357,0.0014));
#10975=CARTESIAN_POINT('',(-0.00421630797479793,0.00864597769703737,0.0014));
#10976=CARTESIAN_POINT('',(-0.00421630797479793,0.00864597769703737,0.000466666666666667));
#10977=CARTESIAN_POINT('',(-0.00421630797479793,0.00864597769703737,0.000466666666666667));
#10978=CARTESIAN_POINT('',(-0.00421630797479793,0.00864597769703737,0.000466666666666667));
#10979=CARTESIAN_POINT('',(-0.00403604566993872,0.00902551496887848,0.000466666666666667));
#10980=CARTESIAN_POINT('',(-0.00410360626257896,0.00952650929827357,0.000466666666666667));
#10981=CARTESIAN_POINT('',(-0.00492677560562486,0.00808985588364844,0.000466666666666667));
#10982=CARTESIAN_POINT('',(-0.00492677560562486,0.00808985588364844,0.0014));
#10983=CARTESIAN_POINT('',(-0.00457330538831304,0.00820757891134699,0.000466666666666667));
#10984=CARTESIAN_POINT('',(-0.00457330538831304,0.00820757891134699,0.0014));
#10985=CARTESIAN_POINT('',(-0.00433648284470407,0.0083929528491433,0.000466666666666667));
#10986=CARTESIAN_POINT('',(-0.00433648284470407,0.0083929528491433,0.0014));
#10987=CARTESIAN_POINT('',(-0.00421630797479793,0.00864597769703737,0.000466666666666667));
#10988=CARTESIAN_POINT('',(-0.00421630797479793,0.00864597769703737,0.0014));
#10989=CARTESIAN_POINT('',(-0.00492677560562486,0.00808985588364844,0.0014));
#10990=CARTESIAN_POINT('',(-0.00439657027965713,0.00826644042519626,0.0014));
#10991=CARTESIAN_POINT('',(-0.00421630797479793,0.00864597769703737,0.0014));
#10992=CARTESIAN_POINT('',(-0.00492677560562486,0.00808985588364844,0.0014));
#10993=CARTESIAN_POINT('',(-0.00492677560562486,0.00808985588364844,0.000466666666666667));
#10994=CARTESIAN_POINT('',(-0.00492677560562486,0.00808985588364844,0.000466666666666667));
#10995=CARTESIAN_POINT('',(-0.00492677560562486,0.00808985588364844,0.000466666666666667));
#10996=CARTESIAN_POINT('',(-0.00439657027965713,0.00826644042519626,0.000466666666666667));
#10997=CARTESIAN_POINT('',(-0.00421630797479793,0.00864597769703737,0.000466666666666667));
#10998=CARTESIAN_POINT('',(-0.00581969265894575,0.00811197146302178,0.000466666666666667));
#10999=CARTESIAN_POINT('',(-0.00581969265894575,0.00811197146302178,0.0014));
#11000=CARTESIAN_POINT('',(-0.00557139914864954,0.00798166477129511,0.000466666666666667));
#11001=CARTESIAN_POINT('',(-0.00557139914864954,0.00798166477129511,0.0014));
#11002=CARTESIAN_POINT('',(-0.00527376013087591,0.007974292911504,0.000466666666666667));
#11003=CARTESIAN_POINT('',(-0.00527376013087591,0.007974292911504,0.0014));
#11004=CARTESIAN_POINT('',(-0.00492677560562486,0.00808985588364844,0.000466666666666667));
#11005=CARTESIAN_POINT('',(-0.00492677560562486,0.00808985588364844,0.0014));
#11006=CARTESIAN_POINT('',(-0.00581969265894575,0.00811197146302178,0.0014));
#11007=CARTESIAN_POINT('',(-0.00544725239350144,0.00791651142543178,0.0014));
#11008=CARTESIAN_POINT('',(-0.00492677560562486,0.00808985588364844,0.0014));
#11009=CARTESIAN_POINT('',(-0.00581969265894575,0.00811197146302178,0.0014));
#11010=CARTESIAN_POINT('',(-0.00581969265894575,0.00811197146302178,0.000466666666666667));
#11011=CARTESIAN_POINT('',(-0.00581969265894575,0.00811197146302178,0.000466666666666667));
#11012=CARTESIAN_POINT('',(-0.00581969265894575,0.00811197146302178,0.000466666666666667));
#11013=CARTESIAN_POINT('',(-0.00544725239350144,0.00791651142543178,0.000466666666666667));
#11014=CARTESIAN_POINT('',(-0.00492677560562486,0.00808985588364844,0.000466666666666667));
#11015=CARTESIAN_POINT('',(-0.00369589790417145,0.0109369230248466,0.000466666666666667));
#11016=CARTESIAN_POINT('',(-0.00369589790417145,0.0109369230248466,0.0014));
#11017=CARTESIAN_POINT('',(-0.00339889026548247,0.0100451403664911,0.000466666666666667));
#11018=CARTESIAN_POINT('',(-0.00339889026548247,0.0100451403664911,0.0014));
#11019=CARTESIAN_POINT('',(-0.00331227433809736,0.00930034043670715,0.000466666666666667));
#11020=CARTESIAN_POINT('',(-0.00331227433809736,0.00930034043670715,0.0014));
#11021=CARTESIAN_POINT('',(-0.00343605012201613,0.00870252323549469,0.000466666666666667));
#11022=CARTESIAN_POINT('',(-0.00343605012201613,0.00870252323549469,0.0014));
#11023=CARTESIAN_POINT('',(-0.00369589790417145,0.0109369230248466,0.000466666666666667));
#11024=CARTESIAN_POINT('',(-0.00369589790417145,0.0109369230248466,0.000466666666666667));
#11025=CARTESIAN_POINT('',(-0.00369589790417145,0.0109369230248466,0.000466666666666667));
#11026=CARTESIAN_POINT('',(-0.00325038644613797,0.00959924903731338,0.000466666666666667));
#11027=CARTESIAN_POINT('',(-0.00343605012201613,0.00870252323549469,0.000466666666666667));
#11028=CARTESIAN_POINT('',(-0.00343605012201613,0.00870252323549469,0.000466666666666667));
#11029=CARTESIAN_POINT('',(-0.00343605012201613,0.00870252323549469,0.000466666666666667));
#11030=CARTESIAN_POINT('',(-0.00483698115232324,0.0129088998926561,0.000466666666666667));
#11031=CARTESIAN_POINT('',(-0.00483698115232324,0.0129088998926561,0.0014));
#11032=CARTESIAN_POINT('',(-0.00437866676446296,0.0125022455359572,0.000466666666666667));
#11033=CARTESIAN_POINT('',(-0.00437866676446296,0.0125022455359572,0.0014));
#11034=CARTESIAN_POINT('',(-0.0039983056817457,0.0118449199133541,0.000466666666666667));
#11035=CARTESIAN_POINT('',(-0.0039983056817457,0.0118449199133541,0.0014));
#11036=CARTESIAN_POINT('',(-0.00369589790417145,0.0109369230248466,0.000466666666666667));
#11037=CARTESIAN_POINT('',(-0.00369589790417145,0.0109369230248466,0.0014));
#11038=CARTESIAN_POINT('',(-0.00483698115232324,0.0129088998926561,0.000466666666666667));
#11039=CARTESIAN_POINT('',(-0.00483698115232324,0.0129088998926561,0.000466666666666667));
#11040=CARTESIAN_POINT('',(-0.00483698115232324,0.0129088998926561,0.000466666666666667));
#11041=CARTESIAN_POINT('',(-0.00414950957053282,0.0122989183576078,0.000466666666666667));
#11042=CARTESIAN_POINT('',(-0.00369589790417145,0.0109369230248466,0.000466666666666667));
#11043=CARTESIAN_POINT('',(-0.00661404900032258,0.0131559920946153,0.000466666666666667));
#11044=CARTESIAN_POINT('',(-0.00661404900032258,0.0131559920946153,0.0014));
#11045=CARTESIAN_POINT('',(-0.00588765148951664,0.0133979183166747,0.000466666666666667));
#11046=CARTESIAN_POINT('',(-0.00588765148951664,0.0133979183166747,0.0014));
#11047=CARTESIAN_POINT('',(-0.00529529554018353,0.013315554249355,0.000466666666666667));
#11048=CARTESIAN_POINT('',(-0.00529529554018353,0.013315554249355,0.0014));
#11049=CARTESIAN_POINT('',(-0.00483698115232324,0.0129088998926561,0.000466666666666667));
#11050=CARTESIAN_POINT('',(-0.00483698115232324,0.0129088998926561,0.0014));
#11051=CARTESIAN_POINT('',(-0.00661404900032258,0.0131559920946153,0.000466666666666667));
#11052=CARTESIAN_POINT('',(-0.00661404900032258,0.0131559920946153,0.000466666666666667));
#11053=CARTESIAN_POINT('',(-0.00661404900032258,0.0131559920946153,0.000466666666666667));
#11054=CARTESIAN_POINT('',(-0.00552445273411367,0.0135188814277044,0.000466666666666667));
#11055=CARTESIAN_POINT('',(-0.00483698115232324,0.0129088998926561,0.000466666666666667));
#11056=CARTESIAN_POINT('',(-0.00787958144033072,0.0118955638308381,0.000466666666666667));
#11057=CARTESIAN_POINT('',(-0.00787958144033072,0.0118955638308381,0.0014));
#11058=CARTESIAN_POINT('',(-0.00775661567724473,0.0124958131665734,0.000466666666666667));
#11059=CARTESIAN_POINT('',(-0.00775661567724473,0.0124958131665734,0.0014));
#11060=CARTESIAN_POINT('',(-0.00733477153057535,0.0129159559211658,0.000466666666666667));
#11061=CARTESIAN_POINT('',(-0.00733477153057535,0.0129159559211658,0.0014));
#11062=CARTESIAN_POINT('',(-0.00661404900032258,0.0131559920946153,0.000466666666666667));
#11063=CARTESIAN_POINT('',(-0.00661404900032258,0.0131559920946153,0.0014));
#11064=CARTESIAN_POINT('',(-0.00787958144033072,0.0118955638308381,0.000466666666666667));
#11065=CARTESIAN_POINT('',(-0.00787958144033072,0.0118955638308381,0.000466666666666667));
#11066=CARTESIAN_POINT('',(-0.00787958144033072,0.0118955638308381,0.000466666666666667));
#11067=CARTESIAN_POINT('',(-0.00769513279570174,0.012795937834441,0.000466666666666667));
#11068=CARTESIAN_POINT('',(-0.00661404900032258,0.0131559920946153,0.000466666666666667));
#11069=CARTESIAN_POINT('',(-0.00761041841859834,0.00963319449447411,0.000466666666666667));
#11070=CARTESIAN_POINT('',(-0.00761041841859834,0.00963319449447411,0.0014));
#11071=CARTESIAN_POINT('',(-0.00791282619617258,0.0105411913829815,0.000466666666666667));
#11072=CARTESIAN_POINT('',(-0.00791282619617258,0.0105411913829815,0.0014));
#11073=CARTESIAN_POINT('',(-0.00800254720341671,0.0112953144951029,0.000466666666666667));
#11074=CARTESIAN_POINT('',(-0.00800254720341671,0.0112953144951029,0.0014));
#11075=CARTESIAN_POINT('',(-0.00787958144033072,0.0118955638308381,0.000466666666666667));
#11076=CARTESIAN_POINT('',(-0.00787958144033072,0.0118955638308381,0.0014));
#11077=CARTESIAN_POINT('',(-0.00761041841859834,0.00963319449447411,0.000466666666666667));
#11078=CARTESIAN_POINT('',(-0.00761041841859834,0.00963319449447411,0.000466666666666667));
#11079=CARTESIAN_POINT('',(-0.00761041841859834,0.00963319449447411,0.000466666666666667));
#11080=CARTESIAN_POINT('',(-0.00806403008495971,0.0109951898272352,0.000466666666666667));
#11081=CARTESIAN_POINT('',(-0.00787958144033072,0.0118955638308381,0.000466666666666667));
#11082=CARTESIAN_POINT('',(-0.00647865041002362,0.00768918717367671,0.000466666666666667));
#11083=CARTESIAN_POINT('',(-0.00647865041002362,0.00768918717367671,0.0014));
#11084=CARTESIAN_POINT('',(-0.00693615477705111,0.0080934093958528,0.000466666666666667));
#11085=CARTESIAN_POINT('',(-0.00693615477705111,0.0080934093958528,0.0014));
#11086=CARTESIAN_POINT('',(-0.00731341077990935,0.0087414118361186,0.000466666666666667));
#11087=CARTESIAN_POINT('',(-0.00731341077990935,0.0087414118361186,0.0014));
#11088=CARTESIAN_POINT('',(-0.00761041841859834,0.00963319449447411,0.000466666666666667));
#11089=CARTESIAN_POINT('',(-0.00761041841859834,0.00963319449447411,0.0014));
#11090=CARTESIAN_POINT('',(-0.00647865041002362,0.00768918717367671,0.000466666666666667));
#11091=CARTESIAN_POINT('',(-0.00647865041002362,0.00768918717367671,0.000466666666666667));
#11092=CARTESIAN_POINT('',(-0.00647865041002362,0.00768918717367671,0.000466666666666667));
#11093=CARTESIAN_POINT('',(-0.00716490696056486,0.00829552050694085,0.000466666666666667));
#11094=CARTESIAN_POINT('',(-0.00761041841859834,0.00963319449447411,0.000466666666666667));
#11095=CARTESIAN_POINT('',(-0.00471131006410322,0.0074429081005869,0.000466666666666667));
#11096=CARTESIAN_POINT('',(-0.00471131006410322,0.0074429081005869,0.0014));
#11097=CARTESIAN_POINT('',(-0.00543203259435599,0.00720287192713735,0.000466666666666667));
#11098=CARTESIAN_POINT('',(-0.00543203259435599,0.00720287192713735,0.0014));
#11099=CARTESIAN_POINT('',(-0.00602114604299612,0.00728496495150062,0.000466666666666667));
#11100=CARTESIAN_POINT('',(-0.00602114604299612,0.00728496495150062,0.0014));
#11101=CARTESIAN_POINT('',(-0.00647865041002362,0.00768918717367671,0.000466666666666667));
#11102=CARTESIAN_POINT('',(-0.00647865041002362,0.00768918717367671,0.0014));
#11103=CARTESIAN_POINT('',(-0.00471131006410322,0.0074429081005869,0.000466666666666667));
#11104=CARTESIAN_POINT('',(-0.00471131006410322,0.0074429081005869,0.000466666666666667));
#11105=CARTESIAN_POINT('',(-0.00471131006410322,0.0074429081005869,0.000466666666666667));
#11106=CARTESIAN_POINT('',(-0.00579239385948237,0.00708285384041257,0.000466666666666667));
#11107=CARTESIAN_POINT('',(-0.00647865041002362,0.00768918717367671,0.000466666666666667));
#11108=CARTESIAN_POINT('',(-0.00343605012201613,0.00870252323549469,0.000466666666666667));
#11109=CARTESIAN_POINT('',(-0.00343605012201613,0.00870252323549469,0.0014));
#11110=CARTESIAN_POINT('',(-0.00355982590593492,0.00810470603428222,0.000466666666666667));
#11111=CARTESIAN_POINT('',(-0.00355982590593492,0.00810470603428222,0.0014));
#11112=CARTESIAN_POINT('',(-0.00398491255329728,0.00768483432264629,0.000466666666666667));
#11113=CARTESIAN_POINT('',(-0.00398491255329728,0.00768483432264629,0.0014));
#11114=CARTESIAN_POINT('',(-0.00471131006410322,0.0074429081005869,0.000466666666666667));
#11115=CARTESIAN_POINT('',(-0.00471131006410322,0.0074429081005869,0.0014));
#11116=CARTESIAN_POINT('',(-0.00343605012201613,0.00870252323549469,0.000466666666666667));
#11117=CARTESIAN_POINT('',(-0.0036217137978943,0.00780579743367599,0.000466666666666667));
#11118=CARTESIAN_POINT('',(-0.00471131006410322,0.0074429081005869,0.000466666666666667));
#11119=CARTESIAN_POINT('',(-0.00643845540445521,0.00874888929879694,0.000466666666666667));
#11120=CARTESIAN_POINT('',(-0.00643845540445521,0.00874888929879694,0.0014));
#11121=CARTESIAN_POINT('',(-0.00627424041774511,0.00845458410000683,0.000466666666666667));
#11122=CARTESIAN_POINT('',(-0.00627424041774511,0.00845458410000683,0.0014));
#11123=CARTESIAN_POINT('',(-0.00606798616924196,0.00824227815474845,0.000466666666666667));
#11124=CARTESIAN_POINT('',(-0.00606798616924196,0.00824227815474845,0.0014));
#11125=CARTESIAN_POINT('',(-0.00581969265894575,0.00811197146302178,0.000466666666666667));
#11126=CARTESIAN_POINT('',(-0.00581969265894575,0.00811197146302178,0.0014));
#11127=CARTESIAN_POINT('',(-0.00643845540445521,0.00874888929879694,0.0014));
#11128=CARTESIAN_POINT('',(-0.00619213292439006,0.00830743150061178,0.0014));
#11129=CARTESIAN_POINT('',(-0.00581969265894575,0.00811197146302178,0.0014));
#11130=CARTESIAN_POINT('',(-0.00643845540445521,0.00874888929879694,0.000466666666666667));
#11131=CARTESIAN_POINT('',(-0.00619213292439006,0.00830743150061178,0.000466666666666667));
#11132=CARTESIAN_POINT('',(-0.00581969265894575,0.00811197146302178,0.000466666666666667));
#11133=CARTESIAN_POINT('',(-3.46944695195361E-18,0.,0.000466666666666667));
#11134=CARTESIAN_POINT('',(0.00310928252819693,-0.00848171977620977,0.000466666666666667));
#11135=CARTESIAN_POINT('',(0.00462666423324729,-0.00797635677886472,0.000466666666666667));
#11136=CARTESIAN_POINT('',(0.00462666423324729,-0.00797635677886472,0.000466666666666667));
#11137=CARTESIAN_POINT('',(0.00310928252819693,-0.00848171977620977,0.000466666666666667));
#11138=CARTESIAN_POINT('',(0.00159190082314657,-0.00898708277355483,0.000466666666666667));
#11139=CARTESIAN_POINT('',(0.00159190082314657,-0.00898708277355483,0.000466666666666667));
#11140=CARTESIAN_POINT('',(0.00451146127036186,-0.00763045320229046,0.000466666666666667));
#11141=CARTESIAN_POINT('',(0.00439625830747644,-0.0072845496257162,0.000466666666666667));
#11142=CARTESIAN_POINT('',(0.00439625830747644,-0.0072845496257162,0.000466666666666667));
#11143=CARTESIAN_POINT('',(0.00451146127036186,-0.00763045320229046,0.000466666666666667));
#11144=CARTESIAN_POINT('',(0.00251540760985391,-0.00791096573640571,0.000466666666666667));
#11145=CARTESIAN_POINT('',(0.000634556912231373,-0.00853738184709521,0.000466666666666667));
#11146=CARTESIAN_POINT('',(0.000634556912231373,-0.00853738184709521,0.000466666666666667));
#11147=CARTESIAN_POINT('',(0.00251540760985391,-0.00791096573640571,0.000466666666666667));
#11148=CARTESIAN_POINT('',(0.00122227202757656,-0.0103020305619623,0.000466666666666667));
#11149=CARTESIAN_POINT('',(0.00180998714292174,-0.0120666792768294,0.000466666666666667));
#11150=CARTESIAN_POINT('',(0.00180998714292174,-0.0120666792768294,0.000466666666666667));
#11151=CARTESIAN_POINT('',(0.00122227202757656,-0.0103020305619623,0.000466666666666667));
#11152=CARTESIAN_POINT('',(0.00218223884349286,-0.0119427010882555,0.000466666666666667));
#11153=CARTESIAN_POINT('',(0.00255490883054471,-0.0118185835896392,0.000466666666666667));
#11154=CARTESIAN_POINT('',(0.0025549088305447,-0.0118185835896392,0.000466666666666667));
#11155=CARTESIAN_POINT('',(0.00218223884349286,-0.0119427010882555,0.000466666666666667));
#11156=CARTESIAN_POINT('',(0.00388779855724955,-0.0118929020163153,0.000466666666666667));
#11157=CARTESIAN_POINT('',(0.00285079619213831,-0.0110520659448536,0.000466666666666667));
#11158=CARTESIAN_POINT('',(0.00285079619213831,-0.0110520659448536,0.000466666666666667));
#11159=CARTESIAN_POINT('',(0.00388779855724955,-0.0118929020163153,0.000466666666666667));
#11160=CARTESIAN_POINT('',(0.00357802191936458,-0.0105651907944973,0.000466666666666667));
#11161=CARTESIAN_POINT('',(0.00357802191936458,-0.0105651907944973,0.0014));
#11162=CARTESIAN_POINT('',(0.00327175312760612,-0.0106671934178854,0.000466666666666667));
#11163=CARTESIAN_POINT('',(0.00327175312760612,-0.0106671934178854,0.0014));
#11164=CARTESIAN_POINT('',(0.00302934455186403,-0.0108294851346709,0.000466666666666667));
#11165=CARTESIAN_POINT('',(0.00302934455186403,-0.0108294851346709,0.0014));
#11166=CARTESIAN_POINT('',(0.00285079619213831,-0.0110520659448536,0.000466666666666667));
#11167=CARTESIAN_POINT('',(0.00285079619213831,-0.0110520659448536,0.0014));
#11168=CARTESIAN_POINT('',(0.00357802191936458,-0.0105651907944973,0.000466666666666667));
#11169=CARTESIAN_POINT('',(0.00357802191936458,-0.0105651907944973,0.000466666666666667));
#11170=CARTESIAN_POINT('',(0.00357802191936458,-0.0105651907944973,0.000466666666666667));
#11171=CARTESIAN_POINT('',(0.00311861873172689,-0.0107181947295795,0.000466666666666667));
#11172=CARTESIAN_POINT('',(0.00285079619213831,-0.0110520659448536,0.000466666666666667));
#11173=CARTESIAN_POINT('',(0.00472057038115521,-0.0105929546064102,0.000466666666666667));
#11174=CARTESIAN_POINT('',(0.00472057038115521,-0.0105929546064102,0.0014));
#11175=CARTESIAN_POINT('',(0.00440836589806186,-0.0104247415482604,0.000466666666666667));
#11176=CARTESIAN_POINT('',(0.00440836589806186,-0.0104247415482604,0.0014));
#11177=CARTESIAN_POINT('',(0.00402751641079831,-0.0104154869442894,0.000466666666666667));
#11178=CARTESIAN_POINT('',(0.00402751641079831,-0.0104154869442894,0.0014));
#11179=CARTESIAN_POINT('',(0.00357802191936458,-0.0105651907944973,0.000466666666666667));
#11180=CARTESIAN_POINT('',(0.00357802191936458,-0.0105651907944973,0.0014));
#11181=CARTESIAN_POINT('',(0.00472057038115521,-0.0105929546064102,0.000466666666666667));
#11182=CARTESIAN_POINT('',(0.00472057038115521,-0.0105929546064102,0.000466666666666667));
#11183=CARTESIAN_POINT('',(0.00472057038115521,-0.0105929546064102,0.000466666666666667));
#11184=CARTESIAN_POINT('',(0.00425226365651518,-0.0103406350191855,0.000466666666666667));
#11185=CARTESIAN_POINT('',(0.00357802191936458,-0.0105651907944973,0.000466666666666667));
#11186=CARTESIAN_POINT('',(0.00541343288110706,-0.0115195159307855,0.000466666666666667));
#11187=CARTESIAN_POINT('',(0.00541343288110706,-0.0115195159307855,0.0014));
#11188=CARTESIAN_POINT('',(0.00526372903089917,-0.0110700214393518,0.000466666666666667));
#11189=CARTESIAN_POINT('',(0.00526372903089917,-0.0110700214393518,0.0014));
#11190=CARTESIAN_POINT('',(0.00503277486424856,-0.01076116766456,0.000466666666666667));
#11191=CARTESIAN_POINT('',(0.00503277486424856,-0.01076116766456,0.0014));
#11192=CARTESIAN_POINT('',(0.00472057038115521,-0.0105929546064102,0.000466666666666667));
#11193=CARTESIAN_POINT('',(0.00472057038115521,-0.0105929546064102,0.0014));
#11194=CARTESIAN_POINT('',(0.00541343288110706,-0.0115195159307855,0.000466666666666667));
#11195=CARTESIAN_POINT('',(0.00541343288110706,-0.0115195159307855,0.000466666666666667));
#11196=CARTESIAN_POINT('',(0.00541343288110706,-0.0115195159307855,0.000466666666666667));
#11197=CARTESIAN_POINT('',(0.00518887710579523,-0.0108452741936349,0.000466666666666667));
#11198=CARTESIAN_POINT('',(0.00472057038115521,-0.0105929546064102,0.000466666666666667));
#11199=CARTESIAN_POINT('',(0.00542888859827107,-0.0127197211280035,0.000466666666666667));
#11200=CARTESIAN_POINT('',(0.00542888859827107,-0.0127197211280035,0.0014));
#11201=CARTESIAN_POINT('',(0.00556828863703628,-0.0123690788212919,0.000466666666666667));
#11202=CARTESIAN_POINT('',(0.00556828863703628,-0.0123690788212919,0.0014));
#11203=CARTESIAN_POINT('',(0.00556313673131495,-0.0119690104222193,0.000466666666666667));
#11204=CARTESIAN_POINT('',(0.00556313673131495,-0.0119690104222193,0.0014));
#11205=CARTESIAN_POINT('',(0.00541343288110706,-0.0115195159307855,0.000466666666666667));
#11206=CARTESIAN_POINT('',(0.00541343288110706,-0.0115195159307855,0.0014));
#11207=CARTESIAN_POINT('',(0.00542888859827107,-0.0127197211280035,0.000466666666666667));
#11208=CARTESIAN_POINT('',(0.00542888859827107,-0.0127197211280035,0.000466666666666667));
#11209=CARTESIAN_POINT('',(0.00542888859827107,-0.0127197211280035,0.000466666666666667));
#11210=CARTESIAN_POINT('',(0.00563798865641889,-0.0121937576679361,0.000466666666666667));
#11211=CARTESIAN_POINT('',(0.00541343288110706,-0.0115195159307855,0.000466666666666667));
#11212=CARTESIAN_POINT('',(0.0045360885020507,-0.0134733904443991,0.000466666666666667));
#11213=CARTESIAN_POINT('',(0.0045360885020507,-0.0134733904443991,0.0014));
#11214=CARTESIAN_POINT('',(0.00499188852743241,-0.0133215865401803,0.000466666666666667));
#11215=CARTESIAN_POINT('',(0.00499188852743241,-0.0133215865401803,0.0014));
#11216=CARTESIAN_POINT('',(0.00528948855950586,-0.0130703634347151,0.000466666666666667));
#11217=CARTESIAN_POINT('',(0.00528948855950586,-0.0130703634347151,0.0014));
#11218=CARTESIAN_POINT('',(0.00542888859827107,-0.0127197211280035,0.000466666666666667));
#11219=CARTESIAN_POINT('',(0.00542888859827107,-0.0127197211280035,0.0014));
#11220=CARTESIAN_POINT('',(0.0045360885020507,-0.0134733904443991,0.000466666666666667));
#11221=CARTESIAN_POINT('',(0.0045360885020507,-0.0134733904443991,0.000466666666666667));
#11222=CARTESIAN_POINT('',(0.0045360885020507,-0.0134733904443991,0.000466666666666667));
#11223=CARTESIAN_POINT('',(0.00521978854012326,-0.0132456845880709,0.000466666666666667));
#11224=CARTESIAN_POINT('',(0.00542888859827107,-0.0127197211280035,0.000466666666666667));
#11225=CARTESIAN_POINT('',(0.00352773212584421,-0.0135015051929873,0.000466666666666667));
#11226=CARTESIAN_POINT('',(0.00352773212584421,-0.0135015051929873,0.0014));
#11227=CARTESIAN_POINT('',(0.00383154636930772,-0.0136054651830434,0.000466666666666667));
#11228=CARTESIAN_POINT('',(0.00383154636930772,-0.0136054651830434,0.0014));
#11229=CARTESIAN_POINT('',(0.00416766516137655,-0.0135960936001807,0.000466666666666667));
#11230=CARTESIAN_POINT('',(0.00416766516137655,-0.0135960936001807,0.0014));
#11231=CARTESIAN_POINT('',(0.0045360885020507,-0.0134733904443991,0.000466666666666667));
#11232=CARTESIAN_POINT('',(0.0045360885020507,-0.0134733904443991,0.0014));
#11233=CARTESIAN_POINT('',(0.00352773212584421,-0.0135015051929873,0.000466666666666667));
#11234=CARTESIAN_POINT('',(0.00352773212584421,-0.0135015051929873,0.000466666666666667));
#11235=CARTESIAN_POINT('',(0.00352773212584421,-0.0135015051929873,0.000466666666666667));
#11236=CARTESIAN_POINT('',(0.00398345349103948,-0.0136574451780715,0.000466666666666667));
#11237=CARTESIAN_POINT('',(0.0045360885020507,-0.0134733904443991,0.000466666666666667));
#11238=CARTESIAN_POINT('',(0.00279605812257879,-0.0128910845205847,0.000466666666666667));
#11239=CARTESIAN_POINT('',(0.00279605812257879,-0.0128910845205847,0.0014));
#11240=CARTESIAN_POINT('',(0.0029800265479589,-0.0131940716454637,0.000466666666666667));
#11241=CARTESIAN_POINT('',(0.0029800265479589,-0.0131940716454637,0.0014));
#11242=CARTESIAN_POINT('',(0.0032239178823807,-0.0133975452029312,0.000466666666666667));
#11243=CARTESIAN_POINT('',(0.0032239178823807,-0.0133975452029312,0.0014));
#11244=CARTESIAN_POINT('',(0.00352773212584421,-0.0135015051929873,0.000466666666666667));
#11245=CARTESIAN_POINT('',(0.00352773212584421,-0.0135015051929873,0.0014));
#11246=CARTESIAN_POINT('',(0.00279605812257879,-0.0128910845205847,0.000466666666666667));
#11247=CARTESIAN_POINT('',(0.00279605812257879,-0.0128910845205847,0.000466666666666667));
#11248=CARTESIAN_POINT('',(0.00279605812257879,-0.0128910845205847,0.000466666666666667));
#11249=CARTESIAN_POINT('',(0.00307201076064894,-0.0133455652079032,0.000466666666666667));
#11250=CARTESIAN_POINT('',(0.00352773212584421,-0.0135015051929873,0.000466666666666667));
#11251=CARTESIAN_POINT('',(0.00241097015647073,-0.0130193378191095,0.000466666666666667));
#11252=CARTESIAN_POINT('',(0.00202588219036267,-0.0131475911176343,0.000466666666666667));
#11253=CARTESIAN_POINT('',(0.00202588219036267,-0.0131475911176343,0.000466666666666667));
#11254=CARTESIAN_POINT('',(0.00241097015647073,-0.0130193378191095,0.000466666666666667));
#11255=CARTESIAN_POINT('',(0.00312426789366539,-0.0141650030183888,0.000466666666666667));
#11256=CARTESIAN_POINT('',(0.00312426789366539,-0.0141650030183888,0.0014));
#11257=CARTESIAN_POINT('',(0.00264588635321798,-0.0139785830883209,0.000466666666666667));
#11258=CARTESIAN_POINT('',(0.00264588635321798,-0.0139785830883209,0.0014));
#11259=CARTESIAN_POINT('',(0.0022797577854504,-0.0136394457880694,0.000466666666666667));
#11260=CARTESIAN_POINT('',(0.0022797577854504,-0.0136394457880694,0.0014));
#11261=CARTESIAN_POINT('',(0.00202588219036267,-0.0131475911176343,0.000466666666666667));
#11262=CARTESIAN_POINT('',(0.00202588219036267,-0.0131475911176343,0.0014));
#11263=CARTESIAN_POINT('',(0.00312426789366539,-0.0141650030183888,0.000466666666666667));
#11264=CARTESIAN_POINT('',(0.00312426789366539,-0.0141650030183888,0.000466666666666667));
#11265=CARTESIAN_POINT('',(0.00312426789366539,-0.0141650030183888,0.000466666666666667));
#11266=CARTESIAN_POINT('',(0.00240669558299427,-0.0138853731232869,0.000466666666666667));
#11267=CARTESIAN_POINT('',(0.00202588219036267,-0.0131475911176343,0.000466666666666667));
#11268=CARTESIAN_POINT('',(0.00474983709284394,-0.0141422251359164,0.000466666666666667));
#11269=CARTESIAN_POINT('',(0.00474983709284394,-0.0141422251359164,0.0014));
#11270=CARTESIAN_POINT('',(0.00414450583383899,-0.0143438303209659,0.000466666666666667));
#11271=CARTESIAN_POINT('',(0.00414450583383899,-0.0143438303209659,0.0014));
#11272=CARTESIAN_POINT('',(0.0036026494341128,-0.0143514229484567,0.000466666666666667));
#11273=CARTESIAN_POINT('',(0.0036026494341128,-0.0143514229484567,0.0014));
#11274=CARTESIAN_POINT('',(0.00312426789366539,-0.0141650030183888,0.000466666666666667));
#11275=CARTESIAN_POINT('',(0.00312426789366539,-0.0141650030183888,0.0014));
#11276=CARTESIAN_POINT('',(0.00474983709284394,-0.0141422251359164,0.000466666666666667));
#11277=CARTESIAN_POINT('',(0.00474983709284394,-0.0141422251359164,0.000466666666666667));
#11278=CARTESIAN_POINT('',(0.00474983709284394,-0.0141422251359164,0.000466666666666667));
#11279=CARTESIAN_POINT('',(0.00384184020433651,-0.0144446329134906,0.000466666666666667));
#11280=CARTESIAN_POINT('',(0.00312426789366539,-0.0141650030183888,0.000466666666666667));
#11281=CARTESIAN_POINT('',(0.00584370318946534,-0.0134604391445701,0.000466666666666667));
#11282=CARTESIAN_POINT('',(0.00584370318946534,-0.0134604391445701,0.0014));
#11283=CARTESIAN_POINT('',(0.00558737417114869,-0.013757459087981,0.000466666666666667));
#11284=CARTESIAN_POINT('',(0.00558737417114869,-0.013757459087981,0.0014));
#11285=CARTESIAN_POINT('',(0.00522275213894156,-0.0139847210850964,0.000466666666666667));
#11286=CARTESIAN_POINT('',(0.00522275213894156,-0.0139847210850964,0.0014));
#11287=CARTESIAN_POINT('',(0.00474983709284394,-0.0141422251359164,0.000466666666666667));
#11288=CARTESIAN_POINT('',(0.00474983709284394,-0.0141422251359164,0.0014));
#11289=CARTESIAN_POINT('',(0.00584370318946534,-0.0134604391445701,0.000466666666666667));
#11290=CARTESIAN_POINT('',(0.00584370318946534,-0.0134604391445701,0.000466666666666667));
#11291=CARTESIAN_POINT('',(0.00584370318946534,-0.0134604391445701,0.000466666666666667));
#11292=CARTESIAN_POINT('',(0.00545920966199037,-0.0139059690596865,0.000466666666666667));
#11293=CARTESIAN_POINT('',(0.00474983709284394,-0.0141422251359164,0.000466666666666667));
#11294=CARTESIAN_POINT('',(0.00444132711501994,-0.0122225779808061,0.000466666666666667));
#11295=CARTESIAN_POINT('',(0.00629792264965754,-0.0124445499863269,0.000466666666666667));
#11296=CARTESIAN_POINT('',(0.00629792264965754,-0.0124445499863269,0.000466666666666667));
#11297=CARTESIAN_POINT('',(0.00444132711501994,-0.0122225779808061,0.000466666666666667));
#11298=CARTESIAN_POINT('',(0.00616019324686624,-0.0112512940681971,0.000466666666666667));
#11299=CARTESIAN_POINT('',(0.00616019324686624,-0.0112512940681971,0.0014));
#11300=CARTESIAN_POINT('',(0.00629849680387193,-0.011666558518199,0.000466666666666667));
#11301=CARTESIAN_POINT('',(0.00629849680387193,-0.011666558518199,0.0014));
#11302=CARTESIAN_POINT('',(0.00634440660480236,-0.0120643104909089,0.000466666666666667));
#11303=CARTESIAN_POINT('',(0.00634440660480236,-0.0120643104909089,0.0014));
#11304=CARTESIAN_POINT('',(0.00629792264965754,-0.0124445499863269,0.000466666666666667));
#11305=CARTESIAN_POINT('',(0.00629792264965754,-0.0124445499863269,0.0014));
#11306=CARTESIAN_POINT('',(0.00616019324686624,-0.0112512940681971,0.000466666666666667));
#11307=CARTESIAN_POINT('',(0.00616019324686624,-0.0112512940681971,0.000466666666666667));
#11308=CARTESIAN_POINT('',(0.00616019324686624,-0.0112512940681971,0.000466666666666667));
#11309=CARTESIAN_POINT('',(0.00636764858237477,-0.0118741907431999,0.000466666666666667));
#11310=CARTESIAN_POINT('',(0.00629792264965754,-0.0124445499863269,0.000466666666666667));
#11311=CARTESIAN_POINT('',(0.00356410336897308,-0.0120994855799854,0.000466666666666667));
#11312=CARTESIAN_POINT('',(0.00563306393202631,-0.0103175693946311,0.000466666666666667));
#11313=CARTESIAN_POINT('',(0.00563306393202631,-0.0103175693946311,0.000466666666666667));
#11314=CARTESIAN_POINT('',(0.00356410336897308,-0.0120994855799854,0.000466666666666667));
#11315=CARTESIAN_POINT('',(0.00473204168643797,-0.00976204898310388,0.000466666666666667));
#11316=CARTESIAN_POINT('',(0.00473204168643797,-0.00976204898310388,0.0014));
#11317=CARTESIAN_POINT('',(0.00509830664945075,-0.00986122112836967,0.000466666666666667));
#11318=CARTESIAN_POINT('',(0.00509830664945075,-0.00986122112836967,0.0014));
#11319=CARTESIAN_POINT('',(0.0053986473979802,-0.0100463945988788,0.000466666666666667));
#11320=CARTESIAN_POINT('',(0.0053986473979802,-0.0100463945988788,0.0014));
#11321=CARTESIAN_POINT('',(0.00563306393202631,-0.0103175693946311,0.000466666666666667));
#11322=CARTESIAN_POINT('',(0.00563306393202631,-0.0103175693946311,0.0014));
#11323=CARTESIAN_POINT('',(0.00473204168643797,-0.00976204898310388,0.000466666666666667));
#11324=CARTESIAN_POINT('',(0.00473204168643797,-0.00976204898310388,0.000466666666666667));
#11325=CARTESIAN_POINT('',(0.00473204168643797,-0.00976204898310388,0.000466666666666667));
#11326=CARTESIAN_POINT('',(0.00528143913095714,-0.00991080720100257,0.000466666666666667));
#11327=CARTESIAN_POINT('',(0.00563306393202631,-0.0103175693946311,0.000466666666666667));
#11328=CARTESIAN_POINT('',(0.00346516455769641,-0.0098522469108777,0.000466666666666667));
#11329=CARTESIAN_POINT('',(0.00346516455769641,-0.0098522469108777,0.0014));
#11330=CARTESIAN_POINT('',(0.003943484347178,-0.00969294281376269,0.000466666666666667));
#11331=CARTESIAN_POINT('',(0.003943484347178,-0.00969294281376269,0.0014));
#11332=CARTESIAN_POINT('',(0.00436577672342519,-0.00966287683783809,0.000466666666666667));
#11333=CARTESIAN_POINT('',(0.00436577672342519,-0.00966287683783809,0.0014));
#11334=CARTESIAN_POINT('',(0.00473204168643797,-0.00976204898310388,0.000466666666666667));
#11335=CARTESIAN_POINT('',(0.00473204168643797,-0.00976204898310388,0.0014));
#11336=CARTESIAN_POINT('',(0.00346516455769641,-0.0098522469108777,0.000466666666666667));
#11337=CARTESIAN_POINT('',(0.00346516455769641,-0.0098522469108777,0.000466666666666667));
#11338=CARTESIAN_POINT('',(0.00346516455769641,-0.0098522469108777,0.000466666666666667));
#11339=CARTESIAN_POINT('',(0.0041826442419188,-0.00961329076520519,0.000466666666666667));
#11340=CARTESIAN_POINT('',(0.00473204168643797,-0.00976204898310388,0.000466666666666667));
#11341=CARTESIAN_POINT('',(0.00411202981127765,-0.0118537112027301,0.000466666666666667));
#11342=CARTESIAN_POINT('',(0.00268525466928555,-0.0103093850369377,0.000466666666666667));
#11343=CARTESIAN_POINT('',(0.00268525466928555,-0.0103093850369377,0.000466666666666667));
#11344=CARTESIAN_POINT('',(0.00411202981127765,-0.0118537112027301,0.000466666666666667));
#11345=CARTESIAN_POINT('',(0.00224891772085252,-0.0109598141087049,0.000466666666666667));
#11346=CARTESIAN_POINT('',(0.00224891772085252,-0.0109598141087049,0.0014));
#11347=CARTESIAN_POINT('',(0.00231983235201112,-0.0107310509088562,0.000466666666666667));
#11348=CARTESIAN_POINT('',(0.00231983235201112,-0.0107310509088562,0.0014));
#11349=CARTESIAN_POINT('',(0.0024652780014888,-0.0105142412182672,0.000466666666666667));
#11350=CARTESIAN_POINT('',(0.0024652780014888,-0.0105142412182672,0.0014));
#11351=CARTESIAN_POINT('',(0.00268525466928555,-0.0103093850369377,0.000466666666666667));
#11352=CARTESIAN_POINT('',(0.00268525466928555,-0.0103093850369377,0.0014));
#11353=CARTESIAN_POINT('',(0.00224891772085252,-0.0109598141087049,0.000466666666666667));
#11354=CARTESIAN_POINT('',(0.00224891772085252,-0.0109598141087049,0.000466666666666667));
#11355=CARTESIAN_POINT('',(0.00224891772085252,-0.0109598141087049,0.000466666666666667));
#11356=CARTESIAN_POINT('',(0.00235528966759042,-0.0106166693089319,0.000466666666666667));
#11357=CARTESIAN_POINT('',(0.00268525466928555,-0.0103093850369377,0.000466666666666667));
#11358=CARTESIAN_POINT('',(0.00192040927199954,-0.00997344844112986,0.000466666666666667));
#11359=CARTESIAN_POINT('',(0.00192040927199954,-0.00997344844112986,0.000466666666666667));
#11360=CARTESIAN_POINT('',(-3.46944695195361E-18,0.,0.000466666666666667));
#11361=CARTESIAN_POINT('',(0.,0.,0.0014));
#11362=CARTESIAN_POINT('',(0.,0.,0.0014));
#11363=CARTESIAN_POINT('',(0.,0.,0.0014));
#11364=CARTESIAN_POINT('',(0.,0.,0.0014));
#11365=CARTESIAN_POINT('',(0.,0.,0.0014));
#11366=CARTESIAN_POINT('',(0.00992562724973764,-0.00721139031406328,0.0001));
#11367=CARTESIAN_POINT('',(0.00992562724973764,-0.00721139031406328,-0.00105));
#11368=CARTESIAN_POINT('',(0.00963786554948147,-0.00832480542257658,-0.00105000000000122));
#11369=CARTESIAN_POINT('',(0.0108956246883206,-0.00659364848356889,-0.00105));
#11370=CARTESIAN_POINT('',(0.0108956246883206,-0.00659364848356889,-0.00105));
#11371=CARTESIAN_POINT('',(0.0109711310711163,-0.00671221095464179,-0.00117598319380569));
#11372=CARTESIAN_POINT('',(0.011027142927486,-0.00684583849367342,-0.00129342301783811));
#11373=CARTESIAN_POINT('',(0.0110559521258991,-0.00699957512497035,-0.0014));
#11374=CARTESIAN_POINT('',(0.0100734686297992,-0.00835184764616365,-0.00140000000000001));
#11375=CARTESIAN_POINT('',(0.00991835387290752,-0.00837195570201221,-0.00129342301783848));
#11376=CARTESIAN_POINT('',(0.0097739579156507,-0.00835997844149945,-0.00117598319380647));
#11377=CARTESIAN_POINT('',(0.00963786554948147,-0.00832480542257658,-0.00105000000000122));
#11378=CARTESIAN_POINT('',(0.00379125224973764,-0.0116682746342962,0.0001));
#11379=CARTESIAN_POINT('',(0.00379125224973764,-0.0116682746342962,-0.00105));
#11380=CARTESIAN_POINT('',(0.00290399916343643,-0.0123999042952921,-0.00105000000000122));
#11381=CARTESIAN_POINT('',(0.00493909619974016,-0.0117386611844504,-0.00105));
#11382=CARTESIAN_POINT('',(0.00493909619974016,-0.0117386611844504,-0.00105));
#11383=CARTESIAN_POINT('',(0.00493049287463367,-0.0118789617767048,-0.00117598319380571));
#11384=CARTESIAN_POINT('',(0.0048972631215803,-0.0120199916698255,-0.00129342301783813));
#11385=CARTESIAN_POINT('',(0.00483020612807742,-0.0121613008391603,-0.0014));
#11386=CARTESIAN_POINT('',(0.00324051443800186,-0.0126778229802036,-0.00139999999999999));
#11387=CARTESIAN_POINT('',(0.00310320474491809,-0.0126029165725951,-0.00129342301783846));
#11388=CARTESIAN_POINT('',(0.00299342601867057,-0.012508352951128,-0.00117598319380645));
#11389=CARTESIAN_POINT('',(0.00290399916343643,-0.0123999042952921,-0.00105000000000122));
#11390=CARTESIAN_POINT('',(-0.00379125224973763,-0.0116682746342962,0.0001));
#11391=CARTESIAN_POINT('',(-0.00379125224973763,-0.0116682746342962,-0.00105));
#11392=CARTESIAN_POINT('',(-0.00493909619974007,-0.0117386611844518,-0.00105000000000122));
#11393=CARTESIAN_POINT('',(-0.00290399916343555,-0.012399904295291,-0.00105));
#11394=CARTESIAN_POINT('',(-0.00290399916343556,-0.012399904295291,-0.00105));
#11395=CARTESIAN_POINT('',(-0.00299342601866985,-0.0125083529511274,-0.00117598319380571));
#11396=CARTESIAN_POINT('',(-0.00310320474491765,-0.0126029165725949,-0.00129342301783813));
#11397=CARTESIAN_POINT('',(-0.00324051443800186,-0.0126778229802036,-0.0014));
#11398=CARTESIAN_POINT('',(-0.00483020612807741,-0.0121613008391603,-0.0014));
#11399=CARTESIAN_POINT('',(-0.00489726312158008,-0.012019991669826,-0.00129342301783847));
#11400=CARTESIAN_POINT('',(-0.00493049287463344,-0.0118789617767057,-0.00117598319380646));
#11401=CARTESIAN_POINT('',(-0.00493909619974006,-0.0117386611844518,-0.00105000000000122));
#11402=CARTESIAN_POINT('',(-0.00992562724973763,-0.00721139031406329,0.0001));
#11403=CARTESIAN_POINT('',(-0.00992562724973763,-0.00721139031406329,-0.00105));
#11404=CARTESIAN_POINT('',(-0.0108956246883206,-0.0065936484835689,-0.00105));
#11405=CARTESIAN_POINT('',(-0.00963786554948015,-0.00832480542257624,-0.00105));
#11406=CARTESIAN_POINT('',(-0.00963786554948014,-0.00832480542257625,-0.00105000000000001));
#11407=CARTESIAN_POINT('',(-0.00977395791564976,-0.00835997844149939,-0.00117598319380571));
#11408=CARTESIAN_POINT('',(-0.009918353872907,-0.00837195570201229,-0.00129342301783813));
#11409=CARTESIAN_POINT('',(-0.0100734686297992,-0.00835184764616366,-0.0014));
#11410=CARTESIAN_POINT('',(-0.0110559521258991,-0.00699957512497036,-0.0014));
#11411=CARTESIAN_POINT('',(-0.011027142927486,-0.00684583849367343,-0.00129342301783811));
#11412=CARTESIAN_POINT('',(-0.0109711310711163,-0.0067122109546418,-0.00117598319380569));
#11413=CARTESIAN_POINT('',(-0.0108956246883206,-0.0065936484835689,-0.00105));
#11414=CARTESIAN_POINT('',(-0.01226875,-6.66784336078585E-18,0.0001));
#11415=CARTESIAN_POINT('',(-0.01226875,-6.66784336078585E-18,-0.00105));
#11416=CARTESIAN_POINT('',(-0.012690394874625,0.00106991382816676,-0.00105));
#11417=CARTESIAN_POINT('',(-0.012690394874625,-0.00106991382816677,-0.00105));
#11418=CARTESIAN_POINT('',(-0.012690394874625,-0.00106991382816677,-0.00105));
#11419=CARTESIAN_POINT('',(-0.0128211700934625,-0.00101837631243498,-0.00117598319380571));
#11420=CARTESIAN_POINT('',(-0.012945028933895,-0.00094319230556951,-0.00129342301783813));
#11421=CARTESIAN_POINT('',(-0.0130587001896191,-0.000835750380149976,-0.0014));
#11422=CARTESIAN_POINT('',(-0.0130587001896191,0.000835750380149963,-0.0014));
#11423=CARTESIAN_POINT('',(-0.012945028933895,0.000943192305569497,-0.00129342301783813));
#11424=CARTESIAN_POINT('',(-0.0128211700934625,0.00101837631243496,-0.00117598319380571));
#11425=CARTESIAN_POINT('',(-0.012690394874625,0.00106991382816676,-0.00105));
#11426=CARTESIAN_POINT('',(-0.00992562724973764,0.00721139031406328,0.0001));
#11427=CARTESIAN_POINT('',(-0.00992562724973764,0.00721139031406328,-0.00105));
#11428=CARTESIAN_POINT('',(-0.00963786554948147,0.00832480542257657,-0.00105000000000122));
#11429=CARTESIAN_POINT('',(-0.0108956246883206,0.00659364848356889,-0.00105));
#11430=CARTESIAN_POINT('',(-0.0108956246883206,0.00659364848356889,-0.00105));
#11431=CARTESIAN_POINT('',(-0.0109711310711163,0.0067122109546418,-0.0011759831938057));
#11432=CARTESIAN_POINT('',(-0.011027142927486,0.00684583849367344,-0.00129342301783812));
#11433=CARTESIAN_POINT('',(-0.0110559521258991,0.00699957512497035,-0.0014));
#11434=CARTESIAN_POINT('',(-0.0100734686297992,0.00835184764616365,-0.00140000000000001));
#11435=CARTESIAN_POINT('',(-0.00991835387290752,0.00837195570201221,-0.00129342301783848));
#11436=CARTESIAN_POINT('',(-0.0097739579156507,0.00835997844149945,-0.00117598319380647));
#11437=CARTESIAN_POINT('',(-0.00963786554948147,0.00832480542257658,-0.00105000000000122));
#11438=CARTESIAN_POINT('',(-0.00379125224973765,0.0116682746342962,0.0001));
#11439=CARTESIAN_POINT('',(-0.00379125224973765,0.0116682746342962,-0.00105));
#11440=CARTESIAN_POINT('',(-0.00290399916343557,0.012399904295291,-0.00105));
#11441=CARTESIAN_POINT('',(-0.00493909619974016,0.0117386611844504,-0.00105));
#11442=CARTESIAN_POINT('',(-0.00493909619974016,0.0117386611844504,-0.00105));
#11443=CARTESIAN_POINT('',(-0.00493049287463367,0.0118789617767048,-0.00117598319380571));
#11444=CARTESIAN_POINT('',(-0.00489726312158031,0.0120199916698255,-0.00129342301783813));
#11445=CARTESIAN_POINT('',(-0.00483020612807742,0.0121613008391603,-0.0014));
#11446=CARTESIAN_POINT('',(-0.00324051443800187,0.0126778229802036,-0.0014));
#11447=CARTESIAN_POINT('',(-0.00310320474491766,0.0126029165725948,-0.00129342301783813));
#11448=CARTESIAN_POINT('',(-0.00299342601866986,0.0125083529511274,-0.00117598319380571));
#11449=CARTESIAN_POINT('',(-0.00290399916343557,0.012399904295291,-0.00105));
#11450=CARTESIAN_POINT('',(0.00379125224973763,0.0116682746342962,0.0001));
#11451=CARTESIAN_POINT('',(0.00379125224973763,0.0116682746342962,-0.00105));
#11452=CARTESIAN_POINT('',(0.00493909619974015,0.0117386611844504,-0.00105));
#11453=CARTESIAN_POINT('',(0.00290399916343555,0.012399904295291,-0.00105));
#11454=CARTESIAN_POINT('',(0.00290399916343556,0.012399904295291,-0.00105));
#11455=CARTESIAN_POINT('',(0.00299342601866985,0.0125083529511274,-0.0011759831938057));
#11456=CARTESIAN_POINT('',(0.00310320474491764,0.0126029165725948,-0.00129342301783812));
#11457=CARTESIAN_POINT('',(0.00324051443800186,0.0126778229802036,-0.0014));
#11458=CARTESIAN_POINT('',(0.00483020612807741,0.0121613008391603,-0.0014));
#11459=CARTESIAN_POINT('',(0.0048972631215803,0.0120199916698255,-0.00129342301783812));
#11460=CARTESIAN_POINT('',(0.00493049287463366,0.0118789617767048,-0.0011759831938057));
#11461=CARTESIAN_POINT('',(0.00493909619974015,0.0117386611844504,-0.00105));
#11462=CARTESIAN_POINT('',(0.00992562724973763,0.00721139031406329,0.0001));
#11463=CARTESIAN_POINT('',(0.00992562724973763,0.00721139031406329,-0.00105));
#11464=CARTESIAN_POINT('',(0.0108956246883213,0.00659364848357005,-0.00105000000000122));
#11465=CARTESIAN_POINT('',(0.00963786554948015,0.00832480542257624,-0.00105));
#11466=CARTESIAN_POINT('',(0.00963786554948014,0.00832480542257625,-0.00105000000000001));
#11467=CARTESIAN_POINT('',(0.00977395791564976,0.00835997844149939,-0.00117598319380571));
#11468=CARTESIAN_POINT('',(0.009918353872907,0.00837195570201229,-0.00129342301783813));
#11469=CARTESIAN_POINT('',(0.0100734686297992,0.00835184764616366,-0.0014));
#11470=CARTESIAN_POINT('',(0.0110559521258991,0.00699957512497036,-0.0014));
#11471=CARTESIAN_POINT('',(0.0110271429274861,0.00684583849367394,-0.00129342301783847));
#11472=CARTESIAN_POINT('',(0.0109711310711166,0.00671221095464268,-0.00117598319380646));
#11473=CARTESIAN_POINT('',(0.0108956246883213,0.00659364848357005,-0.00105000000000122));
#11474=CARTESIAN_POINT('',(0.01226875,4.93311988480905E-18,0.0001));
#11475=CARTESIAN_POINT('',(0.01226875,4.93311988480905E-18,-0.00105));
#11476=CARTESIAN_POINT('',(0.012690394874625,-0.00106991382816676,-0.00105));
#11477=CARTESIAN_POINT('',(0.012690394874625,0.00106991382816677,-0.00105));
#11478=CARTESIAN_POINT('',(0.012690394874625,0.00106991382816677,-0.00105));
#11479=CARTESIAN_POINT('',(0.0128211700934625,0.00101837631243497,-0.00117598319380571));
#11480=CARTESIAN_POINT('',(0.012945028933895,0.000943192305569508,-0.00129342301783813));
#11481=CARTESIAN_POINT('',(0.0130587001896191,0.000835750380149975,-0.0014));
#11482=CARTESIAN_POINT('',(0.0130587001896191,-0.000835750380149964,-0.0014));
#11483=CARTESIAN_POINT('',(0.012945028933895,-0.000943192305569498,-0.00129342301783813));
#11484=CARTESIAN_POINT('',(0.0128211700934625,-0.00101837631243496,-0.00117598319380571));
#11485=CARTESIAN_POINT('',(0.012690394874625,-0.00106991382816676,-0.00105));
#11486=CARTESIAN_POINT('',(-0.00379125224973763,-0.0116682746342962,-0.00105));
#11487=CARTESIAN_POINT('',(-0.00379125224973763,-0.0116682746342962,-0.00095));
#11488=CARTESIAN_POINT('',(-0.00284314613553988,-0.0123113879961701,-0.00095));
#11489=CARTESIAN_POINT('',(-0.00264741772743959,-0.0116039117132995,-0.00095));
#11490=CARTESIAN_POINT('',(-0.00284314613553989,-0.0123113879961701,-0.00095));
#11491=CARTESIAN_POINT('',(-0.00286048307945727,-0.0123422255486726,-0.000983947795322168));
#11492=CARTESIAN_POINT('',(-0.00288077054605401,-0.0123717347669612,-0.00101727587705337));
#11493=CARTESIAN_POINT('',(-0.00290399916343556,-0.012399904295291,-0.00105));
#11494=CARTESIAN_POINT('',(-0.00493909619974006,-0.0117386611844518,-0.00105000000000122));
#11495=CARTESIAN_POINT('',(-0.00494133091264139,-0.011702218118581,-0.00101727587705421));
#11496=CARTESIAN_POINT('',(-0.00494039873457424,-0.0116664199858224,-0.000983947795322607));
#11497=CARTESIAN_POINT('',(-0.00493629875825616,-0.0116312814818281,-0.000950000000000001));
#11498=CARTESIAN_POINT('',(-0.00493629875825616,-0.0116312814818281,-0.00095));
#11499=CARTESIAN_POINT('',(-0.00379125224973763,-0.0116682746342962,-0.00095));
#11500=CARTESIAN_POINT('',(-0.0046788022412732,-0.0109438748741325,-0.00095));
#11501=CARTESIAN_POINT('',(-0.00461261611254217,-0.0108633762525865,-0.00104999999999999));
#11502=CARTESIAN_POINT('',(-0.00463733157917661,-0.0108885973135393,-0.00101712539445044));
#11503=CARTESIAN_POINT('',(-0.00465939088481076,-0.010915427392067,-0.000983787999215639));
#11504=CARTESIAN_POINT('',(-0.00467880224127319,-0.0109438748741325,-0.000949999999999996));
#11505=CARTESIAN_POINT('',(-0.00264741772743959,-0.0116039117132995,-0.00094999999999999));
#11506=CARTESIAN_POINT('',(-0.00264640083427864,-0.0115694875078059,-0.000983787999215461));
#11507=CARTESIAN_POINT('',(-0.00264847686294431,-0.011534815383789,-0.00101712539445026));
#11508=CARTESIAN_POINT('',(-0.0026536475278003,-0.0114998837300707,-0.00104999999999999));
#11509=CARTESIAN_POINT('',(0.00379125224973764,-0.0116682746342962,-0.00105));
#11510=CARTESIAN_POINT('',(0.00379125224973764,-0.0116682746342962,-0.00095));
#11511=CARTESIAN_POINT('',(0.00493629875825617,-0.0116312814818281,-0.00095));
#11512=CARTESIAN_POINT('',(0.00467880224127321,-0.0109438748741325,-0.00095));
#11513=CARTESIAN_POINT('',(0.00493629875825617,-0.0116312814818281,-0.000950000000000003));
#11514=CARTESIAN_POINT('',(0.00494039873457419,-0.0116664199858219,-0.00098394779532217));
#11515=CARTESIAN_POINT('',(0.00494133091264138,-0.0117022181185801,-0.00101727587705337));
#11516=CARTESIAN_POINT('',(0.00493909619974016,-0.0117386611844504,-0.00105));
#11517=CARTESIAN_POINT('',(0.00290399916343643,-0.0123999042952921,-0.00105000000000122));
#11518=CARTESIAN_POINT('',(0.00288077054605454,-0.012371734766962,-0.00101727587705421));
#11519=CARTESIAN_POINT('',(0.00286048307945751,-0.012342225548673,-0.000983947795322607));
#11520=CARTESIAN_POINT('',(0.0028431461355399,-0.0123113879961701,-0.000950000000000002));
#11521=CARTESIAN_POINT('',(0.00284314613553989,-0.0123113879961701,-0.00095));
#11522=CARTESIAN_POINT('',(0.00379125224973764,-0.0116682746342962,-0.00095));
#11523=CARTESIAN_POINT('',(0.0026474177274396,-0.0116039117132995,-0.00095));
#11524=CARTESIAN_POINT('',(0.00265364752780031,-0.0114998837300707,-0.00104999999999999));
#11525=CARTESIAN_POINT('',(0.00264847686294434,-0.0115348153837889,-0.00101712539445044));
#11526=CARTESIAN_POINT('',(0.00264640083427864,-0.0115694875078058,-0.000983787999215642));
#11527=CARTESIAN_POINT('',(0.0026474177274396,-0.0116039117132995,-0.00095));
#11528=CARTESIAN_POINT('',(0.0046788022412732,-0.0109438748741325,-0.000949999999999995));
#11529=CARTESIAN_POINT('',(0.00465939088481087,-0.0109154273920671,-0.000983787999215462));
#11530=CARTESIAN_POINT('',(0.00463733157917675,-0.0108885973135394,-0.00101712539445026));
#11531=CARTESIAN_POINT('',(0.00461261611254218,-0.0108633762525865,-0.00104999999999999));
#11532=CARTESIAN_POINT('',(0.00992562724973764,-0.00721139031406328,-0.00105));
#11533=CARTESIAN_POINT('',(0.00963786554948147,-0.00832480542257658,-0.00105000000000122));
#11534=CARTESIAN_POINT('',(0.00960251556994722,-0.00831566923416223,-0.00101727587705422));
#11535=CARTESIAN_POINT('',(0.00956875758138044,-0.00830372044874781,-0.00098394779532261));
#11536=CARTESIAN_POINT('',(0.00953660584054262,-0.00828896274466269,-0.000950000000000005));
#11537=CARTESIAN_POINT('',(0.00953660584054263,-0.00828896274466269,-0.00095));
#11538=CARTESIAN_POINT('',(0.00992562724973764,-0.00721139031406328,-0.00095));
#11539=CARTESIAN_POINT('',(0.00896241410668948,-0.00783164868043917,-0.00095));
#11540=CARTESIAN_POINT('',(0.0089063080066852,-0.00774382648933971,-0.00104999999999999));
#11541=CARTESIAN_POINT('',(0.00892265716183825,-0.00777512603138625,-0.00101712539445044));
#11542=CARTESIAN_POINT('',(0.00894135738252968,-0.00780439662798003,-0.000983787999215637));
#11543=CARTESIAN_POINT('',(0.00896241410668948,-0.00783164868043916,-0.000949999999999991));
#11544=CARTESIAN_POINT('',(0.0102178787804588,-0.0061036498016728,-0.000949999999999996));
#11545=CARTESIAN_POINT('',(0.0101854536527741,-0.00609204501429032,-0.000983787999215465));
#11546=CARTESIAN_POINT('',(0.0101518369751555,-0.00608330515932853,-0.00101712539445027));
#11547=CARTESIAN_POINT('',(0.0101170171749489,-0.0060774282791928,-0.00104999999999999));
#11548=CARTESIAN_POINT('',(0.0102178787804588,-0.00610364980167279,-0.00095));
#11549=CARTESIAN_POINT('',(0.00992562724973764,-0.00721139031406328,-0.00095));
#11550=CARTESIAN_POINT('',(0.0108302453050223,-0.0065084207741449,-0.00095));
#11551=CARTESIAN_POINT('',(0.0108302453050223,-0.0065084207741449,-0.000950000000000001));
#11552=CARTESIAN_POINT('',(0.0108542161499753,-0.00653443851541834,-0.000983947795322166));
#11553=CARTESIAN_POINT('',(0.0108760119123683,-0.00656285189266621,-0.00101727587705336));
#11554=CARTESIAN_POINT('',(0.0108956246883206,-0.00659364848356889,-0.00105));
#11555=CARTESIAN_POINT('',(0.01226875,4.93311988480905E-18,-0.00105));
#11556=CARTESIAN_POINT('',(0.012690394874625,-0.00106991382816676,-0.00105));
#11557=CARTESIAN_POINT('',(0.0126564260236193,-0.00108330069311457,-0.00101727587705338));
#11558=CARTESIAN_POINT('',(0.0126220919173239,-0.0010934763704786,-0.000983947795322188));
#11559=CARTESIAN_POINT('',(0.0125874062517688,-0.0011004354561757,-0.000950000000000006));
#11560=CARTESIAN_POINT('',(0.0125874062517688,-0.0011004354561757,-0.00095));
#11561=CARTESIAN_POINT('',(0.01226875,4.93311988480905E-18,-0.00095));
#11562=CARTESIAN_POINT('',(0.0118540729184355,-0.00106796203959932,-0.00095));
#11563=CARTESIAN_POINT('',(0.0117570615412917,-0.00102989073266278,-0.00104999999999999));
#11564=CARTESIAN_POINT('',(0.0117886856948726,-0.00104560280180817,-0.00101712539445044));
#11565=CARTESIAN_POINT('',(0.0118210193162142,-0.001058291497951,-0.000983787999215638));
#11566=CARTESIAN_POINT('',(0.0118540729184355,-0.00106796203959932,-0.000949999999999993));
#11567=CARTESIAN_POINT('',(0.0118540729184355,0.00106796203959933,-0.000949999999999992));
#11568=CARTESIAN_POINT('',(0.0118210193162143,0.00105829149795106,-0.000983787999215464));
#11569=CARTESIAN_POINT('',(0.0117886856948728,0.00104560280180826,-0.00101712539445027));
#11570=CARTESIAN_POINT('',(0.0117570615412917,0.00102989073266279,-0.00105));
#11571=CARTESIAN_POINT('',(0.0118540729184355,0.00106796203959933,-0.00095));
#11572=CARTESIAN_POINT('',(0.01226875,4.93311988480905E-18,-0.00095));
#11573=CARTESIAN_POINT('',(0.0125874062517688,0.00110043545617571,-0.00095));
#11574=CARTESIAN_POINT('',(0.0125874062517688,0.00110043545617571,-0.000950000000000007));
#11575=CARTESIAN_POINT('',(0.0126220919173238,0.00109347637047862,-0.000983947795322172));
#11576=CARTESIAN_POINT('',(0.0126564260236193,0.00108330069311459,-0.00101727587705337));
#11577=CARTESIAN_POINT('',(0.012690394874625,0.00106991382816677,-0.00105));
#11578=CARTESIAN_POINT('',(0.00992562724973763,0.00721139031406329,-0.00105));
#11579=CARTESIAN_POINT('',(0.0108956246883213,0.00659364848357005,-0.00105000000000122));
#11580=CARTESIAN_POINT('',(0.0108760119123688,0.00656285189266695,-0.00101727587705421));
#11581=CARTESIAN_POINT('',(0.0108542161499756,0.00653443851541869,-0.000983947795322609));
#11582=CARTESIAN_POINT('',(0.0108302453050223,0.00650842077414491,-0.000950000000000002));
#11583=CARTESIAN_POINT('',(0.0108302453050223,0.00650842077414491,-0.00095));
#11584=CARTESIAN_POINT('',(0.00992562724973763,0.00721139031406329,-0.00095));
#11585=CARTESIAN_POINT('',(0.0102178787804588,0.0061036498016728,-0.00095));
#11586=CARTESIAN_POINT('',(0.0101170171749489,0.00607742827919281,-0.00105));
#11587=CARTESIAN_POINT('',(0.0101518369751553,0.00608330515932851,-0.00101712539445044));
#11588=CARTESIAN_POINT('',(0.0101854536527739,0.00609204501429027,-0.00098378799921564));
#11589=CARTESIAN_POINT('',(0.0102178787804588,0.00610364980167281,-0.000949999999999993));
#11590=CARTESIAN_POINT('',(0.00896241410668947,0.00783164868043917,-0.00094999999999999));
#11591=CARTESIAN_POINT('',(0.00894135738252978,0.00780439662798018,-0.000983787999215459));
#11592=CARTESIAN_POINT('',(0.00892265716183833,0.00777512603138642,-0.00101712539445026));
#11593=CARTESIAN_POINT('',(0.00890630800668519,0.00774382648933973,-0.00104999999999999));
#11594=CARTESIAN_POINT('',(0.00896241410668947,0.00783164868043918,-0.00095));
#11595=CARTESIAN_POINT('',(0.00992562724973763,0.00721139031406329,-0.00095));
#11596=CARTESIAN_POINT('',(0.00953660584054262,0.0082889627446627,-0.00095));
#11597=CARTESIAN_POINT('',(0.00953660584054261,0.0082889627446627,-0.000950000000000005));
#11598=CARTESIAN_POINT('',(0.00956875758138002,0.00830372044874762,-0.000983947795322172));
#11599=CARTESIAN_POINT('',(0.00960251556994636,0.00831566923416194,-0.00101727587705337));
#11600=CARTESIAN_POINT('',(0.00963786554948014,0.00832480542257625,-0.00105));
#11601=CARTESIAN_POINT('',(-0.00992562724973763,-0.00721139031406329,-0.00105));
#11602=CARTESIAN_POINT('',(-0.00992562724973763,-0.00721139031406329,-0.00095));
#11603=CARTESIAN_POINT('',(-0.00953660584054262,-0.0082889627446627,-0.00095));
#11604=CARTESIAN_POINT('',(-0.00896241410668947,-0.00783164868043918,-0.00095));
#11605=CARTESIAN_POINT('',(-0.00953660584054261,-0.0082889627446627,-0.000950000000000005));
#11606=CARTESIAN_POINT('',(-0.00956875758138002,-0.00830372044874762,-0.000983947795322172));
#11607=CARTESIAN_POINT('',(-0.00960251556994636,-0.00831566923416194,-0.00101727587705337));
#11608=CARTESIAN_POINT('',(-0.00963786554948014,-0.00832480542257625,-0.00105));
#11609=CARTESIAN_POINT('',(-0.0108956246883206,-0.0065936484835689,-0.00105));
#11610=CARTESIAN_POINT('',(-0.0108760119123683,-0.00656285189266624,-0.00101727587705338));
#11611=CARTESIAN_POINT('',(-0.0108542161499753,-0.00653443851541837,-0.000983947795322184));
#11612=CARTESIAN_POINT('',(-0.0108302453050223,-0.00650842077414491,-0.000950000000000002));
#11613=CARTESIAN_POINT('',(-0.0108302453050223,-0.00650842077414491,-0.00095));
#11614=CARTESIAN_POINT('',(-0.00992562724973763,-0.00721139031406329,-0.00095));
#11615=CARTESIAN_POINT('',(-0.0102178787804588,-0.0061036498016728,-0.00095));
#11616=CARTESIAN_POINT('',(-0.0101170171749489,-0.00607742827919281,-0.00105));
#11617=CARTESIAN_POINT('',(-0.0101518369751553,-0.00608330515932851,-0.00101712539445044));
#11618=CARTESIAN_POINT('',(-0.0101854536527739,-0.00609204501429027,-0.00098378799921564));
#11619=CARTESIAN_POINT('',(-0.0102178787804588,-0.00610364980167281,-0.000949999999999993));
#11620=CARTESIAN_POINT('',(-0.00896241410668947,-0.00783164868043917,-0.000949999999999991));
#11621=CARTESIAN_POINT('',(-0.00894135738252978,-0.00780439662798018,-0.000983787999215461));
#11622=CARTESIAN_POINT('',(-0.00892265716183833,-0.00777512603138642,-0.00101712539445026));
#11623=CARTESIAN_POINT('',(-0.00890630800668519,-0.00774382648933972,-0.00104999999999999));
#11624=CARTESIAN_POINT('',(-0.01226875,-6.66784336078585E-18,-0.00105));
#11625=CARTESIAN_POINT('',(-0.01226875,-6.66784336078585E-18,-0.00095));
#11626=CARTESIAN_POINT('',(-0.0125874062517688,-0.00110043545617571,-0.00095));
#11627=CARTESIAN_POINT('',(-0.0118540729184355,-0.00106796203959933,-0.00095));
#11628=CARTESIAN_POINT('',(-0.0125874062517688,-0.00110043545617571,-0.000950000000000006));
#11629=CARTESIAN_POINT('',(-0.0126220919173238,-0.00109347637047862,-0.000983947795322171));
#11630=CARTESIAN_POINT('',(-0.0126564260236193,-0.00108330069311459,-0.00101727587705337));
#11631=CARTESIAN_POINT('',(-0.012690394874625,-0.00106991382816677,-0.00105));
#11632=CARTESIAN_POINT('',(-0.012690394874625,0.00106991382816676,-0.00105));
#11633=CARTESIAN_POINT('',(-0.0126564260236193,0.00108330069311457,-0.00101727587705338));
#11634=CARTESIAN_POINT('',(-0.0126220919173239,0.0010934763704786,-0.000983947795322187));
#11635=CARTESIAN_POINT('',(-0.0125874062517688,0.0011004354561757,-0.000950000000000005));
#11636=CARTESIAN_POINT('',(-0.0125874062517688,0.0011004354561757,-0.00095));
#11637=CARTESIAN_POINT('',(-0.01226875,-6.66784336078585E-18,-0.00095));
#11638=CARTESIAN_POINT('',(-0.0118540729184355,0.00106796203959932,-0.00095));
#11639=CARTESIAN_POINT('',(-0.0117570615412912,0.00102989073266253,-0.00105000000000053));
#11640=CARTESIAN_POINT('',(-0.0117886856948723,0.00104560280180803,-0.0010171253944508));
#11641=CARTESIAN_POINT('',(-0.011821019316214,0.00105829149795095,-0.000983787999215821));
#11642=CARTESIAN_POINT('',(-0.0118540729184355,0.00106796203959931,-0.000949999999999993));
#11643=CARTESIAN_POINT('',(-0.0118540729184355,-0.00106796203959933,-0.000949999999999991));
#11644=CARTESIAN_POINT('',(-0.0118210193162144,-0.00105829149795106,-0.000983787999215461));
#11645=CARTESIAN_POINT('',(-0.0117886856948728,-0.00104560280180826,-0.00101712539445026));
#11646=CARTESIAN_POINT('',(-0.0117570615412917,-0.00102989073266279,-0.00104999999999999));
#11647=CARTESIAN_POINT('',(-0.00992562724973764,0.00721139031406328,-0.00105));
#11648=CARTESIAN_POINT('',(-0.00992562724973764,0.00721139031406328,-0.00095));
#11649=CARTESIAN_POINT('',(-0.0108302453050223,0.0065084207741449,-0.00095));
#11650=CARTESIAN_POINT('',(-0.0102178787804588,0.00610364980167279,-0.00095));
#11651=CARTESIAN_POINT('',(-0.0108302453050223,0.0065084207741449,-0.000950000000000001));
#11652=CARTESIAN_POINT('',(-0.0108542161499753,0.00653443851541835,-0.000983947795322167));
#11653=CARTESIAN_POINT('',(-0.0108760119123683,0.00656285189266621,-0.00101727587705337));
#11654=CARTESIAN_POINT('',(-0.0108956246883206,0.00659364848356889,-0.00105));
#11655=CARTESIAN_POINT('',(-0.00963786554948147,0.00832480542257658,-0.00105000000000122));
#11656=CARTESIAN_POINT('',(-0.00960251556994722,0.00831566923416223,-0.00101727587705421));
#11657=CARTESIAN_POINT('',(-0.00956875758138044,0.00830372044874781,-0.00098394779532261));
#11658=CARTESIAN_POINT('',(-0.00953660584054262,0.00828896274466269,-0.000950000000000005));
#11659=CARTESIAN_POINT('',(-0.00953660584054263,0.00828896274466269,-0.00095));
#11660=CARTESIAN_POINT('',(-0.00992562724973764,0.00721139031406328,-0.00095));
#11661=CARTESIAN_POINT('',(-0.00896241410668948,0.00783164868043917,-0.00095));
#11662=CARTESIAN_POINT('',(-0.00890630800668493,0.00774382648933921,-0.00105000000000052));
#11663=CARTESIAN_POINT('',(-0.00892265716183805,0.00777512603138593,-0.00101712539445079));
#11664=CARTESIAN_POINT('',(-0.00894135738252957,0.00780439662797989,-0.000983787999215817));
#11665=CARTESIAN_POINT('',(-0.00896241410668948,0.00783164868043916,-0.000949999999999991));
#11666=CARTESIAN_POINT('',(-0.0102178787804588,0.0061036498016728,-0.000949999999999996));
#11667=CARTESIAN_POINT('',(-0.0101854536527741,0.00609204501429032,-0.000983787999215465));
#11668=CARTESIAN_POINT('',(-0.0101518369751555,0.00608330515932853,-0.00101712539445027));
#11669=CARTESIAN_POINT('',(-0.010117017174949,0.0060774282791928,-0.00104999999999999));
#11670=CARTESIAN_POINT('',(-0.00379125224973765,0.0116682746342962,-0.00105));
#11671=CARTESIAN_POINT('',(-0.00379125224973765,0.0116682746342962,-0.00095));
#11672=CARTESIAN_POINT('',(-0.00493629875825617,0.0116312814818281,-0.00095));
#11673=CARTESIAN_POINT('',(-0.00467880224127321,0.0109438748741325,-0.00095));
#11674=CARTESIAN_POINT('',(-0.00493629875825617,0.0116312814818281,-0.000950000000000004));
#11675=CARTESIAN_POINT('',(-0.0049403987345742,0.0116664199858219,-0.00098394779532217));
#11676=CARTESIAN_POINT('',(-0.00494133091264138,0.0117022181185801,-0.00101727587705337));
#11677=CARTESIAN_POINT('',(-0.00493909619974016,0.0117386611844504,-0.00105));
#11678=CARTESIAN_POINT('',(-0.00290399916343557,0.012399904295291,-0.00105));
#11679=CARTESIAN_POINT('',(-0.00288077054605404,0.0123717347669612,-0.00101727587705339));
#11680=CARTESIAN_POINT('',(-0.00286048307945729,0.0123422255486726,-0.000983947795322187));
#11681=CARTESIAN_POINT('',(-0.0028431461355399,0.0123113879961701,-0.000950000000000002));
#11682=CARTESIAN_POINT('',(-0.0028431461355399,0.0123113879961701,-0.00095));
#11683=CARTESIAN_POINT('',(-0.00379125224973765,0.0116682746342962,-0.00095));
#11684=CARTESIAN_POINT('',(-0.0026474177274396,0.0116039117132995,-0.00095));
#11685=CARTESIAN_POINT('',(-0.00265364752780031,0.0114998837300707,-0.00104999999999999));
#11686=CARTESIAN_POINT('',(-0.00264847686294435,0.0115348153837889,-0.00101712539445043));
#11687=CARTESIAN_POINT('',(-0.00264640083427865,0.0115694875078058,-0.000983787999215635));
#11688=CARTESIAN_POINT('',(-0.00264741772743961,0.0116039117132995,-0.000949999999999989));
#11689=CARTESIAN_POINT('',(-0.0046788022412732,0.0109438748741325,-0.000949999999999995));
#11690=CARTESIAN_POINT('',(-0.00465939088481088,0.0109154273920671,-0.000983787999215463));
#11691=CARTESIAN_POINT('',(-0.00463733157917675,0.0108885973135394,-0.00101712539445026));
#11692=CARTESIAN_POINT('',(-0.00461261611254218,0.0108633762525865,-0.00104999999999999));
#11693=CARTESIAN_POINT('',(0.00379125224973763,0.0116682746342962,-0.00105));
#11694=CARTESIAN_POINT('',(0.00493909619974015,0.0117386611844504,-0.00105));
#11695=CARTESIAN_POINT('',(0.00494133091264137,0.0117022181185801,-0.00101727587705338));
#11696=CARTESIAN_POINT('',(0.00494039873457418,0.0116664199858219,-0.000983947795322185));
#11697=CARTESIAN_POINT('',(0.00493629875825616,0.0116312814818281,-0.000950000000000001));
#11698=CARTESIAN_POINT('',(0.00493629875825616,0.0116312814818281,-0.00095));
#11699=CARTESIAN_POINT('',(0.00379125224973763,0.0116682746342962,-0.00095));
#11700=CARTESIAN_POINT('',(0.0046788022412732,0.0109438748741325,-0.00095));
#11701=CARTESIAN_POINT('',(0.00461261611254177,0.0108633762525861,-0.00105000000000052));
#11702=CARTESIAN_POINT('',(0.00463733157917637,0.010888597313539,-0.00101712539445079));
#11703=CARTESIAN_POINT('',(0.00465939088481066,0.0109154273920668,-0.000983787999215821));
#11704=CARTESIAN_POINT('',(0.00467880224127319,0.0109438748741325,-0.000949999999999997));
#11705=CARTESIAN_POINT('',(0.00264741772743959,0.0116039117132995,-0.00094999999999999));
#11706=CARTESIAN_POINT('',(0.00264640083427864,0.0115694875078059,-0.000983787999215461));
#11707=CARTESIAN_POINT('',(0.00264847686294431,0.011534815383789,-0.00101712539445026));
#11708=CARTESIAN_POINT('',(0.0026536475278003,0.0114998837300707,-0.00104999999999999));
#11709=CARTESIAN_POINT('',(0.00264741772743959,0.0116039117132995,-0.00095));
#11710=CARTESIAN_POINT('',(0.00379125224973763,0.0116682746342962,-0.00095));
#11711=CARTESIAN_POINT('',(0.00284314613553988,0.0123113879961701,-0.00095));
#11712=CARTESIAN_POINT('',(0.00284314613553989,0.0123113879961701,-0.00095));
#11713=CARTESIAN_POINT('',(0.00286048307945727,0.0123422255486726,-0.000983947795322167));
#11714=CARTESIAN_POINT('',(0.00288077054605401,0.0123717347669612,-0.00101727587705337));
#11715=CARTESIAN_POINT('',(0.00290399916343556,0.012399904295291,-0.00105));
#11716=CARTESIAN_POINT('',(0.,1.62265700887024E-19,-0.00095));
#11717=CARTESIAN_POINT('',(0.,1.62265700887024E-19,-0.00095));
#11718=CARTESIAN_POINT('',(0.,1.62265700887024E-19,-0.00095));
#11719=CARTESIAN_POINT('',(0.,1.62265700887024E-19,-0.0014));
#11720=CARTESIAN_POINT('',(0.,1.62265700887024E-19,-0.0014));
#11721=CARTESIAN_POINT('',(0.,1.62265700887024E-19,-0.00095));
#11722=CARTESIAN_POINT('',(0.,1.62265700887024E-19,-0.00095));
#11723=CARTESIAN_POINT('',(0.,1.62265700887024E-19,-0.00095));
#11724=CARTESIAN_POINT('',(0.,1.62265700887024E-19,-0.0014));
#11725=CARTESIAN_POINT('',(0.,1.62265700887024E-19,-0.0014));
#11726=CARTESIAN_POINT('',(0.,1.62265700887024E-19,-0.00095));
#11727=CARTESIAN_POINT('',(0.,1.62265700887024E-19,-0.00095));
#11728=CARTESIAN_POINT('',(0.,1.62265700887024E-19,-0.00095));
#11729=CARTESIAN_POINT('',(0.,1.62265700887024E-19,-0.0014));
#11730=CARTESIAN_POINT('',(0.,1.62265700887024E-19,-0.0014));
#11731=CARTESIAN_POINT('',(0.,1.62265700887024E-19,-0.00095));
#11732=CARTESIAN_POINT('',(0.,1.62265700887024E-19,-0.00095));
#11733=CARTESIAN_POINT('',(0.,1.62265700887024E-19,-0.00095));
#11734=CARTESIAN_POINT('',(0.,1.62265700887024E-19,-0.0014));
#11735=CARTESIAN_POINT('',(0.,1.62265700887024E-19,-0.0014));
#11736=CARTESIAN_POINT('',(0.,1.62265700887024E-19,-0.00095));
#11737=CARTESIAN_POINT('',(0.,1.62265700887024E-19,-0.00095));
#11738=CARTESIAN_POINT('',(0.,1.62265700887024E-19,-0.00095));
#11739=CARTESIAN_POINT('',(0.,1.62265700887024E-19,-0.0014));
#11740=CARTESIAN_POINT('',(0.,1.62265700887024E-19,-0.0014));
#11741=CARTESIAN_POINT('',(0.,1.62265700887024E-19,-0.00095));
#11742=CARTESIAN_POINT('',(0.,1.62265700887024E-19,-0.00095));
#11743=CARTESIAN_POINT('',(0.,1.62265700887024E-19,-0.00095));
#11744=CARTESIAN_POINT('',(0.,1.62265700887024E-19,-0.0014));
#11745=CARTESIAN_POINT('',(0.,1.62265700887024E-19,-0.0014));
#11746=CARTESIAN_POINT('',(0.,1.62265700887024E-19,-0.00095));
#11747=CARTESIAN_POINT('',(0.,1.62265700887024E-19,-0.00095));
#11748=CARTESIAN_POINT('',(0.,1.62265700887024E-19,-0.00095));
#11749=CARTESIAN_POINT('',(0.,1.62265700887024E-19,-0.0014));
#11750=CARTESIAN_POINT('',(0.,1.62265700887024E-19,-0.0014));
#11751=CARTESIAN_POINT('',(0.,1.62265700887024E-19,-0.00095));
#11752=CARTESIAN_POINT('',(0.,1.62265700887024E-19,-0.00095));
#11753=CARTESIAN_POINT('',(0.,1.62265700887024E-19,-0.00095));
#11754=CARTESIAN_POINT('',(0.,1.62265700887024E-19,-0.0014));
#11755=CARTESIAN_POINT('',(0.,1.62265700887024E-19,-0.0014));
#11756=CARTESIAN_POINT('',(0.,1.62265700887024E-19,-0.00095));
#11757=CARTESIAN_POINT('',(0.,1.62265700887024E-19,-0.00095));
#11758=CARTESIAN_POINT('',(0.,1.62265700887024E-19,-0.00095));
#11759=CARTESIAN_POINT('',(0.,1.62265700887024E-19,-0.0014));
#11760=CARTESIAN_POINT('',(0.,1.62265700887024E-19,-0.0014));
#11761=CARTESIAN_POINT('',(0.,1.62265700887024E-19,-0.0014));
#11762=CARTESIAN_POINT('',(0.,1.62265700887024E-19,-0.00095));
#11763=CARTESIAN_POINT('',(0.,1.62265700887024E-19,-0.0014));
#11764=CARTESIAN_POINT('',(0.,1.62265700887024E-19,-0.00095));
#11765=CARTESIAN_POINT('',(0.,1.62265700887024E-19,-0.00095));
#11766=MECHANICAL_DESIGN_GEOMETRIC_PRESENTATION_REPRESENTATION('',(#6365),
#11767);
#11767=(
GEOMETRIC_REPRESENTATION_CONTEXT(3)
GLOBAL_UNCERTAINTY_ASSIGNED_CONTEXT((#11768))
GLOBAL_UNIT_ASSIGNED_CONTEXT((#11771,#11770,#11769))
REPRESENTATION_CONTEXT('Wheel','TOP_LEVEL_ASSEMBLY_PART')
);
#11768=UNCERTAINTY_MEASURE_WITH_UNIT(LENGTH_MEASURE(2.E-5),#11771,
'DISTANCE_ACCURACY_VALUE','Maximum Tolerance applied to model');
#11769=(
NAMED_UNIT(*)
SI_UNIT($,.STERADIAN.)
SOLID_ANGLE_UNIT()
);
#11770=(
NAMED_UNIT(*)
PLANE_ANGLE_UNIT()
SI_UNIT($,.RADIAN.)
);
#11771=(
LENGTH_UNIT()
NAMED_UNIT(*)
SI_UNIT($,.METRE.)
);
#11772=PRODUCT_DEFINITION_SHAPE('','',#11773);
#11773=PRODUCT_DEFINITION('','',#11775,#11774);
#11774=PRODUCT_DEFINITION_CONTEXT('',#11781,'design');
#11775=PRODUCT_DEFINITION_FORMATION_WITH_SPECIFIED_SOURCE('','',#11777,
 .NOT_KNOWN.);
#11776=PRODUCT_RELATED_PRODUCT_CATEGORY('','',(#11777));
#11777=PRODUCT('Wheel','Wheel','Wheel',(#11779));
#11778=PRODUCT_CATEGORY('','');
#11779=PRODUCT_CONTEXT('',#11781,'mechanical');
#11780=APPLICATION_PROTOCOL_DEFINITION('international standard',
'ap242_managed_model_based_3d_engineering',2020,#11781);
#11781=APPLICATION_CONTEXT('managed model based 3d engineering');
ENDSEC;
END-ISO-10303-21;
