# OBJ generated by ONSHAPE BY PTC INC, 1.221 Units = meters
mtllib MunchMoir - Top.mtl
g Top
v -0.0235571 0.030569 0.0004 
v -0.0235633 0.0304743 0.0004 
v -0.0235736 0.0303799 0.0004 
v -0.0235881 0.0302861 0.0004 
v -0.0236066 0.0301931 0.0004 
v -0.0236291 0.0301009 0.0004 
v -0.0236557 0.0300098 0.0004 
v -0.0236862 0.0299199 0.0004 
v -0.0237206 0.0298315 0.0004 
v -0.0237588 0.0297446 0.0004 
v -0.0238008 0.0296595 0.0004 
v -0.0238464 0.0295763 0.0004 
v -0.0238956 0.0294952 0.0004 
v -0.0239484 0.0294163 0.0004 
v -0.0240045 0.0293398 0.0004 
v -0.0240639 0.0292658 0.0004 
v -0.0241264 0.0291944 0.0004 
v -0.0241921 0.0291259 0.0004 
v -0.0242606 0.0290603 0.0004 
v -0.0243319 0.0289977 0.0004 
v -0.024406 0.0289383 0.0004 
v -0.0244825 0.0288822 0.0004 
v -0.0245614 0.0288295 0.0004 
v -0.0246425 0.0287802 0.0004 
v -0.0247257 0.0287346 0.0004 
v -0.0248108 0.0286926 0.0004 
v -0.0248977 0.0286544 0.0004 
v -0.0249861 0.02862 0.0004 
v -0.025076 0.0285895 0.0004 
v -0.0251671 0.0285629 0.0004 
v -0.0252593 0.0285404 0.0004 
v -0.0253523 0.0285219 0.0004 
v -0.0254461 0.0285074 0.0004 
v -0.0255404 0.0284971 0.0004 
v -0.0256351 0.0284909 0.0004 
v -0.02573 0.0284888 0.0004 
v -0.0258249 0.0284909 0.0004 
v -0.0259196 0.0284971 0.0004 
v -0.0260139 0.0285074 0.0004 
v -0.0261077 0.0285219 0.0004 
v -0.0262008 0.0285404 0.0004 
v -0.0262929 0.0285629 0.0004 
v -0.026384 0.0285895 0.0004 
v -0.0264739 0.02862 0.0004 
v -0.0265623 0.0286544 0.0004 
v -0.0266492 0.0286926 0.0004 
v -0.0267343 0.0287346 0.0004 
v -0.0268175 0.0287802 0.0004 
v -0.0268986 0.0288295 0.0004 
v -0.0269775 0.0288822 0.0004 
v -0.0270541 0.0289383 0.0004 
v -0.0271281 0.0289977 0.0004 
v -0.0271994 0.0290603 0.0004 
v -0.027268 0.0291259 0.0004 
v -0.0273336 0.0291944 0.0004 
v -0.0273962 0.0292658 0.0004 
v -0.0274556 0.0293398 0.0004 
v -0.0275117 0.0294163 0.0004 
v -0.0275644 0.0294952 0.0004 
v -0.0276136 0.0295763 0.0004 
v -0.0276593 0.0296595 0.0004 
v -0.0277012 0.0297446 0.0004 
v -0.0277394 0.0298315 0.0004 
v -0.0277738 0.0299199 0.0004 
v -0.0278043 0.0300098 0.0004 
v -0.0278309 0.0301009 0.0004 
v -0.0278535 0.0301931 0.0004 
v -0.027872 0.0302861 0.0004 
v -0.0278864 0.0303799 0.0004 
v -0.0278967 0.0304743 0.0004 
v -0.0279029 0.030569 0.0004 
v -0.027905 0.0306638 0.0004 
v -0.0279029 0.0307587 0.0004 
v -0.0278967 0.0308534 0.0004 
v -0.0278864 0.0309477 0.0004 
v -0.027872 0.0310415 0.0004 
v -0.0278535 0.0311346 0.0004 
v -0.0278309 0.0312268 0.0004 
v -0.0278043 0.0313179 0.0004 
v -0.0277738 0.0314077 0.0004 
v -0.0277394 0.0314962 0.0004 
v -0.0277012 0.031583 0.0004 
v -0.0276593 0.0316681 0.0004 
v -0.0276136 0.0317513 0.0004 
v -0.0275644 0.0318325 0.0004 
v -0.0275117 0.0319114 0.0004 
v -0.0274556 0.0319879 0.0004 
v -0.0273962 0.0320619 0.0004 
v -0.0273336 0.0321332 0.0004 
v -0.027268 0.0322018 0.0004 
v -0.0271994 0.0322674 0.0004 
v -0.0271281 0.03233 0.0004 
v -0.0270541 0.0323894 0.0004 
v -0.0269775 0.0324455 0.0004 
v -0.0268986 0.0324982 0.0004 
v -0.0268175 0.0325474 0.0004 
v -0.0267343 0.0325931 0.0004 
v -0.0266492 0.0326351 0.0004 
v -0.0265623 0.0326733 0.0004 
v -0.0264739 0.0327077 0.0004 
v -0.026384 0.0327382 0.0004 
v -0.0262929 0.0327647 0.0004 
v -0.0262008 0.0327873 0.0004 
v -0.0261077 0.0328058 0.0004 
v -0.0260139 0.0328202 0.0004 
v -0.0259196 0.0328306 0.0004 
v -0.0258249 0.0328368 0.0004 
v -0.02573 0.0328388 0.0004 
v -0.0256351 0.0328368 0.0004 
v -0.0255404 0.0328306 0.0004 
v -0.0254461 0.0328202 0.0004 
v -0.0253523 0.0328058 0.0004 
v -0.0252593 0.0327873 0.0004 
v -0.0251671 0.0327647 0.0004 
v -0.025076 0.0327382 0.0004 
v -0.0249861 0.0327077 0.0004 
v -0.0248977 0.0326733 0.0004 
v -0.0248108 0.0326351 0.0004 
v -0.0247257 0.0325931 0.0004 
v -0.0246425 0.0325474 0.0004 
v -0.0245614 0.0324982 0.0004 
v -0.0244825 0.0324455 0.0004 
v -0.024406 0.0323894 0.0004 
v -0.0243319 0.03233 0.0004 
v -0.0242606 0.0322674 0.0004 
v -0.0241921 0.0322018 0.0004 
v -0.0241264 0.0321332 0.0004 
v -0.0240639 0.0320619 0.0004 
v -0.0240045 0.0319879 0.0004 
v -0.0239484 0.0319114 0.0004 
v -0.0238956 0.0318325 0.0004 
v -0.0238464 0.0317513 0.0004 
v -0.0238008 0.0316681 0.0004 
v -0.0237588 0.031583 0.0004 
v -0.0237206 0.0314962 0.0004 
v -0.0236862 0.0314077 0.0004 
v -0.0236557 0.0313179 0.0004 
v -0.0236291 0.0312268 0.0004 
v -0.0236066 0.0311346 0.0004 
v -0.0235881 0.0310415 0.0004 
v -0.0235736 0.0309477 0.0004 
v -0.0235633 0.0308534 0.0004 
v -0.0235571 0.0307587 0.0004 
v -0.023555 0.0306638 0.0004 
v -0.02573 0.0306638 0.0004 
v -0.0279029 0.030569 -0.0004 
v -0.027905 0.0306638 -0.0004 
v -0.0278967 0.0304743 -0.0004 
v -0.0278864 0.0303799 -0.0004 
v -0.027872 0.0302861 -0.0004 
v -0.0278535 0.0301931 -0.0004 
v -0.0278309 0.0301009 -0.0004 
v -0.0278043 0.0300098 -0.0004 
v -0.0277738 0.0299199 -0.0004 
v -0.0277394 0.0298315 -0.0004 
v -0.0277012 0.0297446 -0.0004 
v -0.0276593 0.0296595 -0.0004 
v -0.0276136 0.0295763 -0.0004 
v -0.0275644 0.0294952 -0.0004 
v -0.0275117 0.0294163 -0.0004 
v -0.0274556 0.0293398 -0.0004 
v -0.0273962 0.0292658 -0.0004 
v -0.0273336 0.0291944 -0.0004 
v -0.027268 0.0291259 -0.0004 
v -0.0271994 0.0290603 -0.0004 
v -0.0271281 0.0289977 -0.0004 
v -0.0270541 0.0289383 -0.0004 
v -0.0269775 0.0288822 -0.0004 
v -0.0268986 0.0288295 -0.0004 
v -0.0268175 0.0287802 -0.0004 
v -0.0267343 0.0287346 -0.0004 
v -0.0266492 0.0286926 -0.0004 
v -0.0265623 0.0286544 -0.0004 
v -0.0264739 0.02862 -0.0004 
v -0.026384 0.0285895 -0.0004 
v -0.0262929 0.0285629 -0.0004 
v -0.0262008 0.0285404 -0.0004 
v -0.0261077 0.0285219 -0.0004 
v -0.0260139 0.0285074 -0.0004 
v -0.0259196 0.0284971 -0.0004 
v -0.0258249 0.0284909 -0.0004 
v -0.02573 0.0284888 -0.0004 
v -0.0256351 0.0284909 -0.0004 
v -0.0255404 0.0284971 -0.0004 
v -0.0254461 0.0285074 -0.0004 
v -0.0253523 0.0285219 -0.0004 
v -0.0252593 0.0285404 -0.0004 
v -0.0251671 0.0285629 -0.0004 
v -0.025076 0.0285895 -0.0004 
v -0.0249861 0.02862 -0.0004 
v -0.0248977 0.0286544 -0.0004 
v -0.0248108 0.0286926 -0.0004 
v -0.0247257 0.0287346 -0.0004 
v -0.0246425 0.0287802 -0.0004 
v -0.0245614 0.0288295 -0.0004 
v -0.0244825 0.0288822 -0.0004 
v -0.024406 0.0289383 -0.0004 
v -0.0243319 0.0289977 -0.0004 
v -0.0242606 0.0290603 -0.0004 
v -0.0241921 0.0291259 -0.0004 
v -0.0241264 0.0291944 -0.0004 
v -0.0240639 0.0292658 -0.0004 
v -0.0240045 0.0293398 -0.0004 
v -0.0239484 0.0294163 -0.0004 
v -0.0238956 0.0294952 -0.0004 
v -0.0238464 0.0295763 -0.0004 
v -0.0238008 0.0296595 -0.0004 
v -0.0237588 0.0297446 -0.0004 
v -0.0237206 0.0298315 -0.0004 
v -0.0236862 0.0299199 -0.0004 
v -0.0236557 0.0300098 -0.0004 
v -0.0236291 0.0301009 -0.0004 
v -0.0236066 0.0301931 -0.0004 
v -0.0235881 0.0302861 -0.0004 
v -0.0235736 0.0303799 -0.0004 
v -0.0235633 0.0304743 -0.0004 
v -0.0235571 0.030569 -0.0004 
v -0.023555 0.0306638 -0.0004 
v -0.0235571 0.0307587 -0.0004 
v -0.0235633 0.0308534 -0.0004 
v -0.0235736 0.0309477 -0.0004 
v -0.0235881 0.0310415 -0.0004 
v -0.0236066 0.0311346 -0.0004 
v -0.0236291 0.0312268 -0.0004 
v -0.0236557 0.0313179 -0.0004 
v -0.0236862 0.0314077 -0.0004 
v -0.0237206 0.0314962 -0.0004 
v -0.0237588 0.031583 -0.0004 
v -0.0238008 0.0316681 -0.0004 
v -0.0238464 0.0317513 -0.0004 
v -0.0238956 0.0318325 -0.0004 
v -0.0239484 0.0319114 -0.0004 
v -0.0240045 0.0319879 -0.0004 
v -0.0240639 0.0320619 -0.0004 
v -0.0241264 0.0321332 -0.0004 
v -0.0241921 0.0322018 -0.0004 
v -0.0242606 0.0322674 -0.0004 
v -0.0243319 0.03233 -0.0004 
v -0.024406 0.0323894 -0.0004 
v -0.0244825 0.0324455 -0.0004 
v -0.0245614 0.0324982 -0.0004 
v -0.0246425 0.0325474 -0.0004 
v -0.0247257 0.0325931 -0.0004 
v -0.0248108 0.0326351 -0.0004 
v -0.0248977 0.0326733 -0.0004 
v -0.0249861 0.0327077 -0.0004 
v -0.025076 0.0327382 -0.0004 
v -0.0251671 0.0327647 -0.0004 
v -0.0252593 0.0327873 -0.0004 
v -0.0253523 0.0328058 -0.0004 
v -0.0254461 0.0328202 -0.0004 
v -0.0255404 0.0328306 -0.0004 
v -0.0256351 0.0328368 -0.0004 
v -0.02573 0.0328388 -0.0004 
v -0.0258249 0.0328368 -0.0004 
v -0.0259196 0.0328306 -0.0004 
v -0.0260139 0.0328202 -0.0004 
v -0.0261077 0.0328058 -0.0004 
v -0.0262008 0.0327873 -0.0004 
v -0.0262929 0.0327647 -0.0004 
v -0.026384 0.0327382 -0.0004 
v -0.0264739 0.0327077 -0.0004 
v -0.0265623 0.0326733 -0.0004 
v -0.0266492 0.0326351 -0.0004 
v -0.0267343 0.0325931 -0.0004 
v -0.0268175 0.0325474 -0.0004 
v -0.0268986 0.0324982 -0.0004 
v -0.0269775 0.0324455 -0.0004 
v -0.0270541 0.0323894 -0.0004 
v -0.0271281 0.03233 -0.0004 
v -0.0271994 0.0322674 -0.0004 
v -0.027268 0.0322018 -0.0004 
v -0.0273336 0.0321332 -0.0004 
v -0.0273962 0.0320619 -0.0004 
v -0.0274556 0.0319879 -0.0004 
v -0.0275117 0.0319114 -0.0004 
v -0.0275644 0.0318325 -0.0004 
v -0.0276136 0.0317513 -0.0004 
v -0.0276593 0.0316681 -0.0004 
v -0.0277012 0.031583 -0.0004 
v -0.0277394 0.0314962 -0.0004 
v -0.0277738 0.0314077 -0.0004 
v -0.0278043 0.0313179 -0.0004 
v -0.0278309 0.0312268 -0.0004 
v -0.0278535 0.0311346 -0.0004 
v -0.027872 0.0310415 -0.0004 
v -0.0278864 0.0309477 -0.0004 
v -0.0278967 0.0308534 -0.0004 
v -0.0279029 0.0307587 -0.0004 
v -0.0269795 0.0316226 -0.0004 
v -0.0270202 0.0315672 -0.0004 
v -0.0270202 0.0297604 -0.0004 
v -0.0270584 0.0298176 -0.0004 
v -0.0269795 0.029705 -0.0004 
v -0.0269365 0.0296514 -0.0004 
v -0.0268912 0.0295998 -0.0004 
v -0.0266888 0.0319134 -0.0004 
v -0.0266334 0.031954 -0.0004 
v -0.0267424 0.0318704 -0.0004 
v -0.0268437 0.0317775 -0.0004 
v -0.0267941 0.031825 -0.0004 
v -0.0268912 0.0317279 -0.0004 
v -0.0269365 0.0316762 -0.0004 
v -0.0271271 0.0299366 -0.0004 
v -0.0271574 0.0299982 -0.0004 
v -0.027094 0.0298763 -0.0004 
v -0.027094 0.0314513 -0.0004 
v -0.0270584 0.0315101 -0.0004 
v -0.0271271 0.0313911 -0.0004 
v -0.0268437 0.0295501 -0.0004 
v -0.0271574 0.0313295 -0.0004 
v -0.0271851 0.0312666 -0.0004 
v -0.0272811 0.0303903 -0.0004 
v -0.0272915 0.0304583 -0.0004 
v -0.0272677 0.0303229 -0.0004 
v -0.0271851 0.0300611 -0.0004 
v -0.02721 0.0301252 -0.0004 
v -0.0247712 0.0294143 -0.0004 
v -0.0248266 0.0293737 -0.0004 
v -0.0247176 0.0294573 -0.0004 
v -0.0264573 0.0320609 -0.0004 
v -0.0263956 0.0320913 -0.0004 
v -0.0265175 0.0320278 -0.0004 
v -0.0265763 0.0319922 -0.0004 
v -0.02721 0.0312025 -0.0004 
v -0.027299 0.0308011 -0.0004 
v -0.0272915 0.0308694 -0.0004 
v -0.0273035 0.0307325 -0.0004 
v -0.027305 0.0306638 -0.0004 
v -0.0273035 0.0305951 -0.0004 
v -0.0272513 0.0302562 -0.0004 
v -0.0272321 0.0301902 -0.0004 
v -0.0267941 0.0295026 -0.0004 
v -0.0267424 0.0294573 -0.0004 
v -0.0266888 0.0294143 -0.0004 
v -0.0266334 0.0293737 -0.0004 
v -0.024666 0.0295026 -0.0004 
v -0.0246163 0.0295501 -0.0004 
v -0.0245688 0.0295998 -0.0004 
v -0.024366 0.0314513 -0.0004 
v -0.024333 0.0313911 -0.0004 
v -0.0244017 0.0315101 -0.0004 
v -0.024666 0.031825 -0.0004 
v -0.0246163 0.0317775 -0.0004 
v -0.0247176 0.0318704 -0.0004 
v -0.027299 0.0305266 -0.0004 
v -0.0265763 0.0293355 -0.0004 
v -0.0251913 0.0291838 -0.0004 
v -0.0252564 0.0291617 -0.0004 
v -0.0251273 0.0292087 -0.0004 
v -0.0245235 0.0296514 -0.0004 
v -0.0244805 0.029705 -0.0004 
v -0.0244017 0.0298176 -0.0004 
v -0.0244398 0.0297604 -0.0004 
v -0.024366 0.0298763 -0.0004 
v -0.0242279 0.0311374 -0.0004 
v -0.0242087 0.0310715 -0.0004 
v -0.02425 0.0312025 -0.0004 
v -0.0244398 0.0315672 -0.0004 
v -0.0245235 0.0316762 -0.0004 
v -0.0244805 0.0316226 -0.0004 
v -0.0245688 0.0317279 -0.0004 
v -0.0261377 0.0321852 -0.0004 
v -0.0260709 0.0322015 -0.0004 
v -0.0262036 0.0321659 -0.0004 
v -0.0262687 0.0321438 -0.0004 
v -0.0263327 0.0321189 -0.0004 
v -0.0272811 0.0309373 -0.0004 
v -0.0265175 0.0292998 -0.0004 
v -0.0264573 0.0292668 -0.0004 
v -0.0263956 0.0292364 -0.0004 
v -0.0262036 0.0291617 -0.0004 
v -0.0262687 0.0291838 -0.0004 
v -0.0261377 0.0291425 -0.0004 
v -0.0254565 0.0291128 -0.0004 
v -0.0255244 0.0291023 -0.0004 
v -0.0253891 0.0291262 -0.0004 
v -0.0250644 0.0292364 -0.0004 
v -0.0242749 0.0312666 -0.0004 
v -0.0243026 0.0313295 -0.0004 
v -0.0250028 0.0320609 -0.0004 
v -0.0249425 0.0320278 -0.0004 
v -0.0250644 0.0320913 -0.0004 
v -0.0255244 0.0322254 -0.0004 
v -0.0254565 0.0322149 -0.0004 
v -0.0255927 0.0322328 -0.0004 
v -0.0272321 0.0311374 -0.0004 
v -0.0272513 0.0310715 -0.0004 
v -0.0272677 0.0310047 -0.0004 
v -0.0260709 0.0291262 -0.0004 
v -0.0260035 0.0291128 -0.0004 
v -0.0259356 0.0291023 -0.0004 
v -0.0257987 0.0290903 -0.0004 
v -0.0258673 0.0290948 -0.0004 
v -0.02573 0.0290888 -0.0004 
v -0.0253224 0.0291425 -0.0004 
v -0.0250028 0.0292668 -0.0004 
v -0.0249425 0.0292998 -0.0004 
v -0.0248838 0.0293355 -0.0004 
v -0.024333 0.0299366 -0.0004 
v -0.0243026 0.0299982 -0.0004 
v -0.0241789 0.0309373 -0.0004 
v -0.0241685 0.0308694 -0.0004 
v -0.0241923 0.0310047 -0.0004 
v -0.0248266 0.031954 -0.0004 
v -0.0247712 0.0319134 -0.0004 
v -0.0248838 0.0319922 -0.0004 
v -0.0251273 0.0321189 -0.0004 
v -0.0251913 0.0321438 -0.0004 
v -0.0252564 0.0321659 -0.0004 
v -0.0253224 0.0321852 -0.0004 
v -0.0253891 0.0322015 -0.0004 
v -0.0259356 0.0322254 -0.0004 
v -0.0258673 0.0322328 -0.0004 
v -0.0260035 0.0322149 -0.0004 
v -0.0263327 0.0292087 -0.0004 
v -0.0256613 0.0290903 -0.0004 
v -0.0255927 0.0290948 -0.0004 
v -0.0242749 0.0300611 -0.0004 
v -0.02425 0.0301252 -0.0004 
v -0.024161 0.0308011 -0.0004 
v -0.0241565 0.0307325 -0.0004 
v -0.0256613 0.0322373 -0.0004 
v -0.024161 0.0305266 -0.0004 
v -0.0241685 0.0304583 -0.0004 
v -0.0241565 0.0305951 -0.0004 
v -0.024155 0.0306638 -0.0004 
v -0.0257987 0.0322373 -0.0004 
v -0.0242279 0.0301902 -0.0004 
v -0.0242087 0.0302562 -0.0004 
v -0.0241789 0.0303903 -0.0004 
v -0.0241923 0.0303229 -0.0004 
v -0.02573 0.0322388 -0.0004 
v -0.0273035 0.0305951 -0.00045359 
v -0.027305 0.0306638 -0.00045359 
v -0.027299 0.0305266 -0.00045359 
v -0.0272915 0.0304583 -0.00045359 
v -0.0272811 0.0303903 -0.00045359 
v -0.0272677 0.0303229 -0.00045359 
v -0.0272513 0.0302562 -0.00045359 
v -0.0272321 0.0301902 -0.00045359 
v -0.02721 0.0301252 -0.00045359 
v -0.0271851 0.0300611 -0.00045359 
v -0.0271574 0.0299982 -0.00045359 
v -0.0271271 0.0299366 -0.00045359 
v -0.027094 0.0298763 -0.00045359 
v -0.0270584 0.0298176 -0.00045359 
v -0.0270202 0.0297604 -0.00045359 
v -0.0269795 0.029705 -0.00045359 
v -0.0269365 0.0296514 -0.00045359 
v -0.0268912 0.0295998 -0.00045359 
v -0.0268437 0.0295501 -0.00045359 
v -0.0267941 0.0295026 -0.00045359 
v -0.0267424 0.0294573 -0.00045359 
v -0.0266888 0.0294143 -0.00045359 
v -0.0266334 0.0293737 -0.00045359 
v -0.0265763 0.0293355 -0.00045359 
v -0.0265175 0.0292998 -0.00045359 
v -0.0264573 0.0292668 -0.00045359 
v -0.0263956 0.0292364 -0.00045359 
v -0.0263327 0.0292087 -0.00045359 
v -0.0262687 0.0291838 -0.00045359 
v -0.0262036 0.0291617 -0.00045359 
v -0.0261377 0.0291425 -0.00045359 
v -0.0260709 0.0291262 -0.00045359 
v -0.0260035 0.0291128 -0.00045359 
v -0.0259356 0.0291023 -0.00045359 
v -0.0258673 0.0290948 -0.00045359 
v -0.0257987 0.0290903 -0.00045359 
v -0.02573 0.0290888 -0.00045359 
v -0.0256613 0.0290903 -0.00045359 
v -0.0255927 0.0290948 -0.00045359 
v -0.0255244 0.0291023 -0.00045359 
v -0.0254565 0.0291128 -0.00045359 
v -0.0253891 0.0291262 -0.00045359 
v -0.0253224 0.0291425 -0.00045359 
v -0.0252564 0.0291617 -0.00045359 
v -0.0251913 0.0291838 -0.00045359 
v -0.0251273 0.0292087 -0.00045359 
v -0.0250644 0.0292364 -0.00045359 
v -0.0250028 0.0292668 -0.00045359 
v -0.0249425 0.0292998 -0.00045359 
v -0.0248838 0.0293355 -0.00045359 
v -0.0248266 0.0293737 -0.00045359 
v -0.0247712 0.0294143 -0.00045359 
v -0.0247176 0.0294573 -0.00045359 
v -0.024666 0.0295026 -0.00045359 
v -0.0246163 0.0295501 -0.00045359 
v -0.0245688 0.0295998 -0.00045359 
v -0.0245235 0.0296514 -0.00045359 
v -0.0244805 0.029705 -0.00045359 
v -0.0244398 0.0297604 -0.00045359 
v -0.0244017 0.0298176 -0.00045359 
v -0.024366 0.0298763 -0.00045359 
v -0.024333 0.0299366 -0.00045359 
v -0.0243026 0.0299982 -0.00045359 
v -0.0242749 0.0300611 -0.00045359 
v -0.02425 0.0301252 -0.00045359 
v -0.0242279 0.0301902 -0.00045359 
v -0.0242087 0.0302562 -0.00045359 
v -0.0241923 0.0303229 -0.00045359 
v -0.0241789 0.0303903 -0.00045359 
v -0.0241685 0.0304583 -0.00045359 
v -0.024161 0.0305266 -0.00045359 
v -0.0241565 0.0305951 -0.00045359 
v -0.024155 0.0306638 -0.00045359 
v -0.0241565 0.0307325 -0.00045359 
v -0.024161 0.0308011 -0.00045359 
v -0.0241685 0.0308694 -0.00045359 
v -0.0241789 0.0309373 -0.00045359 
v -0.0241923 0.0310047 -0.00045359 
v -0.0242087 0.0310715 -0.00045359 
v -0.0242279 0.0311374 -0.00045359 
v -0.02425 0.0312025 -0.00045359 
v -0.0242749 0.0312666 -0.00045359 
v -0.0243026 0.0313295 -0.00045359 
v -0.024333 0.0313911 -0.00045359 
v -0.024366 0.0314513 -0.00045359 
v -0.0244017 0.0315101 -0.00045359 
v -0.0244398 0.0315672 -0.00045359 
v -0.0244805 0.0316226 -0.00045359 
v -0.0245235 0.0316762 -0.00045359 
v -0.0245688 0.0317279 -0.00045359 
v -0.0246163 0.0317775 -0.00045359 
v -0.024666 0.031825 -0.00045359 
v -0.0247176 0.0318704 -0.00045359 
v -0.0247712 0.0319134 -0.00045359 
v -0.0248266 0.031954 -0.00045359 
v -0.0248838 0.0319922 -0.00045359 
v -0.0249425 0.0320278 -0.00045359 
v -0.0250028 0.0320609 -0.00045359 
v -0.0250644 0.0320913 -0.00045359 
v -0.0251273 0.0321189 -0.00045359 
v -0.0251913 0.0321438 -0.00045359 
v -0.0252564 0.0321659 -0.00045359 
v -0.0253224 0.0321852 -0.00045359 
v -0.0253891 0.0322015 -0.00045359 
v -0.0254565 0.0322149 -0.00045359 
v -0.0255244 0.0322254 -0.00045359 
v -0.0255927 0.0322328 -0.00045359 
v -0.0256613 0.0322373 -0.00045359 
v -0.02573 0.0322388 -0.00045359 
v -0.0257987 0.0322373 -0.00045359 
v -0.0258673 0.0322328 -0.00045359 
v -0.0259356 0.0322254 -0.00045359 
v -0.0260035 0.0322149 -0.00045359 
v -0.0260709 0.0322015 -0.00045359 
v -0.0261377 0.0321852 -0.00045359 
v -0.0262036 0.0321659 -0.00045359 
v -0.0262687 0.0321438 -0.00045359 
v -0.0263327 0.0321189 -0.00045359 
v -0.0263956 0.0320913 -0.00045359 
v -0.0264573 0.0320609 -0.00045359 
v -0.0265175 0.0320278 -0.00045359 
v -0.0265763 0.0319922 -0.00045359 
v -0.0266334 0.031954 -0.00045359 
v -0.0266888 0.0319134 -0.00045359 
v -0.0267424 0.0318704 -0.00045359 
v -0.0267941 0.031825 -0.00045359 
v -0.0268437 0.0317775 -0.00045359 
v -0.0268912 0.0317279 -0.00045359 
v -0.0269365 0.0316762 -0.00045359 
v -0.0269795 0.0316226 -0.00045359 
v -0.0270202 0.0315672 -0.00045359 
v -0.0270584 0.0315101 -0.00045359 
v -0.027094 0.0314513 -0.00045359 
v -0.0271271 0.0313911 -0.00045359 
v -0.0271574 0.0313295 -0.00045359 
v -0.0271851 0.0312666 -0.00045359 
v -0.02721 0.0312025 -0.00045359 
v -0.0272321 0.0311374 -0.00045359 
v -0.0272513 0.0310715 -0.00045359 
v -0.0272677 0.0310047 -0.00045359 
v -0.0272811 0.0309373 -0.00045359 
v -0.0272915 0.0308694 -0.00045359 
v -0.027299 0.0308011 -0.00045359 
v -0.0273035 0.0307325 -0.00045359 
v -0.027905 0.0306638 -0.0008 
v -0.0279029 0.0307587 -0.0008 
v -0.0278967 0.0308534 -0.0008 
v -0.0278864 0.0309477 -0.0008 
v -0.027872 0.0310415 -0.0008 
v -0.0278535 0.0311346 -0.0008 
v -0.0278309 0.0312268 -0.0008 
v -0.0278043 0.0313179 -0.0008 
v -0.0277738 0.0314077 -0.0008 
v -0.0277394 0.0314962 -0.0008 
v -0.0277012 0.031583 -0.0008 
v -0.0276593 0.0316681 -0.0008 
v -0.0276136 0.0317513 -0.0008 
v -0.0275644 0.0318325 -0.0008 
v -0.0275117 0.0319114 -0.0008 
v -0.0274556 0.0319879 -0.0008 
v -0.0273962 0.0320619 -0.0008 
v -0.0273336 0.0321332 -0.0008 
v -0.027268 0.0322018 -0.0008 
v -0.0271994 0.0322674 -0.0008 
v -0.0271281 0.03233 -0.0008 
v -0.0270541 0.0323894 -0.0008 
v -0.0269775 0.0324455 -0.0008 
v -0.0268986 0.0324982 -0.0008 
v -0.0268175 0.0325474 -0.0008 
v -0.0267343 0.0325931 -0.0008 
v -0.0266492 0.0326351 -0.0008 
v -0.0265623 0.0326733 -0.0008 
v -0.0264739 0.0327077 -0.0008 
v -0.026384 0.0327382 -0.0008 
v -0.0262929 0.0327647 -0.0008 
v -0.0262008 0.0327873 -0.0008 
v -0.0261077 0.0328058 -0.0008 
v -0.0260139 0.0328202 -0.0008 
v -0.0259196 0.0328306 -0.0008 
v -0.0258249 0.0328368 -0.0008 
v -0.02573 0.0328388 -0.0008 
v -0.0256351 0.0328368 -0.0008 
v -0.0255404 0.0328306 -0.0008 
v -0.0254461 0.0328202 -0.0008 
v -0.0253523 0.0328058 -0.0008 
v -0.0252593 0.0327873 -0.0008 
v -0.0251671 0.0327647 -0.0008 
v -0.025076 0.0327382 -0.0008 
v -0.0249861 0.0327077 -0.0008 
v -0.0248977 0.0326733 -0.0008 
v -0.0248108 0.0326351 -0.0008 
v -0.0247257 0.0325931 -0.0008 
v -0.0246425 0.0325474 -0.0008 
v -0.0245614 0.0324982 -0.0008 
v -0.0244825 0.0324455 -0.0008 
v -0.024406 0.0323894 -0.0008 
v -0.0243319 0.03233 -0.0008 
v -0.0242606 0.0322674 -0.0008 
v -0.0241921 0.0322018 -0.0008 
v -0.0241264 0.0321332 -0.0008 
v -0.0240639 0.0320619 -0.0008 
v -0.0240045 0.0319879 -0.0008 
v -0.0239484 0.0319114 -0.0008 
v -0.0238956 0.0318325 -0.0008 
v -0.0238464 0.0317513 -0.0008 
v -0.0238008 0.0316681 -0.0008 
v -0.0237588 0.031583 -0.0008 
v -0.0237206 0.0314962 -0.0008 
v -0.0236862 0.0314077 -0.0008 
v -0.0236557 0.0313179 -0.0008 
v -0.0236291 0.0312268 -0.0008 
v -0.0236066 0.0311346 -0.0008 
v -0.0235881 0.0310415 -0.0008 
v -0.0235736 0.0309477 -0.0008 
v -0.0235633 0.0308534 -0.0008 
v -0.0235571 0.0307587 -0.0008 
v -0.023555 0.0306638 -0.0008 
v -0.0235571 0.030569 -0.0008 
v -0.0235633 0.0304743 -0.0008 
v -0.0235736 0.0303799 -0.0008 
v -0.0235881 0.0302861 -0.0008 
v -0.0236066 0.0301931 -0.0008 
v -0.0236291 0.0301009 -0.0008 
v -0.0236557 0.0300098 -0.0008 
v -0.0236862 0.0299199 -0.0008 
v -0.0237206 0.0298315 -0.0008 
v -0.0237588 0.0297446 -0.0008 
v -0.0238008 0.0296595 -0.0008 
v -0.0238464 0.0295763 -0.0008 
v -0.0238956 0.0294952 -0.0008 
v -0.0239484 0.0294163 -0.0008 
v -0.0240045 0.0293398 -0.0008 
v -0.0240639 0.0292658 -0.0008 
v -0.0241264 0.0291944 -0.0008 
v -0.0241921 0.0291259 -0.0008 
v -0.0242606 0.0290603 -0.0008 
v -0.0243319 0.0289977 -0.0008 
v -0.024406 0.0289383 -0.0008 
v -0.0244825 0.0288822 -0.0008 
v -0.0245614 0.0288295 -0.0008 
v -0.0246425 0.0287802 -0.0008 
v -0.0247257 0.0287346 -0.0008 
v -0.0248108 0.0286926 -0.0008 
v -0.0248977 0.0286544 -0.0008 
v -0.0249861 0.02862 -0.0008 
v -0.025076 0.0285895 -0.0008 
v -0.0251671 0.0285629 -0.0008 
v -0.0252593 0.0285404 -0.0008 
v -0.0253523 0.0285219 -0.0008 
v -0.0254461 0.0285074 -0.0008 
v -0.0255404 0.0284971 -0.0008 
v -0.0256351 0.0284909 -0.0008 
v -0.02573 0.0284888 -0.0008 
v -0.0258249 0.0284909 -0.0008 
v -0.0259196 0.0284971 -0.0008 
v -0.0260139 0.0285074 -0.0008 
v -0.0261077 0.0285219 -0.0008 
v -0.0262008 0.0285404 -0.0008 
v -0.0262929 0.0285629 -0.0008 
v -0.026384 0.0285895 -0.0008 
v -0.0264739 0.02862 -0.0008 
v -0.0265623 0.0286544 -0.0008 
v -0.0266492 0.0286926 -0.0008 
v -0.0267343 0.0287346 -0.0008 
v -0.0268175 0.0287802 -0.0008 
v -0.0268986 0.0288295 -0.0008 
v -0.0269775 0.0288822 -0.0008 
v -0.0270541 0.0289383 -0.0008 
v -0.0271281 0.0289977 -0.0008 
v -0.0271994 0.0290603 -0.0008 
v -0.027268 0.0291259 -0.0008 
v -0.0273336 0.0291944 -0.0008 
v -0.0273962 0.0292658 -0.0008 
v -0.0274556 0.0293398 -0.0008 
v -0.0275117 0.0294163 -0.0008 
v -0.0275644 0.0294952 -0.0008 
v -0.0276136 0.0295763 -0.0008 
v -0.0276593 0.0296595 -0.0008 
v -0.0277012 0.0297446 -0.0008 
v -0.0277394 0.0298315 -0.0008 
v -0.0277738 0.0299199 -0.0008 
v -0.0278043 0.0300098 -0.0008 
v -0.0278309 0.0301009 -0.0008 
v -0.0278535 0.0301931 -0.0008 
v -0.027872 0.0302861 -0.0008 
v -0.0278864 0.0303799 -0.0008 
v -0.0278967 0.0304743 -0.0008 
v -0.0279029 0.030569 -0.0008 
v -0.0244002 0.0285764 -0.0008 
v -0.0244925 0.0285204 -0.0008 
v -0.0245872 0.0284685 -0.0008 
v -0.0232926 0.0302341 -0.0008 
v -0.0233137 0.0301281 -0.0008 
v -0.0233393 0.0300233 -0.0008 
v -0.0239799 0.0289137 -0.0008 
v -0.0240579 0.0288391 -0.0008 
v -0.0241391 0.0287679 -0.0008 
v -0.024684 0.0284207 -0.0008 
v -0.0232762 0.0303408 -0.0008 
v -0.0234043 0.0298173 -0.0008 
v -0.0234434 0.0297167 -0.0008 
v -0.0234869 0.0296179 -0.0008 
v -0.0237665 0.0291571 -0.0008 
v -0.0238341 0.0290729 -0.0008 
v -0.0239052 0.0289917 -0.0008 
v -0.0243104 0.0286364 -0.0008 
v -0.0235866 0.0319013 -0.0008 
v -0.0235347 0.0318067 -0.0008 
v -0.0232644 0.0308795 -0.0008 
v -0.0232574 0.0307718 -0.0008 
v -0.023255 0.0306638 -0.0008 
v -0.0233696 0.0299196 -0.0008 
v -0.0236426 0.029334 -0.0008 
v -0.0237026 0.0292442 -0.0008 
v -0.0242233 0.0287003 -0.0008 
v -0.0247829 0.0283772 -0.0008 
v -0.0248835 0.0283381 -0.0008 
v -0.0281674 0.0310936 -0.0008 
v -0.0281463 0.0311995 -0.0008 
v -0.0281207 0.0313044 -0.0008 
v -0.0234869 0.0317098 -0.0008 
v -0.0232762 0.0309869 -0.0008 
v -0.0232574 0.0305559 -0.0008 
v -0.0232644 0.0304481 -0.0008 
v -0.0235347 0.029521 -0.0008 
v -0.0235866 0.0294263 -0.0008 
v -0.0266772 0.0283772 -0.0008 
v -0.026776 0.0284207 -0.0008 
v -0.0268728 0.0284685 -0.0008 
v -0.0280905 0.0314081 -0.0008 
v -0.0280557 0.0315103 -0.0008 
v -0.0234434 0.031611 -0.0008 
v -0.0234043 0.0315103 -0.0008 
v -0.0233696 0.0314081 -0.0008 
v -0.0253002 0.0282264 -0.0008 
v -0.025407 0.02821 -0.0008 
v -0.0255143 0.0281983 -0.0008 
v -0.025838 0.0281912 -0.0008 
v -0.0259457 0.0281983 -0.0008 
v -0.0260531 0.02821 -0.0008 
v -0.0261598 0.0282264 -0.0008 
v -0.0262657 0.0282475 -0.0008 
v -0.0263706 0.0282732 -0.0008 
v -0.0264743 0.0283034 -0.0008 
v -0.0265765 0.0283381 -0.0008 
v -0.0269675 0.0285204 -0.0008 
v -0.0270598 0.0285764 -0.0008 
v -0.0271496 0.0286364 -0.0008 
v -0.0281956 0.0308795 -0.0008 
v -0.0281838 0.0309869 -0.0008 
v -0.0280166 0.031611 -0.0008 
v -0.0279731 0.0317098 -0.0008 
v -0.0279254 0.0318067 -0.0008 
v -0.0278734 0.0319013 -0.0008 
v -0.0233393 0.0313044 -0.0008 
v -0.0233137 0.0311995 -0.0008 
v -0.0250894 0.0282732 -0.0008 
v -0.0251943 0.0282475 -0.0008 
v -0.0256221 0.0281912 -0.0008 
v -0.0274021 0.0288391 -0.0008 
v -0.0274801 0.0289137 -0.0008 
v -0.0275548 0.0289917 -0.0008 
v -0.0277574 0.0292442 -0.0008 
v -0.0278174 0.029334 -0.0008 
v -0.0278734 0.0294263 -0.0008 
v -0.0280557 0.0298173 -0.0008 
v -0.0280905 0.0299196 -0.0008 
v -0.0281207 0.0300233 -0.0008 
v -0.0278174 0.0319936 -0.0008 
v -0.0277574 0.0320834 -0.0008 
v -0.0275548 0.0323359 -0.0008 
v -0.0274801 0.0324139 -0.0008 
v -0.0274021 0.0324886 -0.0008 
v -0.0255143 0.0331294 -0.0008 
v -0.025407 0.0331177 -0.0008 
v -0.0249858 0.0283034 -0.0008 
v -0.02573 0.0281888 -0.0008 
v -0.0273209 0.0287679 -0.0008 
v -0.027626 0.0290729 -0.0008 
v -0.0276936 0.0291571 -0.0008 
v -0.0279254 0.029521 -0.0008 
v -0.0279731 0.0296179 -0.0008 
v -0.0280166 0.0297167 -0.0008 
v -0.028205 0.0306638 -0.0008 
v -0.0282027 0.0307718 -0.0008 
v -0.0276936 0.0321705 -0.0008 
v -0.027626 0.0322547 -0.0008 
v -0.0259457 0.0331294 -0.0008 
v -0.025838 0.0331365 -0.0008 
v -0.02573 0.0331388 -0.0008 
v -0.0256221 0.0331365 -0.0008 
v -0.0253002 0.0331012 -0.0008 
v -0.0250894 0.0330545 -0.0008 
v -0.0249858 0.0330243 -0.0008 
v -0.0248835 0.0329896 -0.0008 
v -0.0247829 0.0329504 -0.0008 
v -0.024684 0.0329069 -0.0008 
v -0.0245872 0.0328592 -0.0008 
v -0.0244925 0.0328072 -0.0008 
v -0.0240579 0.0324886 -0.0008 
v -0.0239799 0.0324139 -0.0008 
v -0.0239052 0.0323359 -0.0008 
v -0.0238341 0.0322547 -0.0008 
v -0.0237665 0.0321705 -0.0008 
v -0.0237026 0.0320834 -0.0008 
v -0.0236426 0.0319936 -0.0008 
v -0.0232926 0.0310936 -0.0008 
v -0.0272367 0.0287003 -0.0008 
v -0.0281463 0.0301281 -0.0008 
v -0.0281674 0.0302341 -0.0008 
v -0.0281838 0.0303408 -0.0008 
v -0.0281956 0.0304481 -0.0008 
v -0.0273209 0.0325598 -0.0008 
v -0.0272367 0.0326274 -0.0008 
v -0.0271496 0.0326912 -0.0008 
v -0.0270598 0.0327512 -0.0008 
v -0.0263706 0.0330545 -0.0008 
v -0.0262657 0.0330802 -0.0008 
v -0.0261598 0.0331012 -0.0008 
v -0.0260531 0.0331177 -0.0008 
v -0.0251943 0.0330802 -0.0008 
v -0.0244002 0.0327512 -0.0008 
v -0.0243104 0.0326912 -0.0008 
v -0.0242233 0.0326274 -0.0008 
v -0.0241391 0.0325598 -0.0008 
v -0.0282027 0.0305559 -0.0008 
v -0.0269675 0.0328072 -0.0008 
v -0.0268728 0.0328592 -0.0008 
v -0.026776 0.0329069 -0.0008 
v -0.0266772 0.0329504 -0.0008 
v -0.0265765 0.0329896 -0.0008 
v -0.0264743 0.0330243 -0.0008 
v -0.028205 0.0306638 0 
v -0.0282027 0.0307718 0 
v -0.0281956 0.0308795 0 
v -0.0281838 0.0309869 0 
v -0.0281674 0.0310936 0 
v -0.0281463 0.0311995 0 
v -0.0281207 0.0313044 0 
v -0.0280905 0.0314081 0 
v -0.0280557 0.0315103 0 
v -0.0280166 0.031611 0 
v -0.0279731 0.0317098 0 
v -0.0279254 0.0318067 0 
v -0.0278734 0.0319013 0 
v -0.02784 0.0319564 0 
v -0.0278174 0.0319936 0 
v -0.0277574 0.0320834 0 
v -0.0276936 0.0321705 0 
v -0.027626 0.0322547 0 
v -0.0275548 0.0323359 0 
v -0.0274801 0.0324139 0 
v -0.0274021 0.0324886 0 
v -0.0273209 0.0325598 0 
v -0.0272367 0.0326274 0 
v -0.0271496 0.0326912 0 
v -0.0270598 0.0327512 0 
v -0.0269675 0.0328072 0 
v -0.0268728 0.0328592 0 
v -0.026776 0.0329069 0 
v -0.0266772 0.0329504 0 
v -0.0265765 0.0329896 0 
v -0.0264743 0.0330243 0 
v -0.0263706 0.0330545 0 
v -0.0262657 0.0330802 0 
v -0.0261598 0.0331012 0 
v -0.0260531 0.0331177 0 
v -0.0259457 0.0331294 0 
v -0.025838 0.0331365 0 
v -0.02573 0.0331388 0 
v -0.0256221 0.0331365 0 
v -0.0255143 0.0331294 0 
v -0.025407 0.0331177 0 
v -0.0253002 0.0331012 0 
v -0.0251943 0.0330802 0 
v -0.0250894 0.0330545 0 
v -0.0249858 0.0330243 0 
v -0.0248835 0.0329896 0 
v -0.0247829 0.0329504 0 
v -0.024684 0.0329069 0 
v -0.0245872 0.0328592 0 
v -0.0244925 0.0328072 0 
v -0.0244002 0.0327512 0 
v -0.0243104 0.0326912 0 
v -0.0242233 0.0326274 0 
v -0.0241391 0.0325598 0 
v -0.0240579 0.0324886 0 
v -0.0239799 0.0324139 0 
v -0.0239052 0.0323359 0 
v -0.0238341 0.0322547 0 
v -0.0237665 0.0321705 0 
v -0.0237026 0.0320834 0 
v -0.0236426 0.0319936 0 
v -0.0235866 0.0319013 0 
v -0.0235347 0.0318067 0 
v -0.0234869 0.0317098 0 
v -0.0234434 0.031611 0 
v -0.0234043 0.0315103 0 
v -0.0233696 0.0314081 0 
v -0.0233393 0.0313044 0 
v -0.0233137 0.0311995 0 
v -0.0232926 0.0310936 0 
v -0.0232762 0.0309869 0 
v -0.0232644 0.0308795 0 
v -0.0232574 0.0307718 0 
v -0.023255 0.0306638 0 
v -0.0232574 0.0305559 0 
v -0.0232644 0.0304481 0 
v -0.0232762 0.0303408 0 
v -0.0232926 0.0302341 0 
v -0.0233137 0.0301281 0 
v -0.0233393 0.0300233 0 
v -0.0233696 0.0299196 0 
v -0.0234043 0.0298173 0 
v -0.0234434 0.0297167 0 
v -0.0234869 0.0296179 0 
v -0.0235347 0.029521 0 
v -0.0235866 0.0294263 0 
v -0.0236426 0.029334 0 
v -0.0237026 0.0292442 0 
v -0.0237665 0.0291571 0 
v -0.0238341 0.0290729 0 
v -0.0239052 0.0289917 0 
v -0.0239799 0.0289137 0 
v -0.0240579 0.0288391 0 
v -0.0241391 0.0287679 0 
v -0.0242233 0.0287003 0 
v -0.0243104 0.0286364 0 
v -0.0244002 0.0285764 0 
v -0.0244925 0.0285204 0 
v -0.0245872 0.0284685 0 
v -0.024684 0.0284207 0 
v -0.0247829 0.0283772 0 
v -0.0248835 0.0283381 0 
v -0.0249858 0.0283034 0 
v -0.0250894 0.0282732 0 
v -0.0251943 0.0282475 0 
v -0.0253002 0.0282264 0 
v -0.025407 0.02821 0 
v -0.0255143 0.0281983 0 
v -0.0256221 0.0281912 0 
v -0.02573 0.0281888 0 
v -0.025838 0.0281912 0 
v -0.0259457 0.0281983 0 
v -0.0260531 0.02821 0 
v -0.0261598 0.0282264 0 
v -0.0262657 0.0282475 0 
v -0.0263706 0.0282732 0 
v -0.0264743 0.0283034 0 
v -0.0265765 0.0283381 0 
v -0.0266772 0.0283772 0 
v -0.026776 0.0284207 0 
v -0.0268728 0.0284685 0 
v -0.0269675 0.0285204 0 
v -0.0270598 0.0285764 0 
v -0.0271496 0.0286364 0 
v -0.0272367 0.0287003 0 
v -0.0273209 0.0287679 0 
v -0.0274021 0.0288391 0 
v -0.0274801 0.0289137 0 
v -0.0275548 0.0289917 0 
v -0.027626 0.0290729 0 
v -0.0276936 0.0291571 0 
v -0.0277574 0.0292442 0 
v -0.0278174 0.029334 0 
v -0.02784 0.0293713 0 
v -0.0278734 0.0294263 0 
v -0.0279254 0.029521 0 
v -0.0279731 0.0296179 0 
v -0.0280166 0.0297167 0 
v -0.0280557 0.0298173 0 
v -0.0280905 0.0299196 0 
v -0.0281207 0.0300233 0 
v -0.0281463 0.0301281 0 
v -0.0281674 0.0302341 0 
v -0.0281838 0.0303408 0 
v -0.0281956 0.0304481 0 
v -0.0282027 0.0305559 0 
v -0.0248893 0.00322178 0 
v -0.0250291 0.00318756 0 
v -0.024748 0.00324987 0 
v -0.0246057 0.00327177 0 
v -0.0231827 -0.00314727 0 
v -0.0230463 -0.00310099 0 
v -0.0234607 -0.00322178 0 
v -0.0233209 -0.00318756 0 
v -0.0244626 0.00328744 0 
v -0.024175 0.0033 0 
v -0.0243189 0.00329686 0 
v -0.0237443 -0.00327177 0 
v -0.023602 -0.00324987 0 
v -0.0240311 -0.00329686 0 
v -0.0238874 -0.00328744 0 
v -0.0243189 -0.00329686 0 
v -0.024175 -0.0033 0 
v -0.0238874 0.00328744 0 
v -0.0240311 0.00329686 0 
v -0.0255696 0.00299082 0 
v -0.0256988 0.00292714 0 
v -0.0237443 0.00327177 0 
v -0.0234607 0.00322178 0 
v -0.023602 0.00324987 0 
v -0.0229121 -0.0030488 0 
v -0.0246057 -0.00327177 0 
v -0.0244626 -0.00328744 0 
v -0.0248893 -0.00322178 0 
v -0.024748 -0.00324987 0 
v -0.0254379 0.0030488 0 
v -0.0251673 0.00314727 0 
v -0.0253037 0.00310099 0 
v -0.0233209 0.00318756 0 
v -0.0253037 -0.00310099 0 
v -0.0251673 -0.00314727 0 
v -0.0230463 0.00310099 0 
v -0.0231827 0.00314727 0 
v -0.0226512 -0.00292714 0 
v -0.022525 -0.00285788 0 
v -0.0227804 -0.00299082 0 
v -0.0250291 -0.00318756 0 
v -0.0254379 -0.0030488 0 
v -0.0229121 0.0030488 0 
v -0.022525 0.00285788 0 
v -0.0226512 0.00292714 0 
v -0.0219456 0.00243302 0 
v -0.0220538 0.00252795 0 
v -0.0210277 -0.000992329 0 
v -0.0209874 -0.000854103 0 
v -0.0214718 -0.0018928 0 
v -0.0213918 -0.00177309 0 
v -0.0218415 -0.00233345 0 
v -0.021742 -0.00222945 0 
v -0.025825 -0.00285788 0 
v -0.0256988 -0.00292714 0 
v -0.0262962 -0.00252795 0 
v -0.0261839 -0.00261807 0 
v -0.0273223 0.000992329 0 
v -0.0273626 0.000854103 0 
v -0.0269582 0.00177309 0 
v -0.0270329 0.00165 0 
v -0.0227804 0.00299082 0 
v -0.0221661 0.00261807 0 
v -0.021742 0.00222945 0 
v -0.0218415 0.00233345 0 
v -0.0209532 -0.000714251 0 
v -0.0211262 -0.00126286 0 
v -0.021074 -0.00112867 0 
v -0.0213171 -0.00165 0 
v -0.0212479 -0.00152377 0 
v -0.0215569 -0.00200891 0 
v -0.0216471 -0.0021212 0 
v -0.0259481 -0.00278319 0 
v -0.0260678 -0.0027032 0 
v -0.0274468 0.000430736 0 
v -0.0274624 0.000287614 0 
v -0.0273968 0.000714251 0 
v -0.0272238 0.00126286 0 
v -0.027276 0.00112867 0 
v -0.0268782 0.0018928 0 
v -0.0265085 0.00233345 0 
v -0.026608 0.00222945 0 
v -0.0259481 0.00278319 0 
v -0.0260678 0.0027032 0 
v -0.0222822 0.0027032 0 
v -0.0224019 0.00278319 0 
v -0.0211842 -0.00139464 0 
v -0.0255696 -0.00299082 0 
v -0.027276 -0.00112867 0 
v -0.0272238 -0.00126286 0 
v -0.0274719 0.000143944 0 
v -0.0274249 0.000573039 0 
v -0.0271021 0.00152377 0 
v -0.0271658 0.00139464 0 
v -0.0267931 0.00200891 0 
v -0.0267029 0.0021212 0 
v -0.0261839 0.00261807 0 
v -0.0262962 0.00252795 0 
v -0.025825 0.00285788 0 
v -0.0216471 0.0021212 0 
v -0.0214718 0.0018928 0 
v -0.0215569 0.00200891 0 
v -0.0212479 0.00152377 0 
v -0.0213171 0.00165 0 
v -0.021074 0.00112867 0 
v -0.0211262 0.00126286 0 
v -0.0208781 -0.000143944 0 
v -0.020875 1.0685e-18 0 
v -0.0209251 -0.000573039 0 
v -0.0222822 -0.0027032 0 
v -0.0221661 -0.00261807 0 
v -0.0271021 -0.00152377 0 
v -0.0270329 -0.00165 0 
v -0.0271658 -0.00139464 0 
v -0.0273626 -0.000854103 0 
v -0.0273223 -0.000992329 0 
v -0.0274468 -0.000430736 0 
v -0.0274249 -0.000573039 0 
v -0.027475 -1.43896e-19 0 
v -0.0274719 -0.000143944 0 
v -0.0264044 0.00243302 0 
v -0.0213918 0.00177309 0 
v -0.0211842 0.00139464 0 
v -0.0209251 0.000573039 0 
v -0.0209532 0.000714251 0 
v -0.0208876 0.000287614 0 
v -0.0209032 0.000430736 0 
v -0.0208781 0.000143944 0 
v -0.0209032 -0.000430736 0 
v -0.0208876 -0.000287614 0 
v -0.0224019 -0.00278319 0 
v -0.0264044 -0.00243302 0 
v -0.026608 -0.00222945 0 
v -0.0265085 -0.00233345 0 
v -0.0269582 -0.00177309 0 
v -0.0273968 -0.000714251 0 
v -0.0274624 -0.000287614 0 
v -0.0220538 -0.00252795 0 
v -0.0219456 -0.00243302 0 
v -0.0267029 -0.0021212 0 
v -0.0209874 0.000854103 0 
v -0.0210277 0.000992329 0 
v -0.0268782 -0.0018928 0 
v -0.0267931 -0.00200891 0 
v -0.00287038 0.03755 0 
v -0.00279569 0.0374269 0 
v -0.00293964 0.0376762 0 
v -0.00311349 0.0380713 0 
v -0.0030613 0.0379371 0 
v -0.00320006 0.0383459 0 
v -0.00315977 0.0382077 0 
v -0.00300332 0.0378054 0 
v -0.00326237 0.038627 0 
v -0.00323428 0.0384857 0 
v -0.00329994 0.0389124 0 
v -0.00328427 0.0387693 0 
v -0.0033125 0.0392 0 
v -0.00330936 0.0390561 0 
v -0.00330501 0.0394103 0 
v -0.00330936 0.0393439 0 
v -0.00254045 0.0370788 0 
v -0.00244552 0.0369706 0 
v -0.0027157 0.0373072 0 
v -0.00263057 0.0371911 0 
v -0.00178559 0.0364168 0 
v -0.00169375 0.0363611 0 
v -0.0019053 0.0364968 0 
v -0.0021337 0.0366721 0 
v -0.00202141 0.0365819 0 
v -0.00234595 0.0368665 0 
v -0.00224195 0.036767 0 
v 0.0030363 0.0379371 0 
v 0.00308849 0.0380713 0 
v -0.000585539 0.0359501 0 
v -0.000443236 0.0359282 0 
v -0.000866603 0.0360124 0 
v -0.000726751 0.0359782 0 
v 0.00297832 0.0378054 0 
v 0.00284538 0.03755 0 
v 0.00291464 0.0376762 0 
v 0.00260557 0.0371911 0 
v 0.0026907 0.0373072 0 
v 0.000275114 0.0359126 0 
v 0.00320928 0.0384857 0 
v 0.00323737 0.038627 0 
v 0.00313477 0.0382077 0 
v 0.00317506 0.0383459 0 
v 0.00277069 0.0374269 0 
v 0.00111617 0.036099 0 
v 0.00125036 0.0361512 0 
v 0.000418236 0.0359282 0 
v 0.000560539 0.0359501 0 
v 0.000131444 0.0359031 0 
v -0.000156444 0.0359031 0 
v -1.25e-05 0.0359 0 
v -0.000300114 0.0359126 0 
v -0.00114117 0.036099 0 
v -0.00100483 0.0360527 0 
v 0.00251545 0.0370788 0 
v 0.00232095 0.0368665 0 
v 0.00242052 0.0369706 0 
v 0.00176059 0.0364168 0 
v 0.0018803 0.0364968 0 
v 0.000979829 0.0360527 0 
v 0.000701751 0.0359782 0 
v -0.00153627 0.0362729 0 
v -0.00140714 0.0362092 0 
v 0.00327494 0.0389124 0 
v 0.00328436 0.0390561 0 
v 0.0021087 0.0366721 0 
v 0.00221695 0.036767 0 
v 0.00199641 0.0365819 0 
v 0.00138214 0.0362092 0 
v 0.000841603 0.0360124 0 
v -0.00127536 0.0361512 0 
v 0.0032875 0.0392 0 
v 0.00328436 0.0393439 0 
v 0.00325927 0.0387693 0 
v 0.00151127 0.0362729 0 
v 0.0016375 0.0363421 0 
v -0.0016625 0.0363421 0 
v 0.011375 -0.0044625 0 
v 0.0221661 -0.00261807 0 
v 0.011375 0.005625 0 
v 0.0208781 0.000143944 0 
v 0.0209532 0.000714251 0 
v 0.0209251 0.000573039 0 
v 0.0210277 0.000992329 0 
v 0.0209874 0.000854103 0 
v 0.0211262 0.00126286 0 
v 0.021074 0.00112867 0 
v 0.0212479 0.00152377 0 
v 0.0211842 0.00139464 0 
v 0.0215569 0.00200891 0 
v 0.0214718 0.0018928 0 
v 0.0220538 -0.00252795 0 
v 0.021742 -0.00222945 0 
v 0.0218415 -0.00233345 0 
v 0.0215569 -0.00200891 0 
v 0.0216471 -0.0021212 0 
v 0.0213171 -0.00165 0 
v 0.0213918 -0.00177309 0 
v 0.020875 -1.43896e-19 0 
v 0.0209032 0.000430736 0 
v 0.0208876 0.000287614 0 
v 0.0213918 0.00177309 0 
v 0.0219456 -0.00243302 0 
v 0.0214718 -0.0018928 0 
v 0.0211842 -0.00139464 0 
v 0.0212479 -0.00152377 0 
v 0.0213171 0.00165 0 
v 0.0218415 0.00233345 0 
v 0.021742 0.00222945 0 
v 0.0222822 0.0027032 0 
v 0.0221661 0.00261807 0 
v 0.0225088 0.00284806 0 
v 0.0224019 0.00278319 0 
v 0.0209532 -0.000714251 0 
v 0.0209874 -0.000854103 0 
v 0.0208876 -0.000287614 0 
v 0.0209032 -0.000430736 0 
v 0.0208781 -0.000143944 0 
v 0.0216471 0.0021212 0 
v 0.0220538 0.00252795 0 
v 0.0222822 -0.0027032 0 
v 0.0224019 -0.00278319 0 
v 0.021074 -0.00112867 0 
v 0.0211262 -0.00126286 0 
v 0.0210277 -0.000992329 0 
v 0.0209251 -0.000573039 0 
v 0.0219456 0.00243302 0 
v 0.0225088 -0.00284806 0 
v 0.0077125 0.005625 0 
v 0.00366875 0.005625 0 
v -0.00169375 0.005625 0 
v -0.011325 0.005625 0 
v -0.00368125 0.005625 0 
v -0.011325 -0.005625 0 
v -0.011325 -0.0044625 0 
v -0.00368125 -0.005625 0 
v -0.00169375 -0.005625 0 
v 0.00366875 -0.005625 0 
v 0.0077125 -0.005625 0 
v 0.011375 -0.005625 0 
v -0.00368125 0.0229 0 
v -0.00169375 0.0229 0 
v 0.00366875 0.0229 0 
v 0.00405 0.0229 0 
v 0.00405 0.0319 0 
v 0.00405 0.0255444 0 
v 0.00366875 0.0319 0 
v -0.00169375 0.0319 0 
v -0.00405 0.0319 0 
v -0.00368125 0.0319 0 
v -0.00405 0.0229 0 
v -0.00405 0.0255444 0 
v 0.00763529 0.0524128 -4.33681e-19 
v 0.0077125 0.0523825 0 
v 0.00644504 0.0528228 -4.33681e-19 
v 0.00533201 0.0531533 0 
v 0.00429029 0.0534145 -4.33681e-19 
v 0.00366875 0.0535424 0 
v 0.0117258 0.0505837 -2.1684e-19 
v 0.013278 0.0497267 0 
v 0.0102705 0.051307 0 
v 0.0149286 0.0487197 -2.1684e-19 
v 0.00890862 0.0519119 0 
v 0.0166766 0.0475467 2.1684e-19 
v 0.0185173 0.0461926 -2.1684e-19 
v 0.0224356 0.0428942 0 
v 0.0225088 0.0428241 0 
v 0.0204417 0.0446446 2.1684e-19 
v 0.0244796 0.0409383 0 
v 0.0248529 0.0356104 0 
v 0.0247797 0.035534 0 
v 0.0250089 0.0357533 0 
v 0.0249293 0.0356836 0 
v 0.0243272 0.0348237 0 
v 0.0242889 0.0347251 0 
v 0.0253551 0.0359958 0 
v 0.0252647 0.0359409 0 
v 0.0259454 0.0394103 0 
v 0.0257382 0.0361744 0 
v 0.0285924 0.0364621 0 
v 0.0282823 0.0356104 0 
v 0.0282059 0.0356836 0 
v 0.0284253 0.0354544 0 
v 0.0283555 0.035534 0 
v 0.0287654 0.0349205 0 
v 0.0287186 0.0350154 0 
v 0.0243698 0.0349205 0 
v 0.0244166 0.0350154 0 
v 0.0250914 0.0358195 0 
v 0.0251767 0.0358821 0 
v 0.0256396 0.0361361 0 
v 0.0263563 0.0363114 0 
v 0.0262511 0.0362999 0 
v 0.0265485 0.0387816 -2.1684e-19 
v 0.0269887 0.0362838 0 
v 0.0268841 0.0362999 0 
v 0.0279585 0.0358821 0 
v 0.0278706 0.0359409 0 
v 0.028808 0.0348237 0 
v 0.0288804 0.0346249 0 
v 0.0288464 0.0347251 0 
v 0.0242548 0.0346249 0 
v 0.0244675 0.0351082 0 
v 0.02471 0.0354544 0 
v 0.0246437 0.0353719 0 
v 0.0255428 0.0360935 0 
v 0.0264618 0.0363183 0 
v 0.026779 0.0363114 0 
v 0.0280439 0.0358195 0 
v 0.0281264 0.0357533 0 
v 0.0245812 0.0352866 0 
v 0.0245224 0.0351986 0 
v 0.0254479 0.0360467 0 
v 0.0261465 0.0362838 0 
v 0.0260427 0.0362632 0 
v 0.0265676 0.0363207 0 
v 0.0266734 0.0363183 0 
v 0.0271952 0.036238 0 
v 0.0270925 0.0362632 0 
v 0.0275925 0.0360935 0 
v 0.0285541 0.0352866 0 
v 0.0284915 0.0353719 0 
v 0.0286677 0.0351082 0 
v 0.0286128 0.0351986 0 
v 0.02891 0.0345233 0 
v 0.02594 0.036238 0 
v 0.0258384 0.0362084 0 
v 0.027397 0.0361744 0 
v 0.0272968 0.0362084 0 
v 0.0274956 0.0361361 0 
v 0.0277801 0.0359958 0 
v 0.0276874 0.0360467 0 
v 0.0301592 0.0345194 0 
v 0.0289109 0.0345194 0 
v 0.0242252 0.0345233 0 
v 0.0288546 0.0361501 0 
v 0.0289351 0.0333708 0 
v 0.0289558 0.0334746 0 
v 0.0308782 0.0336208 0 
v 0.0328299 0.030959 0 
v 0.02891 0.033268 0 
v 0.028808 0.0329676 0 
v 0.0288464 0.0330663 0 
v 0.0286677 0.0326832 0 
v 0.0287186 0.0327759 0 
v 0.0363056 0.0255444 0 
v 0.0278706 0.0318504 0 
v 0.0279585 0.0319092 0 
v 0.0287654 0.0328708 0 
v 0.0346793 0.0282019 -2.1684e-19 
v 0.0277801 0.0317955 0 
v 0.026779 0.0314799 0 
v 0.0268841 0.0314914 0 
v 0.0288804 0.0331664 0 
v 0.0284253 0.0323369 0 
v 0.0284915 0.0324194 0 
v 0.0280439 0.0319718 0 
v 0.027397 0.0316169 0 
v 0.0274956 0.0316552 0 
v 0.0269887 0.0315075 0 
v 0.0266734 0.031473 0 
v 0.0249293 0.0321078 0 
v 0.0250089 0.032038 0 
v 0.0289903 0.0340014 0 
v 0.0289834 0.034107 0 
v 0.0289903 0.0337899 0 
v 0.0289926 0.0338957 0 
v 0.0289719 0.0335791 0 
v 0.0286128 0.0325927 0 
v 0.0276874 0.0317447 0 
v 0.0275925 0.0316979 0 
v 0.0270925 0.0315281 0 
v 0.0265676 0.0314707 0 
v 0.0261465 0.0315075 0 
v 0.0262511 0.0314914 0 
v 0.0248529 0.0321809 0 
v 0.02471 0.0323369 0 
v 0.0247797 0.0322573 0 
v 0.0245224 0.0325927 0 
v 0.0245812 0.0325047 0 
v 0.0289834 0.0336843 0 
v 0.0285541 0.0325047 0 
v 0.0281264 0.032038 0 
v 0.0282059 0.0321078 0 
v 0.0271952 0.0315533 0 
v 0.0272968 0.0315829 0 
v 0.0263563 0.0314799 0 
v 0.0246437 0.0324194 0 
v 0.0282823 0.0321809 0 
v 0.0283555 0.0322573 0 
v 0.0264618 0.031473 0 
v 0.0250914 0.0319718 0 
v 0.0244675 0.0326832 0 
v 0.0243698 0.0328708 0 
v 0.0244166 0.0327759 0 
v 0.0242889 0.0330663 0 
v 0.0243272 0.0329676 0 
v 0.0242243 0.0345194 0 
v 0.0242001 0.0344205 0 
v 0.0289558 0.0343168 0 
v 0.0289351 0.0344205 0 
v 0.02594 0.0315533 0 
v 0.0260427 0.0315281 0 
v 0.0241449 0.0340014 0 
v 0.0241426 0.0338957 0 
v 0.0241795 0.0343168 0 
v 0.0289719 0.0342122 0 
v 0.0257382 0.0316169 0 
v 0.0258384 0.0315829 0 
v 0.0255428 0.0316979 0 
v 0.0256396 0.0316552 0 
v 0.0253551 0.0317955 0 
v 0.0254479 0.0317447 0 
v 0.0251767 0.0319092 0 
v 0.0252647 0.0318504 0 
v 0.0242548 0.0331664 0 
v 0.0241795 0.0334746 0 
v 0.0242001 0.0333708 0 
v 0.0241518 0.034107 0 
v 0.0241634 0.0342122 0 
v 0.0242252 0.033268 0 
v 0.0241634 0.0335791 0 
v 0.0241449 0.0337899 0 
v 0.0241518 0.0336843 0 
v 0.0363999 0.0253903 -2.1684e-19 
v 0.0379715 0.0225661 -2.1684e-19 
v 0.0393805 0.0197688 -6.50521e-19 
v 0.0406204 0.0170336 0 
v 0.041691 0.0143895 -2.1684e-19 
v 0.0451147 -0.00190953 0 
v 0.0450128 -0.00282455 0 
v 0.0274468 -0.000430736 0 
v 0.0448717 -0.00373434 0 
v 0.0274249 -0.000573039 0 
v 0.045177 -0.000990977 0 
v 0.0274624 -0.000287614 0 
v 0.0447265 -0.0044625 0 
v 0.0273968 -0.000714251 0 
v 0.024748 -0.00324987 0 
v 0.0248893 -0.00322178 0 
v 0.0451831 0.000849923 0 
v 0.0451999 -7.05921e-05 0 
v 0.027475 1.0685e-18 0 
v 0.0274719 -0.000143944 0 
v 0.0273626 -0.000854103 0 
v 0.0234607 0.00322178 0 
v 0.0233209 0.00318756 0 
v 0.0240311 0.00329686 0 
v 0.0238874 0.00328744 0 
v 0.0250291 -0.00318756 0 
v 0.023602 0.00324987 0 
v 0.024175 0.0033 0 
v 0.0244626 0.00328744 0 
v 0.0243189 0.00329686 0 
v 0.0248893 0.00322178 0 
v 0.024748 0.00324987 0 
v 0.0251673 -0.00314727 0 
v 0.0253037 -0.00310099 0 
v 0.0246057 -0.00327177 0 
v 0.0243189 -0.00329686 0 
v 0.0244626 -0.00328744 0 
v 0.0240311 -0.00329686 0 
v 0.024175 -0.0033 0 
v 0.0237443 0.00327177 0 
v 0.0246057 0.00327177 0 
v 0.0251673 0.00314727 0 
v 0.0250291 0.00318756 0 
v 0.0451268 0.00176887 0 
v 0.0274719 0.000143944 0 
v 0.0273223 -0.000992329 0 
v 0.0271021 -0.00152377 0 
v 0.0271658 -0.00139464 0 
v 0.0254379 -0.0030488 0 
v 0.0255696 -0.00299082 0 
v 0.0237443 -0.00327177 0 
v 0.0238874 -0.00328744 0 
v 0.0233209 -0.00318756 0 
v 0.0234607 -0.00322178 0 
v 0.0417366 0.0142625 0 
v 0.0254379 0.0030488 0 
v 0.0253037 0.00310099 0 
v 0.0448959 0.00359524 0 
v 0.045031 0.00268454 0 
v 0.0274468 0.000430736 0 
v 0.0274624 0.000287614 0 
v 0.0272238 -0.00126286 0 
v 0.027276 -0.00112867 0 
v 0.0270329 -0.00165 0 
v 0.0268782 -0.0018928 0 
v 0.0269582 -0.00177309 0 
v 0.025825 -0.00285788 0 
v 0.0259481 -0.00278319 0 
v 0.0256988 -0.00292714 0 
v 0.023602 -0.00324987 0 
v 0.0231827 -0.00314727 0 
v 0.0229121 -0.0030488 0 
v 0.0230463 -0.00310099 0 
v 0.0231827 0.00314727 0 
v 0.0230463 0.00310099 0 
v 0.0442577 0.00628076 0 
v 0.0445089 0.00539502 0 
v 0.0273626 0.000854103 0 
v 0.0447218 0.00449929 0 
v 0.0273968 0.000714251 0 
v 0.0274249 0.000573039 0 
v 0.0260678 -0.0027032 0 
v 0.0261839 -0.00261807 0 
v 0.0226512 -0.00292714 0 
v 0.0227804 -0.00299082 0 
v 0.0255696 0.00299082 0 
v 0.0439687 0.00715488 0 
v 0.0269582 0.00177309 0 
v 0.0268782 0.0018928 0 
v 0.0271021 0.00152377 0 
v 0.0270329 0.00165 0 
v 0.027276 0.00112867 0 
v 0.0272238 0.00126286 0 
v 0.0273223 0.000992329 0 
v 0.0265085 -0.00233345 0 
v 0.026608 -0.00222945 0 
v 0.0262962 -0.00252795 0 
v 0.0264044 -0.00243302 0 
v 0.022525 -0.00285788 0 
v 0.0229121 0.0030488 0 
v 0.0227804 0.00299082 0 
v 0.0260678 0.0027032 0 
v 0.0259481 0.00278319 0 
v 0.0262962 0.00252795 0 
v 0.0261839 0.00261807 0 
v 0.0433495 0.00945846 0 
v 0.0267931 0.00200891 0 
v 0.0271658 0.00139464 0 
v 0.0267029 -0.0021212 0 
v 0.0267931 -0.00200891 0 
v 0.0226512 0.00292714 0 
v 0.022525 0.00285788 0 
v 0.025825 0.00285788 0 
v 0.0256988 0.00292714 0 
v 0.0265085 0.00233345 0 
v 0.0264044 0.00243302 0 
v 0.0267029 0.0021212 0 
v 0.026608 0.00222945 0 
v 0.0425977 0.0118591 -4.33681e-19 
v 0.0432204 -0.00899014 0 
v 0.0428158 -0.00981715 0 
v 0.0413943 -0.0121832 0 
v 0.0411423 -0.012531 0 
v 0.0423761 -0.010626 0 
v 0.0419019 -0.0114152 0 
v 0.0435891 -0.0081465 0 
v 0.0442159 -0.00641559 0 
v 0.0439211 -0.00728779 0 
v 0.0446916 -0.00463722 0 
v 0.0444729 -0.00553152 0 
v 0.0322499 -0.0196636 0 
v 0.0313964 -0.020009 0 
v 0.036989 -0.0168545 0 
v 0.0362519 -0.0174063 0 
v 0.0260374 -0.0212861 0 
v 0.0251199 -0.0213628 0 
v 0.0330877 -0.0192819 0 
v 0.0347102 -0.0184122 0 
v 0.0339083 -0.0188645 0 
v 0.0377016 -0.0162716 0 
v 0.0269507 -0.0211701 0 
v 0.0287582 -0.0208207 0 
v 0.0278582 -0.0210148 0 
v 0.0354919 -0.0179258 0 
v 0.0305289 -0.0203173 0 
v 0.029649 -0.0205881 0 
v 0.0390483 -0.0150165 0 
v 0.0383884 -0.0156585 0 
v 0.0402823 -0.0136504 0 
v 0.03968 -0.0143467 0 
v 0.040854 -0.0129288 0 
v 0.0242 -0.0214 0 
v 0.0146656 -0.0217488 0 
v 0.0116398 -0.0220527 0 
v 0.00970838 -0.0223152 0 
v 0.0185237 -0.0215134 0 
v 0.0225088 -0.0214338 0 
v 0.0074126 -0.0227102 0 
v 0.00514194 -0.0231982 0 
v 0.0077125 -0.0226586 0 
v -1.30236e-05 -0.0194381 0 
v -1.6233e-05 -0.0194388 0 
v 3.75e-05 -0.019447 0 
v 3.46311e-05 -0.0194455 0 
v -6.49519e-05 -0.0194745 0 
v -6.65258e-05 -0.0194774 0 
v -3.16964e-05 -0.019444 0 
v -3.46311e-05 -0.0194455 0 
v -1.94114e-05 -0.0194396 0 
v 2.87013e-05 -0.0194427 0 
v 2.56515e-05 -0.0194415 0 
v 3.16964e-05 -0.019444 0 
v 4.56571e-05 -0.0194525 0 
v 4.30182e-05 -0.0194506 0 
v 6.32544e-05 -0.0194717 0 
v 6.14364e-05 -0.019469 0 
v 6.79731e-05 -0.0194803 0 
v 6.65258e-05 -0.0194774 0 
v -7.15288e-05 -0.0194894 0 
v -7.24444e-05 -0.0194926 0 
v -6.9291e-05 -0.0194833 0 
v -7.04769e-05 -0.0194863 0 
v -6.79731e-05 -0.0194803 0 
v -5.95015e-05 -0.0194663 0 
v -6.14364e-05 -0.019469 0 
v -4.56571e-05 -0.0194525 0 
v -4.82091e-05 -0.0194545 0 
v -4.02975e-05 -0.0194487 0 
v -4.30182e-05 -0.0194506 0 
v -2.87013e-05 -0.0194427 0 
v -2.25529e-05 -0.0194405 0 
v -2.56515e-05 -0.0194415 0 
v -9.78946e-06 -0.0194376 0 
v -3.27145e-06 -0.0194371 0 
v -6.53668e-06 -0.0194373 0 
v 4.02975e-05 -0.0194487 0 
v 5.06693e-05 -0.0194567 0 
v 4.82091e-05 -0.0194545 0 
v 5.74533e-05 -0.0194638 0 
v 5.52958e-05 -0.0194613 0 
v 6.49519e-05 -0.0194745 0 
v 6.9291e-05 -0.0194833 0 
v 0.00366875 -0.0235482 0 
v 6.49519e-05 -0.0195495 0 
v 6.65258e-05 -0.0195466 0 
v 5.95015e-05 -0.0195577 0 
v 6.14364e-05 -0.019555 0 
v 1.30236e-05 -0.0195859 0 
v 1.6233e-05 -0.0195852 0 
v 7.53819e-05 -0.0241996 0 
v -6.79731e-05 -0.0195437 0 
v -6.65258e-05 -0.0195466 0 
v -0.00169375 -0.0240153 0 
v -6.32544e-05 -0.0194717 0 
v -5.3033e-05 -0.019459 0 
v -5.52958e-05 -0.0194613 0 
v -5.06693e-05 -0.0194567 0 
v -3.75e-05 -0.019447 0 
v 5.3033e-05 -0.019459 0 
v 5.95015e-05 -0.0194663 0 
v 7.15288e-05 -0.0194894 0 
v 7.04769e-05 -0.0194863 0 
v 6.79731e-05 -0.0195437 0 
v 6.32544e-05 -0.0195523 0 
v 5.3033e-05 -0.019565 0 
v 5.52958e-05 -0.0195627 0 
v 4.56571e-05 -0.0195715 0 
v 4.82091e-05 -0.0195695 0 
v 4.02975e-05 -0.0195753 0 
v 4.30182e-05 -0.0195734 0 
v 1.94114e-05 -0.0195844 0 
v -3.27145e-06 -0.0195869 0 
v 1.89511e-19 -0.019587 0 
v -6.32544e-05 -0.0195523 0 
v -6.14364e-05 -0.019555 0 
v -6.9291e-05 -0.0195407 0 
v -7.15288e-05 -0.0195346 0 
v -7.04769e-05 -0.0195377 0 
v -7.32222e-05 -0.0194958 0 
v -5.74533e-05 -0.0194638 0 
v 1.94114e-05 -0.0194396 0 
v 1.6233e-05 -0.0194388 0 
v 7.24444e-05 -0.0194926 0 
v 5.74533e-05 -0.0195602 0 
v 5.06693e-05 -0.0195673 0 
v 3.75e-05 -0.019577 0 
v 2.87013e-05 -0.0195813 0 
v 3.16964e-05 -0.01958 0 
v 2.25529e-05 -0.0195835 0 
v 2.56515e-05 -0.0195825 0 
v 9.78946e-06 -0.0195864 0 
v 3.27145e-06 -0.0195869 0 
v 6.53668e-06 -0.0195867 0 
v 0.000635677 -0.0241707 0 
v 0.000343102 -0.0241912 0 
v -1.94114e-05 -0.0195844 0 
v -1.6233e-05 -0.0195852 0 
v -3.75e-05 -0.019577 0 
v -3.46311e-05 -0.0195785 0 
v -4.56571e-05 -0.0195715 0 
v -4.30182e-05 -0.0195734 0 
v -5.74533e-05 -0.0195602 0 
v -5.52958e-05 -0.0195627 0 
v -6.49519e-05 -0.0195495 0 
v -7.32222e-05 -0.0195282 0 
v -7.24444e-05 -0.0195314 0 
v -7.49286e-05 -0.0195153 0 
v -7.53819e-05 -0.0241996 0 
v -0.000343102 -0.0241912 0 
v -7.43584e-05 -0.0195022 0 
v -7.47146e-05 -0.0195055 0 
v -7.38606e-05 -0.019499 0 
v 9.78946e-06 -0.0194376 0 
v 6.53668e-06 -0.0194373 0 
v 1.30236e-05 -0.0194381 0 
v 2.25529e-05 -0.0194405 0 
v 6.9291e-05 -0.0195407 0 
v 7.04769e-05 -0.0195377 0 
v 0.000966543 -0.0241344 0 
v -2.25529e-05 -0.0195835 0 
v -2.87013e-05 -0.0195813 0 
v -2.56515e-05 -0.0195825 0 
v -3.16964e-05 -0.01958 0 
v -4.02975e-05 -0.0195753 0 
v -5.95015e-05 -0.0195577 0 
v -7.38606e-05 -0.019525 0 
v -0.000635677 -0.0241707 0 
v 7.43584e-05 -0.0195022 0 
v 7.38606e-05 -0.019499 0 
v 7.49286e-05 -0.0195087 0 
v 7.47146e-05 -0.0195055 0 
v 7.15288e-05 -0.0195346 0 
v 7.24444e-05 -0.0195314 0 
v 3.46311e-05 -0.0195785 0 
v 0.00136192 -0.0240757 0 
v 0.00173282 -0.0240082 0 
v -9.78946e-06 -0.0195864 0 
v -6.53668e-06 -0.0195867 0 
v -1.30236e-05 -0.0195859 0 
v -4.82091e-05 -0.0195695 0 
v -5.3033e-05 -0.019565 0 
v -5.06693e-05 -0.0195673 0 
v -7.43584e-05 -0.0195218 0 
v -7.47146e-05 -0.0195185 0 
v -0.000966543 -0.0241344 0 
v 3.27145e-06 -0.0194371 0 
v 2.0788e-19 -0.019437 0 
v 7.32222e-05 -0.0194958 0 
v -0.00136192 -0.0240757 0 
v -7.49286e-05 -0.0195087 0 
v 7.49286e-05 -0.0195153 0 
v 7.5e-05 -0.019512 0 
v 7.32222e-05 -0.0195282 0 
v 7.38606e-05 -0.019525 0 
v -5.83489e-18 -0.0242 0 
v 7.43584e-05 -0.0195218 0 
v 7.47146e-05 -0.0195185 0 
v -7.5e-05 -0.019512 0 
v -0.00173282 -0.0240082 0 
v -0.00368125 -0.0235453 0 
v -0.00970838 -0.0223152 0 
v -0.0116398 -0.0220527 0 
v -0.0074126 -0.0227102 0 
v -0.0146656 -0.0217488 0 
v -0.00514194 -0.0231982 0 
v -0.0242 -0.0214 0 
v -0.0251199 -0.0213628 0 
v -0.0260374 -0.0212861 0 
v -0.0269507 -0.0211701 0 
v -0.0185237 -0.0215134 0 
v -0.0161 -0.0216613 0 
v -0.03968 -0.0143467 0 
v -0.0402823 -0.0136504 0 
v -0.0390483 -0.0150165 0 
v -0.0377016 -0.0162716 0 
v -0.0383884 -0.0156585 0 
v -0.036989 -0.0168545 0 
v -0.0354919 -0.0179258 0 
v -0.0362519 -0.0174063 0 
v -0.0330877 -0.0192819 0 
v -0.0339083 -0.0188645 0 
v -0.040854 -0.0129288 0 
v -0.0347102 -0.0184122 0 
v -0.0322499 -0.0196636 0 
v -0.0305289 -0.0203173 0 
v -0.0313964 -0.020009 0 
v -0.0287582 -0.0208207 0 
v -0.029649 -0.0205881 0 
v -0.0278582 -0.0210148 0 
v -0.02784 -0.0210179 0 
v -0.0444729 -0.00553152 0 
v -0.0446916 -0.00463722 0 
v -0.0428158 -0.00981715 0 
v -0.0432204 -0.00899014 0 
v -0.0442159 -0.00641559 0 
v -0.0435891 -0.0081465 0 
v -0.0439211 -0.00728779 0 
v -0.0423761 -0.010626 0 
v -0.0419019 -0.0114152 0 
v -0.0411423 -0.012531 0 
v -0.0413943 -0.0121832 0 
v -0.0445089 0.00539502 0 
v -0.0442577 0.00628076 0 
v -0.0451999 -7.05921e-05 0 
v -0.0451831 0.000849923 0 
v -0.0447218 0.00449929 0 
v -0.0451268 0.00176887 0 
v -0.045031 0.00268454 0 
v -0.045177 -0.000990977 0 
v -0.0448959 0.00359524 0 
v -0.0433495 0.00945846 -2.1684e-19 
v -0.0425977 0.0118591 -4.33681e-19 
v -0.0450128 -0.00282455 0 
v -0.0451147 -0.00190953 0 
v -0.0439687 0.00715488 0 
v -0.0447265 -0.0044625 0 
v -0.0448717 -0.00373434 0 
v -0.0363999 0.0253903 0 
v -0.0363056 0.0255444 0 
v -0.0379715 0.0225661 0 
v -0.0393805 0.0197688 2.1684e-19 
v -0.0406204 0.0170336 -2.1684e-19 
v -0.041691 0.0143895 -4.33681e-19 
v -0.0417366 0.0142625 0 
v -0.0346793 0.0282019 -2.1684e-19 
v -0.0328299 0.030959 0 
v -0.0308782 0.0336208 -2.1684e-19 
v -0.0301592 0.0345194 0 
v -0.0288546 0.0361501 4.33681e-19 
v -0.0285924 0.0364621 -2.1684e-19 
v -0.0265485 0.0387816 0 
v -0.0259454 0.0394103 0 
v -0.02784 0.037316 0 
v -0.0185173 0.0461926 -4.33681e-19 
v -0.0166766 0.0475467 2.1684e-19 
v -0.0204417 0.0446446 -2.1684e-19 
v -0.0224356 0.0428942 -2.1684e-19 
v -0.0244796 0.0409383 -2.1684e-19 
v -0.0149286 0.0487197 0 
v -0.013278 0.0497267 -2.1684e-19 
v -0.0117258 0.0505837 -2.1684e-19 
v -0.0161 0.0479337 0 
v -0.0102705 0.051307 -4.33681e-19 
v -0.00890862 0.0519119 2.1684e-19 
v -0.00763529 0.0524128 0 
v -0.00644504 0.0528228 -2.1684e-19 
v -0.00533201 0.0531533 -2.1684e-19 
v -0.00429029 0.0534145 -6.50521e-19 
v -0.00368125 0.0535398 0 
v -0.00293964 0.0407238 0 
v -0.00300332 0.0405946 0 
v -0.00287038 0.04085 0 
v -0.00234595 0.0415335 0 
v -0.00244552 0.0414294 0 
v -0.00311349 0.0403287 0 
v -0.00315977 0.0401923 0 
v -0.0030613 0.0404629 0 
v -0.00279569 0.0409731 0 
v -0.00254045 0.0413212 0 
v -0.00263057 0.0412089 0 
v -0.00224195 0.041633 0 
v -0.00178559 0.0419832 0 
v -0.0019053 0.0419032 0 
v -0.00326237 0.039773 0 
v -0.00328427 0.0396307 0 
v -0.00320006 0.0400541 0 
v -0.00323428 0.0399143 0 
v -0.0027157 0.0410928 0 
v -0.00202141 0.0418181 0 
v -0.00329994 0.0394876 0 
v -0.0021337 0.0417279 0 
v -0.00331407 0.0536153 -4.33681e-19 
v -0.00169375 0.0420389 0 
v -0.00239783 0.0537632 -2.1684e-19 
v -0.00169375 0.0538463 0 
v -0.000300114 0.0424874 0 
v -0.000443236 0.0424718 0 
v 0.000841603 0.0423876 0 
v 0.000701751 0.0424218 0 
v 0.00331407 0.0536153 -2.1684e-19 
v -0.00153637 0.0538648 -2.1684e-19 
v -0.000724855 0.0539257 -6.50521e-19 
v -0.000156444 0.0424969 0 
v 0.00239783 0.0537632 -4.33681e-19 
v 0.000560539 0.0424499 0 
v 0.000418236 0.0424718 0 
v 0.000979829 0.0423473 0 
v -2.05998e-17 0.05395 0 
v -1.25e-05 0.0425 0 
v 0.000724855 0.0539257 -6.50521e-19 
v 0.000131444 0.0424969 0 
v 0.00153637 0.0538648 -4.33681e-19 
v 0.000275114 0.0424874 0 
v 0.00111617 0.042301 0 
v -0.000585539 0.0424499 0 
v -0.00127536 0.0422488 0 
v -0.00140714 0.0421908 0 
v -0.000726751 0.0424218 0 
v -0.000866603 0.0423876 0 
v -0.00153627 0.0421271 0 
v -0.0016625 0.0420579 0 
v -0.00114117 0.042301 0 
v -0.00100483 0.0423473 0 
v 0.0018803 0.0419032 0 
v 0.00176059 0.0419832 0 
v 0.00277069 0.0409731 0 
v 0.0026907 0.0410928 0 
v 0.00327494 0.0394876 0 
v 0.00325927 0.0396307 0 
v 0.00138214 0.0421908 0 
v 0.00125036 0.0422488 0 
v 0.0016375 0.0420579 0 
v 0.00151127 0.0421271 0 
v 0.00199641 0.0418181 0 
v 0.00232095 0.0415335 0 
v 0.00221695 0.041633 0 
v 0.00251545 0.0413212 0 
v 0.00242052 0.0414294 0 
v 0.00260557 0.0412089 0 
v 0.0030363 0.0404629 0 
v 0.00297832 0.0405946 0 
v 0.00313477 0.0401923 0 
v 0.00308849 0.0403287 0 
v 0.00317506 0.0400541 0 
v 0.00323737 0.039773 0 
v 0.00320928 0.0399143 0 
v 0.00328001 0.0394103 0 
v 0.0021087 0.0417279 0 
v 0.00284538 0.04085 0 
v 0.00291464 0.0407238 0 
v -0.0161 0.0394103 0 
v -0.00368125 0.0394103 0 
v -0.00368125 0.0345194 0 
v 0.00366875 0.0394103 0 
v 0.0077125 0.0394103 0 
v 0.0077125 0.0345194 0 
v 0.0225088 0.0394103 0 
v 0.0225088 0.0345194 0 
v 0.0225088 0.0255444 0 
v -0.02784 0.0255444 0 
v -0.0161 0.0255444 0 
v -0.0161 0.0142625 0 
v 0.0077125 0.0255444 0 
v 0.0225088 0.0142625 0 
v -0.02784 0.0142625 0 
v -0.0161 -0.0044625 0 
v -0.02784 -0.0044625 0 
v -0.0161 -0.012531 0 
v 0.00366875 0.0345194 0 
v -0.00169375 0.0345194 0 
v -0.0161 0.0345194 0 
v -0.02784 0.0345194 0 
v 0.0225088 -0.0044625 0 
v 0.0077125 0.0142625 0 
v 0.00366875 0.0142625 0 
v -0.00169375 0.0142625 0 
v -0.00368125 0.0142625 0 
v -0.00368125 -0.012531 0 
v -0.00169375 -0.012531 0 
v 0.00366875 -0.012531 0 
v 0.0077125 -0.012531 0 
v 0.0225088 -0.012531 0 
v -0.02784 -0.012531 0 
v 0.0439687 0.00715488 0.0018 
v 0.0442577 0.00628076 0.0018 
v 0.0445089 0.00539502 0.0018 
v 0.0447218 0.00449929 0.0018 
v 0.0448959 0.00359524 0.0018 
v 0.045031 0.00268454 0.0018 
v 0.0451268 0.00176887 0.0018 
v 0.0451831 0.000849923 0.0018 
v 0.0451999 -7.05921e-05 0.0018 
v 0.045177 -0.000990977 0.0018 
v 0.0451147 -0.00190953 0.0018 
v 0.0450128 -0.00282455 0.0018 
v 0.0448717 -0.00373434 0.0018 
v 0.0446916 -0.00463722 0.0018 
v 0.0444729 -0.00553152 0.0018 
v 0.0442159 -0.00641559 0.0018 
v 0.0439211 -0.00728779 0.0018 
v 0.0435891 -0.0081465 0.0018 
v 0.0432204 -0.00899014 0.0018 
v 0.0428158 -0.00981715 0.0018 
v 0.0423761 -0.010626 0.0018 
v 0.0419019 -0.0114152 0.0018 
v 0.0413943 -0.0121832 0.0018 
v 0.040854 -0.0129288 0.0018 
v 0.0402823 -0.0136504 0.0018 
v 0.03968 -0.0143467 0.0018 
v 0.0390483 -0.0150165 0.0018 
v 0.0383884 -0.0156585 0.0018 
v 0.0377016 -0.0162716 0.0018 
v 0.036989 -0.0168545 0.0018 
v 0.0362519 -0.0174063 0.0018 
v 0.0354919 -0.0179258 0.0018 
v 0.0347102 -0.0184122 0.0018 
v 0.0339083 -0.0188645 0.0018 
v 0.0330877 -0.0192819 0.0018 
v 0.0322499 -0.0196636 0.0018 
v 0.0313964 -0.020009 0.0018 
v 0.0305289 -0.0203173 0.0018 
v 0.029649 -0.0205881 0.0018 
v 0.0287582 -0.0208207 0.0018 
v 0.0278582 -0.0210148 0.0018 
v 0.0269507 -0.0211701 0.0018 
v 0.0260374 -0.0212861 0.0018 
v 0.0251199 -0.0213628 0.0018 
v 0.0242 -0.0214 0.0018 
v -0.0242 -0.0214 0.0018 
v -0.0251199 -0.0213628 0.0018 
v -0.0260374 -0.0212861 0.0018 
v -0.0269507 -0.0211701 0.0018 
v -0.0278582 -0.0210148 0.0018 
v -0.0287582 -0.0208207 0.0018 
v -0.029649 -0.0205881 0.0018 
v -0.0305289 -0.0203173 0.0018 
v -0.0313964 -0.020009 0.0018 
v -0.0322499 -0.0196636 0.0018 
v -0.0330877 -0.0192819 0.0018 
v -0.0339083 -0.0188645 0.0018 
v -0.0347102 -0.0184122 0.0018 
v -0.0354919 -0.0179258 0.0018 
v -0.0362519 -0.0174063 0.0018 
v -0.036989 -0.0168545 0.0018 
v -0.0377016 -0.0162716 0.0018 
v -0.0383884 -0.0156585 0.0018 
v -0.0390483 -0.0150165 0.0018 
v -0.03968 -0.0143467 0.0018 
v -0.0402823 -0.0136504 0.0018 
v -0.040854 -0.0129288 0.0018 
v -0.0413943 -0.0121832 0.0018 
v -0.0419019 -0.0114152 0.0018 
v -0.0423761 -0.010626 0.0018 
v -0.0428158 -0.00981715 0.0018 
v -0.0432204 -0.00899014 0.0018 
v -0.0435891 -0.0081465 0.0018 
v -0.0439211 -0.00728779 0.0018 
v -0.0442159 -0.00641559 0.0018 
v -0.0444729 -0.00553152 0.0018 
v -0.0446916 -0.00463722 0.0018 
v -0.0448717 -0.00373434 0.0018 
v -0.0450128 -0.00282455 0.0018 
v -0.0451147 -0.00190953 0.0018 
v -0.045177 -0.000990977 0.0018 
v -0.0451999 -7.05921e-05 0.0018 
v -0.0451831 0.000849923 0.0018 
v -0.0451268 0.00176887 0.0018 
v -0.045031 0.00268454 0.0018 
v -0.0448959 0.00359524 0.0018 
v -0.0447218 0.00449929 0.0018 
v -0.0445089 0.00539502 0.0018 
v -0.0442577 0.00628076 0.0018 
v -0.0439687 0.00715488 0.0018 
v -0.0116398 -0.0220527 0.0018 
v -0.0146656 -0.0217488 0.0018 
v -0.0185237 -0.0215134 0.0018 
v -0.00970838 -0.0223152 0.0018 
v -7.53819e-05 -0.0241996 0.0018 
v -0.000343102 -0.0241912 0.0018 
v -0.000635677 -0.0241707 0.0018 
v -0.000966543 -0.0241344 0.0018 
v -0.00136192 -0.0240757 0.0018 
v -0.00173282 -0.0240082 0.0018 
v -0.00514194 -0.0231982 0.0018 
v -0.0074126 -0.0227102 0.0018 
v 5.83489e-18 -0.0242 0.0018 
v 0.0185237 -0.0215134 0.0018 
v 0.0146656 -0.0217488 0.0018 
v 0.0116398 -0.0220527 0.0018 
v 0.00970838 -0.0223152 0.0018 
v 0.0074126 -0.0227102 0.0018 
v 0.00514194 -0.0231982 0.0018 
v 0.00173282 -0.0240082 0.0018 
v 0.00136192 -0.0240757 0.0018 
v 0.000966543 -0.0241344 0.0018 
v 0.000635677 -0.0241707 0.0018 
v 0.000343102 -0.0241912 0.0018 
v 7.53819e-05 -0.0241996 0.0018 
v -0.0433495 0.00945846 0.0018 
v -0.0425977 0.0118591 0.0018 
v -0.041691 0.0143895 0.0018 
v -0.0406204 0.0170336 0.0018 
v -0.0379715 0.0225661 0.0018 
v -0.0363999 0.0253903 0.0018 
v -0.0346793 0.0282019 0.0018 
v -0.0308782 0.0336208 0.0018 
v -0.0288546 0.0361501 0.0018 
v -0.0285924 0.0364621 0.0018 
v -0.0265485 0.0387816 0.0018 
v -0.0244796 0.0409383 0.0018 
v -0.0224356 0.0428942 0.0018 
v -0.0204417 0.0446446 0.0018 
v -0.0185173 0.0461926 0.0018 
v -0.0149286 0.0487197 0.0018 
v -0.0166766 0.0475467 0.0018 
v -0.013278 0.0497267 0.0018 
v -0.0117258 0.0505837 0.0018 
v -0.0102705 0.051307 0.0018 
v -0.00763529 0.0524128 0.0018 
v -0.00644504 0.0528228 0.0018 
v -0.00533201 0.0531533 0.0018 
v -0.00429029 0.0534145 0.0018 
v -0.00331407 0.0536153 0.0018 
v -0.00239783 0.0537632 0.0018 
v -0.00153637 0.0538648 0.0018 
v -0.000724855 0.0539257 0.0018 
v -2.05998e-17 0.05395 0.0018 
v -0.00890862 0.0519119 0.0018 
v -0.0328299 0.030959 0.0018 
v -0.0393805 0.0197688 0.0018 
v 0.000724855 0.0539257 0.0018 
v 0.00239783 0.0537632 0.0018 
v 0.00429029 0.0534145 0.0018 
v 0.00331407 0.0536153 0.0018 
v 0.00644504 0.0528228 0.0018 
v 0.00763529 0.0524128 0.0018 
v 0.00890862 0.0519119 0.0018 
v 0.0102705 0.051307 0.0018 
v 0.0117258 0.0505837 0.0018 
v 0.0149286 0.0487197 0.0018 
v 0.0185173 0.0461926 0.0018 
v 0.0224356 0.0428942 0.0018 
v 0.0244796 0.0409383 0.0018 
v 0.0265485 0.0387816 0.0018 
v 0.0288546 0.0361501 0.0018 
v 0.0308782 0.0336208 0.0018 
v 0.0328299 0.030959 0.0018 
v 0.0346793 0.0282019 0.0018 
v 0.0363999 0.0253903 0.0018 
v 0.0379715 0.0225661 0.0018 
v 0.0393805 0.0197688 0.0018 
v 0.041691 0.0143895 0.0018 
v 0.0425977 0.0118591 0.0018 
v 0.0433495 0.00945846 0.0018 
v 0.0406204 0.0170336 0.0018 
v 0.0285924 0.0364621 0.0018 
v 0.0204417 0.0446446 0.0018 
v 0.0166766 0.0475467 0.0018 
v 0.013278 0.0497267 0.0018 
v 0.00533201 0.0531533 0.0018 
v 0.00153637 0.0538648 0.0018 
v 0.00405 0.0319 0.0018 
v 0.00405 0.0229 0.0018 
v -0.00405 0.0229 0.0018 
v -0.00405 0.0319 0.0018 
v 0.011375 0.005625 0.0018 
v 0.011375 -0.005625 0.0018 
v -0.011325 0.005625 0.0018 
v -0.011325 -0.005625 0.0018 
v 7.5e-05 -0.019512 -3.75e-05 
v 7.49286e-05 -0.0195087 -3.75e-05 
v 7.47146e-05 -0.0195055 -3.75e-05 
v 7.43584e-05 -0.0195022 -3.75e-05 
v 7.38606e-05 -0.019499 -3.75e-05 
v 7.32222e-05 -0.0194958 -3.75e-05 
v 7.24444e-05 -0.0194926 -3.75e-05 
v 7.15288e-05 -0.0194894 -3.75e-05 
v 7.04769e-05 -0.0194863 -3.75e-05 
v 6.9291e-05 -0.0194833 -3.75e-05 
v 6.79731e-05 -0.0194803 -3.75e-05 
v 6.65258e-05 -0.0194774 -3.75e-05 
v 6.49519e-05 -0.0194745 -3.75e-05 
v 6.32544e-05 -0.0194717 -3.75e-05 
v 6.14364e-05 -0.019469 -3.75e-05 
v 5.95015e-05 -0.0194663 -3.75e-05 
v 5.74533e-05 -0.0194638 -3.75e-05 
v 5.52958e-05 -0.0194613 -3.75e-05 
v 5.3033e-05 -0.019459 -3.75e-05 
v 5.06693e-05 -0.0194567 -3.75e-05 
v 4.82091e-05 -0.0194545 -3.75e-05 
v 4.56571e-05 -0.0194525 -3.75e-05 
v 4.30182e-05 -0.0194506 -3.75e-05 
v 4.02975e-05 -0.0194487 -3.75e-05 
v 3.75e-05 -0.019447 -3.75e-05 
v 3.46311e-05 -0.0194455 -3.75e-05 
v 3.16964e-05 -0.019444 -3.75e-05 
v 2.87013e-05 -0.0194427 -3.75e-05 
v 2.56515e-05 -0.0194415 -3.75e-05 
v 2.25529e-05 -0.0194405 -3.75e-05 
v 1.94114e-05 -0.0194396 -3.75e-05 
v 1.6233e-05 -0.0194388 -3.75e-05 
v 1.30236e-05 -0.0194381 -3.75e-05 
v 9.78946e-06 -0.0194376 -3.75e-05 
v 6.53668e-06 -0.0194373 -3.75e-05 
v 3.27145e-06 -0.0194371 -3.75e-05 
v 2.0788e-19 -0.019437 -3.75e-05 
v -3.27145e-06 -0.0194371 -3.75e-05 
v -6.53668e-06 -0.0194373 -3.75e-05 
v -9.78946e-06 -0.0194376 -3.75e-05 
v -1.30236e-05 -0.0194381 -3.75e-05 
v -1.6233e-05 -0.0194388 -3.75e-05 
v -1.94114e-05 -0.0194396 -3.75e-05 
v -2.25529e-05 -0.0194405 -3.75e-05 
v -2.56515e-05 -0.0194415 -3.75e-05 
v -2.87013e-05 -0.0194427 -3.75e-05 
v -3.16964e-05 -0.019444 -3.75e-05 
v -3.46311e-05 -0.0194455 -3.75e-05 
v -3.75e-05 -0.019447 -3.75e-05 
v -4.02975e-05 -0.0194487 -3.75e-05 
v -4.30182e-05 -0.0194506 -3.75e-05 
v -4.56571e-05 -0.0194525 -3.75e-05 
v -4.82091e-05 -0.0194545 -3.75e-05 
v -5.06693e-05 -0.0194567 -3.75e-05 
v -5.3033e-05 -0.019459 -3.75e-05 
v -5.52958e-05 -0.0194613 -3.75e-05 
v -5.74533e-05 -0.0194638 -3.75e-05 
v -5.95015e-05 -0.0194663 -3.75e-05 
v -6.14364e-05 -0.019469 -3.75e-05 
v -6.32544e-05 -0.0194717 -3.75e-05 
v -6.49519e-05 -0.0194745 -3.75e-05 
v -6.65258e-05 -0.0194774 -3.75e-05 
v -6.79731e-05 -0.0194803 -3.75e-05 
v -6.9291e-05 -0.0194833 -3.75e-05 
v -7.04769e-05 -0.0194863 -3.75e-05 
v -7.15288e-05 -0.0194894 -3.75e-05 
v -7.24444e-05 -0.0194926 -3.75e-05 
v -7.32222e-05 -0.0194958 -3.75e-05 
v -7.38606e-05 -0.019499 -3.75e-05 
v -7.43584e-05 -0.0195022 -3.75e-05 
v -7.47146e-05 -0.0195055 -3.75e-05 
v -7.49286e-05 -0.0195087 -3.75e-05 
v -7.5e-05 -0.019512 -3.75e-05 
v -7.49286e-05 -0.0195153 -3.75e-05 
v -7.47146e-05 -0.0195185 -3.75e-05 
v -7.43584e-05 -0.0195218 -3.75e-05 
v -7.38606e-05 -0.019525 -3.75e-05 
v -7.32222e-05 -0.0195282 -3.75e-05 
v -7.24444e-05 -0.0195314 -3.75e-05 
v -7.15288e-05 -0.0195346 -3.75e-05 
v -7.04769e-05 -0.0195377 -3.75e-05 
v -6.9291e-05 -0.0195407 -3.75e-05 
v -6.79731e-05 -0.0195437 -3.75e-05 
v -6.65258e-05 -0.0195466 -3.75e-05 
v -6.49519e-05 -0.0195495 -3.75e-05 
v -6.32544e-05 -0.0195523 -3.75e-05 
v -6.14364e-05 -0.019555 -3.75e-05 
v -5.95015e-05 -0.0195577 -3.75e-05 
v -5.74533e-05 -0.0195602 -3.75e-05 
v -5.52958e-05 -0.0195627 -3.75e-05 
v -5.3033e-05 -0.019565 -3.75e-05 
v -5.06693e-05 -0.0195673 -3.75e-05 
v -4.82091e-05 -0.0195695 -3.75e-05 
v -4.56571e-05 -0.0195715 -3.75e-05 
v -4.30182e-05 -0.0195734 -3.75e-05 
v -4.02975e-05 -0.0195753 -3.75e-05 
v -3.75e-05 -0.019577 -3.75e-05 
v -3.46311e-05 -0.0195785 -3.75e-05 
v -3.16964e-05 -0.01958 -3.75e-05 
v -2.87013e-05 -0.0195813 -3.75e-05 
v -2.56515e-05 -0.0195825 -3.75e-05 
v -2.25529e-05 -0.0195835 -3.75e-05 
v -1.94114e-05 -0.0195844 -3.75e-05 
v -1.6233e-05 -0.0195852 -3.75e-05 
v -1.30236e-05 -0.0195859 -3.75e-05 
v -9.78946e-06 -0.0195864 -3.75e-05 
v -6.53668e-06 -0.0195867 -3.75e-05 
v -3.27145e-06 -0.0195869 -3.75e-05 
v 1.89511e-19 -0.019587 -3.75e-05 
v 3.27145e-06 -0.0195869 -3.75e-05 
v 6.53668e-06 -0.0195867 -3.75e-05 
v 9.78946e-06 -0.0195864 -3.75e-05 
v 1.30236e-05 -0.0195859 -3.75e-05 
v 1.6233e-05 -0.0195852 -3.75e-05 
v 1.94114e-05 -0.0195844 -3.75e-05 
v 2.25529e-05 -0.0195835 -3.75e-05 
v 2.56515e-05 -0.0195825 -3.75e-05 
v 2.87013e-05 -0.0195813 -3.75e-05 
v 3.16964e-05 -0.01958 -3.75e-05 
v 3.46311e-05 -0.0195785 -3.75e-05 
v 3.75e-05 -0.019577 -3.75e-05 
v 4.02975e-05 -0.0195753 -3.75e-05 
v 4.30182e-05 -0.0195734 -3.75e-05 
v 4.56571e-05 -0.0195715 -3.75e-05 
v 4.82091e-05 -0.0195695 -3.75e-05 
v 5.06693e-05 -0.0195673 -3.75e-05 
v 5.3033e-05 -0.019565 -3.75e-05 
v 5.52958e-05 -0.0195627 -3.75e-05 
v 5.74533e-05 -0.0195602 -3.75e-05 
v 5.95015e-05 -0.0195577 -3.75e-05 
v 6.14364e-05 -0.019555 -3.75e-05 
v 6.32544e-05 -0.0195523 -3.75e-05 
v 6.49519e-05 -0.0195495 -3.75e-05 
v 6.65258e-05 -0.0195466 -3.75e-05 
v 6.79731e-05 -0.0195437 -3.75e-05 
v 6.9291e-05 -0.0195407 -3.75e-05 
v 7.04769e-05 -0.0195377 -3.75e-05 
v 7.15288e-05 -0.0195346 -3.75e-05 
v 7.24444e-05 -0.0195314 -3.75e-05 
v 7.32222e-05 -0.0195282 -3.75e-05 
v 7.38606e-05 -0.019525 -3.75e-05 
v 7.43584e-05 -0.0195218 -3.75e-05 
v 7.47146e-05 -0.0195185 -3.75e-05 
v 7.49286e-05 -0.0195153 -3.75e-05 
v 2.03288e-19 -0.019512 -3.75e-05 
v 0.0241426 0.0338957 -0.000475 
v 0.0241449 0.0340014 -0.000475 
v 0.0241518 0.034107 -0.000475 
v 0.0241634 0.0342122 -0.000475 
v 0.0241795 0.0343168 -0.000475 
v 0.0242001 0.0344205 -0.000475 
v 0.0242252 0.0345233 -0.000475 
v 0.0242548 0.0346249 -0.000475 
v 0.0242889 0.0347251 -0.000475 
v 0.0243272 0.0348237 -0.000475 
v 0.0243698 0.0349205 -0.000475 
v 0.0244166 0.0350154 -0.000475 
v 0.0244675 0.0351082 -0.000475 
v 0.0245224 0.0351986 -0.000475 
v 0.0245812 0.0352866 -0.000475 
v 0.0246437 0.0353719 -0.000475 
v 0.02471 0.0354544 -0.000475 
v 0.0247797 0.035534 -0.000475 
v 0.0248529 0.0356104 -0.000475 
v 0.0249293 0.0356836 -0.000475 
v 0.0250089 0.0357533 -0.000475 
v 0.0250914 0.0358195 -0.000475 
v 0.0251767 0.0358821 -0.000475 
v 0.0252647 0.0359409 -0.000475 
v 0.0253551 0.0359958 -0.000475 
v 0.0254479 0.0360467 -0.000475 
v 0.0255428 0.0360935 -0.000475 
v 0.0256396 0.0361361 -0.000475 
v 0.0257382 0.0361744 -0.000475 
v 0.0258384 0.0362084 -0.000475 
v 0.02594 0.036238 -0.000475 
v 0.0260427 0.0362632 -0.000475 
v 0.0261465 0.0362838 -0.000475 
v 0.0262511 0.0362999 -0.000475 
v 0.0263563 0.0363114 -0.000475 
v 0.0264618 0.0363183 -0.000475 
v 0.0265676 0.0363207 -0.000475 
v 0.0266734 0.0363183 -0.000475 
v 0.026779 0.0363114 -0.000475 
v 0.0268841 0.0362999 -0.000475 
v 0.0269887 0.0362838 -0.000475 
v 0.0270925 0.0362632 -0.000475 
v 0.0271952 0.036238 -0.000475 
v 0.0272968 0.0362084 -0.000475 
v 0.027397 0.0361744 -0.000475 
v 0.0274956 0.0361361 -0.000475 
v 0.0275925 0.0360935 -0.000475 
v 0.0276874 0.0360467 -0.000475 
v 0.0277801 0.0359958 -0.000475 
v 0.0278706 0.0359409 -0.000475 
v 0.0279585 0.0358821 -0.000475 
v 0.0280439 0.0358195 -0.000475 
v 0.0281264 0.0357533 -0.000475 
v 0.0282059 0.0356836 -0.000475 
v 0.0282823 0.0356104 -0.000475 
v 0.0283555 0.035534 -0.000475 
v 0.0284253 0.0354544 -0.000475 
v 0.0284915 0.0353719 -0.000475 
v 0.0285541 0.0352866 -0.000475 
v 0.0286128 0.0351986 -0.000475 
v 0.0286677 0.0351082 -0.000475 
v 0.0287186 0.0350154 -0.000475 
v 0.0287654 0.0349205 -0.000475 
v 0.028808 0.0348237 -0.000475 
v 0.0288464 0.0347251 -0.000475 
v 0.0288804 0.0346249 -0.000475 
v 0.0289351 0.0344205 -0.000475 
v 0.02891 0.0345233 -0.000475 
v 0.0289558 0.0343168 -0.000475 
v 0.0289719 0.0342122 -0.000475 
v 0.0289834 0.034107 -0.000475 
v 0.0289903 0.0340014 -0.000475 
v 0.0289926 0.0338957 -0.000475 
v 0.0289903 0.0337899 -0.000475 
v 0.0289834 0.0336843 -0.000475 
v 0.0289719 0.0335791 -0.000475 
v 0.0289558 0.0334746 -0.000475 
v 0.0289351 0.0333708 -0.000475 
v 0.02891 0.033268 -0.000475 
v 0.0288804 0.0331664 -0.000475 
v 0.0288464 0.0330663 -0.000475 
v 0.028808 0.0329676 -0.000475 
v 0.0287654 0.0328708 -0.000475 
v 0.0287186 0.0327759 -0.000475 
v 0.0286677 0.0326832 -0.000475 
v 0.0286128 0.0325927 -0.000475 
v 0.0285541 0.0325047 -0.000475 
v 0.0284915 0.0324194 -0.000475 
v 0.0284253 0.0323369 -0.000475 
v 0.0283555 0.0322573 -0.000475 
v 0.0282823 0.0321809 -0.000475 
v 0.0282059 0.0321078 -0.000475 
v 0.0281264 0.032038 -0.000475 
v 0.0280439 0.0319718 -0.000475 
v 0.0279585 0.0319092 -0.000475 
v 0.0278706 0.0318504 -0.000475 
v 0.0277801 0.0317955 -0.000475 
v 0.0276874 0.0317447 -0.000475 
v 0.0275925 0.0316979 -0.000475 
v 0.0274956 0.0316552 -0.000475 
v 0.027397 0.0316169 -0.000475 
v 0.0272968 0.0315829 -0.000475 
v 0.0271952 0.0315533 -0.000475 
v 0.0270925 0.0315281 -0.000475 
v 0.0269887 0.0315075 -0.000475 
v 0.0268841 0.0314914 -0.000475 
v 0.026779 0.0314799 -0.000475 
v 0.0266734 0.031473 -0.000475 
v 0.0265676 0.0314707 -0.000475 
v 0.0264618 0.031473 -0.000475 
v 0.0263563 0.0314799 -0.000475 
v 0.0262511 0.0314914 -0.000475 
v 0.0261465 0.0315075 -0.000475 
v 0.0260427 0.0315281 -0.000475 
v 0.02594 0.0315533 -0.000475 
v 0.0258384 0.0315829 -0.000475 
v 0.0257382 0.0316169 -0.000475 
v 0.0256396 0.0316552 -0.000475 
v 0.0255428 0.0316979 -0.000475 
v 0.0254479 0.0317447 -0.000475 
v 0.0253551 0.0317955 -0.000475 
v 0.0252647 0.0318504 -0.000475 
v 0.0251767 0.0319092 -0.000475 
v 0.0250914 0.0319718 -0.000475 
v 0.0250089 0.032038 -0.000475 
v 0.0249293 0.0321078 -0.000475 
v 0.0248529 0.0321809 -0.000475 
v 0.0247797 0.0322573 -0.000475 
v 0.02471 0.0323369 -0.000475 
v 0.0246437 0.0324194 -0.000475 
v 0.0245812 0.0325047 -0.000475 
v 0.0245224 0.0325927 -0.000475 
v 0.0244675 0.0326832 -0.000475 
v 0.0244166 0.0327759 -0.000475 
v 0.0243698 0.0328708 -0.000475 
v 0.0243272 0.0329676 -0.000475 
v 0.0242889 0.0330663 -0.000475 
v 0.0242548 0.0331664 -0.000475 
v 0.0242252 0.033268 -0.000475 
v 0.0242001 0.0333708 -0.000475 
v 0.0241795 0.0334746 -0.000475 
v 0.0241634 0.0335791 -0.000475 
v 0.0241518 0.0336843 -0.000475 
v 0.0241449 0.0337899 -0.000475 
v 0.0280868 0.0340286 -0.000475 
v 0.0280796 0.0340947 -0.000475 
v 0.0280912 0.0339622 -0.000475 
v 0.0280926 0.0338957 -0.000475 
v 0.0280912 0.0338291 -0.000475 
v 0.0280868 0.0337627 -0.000475 
v 0.0280796 0.0336966 -0.000475 
v 0.0280694 0.0341605 -0.000475 
v 0.0280694 0.0336308 -0.000475 
v 0.0280565 0.0335656 -0.000475 
v 0.0278538 0.0330763 -0.000475 
v 0.0278883 0.0331332 -0.000475 
v 0.0278168 0.033021 -0.000475 
v 0.0250946 0.0342904 -0.000475 
v 0.0250788 0.0342257 -0.000475 
v 0.0251132 0.0343542 -0.000475 
v 0.0251587 0.0344792 -0.000475 
v 0.0251346 0.0344172 -0.000475 
v 0.0251855 0.0345401 -0.000475 
v 0.0252149 0.0345998 -0.000475 
v 0.0252469 0.0346582 -0.000475 
v 0.0255373 0.03502 -0.000475 
v 0.0254893 0.034974 -0.000475 
v 0.0255874 0.0350639 -0.000475 
v 0.0280406 0.0342904 -0.000475 
v 0.028022 0.0343542 -0.000475 
v 0.0280565 0.0342257 -0.000475 
v 0.0280406 0.033501 -0.000475 
v 0.0279203 0.0331915 -0.000475 
v 0.0250484 0.0340286 -0.000475 
v 0.0250557 0.0340947 -0.000475 
v 0.0252814 0.034715 -0.000475 
v 0.0253184 0.0347704 -0.000475 
v 0.0256392 0.0351055 -0.000475 
v 0.0279203 0.0345998 -0.000475 
v 0.0278883 0.0346582 -0.000475 
v 0.0279497 0.0345401 -0.000475 
v 0.0279765 0.0344792 -0.000475 
v 0.0280006 0.0344172 -0.000475 
v 0.0277775 0.0329673 -0.000475 
v 0.0250441 0.0339622 -0.000475 
v 0.0250658 0.0341605 -0.000475 
v 0.0253577 0.034824 -0.000475 
v 0.0256929 0.0351449 -0.000475 
v 0.0277775 0.034824 -0.000475 
v 0.0277358 0.0348759 -0.000475 
v 0.0278168 0.0347704 -0.000475 
v 0.0278538 0.034715 -0.000475 
v 0.028022 0.0334371 -0.000475 
v 0.0280006 0.0333741 -0.000475 
v 0.0279497 0.0332512 -0.000475 
v 0.0270262 0.0324412 -0.000475 
v 0.0269623 0.0324226 -0.000475 
v 0.0253994 0.0348759 -0.000475 
v 0.0254433 0.0349259 -0.000475 
v 0.0279765 0.0333121 -0.000475 
v 0.0272121 0.0325135 -0.000475 
v 0.0272718 0.032543 -0.000475 
v 0.0271512 0.0324867 -0.000475 
v 0.0270892 0.0324626 -0.000475 
v 0.0259231 0.0325135 -0.000475 
v 0.0258634 0.032543 -0.000475 
v 0.0257482 0.0351818 -0.000475 
v 0.0258051 0.0352163 -0.000475 
v 0.026109 0.0353501 -0.000475 
v 0.0261729 0.0353687 -0.000475 
v 0.0275979 0.03502 -0.000475 
v 0.0275479 0.0350639 -0.000475 
v 0.0276459 0.034974 -0.000475 
v 0.027692 0.0349259 -0.000475 
v 0.0268977 0.0324068 -0.000475 
v 0.0268324 0.0323938 -0.000475 
v 0.026109 0.0324412 -0.000475 
v 0.0261729 0.0324226 -0.000475 
v 0.026046 0.0324626 -0.000475 
v 0.025984 0.0324867 -0.000475 
v 0.0257482 0.0326095 -0.000475 
v 0.0258051 0.032575 -0.000475 
v 0.0256929 0.0326464 -0.000475 
v 0.0255874 0.0327274 -0.000475 
v 0.0256392 0.0326858 -0.000475 
v 0.0255373 0.0327713 -0.000475 
v 0.0258634 0.0352483 -0.000475 
v 0.0259231 0.0352778 -0.000475 
v 0.025984 0.0353046 -0.000475 
v 0.026046 0.0353287 -0.000475 
v 0.0277358 0.0329154 -0.000475 
v 0.027692 0.0328654 -0.000475 
v 0.027387 0.0326095 -0.000475 
v 0.0274423 0.0326464 -0.000475 
v 0.0273301 0.032575 -0.000475 
v 0.0267667 0.0323837 -0.000475 
v 0.0265676 0.0323707 -0.000475 
v 0.0266341 0.0323721 -0.000475 
v 0.0265011 0.0323721 -0.000475 
v 0.0264347 0.0323765 -0.000475 
v 0.0263686 0.0323837 -0.000475 
v 0.0262375 0.0324068 -0.000475 
v 0.0263028 0.0323938 -0.000475 
v 0.0254893 0.0328173 -0.000475 
v 0.0254433 0.0328654 -0.000475 
v 0.0262375 0.0353845 -0.000475 
v 0.0263028 0.0353975 -0.000475 
v 0.0265676 0.0354207 -0.000475 
v 0.0265011 0.0354192 -0.000475 
v 0.0266341 0.0354192 -0.000475 
v 0.0267005 0.0354149 -0.000475 
v 0.0267667 0.0354076 -0.000475 
v 0.0272121 0.0352778 -0.000475 
v 0.0272718 0.0352483 -0.000475 
v 0.0273301 0.0352163 -0.000475 
v 0.027387 0.0351818 -0.000475 
v 0.0276459 0.0328173 -0.000475 
v 0.0275479 0.0327274 -0.000475 
v 0.0275979 0.0327713 -0.000475 
v 0.027496 0.0326858 -0.000475 
v 0.0267005 0.0323765 -0.000475 
v 0.0253994 0.0329154 -0.000475 
v 0.0253577 0.0329673 -0.000475 
v 0.0251132 0.0334371 -0.000475 
v 0.0251346 0.0333741 -0.000475 
v 0.0250946 0.033501 -0.000475 
v 0.0250788 0.0335656 -0.000475 
v 0.0250658 0.0336308 -0.000475 
v 0.0250484 0.0337627 -0.000475 
v 0.0250557 0.0336966 -0.000475 
v 0.0250441 0.0338291 -0.000475 
v 0.0263686 0.0354076 -0.000475 
v 0.0264347 0.0354149 -0.000475 
v 0.0268977 0.0353845 -0.000475 
v 0.0268324 0.0353975 -0.000475 
v 0.0269623 0.0353687 -0.000475 
v 0.0270262 0.0353501 -0.000475 
v 0.0270892 0.0353287 -0.000475 
v 0.0271512 0.0353046 -0.000475 
v 0.0274423 0.0351449 -0.000475 
v 0.027496 0.0351055 -0.000475 
v 0.0251587 0.0333121 -0.000475 
v 0.0250426 0.0338957 -0.000475 
v 0.0251855 0.0332512 -0.000475 
v 0.0253184 0.033021 -0.000475 
v 0.0252814 0.0330763 -0.000475 
v 0.0252149 0.0331915 -0.000475 
v 0.0252469 0.0331332 -0.000475 
v 0.0250426 0.0338957 0.0004 
v 0.0250441 0.0338291 0.0004 
v 0.0250484 0.0337627 0.0004 
v 0.0250557 0.0336966 0.0004 
v 0.0250658 0.0336308 0.0004 
v 0.0250788 0.0335656 0.0004 
v 0.0250946 0.033501 0.0004 
v 0.0251132 0.0334371 0.0004 
v 0.0251346 0.0333741 0.0004 
v 0.0251587 0.0333121 0.0004 
v 0.0251855 0.0332512 0.0004 
v 0.0252149 0.0331915 0.0004 
v 0.0252469 0.0331332 0.0004 
v 0.0252814 0.0330763 0.0004 
v 0.0253184 0.033021 0.0004 
v 0.0253577 0.0329673 0.0004 
v 0.0253994 0.0329154 0.0004 
v 0.0254433 0.0328654 0.0004 
v 0.0254893 0.0328173 0.0004 
v 0.0255373 0.0327713 0.0004 
v 0.0255874 0.0327274 0.0004 
v 0.0256392 0.0326858 0.0004 
v 0.0256929 0.0326464 0.0004 
v 0.0257482 0.0326095 0.0004 
v 0.0258051 0.032575 0.0004 
v 0.0258634 0.032543 0.0004 
v 0.0259231 0.0325135 0.0004 
v 0.025984 0.0324867 0.0004 
v 0.026046 0.0324626 0.0004 
v 0.026109 0.0324412 0.0004 
v 0.0261729 0.0324226 0.0004 
v 0.0262375 0.0324068 0.0004 
v 0.0263028 0.0323938 0.0004 
v 0.0263686 0.0323837 0.0004 
v 0.0264347 0.0323765 0.0004 
v 0.0265011 0.0323721 0.0004 
v 0.0265676 0.0323707 0.0004 
v 0.0266341 0.0323721 0.0004 
v 0.0267005 0.0323765 0.0004 
v 0.0267667 0.0323837 0.0004 
v 0.0268324 0.0323938 0.0004 
v 0.0268977 0.0324068 0.0004 
v 0.0269623 0.0324226 0.0004 
v 0.0270262 0.0324412 0.0004 
v 0.0270892 0.0324626 0.0004 
v 0.0271512 0.0324867 0.0004 
v 0.0272121 0.0325135 0.0004 
v 0.0272718 0.032543 0.0004 
v 0.0273301 0.032575 0.0004 
v 0.027387 0.0326095 0.0004 
v 0.0274423 0.0326464 0.0004 
v 0.027496 0.0326858 0.0004 
v 0.0275479 0.0327274 0.0004 
v 0.0275979 0.0327713 0.0004 
v 0.0276459 0.0328173 0.0004 
v 0.027692 0.0328654 0.0004 
v 0.0277358 0.0329154 0.0004 
v 0.0277775 0.0329673 0.0004 
v 0.0278168 0.033021 0.0004 
v 0.0278538 0.0330763 0.0004 
v 0.0278883 0.0331332 0.0004 
v 0.0279203 0.0331915 0.0004 
v 0.0279497 0.0332512 0.0004 
v 0.0279765 0.0333121 0.0004 
v 0.0280006 0.0333741 0.0004 
v 0.028022 0.0334371 0.0004 
v 0.0280406 0.033501 0.0004 
v 0.0280565 0.0335656 0.0004 
v 0.0280694 0.0336308 0.0004 
v 0.0280796 0.0336966 0.0004 
v 0.0280868 0.0337627 0.0004 
v 0.0280912 0.0338291 0.0004 
v 0.0280926 0.0338957 0.0004 
v 0.0280912 0.0339622 0.0004 
v 0.0280868 0.0340286 0.0004 
v 0.0280796 0.0340947 0.0004 
v 0.0280694 0.0341605 0.0004 
v 0.0280565 0.0342257 0.0004 
v 0.0280406 0.0342904 0.0004 
v 0.028022 0.0343542 0.0004 
v 0.0280006 0.0344172 0.0004 
v 0.0279765 0.0344792 0.0004 
v 0.0279497 0.0345401 0.0004 
v 0.0279203 0.0345998 0.0004 
v 0.0278883 0.0346582 0.0004 
v 0.0278538 0.034715 0.0004 
v 0.0278168 0.0347704 0.0004 
v 0.0277775 0.034824 0.0004 
v 0.0277358 0.0348759 0.0004 
v 0.027692 0.0349259 0.0004 
v 0.0276459 0.034974 0.0004 
v 0.0275979 0.03502 0.0004 
v 0.0275479 0.0350639 0.0004 
v 0.027496 0.0351055 0.0004 
v 0.0274423 0.0351449 0.0004 
v 0.027387 0.0351818 0.0004 
v 0.0273301 0.0352163 0.0004 
v 0.0272718 0.0352483 0.0004 
v 0.0272121 0.0352778 0.0004 
v 0.0271512 0.0353046 0.0004 
v 0.0270892 0.0353287 0.0004 
v 0.0270262 0.0353501 0.0004 
v 0.0269623 0.0353687 0.0004 
v 0.0268977 0.0353845 0.0004 
v 0.0268324 0.0353975 0.0004 
v 0.0267667 0.0354076 0.0004 
v 0.0267005 0.0354149 0.0004 
v 0.0266341 0.0354192 0.0004 
v 0.0265676 0.0354207 0.0004 
v 0.0265011 0.0354192 0.0004 
v 0.0264347 0.0354149 0.0004 
v 0.0263686 0.0354076 0.0004 
v 0.0263028 0.0353975 0.0004 
v 0.0262375 0.0353845 0.0004 
v 0.0261729 0.0353687 0.0004 
v 0.026109 0.0353501 0.0004 
v 0.026046 0.0353287 0.0004 
v 0.025984 0.0353046 0.0004 
v 0.0259231 0.0352778 0.0004 
v 0.0258634 0.0352483 0.0004 
v 0.0258051 0.0352163 0.0004 
v 0.0257482 0.0351818 0.0004 
v 0.0256929 0.0351449 0.0004 
v 0.0256392 0.0351055 0.0004 
v 0.0255874 0.0350639 0.0004 
v 0.0255373 0.03502 0.0004 
v 0.0254893 0.034974 0.0004 
v 0.0254433 0.0349259 0.0004 
v 0.0253994 0.0348759 0.0004 
v 0.0253577 0.034824 0.0004 
v 0.0253184 0.0347704 0.0004 
v 0.0252814 0.034715 0.0004 
v 0.0252469 0.0346582 0.0004 
v 0.0252149 0.0345998 0.0004 
v 0.0251855 0.0345401 0.0004 
v 0.0251587 0.0344792 0.0004 
v 0.0251346 0.0344172 0.0004 
v 0.0251132 0.0343542 0.0004 
v 0.0250946 0.0342904 0.0004 
v 0.0250788 0.0342257 0.0004 
v 0.0250658 0.0341605 0.0004 
v 0.0250557 0.0340947 0.0004 
v 0.0250484 0.0340286 0.0004 
v 0.0250441 0.0339622 0.0004 
v 0.0265676 0.0338957 0.0004 
v -0.00236026 0.0393025 0.00095 
v -0.00235356 0.0394048 0.00095 
v -0.0023424 0.0395067 0.00095 
v -0.0023268 0.0396081 0.00095 
v -0.0023068 0.0397086 0.00095 
v -0.00228243 0.0398082 0.00095 
v -0.00225373 0.0399067 0.00095 
v -0.00222078 0.0400037 0.00095 
v -0.00218362 0.0400993 0.00095 
v -0.00214232 0.0401932 0.00095 
v -0.00209698 0.0402851 0.00095 
v -0.00204766 0.040375 0.00095 
v -0.00199447 0.0404627 0.00095 
v -0.00193751 0.0405479 0.00095 
v -0.00187688 0.0406306 0.00095 
v -0.0018127 0.0407106 0.00095 
v -0.0017451 0.0407876 0.00095 
v -0.0016742 0.0408617 0.00095 
v -0.00160014 0.0409326 0.00095 
v -0.00152305 0.0410002 0.00095 
v -0.00144309 0.0410644 0.00095 
v -0.0013604 0.041125 0.00095 
v -0.00127515 0.041182 0.00095 
v -0.0011875 0.0412352 0.00095 
v -0.00109761 0.0412845 0.00095 
v -0.00100565 0.0413298 0.00095 
v -0.000911806 0.0413711 0.00095 
v -0.000816247 0.0414083 0.00095 
v -0.000719159 0.0414412 0.00095 
v -0.000620725 0.0414699 0.00095 
v -0.000521133 0.0414943 0.00095 
v -0.000420573 0.0415143 0.00095 
v -0.000319237 0.0415299 0.00095 
v -0.000217316 0.0415411 0.00095 
v -0.000115006 0.0415478 0.00095 
v -1.25e-05 0.04155 0.00095 
v 9.00056e-05 0.0415478 0.00095 
v 0.000192316 0.0415411 0.00095 
v 0.000294237 0.0415299 0.00095 
v 0.000395573 0.0415143 0.00095 
v 0.000496133 0.0414943 0.00095 
v 0.000595725 0.0414699 0.00095 
v 0.000694159 0.0414412 0.00095 
v 0.000791247 0.0414083 0.00095 
v 0.000886806 0.0413711 0.00095 
v 0.000980653 0.0413298 0.00095 
v 0.00107261 0.0412845 0.00095 
v 0.0011625 0.0412352 0.00095 
v 0.00125015 0.041182 0.00095 
v 0.0013354 0.041125 0.00095 
v 0.00141809 0.0410644 0.00095 
v 0.00149805 0.0410002 0.00095 
v 0.00157514 0.0409326 0.00095 
v 0.0016492 0.0408617 0.00095 
v 0.0017201 0.0407876 0.00095 
v 0.0017877 0.0407106 0.00095 
v 0.00185188 0.0406306 0.00095 
v 0.00191251 0.0405479 0.00095 
v 0.00196947 0.0404627 0.00095 
v 0.00202266 0.040375 0.00095 
v 0.00207198 0.0402851 0.00095 
v 0.00211732 0.0401932 0.00095 
v 0.00215862 0.0400993 0.00095 
v 0.00219578 0.0400037 0.00095 
v 0.00222873 0.0399067 0.00095 
v 0.00225743 0.0398082 0.00095 
v 0.0022818 0.0397086 0.00095 
v 0.0023018 0.0396081 0.00095 
v 0.0023174 0.0395067 0.00095 
v 0.00232856 0.0394048 0.00095 
v 0.00233526 0.0393025 0.00095 
v 0.0023375 0.0392 0.00095 
v 0.00233526 0.0390975 0.00095 
v 0.00232856 0.0389952 0.00095 
v 0.0023174 0.0388933 0.00095 
v 0.0023018 0.0387919 0.00095 
v 0.0022818 0.0386914 0.00095 
v 0.00225743 0.0385918 0.00095 
v 0.00222873 0.0384933 0.00095 
v 0.00219578 0.0383963 0.00095 
v 0.00215862 0.0383007 0.00095 
v 0.00211732 0.0382068 0.00095 
v 0.00207198 0.0381149 0.00095 
v 0.00202266 0.038025 0.00095 
v 0.00196947 0.0379373 0.00095 
v 0.00191251 0.0378521 0.00095 
v 0.00185188 0.0377694 0.00095 
v 0.0017877 0.0376894 0.00095 
v 0.0017201 0.0376124 0.00095 
v 0.0016492 0.0375383 0.00095 
v 0.00157514 0.0374674 0.00095 
v 0.00149805 0.0373998 0.00095 
v 0.00141809 0.0373356 0.00095 
v 0.0013354 0.037275 0.00095 
v 0.00125015 0.037218 0.00095 
v 0.0011625 0.0371648 0.00095 
v 0.00107261 0.0371155 0.00095 
v 0.000980653 0.0370702 0.00095 
v 0.000886806 0.0370289 0.00095 
v 0.000791247 0.0369917 0.00095 
v 0.000694159 0.0369588 0.00095 
v 0.000595725 0.0369301 0.00095 
v 0.000496133 0.0369057 0.00095 
v 0.000395573 0.0368857 0.00095 
v 0.000294237 0.0368701 0.00095 
v 0.000192316 0.0368589 0.00095 
v 9.00056e-05 0.0368522 0.00095 
v -1.25e-05 0.03685 0.00095 
v -0.000115006 0.0368522 0.00095 
v -0.000217316 0.0368589 0.00095 
v -0.000319237 0.0368701 0.00095 
v -0.000420573 0.0368857 0.00095 
v -0.000521133 0.0369057 0.00095 
v -0.000620725 0.0369301 0.00095 
v -0.000719159 0.0369588 0.00095 
v -0.000816247 0.0369917 0.00095 
v -0.000911806 0.0370289 0.00095 
v -0.00100565 0.0370702 0.00095 
v -0.00109761 0.0371155 0.00095 
v -0.0011875 0.0371648 0.00095 
v -0.00127515 0.037218 0.00095 
v -0.0013604 0.037275 0.00095 
v -0.00144309 0.0373356 0.00095 
v -0.00152305 0.0373998 0.00095 
v -0.00160014 0.0374674 0.00095 
v -0.0016742 0.0375383 0.00095 
v -0.0017451 0.0376124 0.00095 
v -0.0018127 0.0376894 0.00095 
v -0.00187688 0.0377694 0.00095 
v -0.00193751 0.0378521 0.00095 
v -0.00199447 0.0379373 0.00095 
v -0.00204766 0.038025 0.00095 
v -0.00209698 0.0381149 0.00095 
v -0.00214232 0.0382068 0.00095 
v -0.00218362 0.0383007 0.00095 
v -0.00222078 0.0383963 0.00095 
v -0.00225373 0.0384933 0.00095 
v -0.00228243 0.0385918 0.00095 
v -0.0023068 0.0386914 0.00095 
v -0.0023268 0.0387919 0.00095 
v -0.0023424 0.0388933 0.00095 
v -0.00235356 0.0389952 0.00095 
v -0.00236026 0.0390975 0.00095 
v -0.0023625 0.0392 0.00095 
v -1.25e-05 0.0392 0.00095 
v -0.0265228 0.000102506 0.00095 
v -0.0265161 0.000204816 0.00095 
v -0.0265049 0.000306737 0.00095 
v -0.0264893 0.000408073 0.00095 
v -0.0264693 0.000508633 0.00095 
v -0.0264449 0.000608225 0.00095 
v -0.0264162 0.000706659 0.00095 
v -0.0263833 0.000803747 0.00095 
v -0.0263461 0.000899306 0.00095 
v -0.0263048 0.000993153 0.00095 
v -0.0262595 0.00108511 0.00095 
v -0.0262102 0.001175 0.00095 
v -0.026157 0.00126265 0.00095 
v -0.0261 0.0013479 0.00095 
v -0.0260394 0.00143059 0.00095 
v -0.0259752 0.00151055 0.00095 
v -0.0259076 0.00158764 0.00095 
v -0.0258367 0.0016617 0.00095 
v -0.0257626 0.0017326 0.00095 
v -0.0256856 0.0018002 0.00095 
v -0.0256056 0.00186438 0.00095 
v -0.0255229 0.00192501 0.00095 
v -0.0254377 0.00198197 0.00095 
v -0.02535 0.00203516 0.00095 
v -0.0252601 0.00208448 0.00095 
v -0.0251682 0.00212982 0.00095 
v -0.0250743 0.00217112 0.00095 
v -0.0249787 0.00220828 0.00095 
v -0.0248817 0.00224123 0.00095 
v -0.0247832 0.00226993 0.00095 
v -0.0246836 0.0022943 0.00095 
v -0.0245831 0.0023143 0.00095 
v -0.0244817 0.0023299 0.00095 
v -0.0243798 0.00234106 0.00095 
v -0.0242775 0.00234776 0.00095 
v -0.024175 0.00235 0.00095 
v -0.0240725 0.00234776 0.00095 
v -0.0239702 0.00234106 0.00095 
v -0.0238683 0.0023299 0.00095 
v -0.0237669 0.0023143 0.00095 
v -0.0236664 0.0022943 0.00095 
v -0.0235668 0.00226993 0.00095 
v -0.0234683 0.00224123 0.00095 
v -0.0233713 0.00220828 0.00095 
v -0.0232757 0.00217112 0.00095 
v -0.0231818 0.00212982 0.00095 
v -0.0230899 0.00208448 0.00095 
v -0.023 0.00203516 0.00095 
v -0.0229123 0.00198197 0.00095 
v -0.0228271 0.00192501 0.00095 
v -0.0227444 0.00186438 0.00095 
v -0.0226644 0.0018002 0.00095 
v -0.0225874 0.0017326 0.00095 
v -0.0225133 0.0016617 0.00095 
v -0.0224424 0.00158764 0.00095 
v -0.0223748 0.00151055 0.00095 
v -0.0223106 0.00143059 0.00095 
v -0.02225 0.0013479 0.00095 
v -0.022193 0.00126265 0.00095 
v -0.0221398 0.001175 0.00095 
v -0.0220905 0.00108511 0.00095 
v -0.0220452 0.000993153 0.00095 
v -0.0220039 0.000899306 0.00095 
v -0.0219667 0.000803747 0.00095 
v -0.0219338 0.000706659 0.00095 
v -0.0219051 0.000608225 0.00095 
v -0.0218807 0.000508633 0.00095 
v -0.0218607 0.000408073 0.00095 
v -0.0218451 0.000306737 0.00095 
v -0.0218339 0.000204816 0.00095 
v -0.0218272 0.000102506 0.00095 
v -0.021825 1.43896e-19 0.00095 
v -0.0218272 -0.000102506 0.00095 
v -0.0218339 -0.000204816 0.00095 
v -0.0218451 -0.000306737 0.00095 
v -0.0218607 -0.000408073 0.00095 
v -0.0218807 -0.000508633 0.00095 
v -0.0219051 -0.000608225 0.00095 
v -0.0219338 -0.000706659 0.00095 
v -0.0219667 -0.000803747 0.00095 
v -0.0220039 -0.000899306 0.00095 
v -0.0220452 -0.000993153 0.00095 
v -0.0220905 -0.00108511 0.00095 
v -0.0221398 -0.001175 0.00095 
v -0.022193 -0.00126265 0.00095 
v -0.02225 -0.0013479 0.00095 
v -0.0223106 -0.00143059 0.00095 
v -0.0223748 -0.00151055 0.00095 
v -0.0224424 -0.00158764 0.00095 
v -0.0225133 -0.0016617 0.00095 
v -0.0225874 -0.0017326 0.00095 
v -0.0226644 -0.0018002 0.00095 
v -0.0227444 -0.00186438 0.00095 
v -0.0228271 -0.00192501 0.00095 
v -0.0229123 -0.00198197 0.00095 
v -0.023 -0.00203516 0.00095 
v -0.0230899 -0.00208448 0.00095 
v -0.0231818 -0.00212982 0.00095 
v -0.0232757 -0.00217112 0.00095 
v -0.0233713 -0.00220828 0.00095 
v -0.0234683 -0.00224123 0.00095 
v -0.0235668 -0.00226993 0.00095 
v -0.0236664 -0.0022943 0.00095 
v -0.0237669 -0.0023143 0.00095 
v -0.0238683 -0.0023299 0.00095 
v -0.0239702 -0.00234106 0.00095 
v -0.0240725 -0.00234776 0.00095 
v -0.024175 -0.00235 0.00095 
v -0.0242775 -0.00234776 0.00095 
v -0.0243798 -0.00234106 0.00095 
v -0.0244817 -0.0023299 0.00095 
v -0.0245831 -0.0023143 0.00095 
v -0.0246836 -0.0022943 0.00095 
v -0.0247832 -0.00226993 0.00095 
v -0.0248817 -0.00224123 0.00095 
v -0.0249787 -0.00220828 0.00095 
v -0.0250743 -0.00217112 0.00095 
v -0.0251682 -0.00212982 0.00095 
v -0.0252601 -0.00208448 0.00095 
v -0.02535 -0.00203516 0.00095 
v -0.0254377 -0.00198197 0.00095 
v -0.0255229 -0.00192501 0.00095 
v -0.0256056 -0.00186438 0.00095 
v -0.0256856 -0.0018002 0.00095 
v -0.0257626 -0.0017326 0.00095 
v -0.0258367 -0.0016617 0.00095 
v -0.0259076 -0.00158764 0.00095 
v -0.0259752 -0.00151055 0.00095 
v -0.0260394 -0.00143059 0.00095 
v -0.0261 -0.0013479 0.00095 
v -0.026157 -0.00126265 0.00095 
v -0.0262102 -0.001175 0.00095 
v -0.0262595 -0.00108511 0.00095 
v -0.0263048 -0.000993153 0.00095 
v -0.0263461 -0.000899306 0.00095 
v -0.0263833 -0.000803747 0.00095 
v -0.0264162 -0.000706659 0.00095 
v -0.0264449 -0.000608225 0.00095 
v -0.0264693 -0.000508633 0.00095 
v -0.0264893 -0.000408073 0.00095 
v -0.0265049 -0.000306737 0.00095 
v -0.0265161 -0.000204816 0.00095 
v -0.0265228 -0.000102506 0.00095 
v -0.026525 -7.1948e-19 0.00095 
v -0.024175 0 0.00095 
v 0.0218272 0.000102506 0.00095 
v 0.0218339 0.000204816 0.00095 
v 0.0218451 0.000306737 0.00095 
v 0.0218607 0.000408073 0.00095 
v 0.0218807 0.000508633 0.00095 
v 0.0219051 0.000608225 0.00095 
v 0.0219338 0.000706659 0.00095 
v 0.0219667 0.000803747 0.00095 
v 0.0220039 0.000899306 0.00095 
v 0.0220452 0.000993153 0.00095 
v 0.0220905 0.00108511 0.00095 
v 0.0221398 0.001175 0.00095 
v 0.022193 0.00126265 0.00095 
v 0.02225 0.0013479 0.00095 
v 0.0223106 0.00143059 0.00095 
v 0.0223748 0.00151055 0.00095 
v 0.0224424 0.00158764 0.00095 
v 0.0225133 0.0016617 0.00095 
v 0.0225874 0.0017326 0.00095 
v 0.0226644 0.0018002 0.00095 
v 0.0227444 0.00186438 0.00095 
v 0.0228271 0.00192501 0.00095 
v 0.0229123 0.00198197 0.00095 
v 0.023 0.00203516 0.00095 
v 0.0230899 0.00208448 0.00095 
v 0.0231818 0.00212982 0.00095 
v 0.0232757 0.00217112 0.00095 
v 0.0233713 0.00220828 0.00095 
v 0.0234683 0.00224123 0.00095 
v 0.0235668 0.00226993 0.00095 
v 0.0236664 0.0022943 0.00095 
v 0.0237669 0.0023143 0.00095 
v 0.0238683 0.0023299 0.00095 
v 0.0239702 0.00234106 0.00095 
v 0.0240725 0.00234776 0.00095 
v 0.024175 0.00235 0.00095 
v 0.0242775 0.00234776 0.00095 
v 0.0243798 0.00234106 0.00095 
v 0.0244817 0.0023299 0.00095 
v 0.0245831 0.0023143 0.00095 
v 0.0246836 0.0022943 0.00095 
v 0.0247832 0.00226993 0.00095 
v 0.0248817 0.00224123 0.00095 
v 0.0249787 0.00220828 0.00095 
v 0.0250743 0.00217112 0.00095 
v 0.0251682 0.00212982 0.00095 
v 0.0252601 0.00208448 0.00095 
v 0.02535 0.00203516 0.00095 
v 0.0254377 0.00198197 0.00095 
v 0.0255229 0.00192501 0.00095 
v 0.0256056 0.00186438 0.00095 
v 0.0256856 0.0018002 0.00095 
v 0.0257626 0.0017326 0.00095 
v 0.0258367 0.0016617 0.00095 
v 0.0259076 0.00158764 0.00095 
v 0.0259752 0.00151055 0.00095 
v 0.0260394 0.00143059 0.00095 
v 0.0261 0.0013479 0.00095 
v 0.026157 0.00126265 0.00095 
v 0.0262102 0.001175 0.00095 
v 0.0262595 0.00108511 0.00095 
v 0.0263048 0.000993153 0.00095 
v 0.0263461 0.000899306 0.00095 
v 0.0263833 0.000803747 0.00095 
v 0.0264162 0.000706659 0.00095 
v 0.0264449 0.000608225 0.00095 
v 0.0264693 0.000508633 0.00095 
v 0.0264893 0.000408073 0.00095 
v 0.0265049 0.000306737 0.00095 
v 0.0265161 0.000204816 0.00095 
v 0.0265228 0.000102506 0.00095 
v 0.026525 1.43896e-19 0.00095 
v 0.0265228 -0.000102506 0.00095 
v 0.0265161 -0.000204816 0.00095 
v 0.0265049 -0.000306737 0.00095 
v 0.0264893 -0.000408073 0.00095 
v 0.0264693 -0.000508633 0.00095 
v 0.0264449 -0.000608225 0.00095 
v 0.0264162 -0.000706659 0.00095 
v 0.0263833 -0.000803747 0.00095 
v 0.0263461 -0.000899306 0.00095 
v 0.0263048 -0.000993153 0.00095 
v 0.0262595 -0.00108511 0.00095 
v 0.0262102 -0.001175 0.00095 
v 0.026157 -0.00126265 0.00095 
v 0.0261 -0.0013479 0.00095 
v 0.0260394 -0.00143059 0.00095 
v 0.0259752 -0.00151055 0.00095 
v 0.0259076 -0.00158764 0.00095 
v 0.0258367 -0.0016617 0.00095 
v 0.0257626 -0.0017326 0.00095 
v 0.0256856 -0.0018002 0.00095 
v 0.0256056 -0.00186438 0.00095 
v 0.0255229 -0.00192501 0.00095 
v 0.0254377 -0.00198197 0.00095 
v 0.02535 -0.00203516 0.00095 
v 0.0252601 -0.00208448 0.00095 
v 0.0251682 -0.00212982 0.00095 
v 0.0250743 -0.00217112 0.00095 
v 0.0249787 -0.00220828 0.00095 
v 0.0248817 -0.00224123 0.00095 
v 0.0247832 -0.00226993 0.00095 
v 0.0246836 -0.0022943 0.00095 
v 0.0245831 -0.0023143 0.00095 
v 0.0244817 -0.0023299 0.00095 
v 0.0243798 -0.00234106 0.00095 
v 0.0242775 -0.00234776 0.00095 
v 0.024175 -0.00235 0.00095 
v 0.0240725 -0.00234776 0.00095 
v 0.0239702 -0.00234106 0.00095 
v 0.0238683 -0.0023299 0.00095 
v 0.0237669 -0.0023143 0.00095 
v 0.0236664 -0.0022943 0.00095 
v 0.0235668 -0.00226993 0.00095 
v 0.0234683 -0.00224123 0.00095 
v 0.0233713 -0.00220828 0.00095 
v 0.0232757 -0.00217112 0.00095 
v 0.0231818 -0.00212982 0.00095 
v 0.0230899 -0.00208448 0.00095 
v 0.023 -0.00203516 0.00095 
v 0.0229123 -0.00198197 0.00095 
v 0.0228271 -0.00192501 0.00095 
v 0.0227444 -0.00186438 0.00095 
v 0.0226644 -0.0018002 0.00095 
v 0.0225874 -0.0017326 0.00095 
v 0.0225133 -0.0016617 0.00095 
v 0.0224424 -0.00158764 0.00095 
v 0.0223748 -0.00151055 0.00095 
v 0.0223106 -0.00143059 0.00095 
v 0.02225 -0.0013479 0.00095 
v 0.022193 -0.00126265 0.00095 
v 0.0221398 -0.001175 0.00095 
v 0.0220905 -0.00108511 0.00095 
v 0.0220452 -0.000993153 0.00095 
v 0.0220039 -0.000899306 0.00095 
v 0.0219667 -0.000803747 0.00095 
v 0.0219338 -0.000706659 0.00095 
v 0.0219051 -0.000608225 0.00095 
v 0.0218807 -0.000508633 0.00095 
v 0.0218607 -0.000408073 0.00095 
v 0.0218451 -0.000306737 0.00095 
v 0.0218339 -0.000204816 0.00095 
v 0.0218272 -0.000102506 0.00095 
v 0.021825 -1.43896e-19 0.00095 
v 0.024175 0 0.00095 
v 0.012008 0.0406612 0.0018 
v 0.0134911 0.0348109 0.0018 
v 0.0135327 0.0406612 0.0018 
v 0.0252613 0.0209804 0.0018 
v 0.0152163 0.0348109 0.0018 
v 0.0252613 0.0268307 0.0018 
v 0.0171161 0.0348109 0.0018 
v 0.0302106 0.0268307 0.0018 
v 0.0318863 0.0268307 0.0018 
v 0.0161825 0.0386612 0.0018 
v 0.0203661 0.0406612 0.0018 
v 0.0188413 0.0348109 0.0018 
v 0.0269449 0.0268307 0.0018 
v 0.0291533 0.0209804 0.0018 
v 0.0280022 0.0209804 0.0018 
v 0.0266858 0.0209804 0.0018 
v 0.0285856 0.0227799 0.0018 
v 0.0304606 0.0209804 0.0018 
v 0.0318863 0.0209804 0.0018 
v 0.0154168 0.0406612 0.0018 
v 0.0188335 0.0406612 0.0018 
v 0.0169832 0.0406612 0.0018 
v 0.0179832 0.0364021 0.0018 
v 0.0143752 0.0364021 0.0018 
v 0.0266858 0.0244973 0.0018 
v 0.0304606 0.0244882 0.0018 
v 0.0188413 0.0348109 0.001075 
v 0.0203661 0.0406612 0.001075 
v 0.0179832 0.0364021 0.001075 
v 0.0169832 0.0406612 0.001075 
v 0.0161825 0.0386612 0.001075 
v 0.0154168 0.0406612 0.001075 
v 0.0143752 0.0364021 0.001075 
v 0.0152163 0.0348109 0.001075 
v 0.0171161 0.0348109 0.001075 
v 0.012008 0.0406612 0.001075 
v 0.0134911 0.0348109 0.001075 
v 0.0188335 0.0406612 0.001075 
v 0.0135327 0.0406612 0.001075 
v 0.0318863 0.0209804 0.001075 
v 0.0318863 0.0268307 0.001075 
v 0.0285856 0.0227799 0.001075 
v 0.0269449 0.0268307 0.001075 
v 0.0266858 0.0244973 0.001075 
v 0.0280022 0.0209804 0.001075 
v 0.0291533 0.0209804 0.001075 
v 0.0304606 0.0244882 0.001075 
v 0.0252613 0.0209804 0.001075 
v 0.0266858 0.0209804 0.001075 
v 0.0302106 0.0268307 0.001075 
v 0.0252613 0.0268307 0.001075 
v 0.0304606 0.0209804 0.001075 
vn 0 0 -1 
vn 0.999048 0.0436194 0 
vn 1 2.44929e-16 0 
vn 0.996195 0.0871557 0 
vn 0.999048 0.0436194 0 
vn 0.991445 0.130526 0 
vn 0.996195 0.0871557 0 
vn 0.984808 0.173648 0 
vn 0.991445 0.130526 0 
vn 0.976296 0.21644 0 
vn 0.984808 0.173648 0 
vn 0.965926 0.258819 0 
vn 0.976296 0.21644 0 
vn 0.953717 0.300706 0 
vn 0.965926 0.258819 0 
vn 0.939693 0.34202 0 
vn 0.953717 0.300706 0 
vn 0.92388 0.382683 0 
vn 0.939693 0.34202 0 
vn 0.906308 0.422618 0 
vn 0.92388 0.382683 0 
vn 0.887011 0.461749 0 
vn 0.906308 0.422618 0 
vn 0.866025 0.5 0 
vn 0.887011 0.461749 0 
vn 0.843391 0.5373 0 
vn 0.866025 0.5 0 
vn 0.819152 0.573576 0 
vn 0.843391 0.5373 0 
vn 0.793353 0.608761 0 
vn 0.819152 0.573576 0 
vn 0.766044 0.642788 0 
vn 0.793353 0.608761 0 
vn 0.737277 0.67559 0 
vn 0.766044 0.642788 0 
vn 0.707107 0.707107 0 
vn 0.737277 0.67559 0 
vn 0.67559 0.737277 0 
vn 0.707107 0.707107 0 
vn 0.642788 0.766044 0 
vn 0.67559 0.737277 0 
vn 0.608761 0.793353 0 
vn 0.642788 0.766044 0 
vn 0.573576 0.819152 0 
vn 0.608761 0.793353 0 
vn 0.5373 0.843391 0 
vn 0.573576 0.819152 0 
vn 0.5 0.866025 0 
vn 0.5373 0.843391 0 
vn 0.461749 0.887011 0 
vn 0.5 0.866025 0 
vn 0.422618 0.906308 0 
vn 0.461749 0.887011 0 
vn 0.382683 0.92388 0 
vn 0.422618 0.906308 0 
vn 0.34202 0.939693 0 
vn 0.382683 0.92388 0 
vn 0.300706 0.953717 0 
vn 0.34202 0.939693 0 
vn 0.258819 0.965926 0 
vn 0.300706 0.953717 0 
vn 0.21644 0.976296 0 
vn 0.258819 0.965926 0 
vn 0.173648 0.984808 0 
vn 0.21644 0.976296 0 
vn 0.130526 0.991445 0 
vn 0.173648 0.984808 0 
vn 0.0871557 0.996195 0 
vn 0.130526 0.991445 0 
vn 0.0436194 0.999048 0 
vn 0.0871557 0.996195 0 
vn -1.83697e-16 1 0 
vn 0.0436194 0.999048 0 
vn -0.0436194 0.999048 0 
vn -1.83697e-16 1 0 
vn -0.0871557 0.996195 0 
vn -0.0436194 0.999048 0 
vn -0.130526 0.991445 0 
vn -0.0871557 0.996195 0 
vn -0.173648 0.984808 0 
vn -0.130526 0.991445 0 
vn -0.21644 0.976296 0 
vn -0.173648 0.984808 0 
vn -0.258819 0.965926 0 
vn -0.21644 0.976296 0 
vn -0.300706 0.953717 0 
vn -0.258819 0.965926 0 
vn -0.34202 0.939693 0 
vn -0.300706 0.953717 0 
vn -0.382683 0.92388 0 
vn -0.34202 0.939693 0 
vn -0.422618 0.906308 0 
vn -0.382683 0.92388 0 
vn -0.461749 0.887011 0 
vn -0.422618 0.906308 0 
vn -0.5 0.866025 0 
vn -0.461749 0.887011 0 
vn -0.5373 0.843391 0 
vn -0.5 0.866025 0 
vn -0.573576 0.819152 0 
vn -0.5373 0.843391 0 
vn -0.608761 0.793353 0 
vn -0.573576 0.819152 0 
vn -0.642788 0.766044 0 
vn -0.608761 0.793353 0 
vn -0.67559 0.737277 0 
vn -0.642788 0.766044 0 
vn -0.707107 0.707107 0 
vn -0.67559 0.737277 0 
vn -0.737277 0.67559 0 
vn -0.707107 0.707107 0 
vn -0.766044 0.642788 0 
vn -0.737277 0.67559 0 
vn -0.793353 0.608761 0 
vn -0.766044 0.642788 0 
vn -0.819152 0.573576 0 
vn -0.793353 0.608761 0 
vn -0.843391 0.5373 0 
vn -0.819152 0.573576 0 
vn -0.866025 0.5 0 
vn -0.843391 0.5373 0 
vn -0.887011 0.461749 0 
vn -0.866025 0.5 0 
vn -0.906308 0.422618 0 
vn -0.887011 0.461749 0 
vn -0.92388 0.382683 0 
vn -0.906308 0.422618 0 
vn -0.939693 0.34202 0 
vn -0.92388 0.382683 0 
vn -0.953717 0.300706 0 
vn -0.939693 0.34202 0 
vn -0.965926 0.258819 0 
vn -0.953717 0.300706 0 
vn -0.976296 0.21644 0 
vn -0.965926 0.258819 0 
vn -0.984808 0.173648 0 
vn -0.976296 0.21644 0 
vn -0.991445 0.130526 0 
vn -0.984808 0.173648 0 
vn -0.996195 0.0871557 0 
vn -0.991445 0.130526 0 
vn -0.999048 0.0436194 0 
vn -0.996195 0.0871557 0 
vn -1 -1.22465e-16 0 
vn -0.999048 0.0436194 0 
vn -0.999048 -0.0436194 0 
vn -1 -1.22465e-16 0 
vn -0.996195 -0.0871557 0 
vn -0.999048 -0.0436194 0 
vn -0.991445 -0.130526 0 
vn -0.996195 -0.0871557 0 
vn -0.984808 -0.173648 0 
vn -0.991445 -0.130526 0 
vn -0.976296 -0.21644 0 
vn -0.984808 -0.173648 0 
vn -0.965926 -0.258819 0 
vn -0.976296 -0.21644 0 
vn -0.953717 -0.300706 0 
vn -0.965926 -0.258819 0 
vn -0.939693 -0.34202 0 
vn -0.953717 -0.300706 0 
vn -0.92388 -0.382683 0 
vn -0.939693 -0.34202 0 
vn -0.906308 -0.422618 0 
vn -0.92388 -0.382683 0 
vn -0.887011 -0.461749 0 
vn -0.906308 -0.422618 0 
vn -0.866025 -0.5 0 
vn -0.887011 -0.461749 0 
vn -0.843391 -0.5373 0 
vn -0.866025 -0.5 0 
vn -0.819152 -0.573576 0 
vn -0.843391 -0.5373 0 
vn -0.793353 -0.608761 0 
vn -0.819152 -0.573576 0 
vn -0.766044 -0.642788 0 
vn -0.793353 -0.608761 0 
vn -0.737277 -0.67559 0 
vn -0.766044 -0.642788 0 
vn -0.707107 -0.707107 0 
vn -0.737277 -0.67559 0 
vn -0.67559 -0.737277 0 
vn -0.707107 -0.707107 0 
vn -0.642788 -0.766044 0 
vn -0.67559 -0.737277 0 
vn -0.608761 -0.793353 0 
vn -0.642788 -0.766044 0 
vn -0.573576 -0.819152 0 
vn -0.608761 -0.793353 0 
vn -0.5373 -0.843391 0 
vn -0.573576 -0.819152 0 
vn -0.5 -0.866025 0 
vn -0.5373 -0.843391 0 
vn -0.461749 -0.887011 0 
vn -0.5 -0.866025 0 
vn -0.422618 -0.906308 0 
vn -0.461749 -0.887011 0 
vn -0.382683 -0.92388 0 
vn -0.422618 -0.906308 0 
vn -0.34202 -0.939693 0 
vn -0.382683 -0.92388 0 
vn -0.300706 -0.953717 0 
vn -0.34202 -0.939693 0 
vn -0.258819 -0.965926 0 
vn -0.300706 -0.953717 0 
vn -0.21644 -0.976296 0 
vn -0.258819 -0.965926 0 
vn -0.173648 -0.984808 0 
vn -0.21644 -0.976296 0 
vn -0.130526 -0.991445 0 
vn -0.173648 -0.984808 0 
vn -0.0871557 -0.996195 0 
vn -0.130526 -0.991445 0 
vn -0.0436194 -0.999048 0 
vn -0.0871557 -0.996195 0 
vn 6.12323e-17 -1 0 
vn -0.0436194 -0.999048 0 
vn 0.0436194 -0.999048 0 
vn 6.12323e-17 -1 0 
vn 0.0871557 -0.996195 0 
vn 0.0436194 -0.999048 0 
vn 0.130526 -0.991445 0 
vn 0.0871557 -0.996195 0 
vn 0.173648 -0.984808 0 
vn 0.130526 -0.991445 0 
vn 0.21644 -0.976296 0 
vn 0.173648 -0.984808 0 
vn 0.258819 -0.965926 0 
vn 0.21644 -0.976296 0 
vn 0.300706 -0.953717 0 
vn 0.258819 -0.965926 0 
vn 0.34202 -0.939693 0 
vn 0.300706 -0.953717 0 
vn 0.382683 -0.92388 0 
vn 0.34202 -0.939693 0 
vn 0.422618 -0.906308 0 
vn 0.382683 -0.92388 0 
vn 0.461749 -0.887011 0 
vn 0.422618 -0.906308 0 
vn 0.5 -0.866025 0 
vn 0.461749 -0.887011 0 
vn 0.5373 -0.843391 0 
vn 0.5 -0.866025 0 
vn 0.573576 -0.819152 0 
vn 0.5373 -0.843391 0 
vn 0.608761 -0.793353 0 
vn 0.573576 -0.819152 0 
vn 0.642788 -0.766044 0 
vn 0.608761 -0.793353 0 
vn 0.67559 -0.737277 0 
vn 0.642788 -0.766044 0 
vn 0.707107 -0.707107 0 
vn 0.67559 -0.737277 0 
vn 0.737277 -0.67559 0 
vn 0.707107 -0.707107 0 
vn 0.766044 -0.642788 0 
vn 0.737277 -0.67559 0 
vn 0.793353 -0.608761 0 
vn 0.766044 -0.642788 0 
vn 0.819152 -0.573576 0 
vn 0.793353 -0.608761 0 
vn 0.843391 -0.5373 0 
vn 0.819152 -0.573576 0 
vn 0.866025 -0.5 0 
vn 0.843391 -0.5373 0 
vn 0.887011 -0.461749 0 
vn 0.866025 -0.5 0 
vn 0.906308 -0.422618 0 
vn 0.887011 -0.461749 0 
vn 0.92388 -0.382683 0 
vn 0.906308 -0.422618 0 
vn 0.939693 -0.34202 0 
vn 0.92388 -0.382683 0 
vn 0.953717 -0.300706 0 
vn 0.939693 -0.34202 0 
vn 0.965926 -0.258819 0 
vn 0.953717 -0.300706 0 
vn 0.976296 -0.21644 0 
vn 0.965926 -0.258819 0 
vn 0.984808 -0.173648 0 
vn 0.976296 -0.21644 0 
vn 0.991445 -0.130526 0 
vn 0.984808 -0.173648 0 
vn 0.996195 -0.0871557 0 
vn 0.991445 -0.130526 0 
vn 0.999048 -0.0436194 0 
vn 0.996195 -0.0871557 0 
vn 0 0 1 
vn 0.999048 0.0436194 0 
vn 1 2.44929e-16 0 
vn 0.996195 0.0871557 0 
vn 0.999048 0.0436194 0 
vn 0.991445 0.130526 0 
vn 0.996195 0.0871557 0 
vn 0.984808 0.173648 0 
vn 0.991445 0.130526 0 
vn 0.976296 0.21644 0 
vn 0.984808 0.173648 0 
vn 0.965926 0.258819 0 
vn 0.976296 0.21644 0 
vn 0.953717 0.300706 0 
vn 0.965926 0.258819 0 
vn 0.939693 0.34202 0 
vn 0.953717 0.300706 0 
vn 0.92388 0.382683 0 
vn 0.939693 0.34202 0 
vn 0.906308 0.422618 0 
vn 0.92388 0.382683 0 
vn 0.887011 0.461749 0 
vn 0.906308 0.422618 0 
vn 0.866025 0.5 0 
vn 0.887011 0.461749 0 
vn 0.843391 0.5373 0 
vn 0.866025 0.5 0 
vn 0.819152 0.573576 0 
vn 0.843391 0.5373 0 
vn 0.793353 0.608761 0 
vn 0.819152 0.573576 0 
vn 0.766044 0.642788 0 
vn 0.793353 0.608761 0 
vn 0.737277 0.67559 0 
vn 0.766044 0.642788 0 
vn 0.707107 0.707107 0 
vn 0.737277 0.67559 0 
vn 0.67559 0.737277 0 
vn 0.707107 0.707107 0 
vn 0.642788 0.766044 0 
vn 0.67559 0.737277 0 
vn 0.608761 0.793353 0 
vn 0.642788 0.766044 0 
vn 0.573576 0.819152 0 
vn 0.608761 0.793353 0 
vn 0.5373 0.843391 0 
vn 0.573576 0.819152 0 
vn 0.5 0.866025 0 
vn 0.5373 0.843391 0 
vn 0.461749 0.887011 0 
vn 0.5 0.866025 0 
vn 0.422618 0.906308 0 
vn 0.461749 0.887011 0 
vn 0.382683 0.92388 0 
vn 0.422618 0.906308 0 
vn 0.34202 0.939693 0 
vn 0.382683 0.92388 0 
vn 0.300706 0.953717 0 
vn 0.34202 0.939693 0 
vn 0.258819 0.965926 0 
vn 0.300706 0.953717 0 
vn 0.21644 0.976296 0 
vn 0.258819 0.965926 0 
vn 0.173648 0.984808 0 
vn 0.21644 0.976296 0 
vn 0.130526 0.991445 0 
vn 0.173648 0.984808 0 
vn 0.0871557 0.996195 0 
vn 0.130526 0.991445 0 
vn 0.0436194 0.999048 0 
vn 0.0871557 0.996195 0 
vn -1.83697e-16 1 0 
vn 0.0436194 0.999048 0 
vn -0.0436194 0.999048 0 
vn -1.83697e-16 1 0 
vn -0.0871557 0.996195 0 
vn -0.0436194 0.999048 0 
vn -0.130526 0.991445 0 
vn -0.0871557 0.996195 0 
vn -0.173648 0.984808 0 
vn -0.130526 0.991445 0 
vn -0.21644 0.976296 0 
vn -0.173648 0.984808 0 
vn -0.258819 0.965926 0 
vn -0.21644 0.976296 0 
vn -0.300706 0.953717 0 
vn -0.258819 0.965926 0 
vn -0.34202 0.939693 0 
vn -0.300706 0.953717 0 
vn -0.382683 0.92388 0 
vn -0.34202 0.939693 0 
vn -0.422618 0.906308 0 
vn -0.382683 0.92388 0 
vn -0.461749 0.887011 0 
vn -0.422618 0.906308 0 
vn -0.5 0.866025 0 
vn -0.461749 0.887011 0 
vn -0.5373 0.843391 0 
vn -0.5 0.866025 0 
vn -0.573576 0.819152 0 
vn -0.5373 0.843391 0 
vn -0.608761 0.793353 0 
vn -0.573576 0.819152 0 
vn -0.642788 0.766044 0 
vn -0.608761 0.793353 0 
vn -0.67559 0.737277 0 
vn -0.642788 0.766044 0 
vn -0.707107 0.707107 0 
vn -0.67559 0.737277 0 
vn -0.737277 0.67559 0 
vn -0.707107 0.707107 0 
vn -0.766044 0.642788 0 
vn -0.737277 0.67559 0 
vn -0.793353 0.608761 0 
vn -0.766044 0.642788 0 
vn -0.819152 0.573576 0 
vn -0.793353 0.608761 0 
vn -0.843391 0.5373 0 
vn -0.819152 0.573576 0 
vn -0.866025 0.5 0 
vn -0.843391 0.5373 0 
vn -0.887011 0.461749 0 
vn -0.866025 0.5 0 
vn -0.906308 0.422618 0 
vn -0.887011 0.461749 0 
vn -0.92388 0.382683 0 
vn -0.906308 0.422618 0 
vn -0.939693 0.34202 0 
vn -0.92388 0.382683 0 
vn -0.953717 0.300706 0 
vn -0.939693 0.34202 0 
vn -0.965926 0.258819 0 
vn -0.953717 0.300706 0 
vn -0.976296 0.21644 0 
vn -0.965926 0.258819 0 
vn -0.984808 0.173648 0 
vn -0.976296 0.21644 0 
vn -0.991445 0.130526 0 
vn -0.984808 0.173648 0 
vn -0.996195 0.0871557 0 
vn -0.991445 0.130526 0 
vn -0.999048 0.0436194 0 
vn -0.996195 0.0871557 0 
vn -1 -1.22465e-16 0 
vn -0.999048 0.0436194 0 
vn -0.999048 -0.0436194 0 
vn -1 -1.22465e-16 0 
vn -0.996195 -0.0871557 0 
vn -0.999048 -0.0436194 0 
vn -0.991445 -0.130526 0 
vn -0.996195 -0.0871557 0 
vn -0.984808 -0.173648 0 
vn -0.991445 -0.130526 0 
vn -0.976296 -0.21644 0 
vn -0.984808 -0.173648 0 
vn -0.965926 -0.258819 0 
vn -0.976296 -0.21644 0 
vn -0.953717 -0.300706 0 
vn -0.965926 -0.258819 0 
vn -0.939693 -0.34202 0 
vn -0.953717 -0.300706 0 
vn -0.92388 -0.382683 0 
vn -0.939693 -0.34202 0 
vn -0.906308 -0.422618 0 
vn -0.92388 -0.382683 0 
vn -0.887011 -0.461749 0 
vn -0.906308 -0.422618 0 
vn -0.866025 -0.5 0 
vn -0.887011 -0.461749 0 
vn -0.843391 -0.5373 0 
vn -0.866025 -0.5 0 
vn -0.819152 -0.573576 0 
vn -0.843391 -0.5373 0 
vn -0.793353 -0.608761 0 
vn -0.819152 -0.573576 0 
vn -0.766044 -0.642788 0 
vn -0.793353 -0.608761 0 
vn -0.737277 -0.67559 0 
vn -0.766044 -0.642788 0 
vn -0.707107 -0.707107 0 
vn -0.737277 -0.67559 0 
vn -0.67559 -0.737277 0 
vn -0.707107 -0.707107 0 
vn -0.642788 -0.766044 0 
vn -0.67559 -0.737277 0 
vn -0.608761 -0.793353 0 
vn -0.642788 -0.766044 0 
vn -0.573576 -0.819152 0 
vn -0.608761 -0.793353 0 
vn -0.5373 -0.843391 0 
vn -0.573576 -0.819152 0 
vn -0.5 -0.866025 0 
vn -0.5373 -0.843391 0 
vn -0.461749 -0.887011 0 
vn -0.5 -0.866025 0 
vn -0.422618 -0.906308 0 
vn -0.461749 -0.887011 0 
vn -0.382683 -0.92388 0 
vn -0.422618 -0.906308 0 
vn -0.34202 -0.939693 0 
vn -0.382683 -0.92388 0 
vn -0.300706 -0.953717 0 
vn -0.34202 -0.939693 0 
vn -0.258819 -0.965926 0 
vn -0.300706 -0.953717 0 
vn -0.21644 -0.976296 0 
vn -0.258819 -0.965926 0 
vn -0.173648 -0.984808 0 
vn -0.21644 -0.976296 0 
vn -0.130526 -0.991445 0 
vn -0.173648 -0.984808 0 
vn -0.0871557 -0.996195 0 
vn -0.130526 -0.991445 0 
vn -0.0436194 -0.999048 0 
vn -0.0871557 -0.996195 0 
vn 6.12323e-17 -1 0 
vn -0.0436194 -0.999048 0 
vn 0.0436194 -0.999048 0 
vn 6.12323e-17 -1 0 
vn 0.0871557 -0.996195 0 
vn 0.0436194 -0.999048 0 
vn 0.130526 -0.991445 0 
vn 0.0871557 -0.996195 0 
vn 0.173648 -0.984808 0 
vn 0.130526 -0.991445 0 
vn 0.21644 -0.976296 0 
vn 0.173648 -0.984808 0 
vn 0.258819 -0.965926 0 
vn 0.21644 -0.976296 0 
vn 0.300706 -0.953717 0 
vn 0.258819 -0.965926 0 
vn 0.34202 -0.939693 0 
vn 0.300706 -0.953717 0 
vn 0.382683 -0.92388 0 
vn 0.34202 -0.939693 0 
vn 0.422618 -0.906308 0 
vn 0.382683 -0.92388 0 
vn 0.461749 -0.887011 0 
vn 0.422618 -0.906308 0 
vn 0.5 -0.866025 0 
vn 0.461749 -0.887011 0 
vn 0.5373 -0.843391 0 
vn 0.5 -0.866025 0 
vn 0.573576 -0.819152 0 
vn 0.5373 -0.843391 0 
vn 0.608761 -0.793353 0 
vn 0.573576 -0.819152 0 
vn 0.642788 -0.766044 0 
vn 0.608761 -0.793353 0 
vn 0.67559 -0.737277 0 
vn 0.642788 -0.766044 0 
vn 0.707107 -0.707107 0 
vn 0.67559 -0.737277 0 
vn 0.737277 -0.67559 0 
vn 0.707107 -0.707107 0 
vn 0.766044 -0.642788 0 
vn 0.737277 -0.67559 0 
vn 0.793353 -0.608761 0 
vn 0.766044 -0.642788 0 
vn 0.819152 -0.573576 0 
vn 0.793353 -0.608761 0 
vn 0.843391 -0.5373 0 
vn 0.819152 -0.573576 0 
vn 0.866025 -0.5 0 
vn 0.843391 -0.5373 0 
vn 0.887011 -0.461749 0 
vn 0.866025 -0.5 0 
vn 0.906308 -0.422618 0 
vn 0.887011 -0.461749 0 
vn 0.92388 -0.382683 0 
vn 0.906308 -0.422618 0 
vn 0.939693 -0.34202 0 
vn 0.92388 -0.382683 0 
vn 0.953717 -0.300706 0 
vn 0.939693 -0.34202 0 
vn 0.965926 -0.258819 0 
vn 0.953717 -0.300706 0 
vn 0.976296 -0.21644 0 
vn 0.965926 -0.258819 0 
vn 0.984808 -0.173648 0 
vn 0.976296 -0.21644 0 
vn 0.991445 -0.130526 0 
vn 0.984808 -0.173648 0 
vn 0.996195 -0.0871557 0 
vn 0.991445 -0.130526 0 
vn 0.999048 -0.0436194 0 
vn 0.996195 -0.0871557 0 
vn 0.5 0 -0.866025 
vn 0.499524 -0.0218097 -0.866025 
vn 0.498097 -0.0435779 -0.866025 
vn 0.495722 -0.0652631 -0.866025 
vn 0.492404 -0.0868241 -0.866025 
vn 0.488148 -0.10822 -0.866025 
vn 0.482963 -0.12941 -0.866025 
vn 0.476858 -0.150353 -0.866025 
vn 0.469846 -0.17101 -0.866025 
vn 0.46194 -0.191342 -0.866025 
vn 0.453154 -0.211309 -0.866025 
vn 0.443505 -0.230874 -0.866025 
vn 0.433013 -0.25 -0.866025 
vn 0.421696 -0.26865 -0.866025 
vn 0.409576 -0.286788 -0.866025 
vn 0.396677 -0.304381 -0.866025 
vn 0.383022 -0.321394 -0.866025 
vn 0.368639 -0.337795 -0.866025 
vn 0.353553 -0.353553 -0.866025 
vn 0.337795 -0.368639 -0.866025 
vn 0.321394 -0.383022 -0.866025 
vn 0.304381 -0.396677 -0.866025 
vn 0.286788 -0.409576 -0.866025 
vn 0.26865 -0.421696 -0.866025 
vn 0.25 -0.433013 -0.866025 
vn 0.230874 -0.443505 -0.866025 
vn 0.211309 -0.453154 -0.866025 
vn 0.191342 -0.46194 -0.866025 
vn 0.17101 -0.469846 -0.866025 
vn 0.150353 -0.476858 -0.866025 
vn 0.12941 -0.482963 -0.866025 
vn 0.10822 -0.488148 -0.866025 
vn 0.0868241 -0.492404 -0.866025 
vn 0.0652631 -0.495722 -0.866025 
vn 0.0435779 -0.498097 -0.866025 
vn 0.0218097 -0.499524 -0.866025 
vn 1.38778e-17 -0.5 -0.866025 
vn -0.0218097 -0.499524 -0.866025 
vn -0.0435779 -0.498097 -0.866025 
vn -0.0652631 -0.495722 -0.866025 
vn -0.0868241 -0.492404 -0.866025 
vn -0.10822 -0.488148 -0.866025 
vn -0.12941 -0.482963 -0.866025 
vn -0.150353 -0.476858 -0.866025 
vn -0.17101 -0.469846 -0.866025 
vn -0.191342 -0.46194 -0.866025 
vn -0.211309 -0.453154 -0.866025 
vn -0.230874 -0.443505 -0.866025 
vn -0.25 -0.433013 -0.866025 
vn -0.26865 -0.421696 -0.866025 
vn -0.286788 -0.409576 -0.866025 
vn -0.304381 -0.396677 -0.866025 
vn -0.321394 -0.383022 -0.866025 
vn -0.337795 -0.368639 -0.866025 
vn -0.353553 -0.353553 -0.866025 
vn -0.368639 -0.337795 -0.866025 
vn -0.383022 -0.321394 -0.866025 
vn -0.396677 -0.304381 -0.866025 
vn -0.409576 -0.286788 -0.866025 
vn -0.421696 -0.26865 -0.866025 
vn -0.433013 -0.25 -0.866025 
vn -0.443505 -0.230874 -0.866025 
vn -0.453154 -0.211309 -0.866025 
vn -0.46194 -0.191342 -0.866025 
vn -0.469846 -0.17101 -0.866025 
vn -0.476858 -0.150353 -0.866025 
vn -0.482963 -0.12941 -0.866025 
vn -0.488148 -0.10822 -0.866025 
vn -0.492404 -0.0868241 -0.866025 
vn -0.495722 -0.0652631 -0.866025 
vn -0.498097 -0.0435779 -0.866025 
vn -0.499524 -0.0218097 -0.866025 
vn -0.5 -1.45717e-16 -0.866025 
vn -0.499524 0.0218097 -0.866025 
vn -0.498097 0.0435779 -0.866025 
vn -0.495722 0.0652631 -0.866025 
vn -0.492404 0.0868241 -0.866025 
vn -0.488148 0.10822 -0.866025 
vn -0.482963 0.12941 -0.866025 
vn -0.476858 0.150353 -0.866025 
vn -0.469846 0.17101 -0.866025 
vn -0.46194 0.191342 -0.866025 
vn -0.453154 0.211309 -0.866025 
vn -0.443505 0.230874 -0.866025 
vn -0.433013 0.25 -0.866025 
vn -0.421696 0.26865 -0.866025 
vn -0.409576 0.286788 -0.866025 
vn -0.396677 0.304381 -0.866025 
vn -0.383022 0.321394 -0.866025 
vn -0.368639 0.337795 -0.866025 
vn -0.353553 0.353553 -0.866025 
vn -0.337795 0.368639 -0.866025 
vn -0.321394 0.383022 -0.866025 
vn -0.304381 0.396677 -0.866025 
vn -0.286788 0.409576 -0.866025 
vn -0.26865 0.421696 -0.866025 
vn -0.25 0.433013 -0.866025 
vn -0.230874 0.443505 -0.866025 
vn -0.211309 0.453154 -0.866025 
vn -0.191342 0.46194 -0.866025 
vn -0.17101 0.469846 -0.866025 
vn -0.150353 0.476858 -0.866025 
vn -0.12941 0.482963 -0.866025 
vn -0.10822 0.488148 -0.866025 
vn -0.0868241 0.492404 -0.866025 
vn -0.0652631 0.495722 -0.866025 
vn -0.0435779 0.498097 -0.866025 
vn -0.0218097 0.499524 -0.866025 
vn -1.45717e-16 0.5 -0.866025 
vn 0.0218097 0.499524 -0.866025 
vn 0.0435779 0.498097 -0.866025 
vn 0.0652631 0.495722 -0.866025 
vn 0.0868241 0.492404 -0.866025 
vn 0.10822 0.488148 -0.866025 
vn 0.12941 0.482963 -0.866025 
vn 0.150353 0.476858 -0.866025 
vn 0.17101 0.469846 -0.866025 
vn 0.191342 0.46194 -0.866025 
vn 0.211309 0.453154 -0.866025 
vn 0.230874 0.443505 -0.866025 
vn 0.25 0.433013 -0.866025 
vn 0.26865 0.421696 -0.866025 
vn 0.286788 0.409576 -0.866025 
vn 0.304381 0.396677 -0.866025 
vn 0.321394 0.383022 -0.866025 
vn 0.337795 0.368639 -0.866025 
vn 0.353553 0.353553 -0.866025 
vn 0.368639 0.337795 -0.866025 
vn 0.383022 0.321394 -0.866025 
vn 0.396677 0.304381 -0.866025 
vn 0.409576 0.286788 -0.866025 
vn 0.421696 0.26865 -0.866025 
vn 0.433013 0.25 -0.866025 
vn 0.443505 0.230874 -0.866025 
vn 0.453154 0.211309 -0.866025 
vn 0.46194 0.191342 -0.866025 
vn 0.469846 0.17101 -0.866025 
vn 0.476858 0.150353 -0.866025 
vn 0.482963 0.12941 -0.866025 
vn 0.488148 0.10822 -0.866025 
vn 0.492404 0.0868241 -0.866025 
vn 0.495722 0.0652631 -0.866025 
vn 0.498097 0.0435779 -0.866025 
vn 0.499524 0.0218097 -0.866025 
vn 0.5 0 -0.866025 
vn 0 0 -1 
vn -1 0 0 
vn -0.999048 0.0436194 0 
vn -0.996195 0.0871557 0 
vn -0.991445 0.130526 0 
vn -0.984808 0.173648 0 
vn -0.976296 0.21644 0 
vn -0.965926 0.258819 0 
vn -0.953717 0.300706 0 
vn -0.939693 0.34202 0 
vn -0.92388 0.382683 0 
vn -0.906308 0.422618 0 
vn -0.887011 0.461749 0 
vn -0.866025 0.5 0 
vn -0.852718 0.522371 0 
vn -0.843391 0.5373 0 
vn -0.819152 0.573576 0 
vn -0.793353 0.608761 0 
vn -0.766044 0.642788 0 
vn -0.737277 0.67559 0 
vn -0.707107 0.707107 0 
vn -0.67559 0.737277 0 
vn -0.642788 0.766044 0 
vn -0.608761 0.793353 0 
vn -0.573576 0.819152 0 
vn -0.5373 0.843391 0 
vn -0.5 0.866025 0 
vn -0.461749 0.887011 0 
vn -0.422618 0.906308 0 
vn -0.382683 0.92388 0 
vn -0.34202 0.939693 0 
vn -0.300706 0.953717 0 
vn -0.258819 0.965926 0 
vn -0.21644 0.976296 0 
vn -0.173648 0.984808 0 
vn -0.130526 0.991445 0 
vn -0.0871557 0.996195 0 
vn -0.0436194 0.999048 0 
vn -6.12323e-17 1 0 
vn 0.0436194 0.999048 0 
vn 0.0871557 0.996195 0 
vn 0.130526 0.991445 0 
vn 0.173648 0.984808 0 
vn 0.21644 0.976296 0 
vn 0.258819 0.965926 0 
vn 0.300706 0.953717 0 
vn 0.34202 0.939693 0 
vn 0.382683 0.92388 0 
vn 0.422618 0.906308 0 
vn 0.461749 0.887011 0 
vn 0.5 0.866025 0 
vn 0.5373 0.843391 0 
vn 0.573576 0.819152 0 
vn 0.608761 0.793353 0 
vn 0.642788 0.766044 0 
vn 0.67559 0.737277 0 
vn 0.707107 0.707107 0 
vn 0.737277 0.67559 0 
vn 0.766044 0.642788 0 
vn 0.793353 0.608761 0 
vn 0.819152 0.573576 0 
vn 0.843391 0.5373 0 
vn 0.866025 0.5 0 
vn 0.887011 0.461749 0 
vn 0.906308 0.422618 0 
vn 0.92388 0.382683 0 
vn 0.939693 0.34202 0 
vn 0.953717 0.300706 0 
vn 0.965926 0.258819 0 
vn 0.976296 0.21644 0 
vn 0.984808 0.173648 0 
vn 0.991445 0.130526 0 
vn 0.996195 0.0871557 0 
vn 0.999048 0.0436194 0 
vn 1 1.22465e-16 0 
vn 0.999048 -0.0436194 0 
vn 0.996195 -0.0871557 0 
vn 0.991445 -0.130526 0 
vn 0.984808 -0.173648 0 
vn 0.976296 -0.21644 0 
vn 0.965926 -0.258819 0 
vn 0.953717 -0.300706 0 
vn 0.939693 -0.34202 0 
vn 0.92388 -0.382683 0 
vn 0.906308 -0.422618 0 
vn 0.887011 -0.461749 0 
vn 0.866025 -0.5 0 
vn 0.843391 -0.5373 0 
vn 0.819152 -0.573576 0 
vn 0.793353 -0.608761 0 
vn 0.766044 -0.642788 0 
vn 0.737277 -0.67559 0 
vn 0.707107 -0.707107 0 
vn 0.67559 -0.737277 0 
vn 0.642788 -0.766044 0 
vn 0.608761 -0.793353 0 
vn 0.573576 -0.819152 0 
vn 0.5373 -0.843391 0 
vn 0.5 -0.866025 0 
vn 0.461749 -0.887011 0 
vn 0.422618 -0.906308 0 
vn 0.382683 -0.92388 0 
vn 0.34202 -0.939693 0 
vn 0.300706 -0.953717 0 
vn 0.258819 -0.965926 0 
vn 0.21644 -0.976296 0 
vn 0.173648 -0.984808 0 
vn 0.130526 -0.991445 0 
vn 0.0871557 -0.996195 0 
vn 0.0436194 -0.999048 0 
vn 1.83697e-16 -1 0 
vn -0.0436194 -0.999048 0 
vn -0.0871557 -0.996195 0 
vn -0.130526 -0.991445 0 
vn -0.173648 -0.984808 0 
vn -0.21644 -0.976296 0 
vn -0.258819 -0.965926 0 
vn -0.300706 -0.953717 0 
vn -0.34202 -0.939693 0 
vn -0.382683 -0.92388 0 
vn -0.422618 -0.906308 0 
vn -0.461749 -0.887011 0 
vn -0.5 -0.866025 0 
vn -0.5373 -0.843391 0 
vn -0.573576 -0.819152 0 
vn -0.608761 -0.793353 0 
vn -0.642788 -0.766044 0 
vn -0.67559 -0.737277 0 
vn -0.707107 -0.707107 0 
vn -0.737277 -0.67559 0 
vn -0.766044 -0.642788 0 
vn -0.793353 -0.608761 0 
vn -0.819152 -0.573576 0 
vn -0.843391 -0.5373 0 
vn -0.866025 -0.5 0 
vn -0.852718 -0.522371 0 
vn -0.887011 -0.461749 0 
vn -0.906308 -0.422618 0 
vn -0.92388 -0.382683 0 
vn -0.939693 -0.34202 0 
vn -0.953717 -0.300706 0 
vn -0.965926 -0.258819 0 
vn -0.976296 -0.21644 0 
vn -0.984808 -0.173648 0 
vn -0.991445 -0.130526 0 
vn -0.996195 -0.0871557 0 
vn -0.999048 -0.0436194 0 
vn 0 0 -1 
vn 0.942474 0.334281 0 
vn 0.955977 0.293441 0 
vn 0.967712 0.252059 0 
vn 0.977656 0.21021 0 
vn 0.985792 0.167972 0 
vn 0.992103 0.125423 0 
vn 0.996579 0.0826426 0 
vn 0.999211 0.039709 0 
vn 0.999995 -0.00329811 0 
vn 0.998928 -0.0462991 0 
vn 0.996012 -0.0892144 0 
vn 0.991254 -0.131965 0 
vn 0.984662 -0.174471 0 
vn 0.976248 -0.216654 0 
vn 0.978018 -0.208521 0 
vn 0.966028 -0.258436 0 
vn 0.954021 -0.299741 0 
vn 0.940248 -0.34049 0 
vn 0.924736 -0.38061 0 
vn 0.907512 -0.420025 0 
vn 0.88861 -0.458664 0 
vn 0.868063 -0.496453 0 
vn 0.845911 -0.533325 0 
vn 0.822193 -0.569209 0 
vn 0.796954 -0.60404 0 
vn 0.810606 -0.585591 0 
vn 0.77024 -0.637754 0 
vn 0.742102 -0.670287 0 
vn 0.71259 -0.701581 0 
vn 0.68176 -0.731576 0 
vn 0.649668 -0.760218 0 
vn 0.616374 -0.787453 0 
vn 0.58194 -0.813231 0 
vn 0.54643 -0.837505 0 
vn 0.509908 -0.860229 0 
vn 0.472443 -0.881361 0 
vn 0.434103 -0.900863 0 
vn 0.394961 -0.918698 0 
vn 0.355087 -0.934833 0 
vn 0.314557 -0.949239 0 
vn 0.273445 -0.961888 0 
vn 0.231827 -0.972757 0 
vn 0.189779 -0.981827 0 
vn 0.147381 -0.98908 0 
vn 0.10471 -0.994503 0 
vn 0.0618454 -0.998086 0 
vn 0.0188662 -0.999822 0 
vn 0.822193 -0.569209 0 
vn 0.984662 -0.174471 0 
vn -0.0188662 -0.999822 0 
vn -0.0618454 -0.998086 0 
vn -0.10471 -0.994503 0 
vn -0.147381 -0.98908 0 
vn -0.189779 -0.981827 0 
vn -0.188933 -0.98199 0 
vn -0.231827 -0.972757 0 
vn -0.273445 -0.961888 0 
vn -0.314557 -0.949239 0 
vn -0.355087 -0.934833 0 
vn -0.394961 -0.918698 0 
vn -0.434103 -0.900863 0 
vn -0.472443 -0.881361 0 
vn -0.509908 -0.860229 0 
vn -0.54643 -0.837505 0 
vn -0.58194 -0.813231 0 
vn -0.616374 -0.787453 0 
vn -0.649668 -0.760218 0 
vn -0.68176 -0.731576 0 
vn -0.71259 -0.701581 0 
vn -0.742102 -0.670287 0 
vn -0.77024 -0.637754 0 
vn -0.796954 -0.60404 0 
vn -0.822193 -0.569209 0 
vn -0.810606 -0.585591 0 
vn -0.845911 -0.533325 0 
vn -0.868063 -0.496453 0 
vn -0.88861 -0.458664 0 
vn -0.907512 -0.420025 0 
vn -0.924736 -0.38061 0 
vn -0.940248 -0.34049 0 
vn -0.954021 -0.299741 0 
vn -0.966028 -0.258436 0 
vn -0.976248 -0.216654 0 
vn -0.984662 -0.174471 0 
vn -0.978018 -0.208521 0 
vn -0.991254 -0.131965 0 
vn -0.996012 -0.0892144 0 
vn -0.998928 -0.0462991 0 
vn -0.999995 -0.00329811 0 
vn -0.999211 0.039709 0 
vn -0.996579 0.0826426 0 
vn -0.992103 0.125423 0 
vn -0.985792 0.167972 0 
vn -0.977656 0.21021 0 
vn -0.967712 0.252059 0 
vn -0.955977 0.293441 0 
vn -0.942474 0.334281 0 
vn -0.976248 -0.216654 0 
vn -0.796954 -0.60404 0 
vn -0.147381 -0.98908 0 
vn -0.120111 -0.99276 0 
vn -0.149848 -0.988709 0 
vn -0.0811699 -0.9967 0 
vn -0.0423064 -0.999105 0 
vn -0.0655109 -0.997852 0 
vn 0 -1 0 
vn -0.149848 -0.988709 0 
vn -0.0114231 -0.999935 0 
vn 0 -1 0 
vn -0.05033 -0.998733 0 
vn -0.0891395 -0.996019 0 
vn -0.127449 -0.991845 0 
vn -0.164864 -0.986316 0 
vn -0.191874 -0.98142 0 
vn -0.189384 -0.981903 0 
vn -0.228901 -0.97345 0 
vn -0.241457 -0.970412 0 
vn -0.189929 -0.981798 0 
vn -0.149848 -0.988709 0 
vn 0 -1 0 
vn 0.0423064 -0.999105 0 
vn 0.0111745 -0.999938 0 
vn 0 -1 0 
vn 0.0811699 -0.9967 0 
vn 0.120111 -0.99276 0 
vn 0.149848 -0.988709 0 
vn 0 -1 0 
vn 0.189929 -0.981798 0 
vn 0.18451 -0.982831 0 
vn 0.228901 -0.97345 0 
vn 0.191874 -0.98142 0 
vn 0.241458 -0.970411 0 
vn 0.164864 -0.986316 0 
vn 0.127449 -0.991845 0 
vn 0.0891395 -0.996019 0 
vn 0.05033 -0.998733 0 
vn 0.0114231 -0.999935 0 
vn 0 -1 0 
vn 0.149848 -0.988709 0 
vn -0.960228 0.279216 0 
vn -0.97092 0.239402 0 
vn -0.948122 0.317906 0 
vn -0.934416 0.356183 0 
vn -0.935121 0.354328 0 
vn -0.919114 0.393992 0 
vn -0.902214 0.431289 0 
vn -0.883716 0.468024 0 
vn -0.86362 0.504144 0 
vn -0.841929 0.539588 0 
vn -0.862464 0.506118 0 
vn -0.818651 0.574291 0 
vn -0.7938 0.608179 0 
vn -0.767398 0.641171 0 
vn -0.78467 0.619914 0 
vn -0.763913 0.645319 0 
vn -0.736105 0.676867 0 
vn -0.753969 0.65691 0 
vn -0.706543 0.70767 0 
vn -0.727786 0.685805 0 
vn -0.67556 0.737305 0 
vn -0.643226 0.765676 0 
vn -0.609613 0.792699 0 
vn -0.574801 0.818293 0 
vn -0.538875 0.842386 0 
vn -0.563397 0.826186 0 
vn -0.574801 0.818293 0 
vn -0.501923 0.864912 0 
vn -0.464035 0.885817 0 
vn -0.425302 0.905052 0 
vn -0.385814 0.922576 0 
vn -0.345664 0.938358 0 
vn -0.304939 0.952372 0 
vn -0.263727 0.964597 0 
vn -0.222117 0.97502 0 
vn -0.180191 0.983632 0 
vn -0.196352 0.980533 0 
vn -0.138035 0.990427 0 
vn -0.0957303 0.995407 0 
vn -0.103675 0.994611 0 
vn -0.0533575 0.998575 0 
vn -0.0133323 0.999911 0 
vn -0.385814 0.922576 0 
vn -0.818651 0.574291 0 
vn -0.902214 0.431289 0 
vn -0.97092 0.239402 0 
vn 0.0533575 0.998575 0 
vn 0.0133323 0.999911 0 
vn 0.0957303 0.995407 0 
vn 0.138035 0.990427 0 
vn 0.180191 0.983632 0 
vn 0.222117 0.97502 0 
vn 0.19581 0.980642 0 
vn 0.180191 0.983632 0 
vn 0.263727 0.964597 0 
vn 0.304939 0.952372 0 
vn 0.345664 0.938358 0 
vn 0.385814 0.922576 0 
vn 0.348214 0.937415 0 
vn 0.425302 0.905052 0 
vn 0.464035 0.885817 0 
vn 0.501923 0.864912 0 
vn 0.538875 0.842386 0 
vn 0.574801 0.818293 0 
vn 0.609613 0.792699 0 
vn 0.643226 0.765676 0 
vn 0.67556 0.737305 0 
vn 0.706543 0.70767 0 
vn 0.676727 0.736234 0 
vn 0.736105 0.676867 0 
vn 0.727786 0.685805 0 
vn 0.763913 0.645319 0 
vn 0.767398 0.641171 0 
vn 0.7938 0.608179 0 
vn 0.78467 0.619914 0 
vn 0.818651 0.574291 0 
vn 0.841929 0.539588 0 
vn 0.86362 0.504144 0 
vn 0.862464 0.506118 0 
vn 0.883716 0.468024 0 
vn 0.902214 0.431289 0 
vn 0.919114 0.393992 0 
vn 0.934416 0.356183 0 
vn 0.948122 0.317906 0 
vn 0.935121 0.354328 0 
vn 0.960228 0.279216 0 
vn 0.97092 0.239402 0 
vn 0.919114 0.393992 0 
vn 0.763913 0.645319 0 
vn 0.643226 0.765676 0 
vn 0.574801 0.818293 0 
vn 0.501923 0.864912 0 
vn 0.263727 0.964597 0 
vn 0.0957303 0.995407 0 
vn 0.0133323 0.999911 0 
vn -1 0 0 
vn 0 1 0 
vn 0 -1 0 
vn 1 0 0 
vn -1 1.54198e-16 0 
vn -1.52839e-16 -1 0 
vn 1.14629e-16 1 0 
vn 1 0 0 
vn 0.999048 0.0436194 0 
vn 0.996195 0.0871557 0 
vn 0.991445 0.130526 0 
vn 0.984808 0.173648 0 
vn 0.976296 0.21644 0 
vn 0.965926 0.258819 0 
vn 0.953717 0.300706 0 
vn 0.939693 0.34202 0 
vn 0.92388 0.382683 0 
vn 0.906308 0.422618 0 
vn 0.887011 0.461749 0 
vn 0.866025 0.5 0 
vn 0.843391 0.5373 0 
vn 0.819152 0.573576 0 
vn 0.793353 0.608761 0 
vn 0.766044 0.642788 0 
vn 0.737277 0.67559 0 
vn 0.707107 0.707107 0 
vn 0.67559 0.737277 0 
vn 0.642788 0.766044 0 
vn 0.608761 0.793353 0 
vn 0.573576 0.819152 0 
vn 0.5373 0.843391 0 
vn 0.5 0.866025 0 
vn 0.461749 0.887011 0 
vn 0.422618 0.906308 0 
vn 0.382683 0.92388 0 
vn 0.34202 0.939693 0 
vn 0.300706 0.953717 0 
vn 0.258819 0.965926 0 
vn 0.21644 0.976296 0 
vn 0.173648 0.984808 0 
vn 0.130526 0.991445 0 
vn 0.0871557 0.996195 0 
vn 0.0436194 0.999048 0 
vn 6.12323e-17 1 0 
vn -0.0436194 0.999048 0 
vn -0.0871557 0.996195 0 
vn -0.130526 0.991445 0 
vn -0.173648 0.984808 0 
vn -0.21644 0.976296 0 
vn -0.258819 0.965926 0 
vn -0.300706 0.953717 0 
vn -0.34202 0.939693 0 
vn -0.382683 0.92388 0 
vn -0.422618 0.906308 0 
vn -0.461749 0.887011 0 
vn -0.5 0.866025 0 
vn -0.5373 0.843391 0 
vn -0.573576 0.819152 0 
vn -0.608761 0.793353 0 
vn -0.642788 0.766044 0 
vn -0.67559 0.737277 0 
vn -0.707107 0.707107 0 
vn -0.737277 0.67559 0 
vn -0.766044 0.642788 0 
vn -0.793353 0.608761 0 
vn -0.819152 0.573576 0 
vn -0.843391 0.5373 0 
vn -0.866025 0.5 0 
vn -0.887011 0.461749 0 
vn -0.906308 0.422618 0 
vn -0.92388 0.382683 0 
vn -0.939693 0.34202 0 
vn -0.953717 0.300706 0 
vn -0.965926 0.258819 0 
vn -0.976296 0.21644 0 
vn -0.984808 0.173648 0 
vn -0.991445 0.130526 0 
vn -0.996195 0.0871557 0 
vn -0.999048 0.0436194 0 
vn -1 1.22465e-16 0 
vn -0.999048 -0.0436194 0 
vn -0.996195 -0.0871557 0 
vn -0.991445 -0.130526 0 
vn -0.984808 -0.173648 0 
vn -0.976296 -0.21644 0 
vn -0.965926 -0.258819 0 
vn -0.953717 -0.300706 0 
vn -0.939693 -0.34202 0 
vn -0.92388 -0.382683 0 
vn -0.906308 -0.422618 0 
vn -0.887011 -0.461749 0 
vn -0.866025 -0.5 0 
vn -0.843391 -0.5373 0 
vn -0.819152 -0.573576 0 
vn -0.793353 -0.608761 0 
vn -0.766044 -0.642788 0 
vn -0.737277 -0.67559 0 
vn -0.707107 -0.707107 0 
vn -0.67559 -0.737277 0 
vn -0.642788 -0.766044 0 
vn -0.608761 -0.793353 0 
vn -0.573576 -0.819152 0 
vn -0.5373 -0.843391 0 
vn -0.5 -0.866025 0 
vn -0.461749 -0.887011 0 
vn -0.422618 -0.906308 0 
vn -0.382683 -0.92388 0 
vn -0.34202 -0.939693 0 
vn -0.300706 -0.953717 0 
vn -0.258819 -0.965926 0 
vn -0.21644 -0.976296 0 
vn -0.173648 -0.984808 0 
vn -0.130526 -0.991445 0 
vn -0.0871557 -0.996195 0 
vn -0.0436194 -0.999048 0 
vn -1.83697e-16 -1 0 
vn 0.0436194 -0.999048 0 
vn 0.0871557 -0.996195 0 
vn 0.130526 -0.991445 0 
vn 0.173648 -0.984808 0 
vn 0.21644 -0.976296 0 
vn 0.258819 -0.965926 0 
vn 0.300706 -0.953717 0 
vn 0.34202 -0.939693 0 
vn 0.382683 -0.92388 0 
vn 0.422618 -0.906308 0 
vn 0.461749 -0.887011 0 
vn 0.5 -0.866025 0 
vn 0.5373 -0.843391 0 
vn 0.573576 -0.819152 0 
vn 0.608761 -0.793353 0 
vn 0.642788 -0.766044 0 
vn 0.67559 -0.737277 0 
vn 0.707107 -0.707107 0 
vn 0.737277 -0.67559 0 
vn 0.766044 -0.642788 0 
vn 0.793353 -0.608761 0 
vn 0.819152 -0.573576 0 
vn 0.843391 -0.5373 0 
vn 0.866025 -0.5 0 
vn 0.887011 -0.461749 0 
vn 0.906308 -0.422618 0 
vn 0.92388 -0.382683 0 
vn 0.939693 -0.34202 0 
vn 0.953717 -0.300706 0 
vn 0.965926 -0.258819 0 
vn 0.976296 -0.21644 0 
vn 0.984808 -0.173648 0 
vn 0.991445 -0.130526 0 
vn 0.996195 -0.0871557 0 
vn 0.999048 -0.0436194 0 
vn 0 0 -1 
vn -1 0 0 
vn -0.999048 0.0436194 0 
vn -0.996195 0.0871557 0 
vn -0.991445 0.130526 0 
vn -0.984808 0.173648 0 
vn -0.976296 0.21644 0 
vn -0.96635 0.25723 0 
vn -0.965926 0.258819 0 
vn -0.953717 0.300706 0 
vn -0.939693 0.34202 0 
vn -0.92388 0.382683 0 
vn -0.906308 0.422618 0 
vn -0.887011 0.461749 0 
vn -0.866025 0.5 0 
vn -0.843391 0.5373 0 
vn -0.819152 0.573576 0 
vn -0.793353 0.608761 0 
vn -0.766044 0.642788 0 
vn -0.737277 0.67559 0 
vn -0.707107 0.707107 0 
vn -0.67559 0.737277 0 
vn -0.642788 0.766044 0 
vn -0.608761 0.793353 0 
vn -0.573576 0.819152 0 
vn -0.5373 0.843391 0 
vn -0.5 0.866025 0 
vn -0.461749 0.887011 0 
vn -0.422618 0.906308 0 
vn -0.382683 0.92388 0 
vn -0.34202 0.939693 0 
vn -0.300706 0.953717 0 
vn -0.258819 0.965926 0 
vn -0.21644 0.976296 0 
vn -0.173648 0.984808 0 
vn -0.130526 0.991445 0 
vn -0.0871557 0.996195 0 
vn -0.0436194 0.999048 0 
vn -6.12323e-17 1 0 
vn 0.0436194 0.999048 0 
vn 0.0871557 0.996195 0 
vn 0.130526 0.991445 0 
vn 0.173648 0.984808 0 
vn 0.21644 0.976296 0 
vn 0.258819 0.965926 0 
vn 0.300706 0.953717 0 
vn 0.34202 0.939693 0 
vn 0.382683 0.92388 0 
vn 0.422618 0.906308 0 
vn 0.461749 0.887011 0 
vn 0.5 0.866025 0 
vn 0.5373 0.843391 0 
vn 0.573576 0.819152 0 
vn 0.608761 0.793353 0 
vn 0.642788 0.766044 0 
vn 0.67559 0.737277 0 
vn 0.707107 0.707107 0 
vn 0.737277 0.67559 0 
vn 0.766044 0.642788 0 
vn 0.793353 0.608761 0 
vn 0.819152 0.573576 0 
vn 0.843391 0.5373 0 
vn 0.866025 0.5 0 
vn 0.887011 0.461749 0 
vn 0.906308 0.422618 0 
vn 0.92388 0.382683 0 
vn 0.939693 0.34202 0 
vn 0.953717 0.300706 0 
vn 0.965926 0.258819 0 
vn 0.976296 0.21644 0 
vn 0.96635 0.25723 0 
vn 0.984808 0.173648 0 
vn 0.991445 0.130526 0 
vn 0.996195 0.0871557 0 
vn 0.999048 0.0436194 0 
vn 1 1.22465e-16 0 
vn 0.999048 -0.0436194 0 
vn 0.996195 -0.0871557 0 
vn 0.991445 -0.130526 0 
vn 0.984808 -0.173648 0 
vn 0.976296 -0.21644 0 
vn 0.965926 -0.258819 0 
vn 0.953717 -0.300706 0 
vn 0.939693 -0.34202 0 
vn 0.92388 -0.382683 0 
vn 0.906308 -0.422618 0 
vn 0.887011 -0.461749 0 
vn 0.866025 -0.5 0 
vn 0.843391 -0.5373 0 
vn 0.819152 -0.573576 0 
vn 0.793353 -0.608761 0 
vn 0.766044 -0.642788 0 
vn 0.737277 -0.67559 0 
vn 0.707107 -0.707107 0 
vn 0.67559 -0.737277 0 
vn 0.642788 -0.766044 0 
vn 0.608761 -0.793353 0 
vn 0.573576 -0.819152 0 
vn 0.5373 -0.843391 0 
vn 0.5 -0.866025 0 
vn 0.461749 -0.887011 0 
vn 0.422618 -0.906308 0 
vn 0.382683 -0.92388 0 
vn 0.34202 -0.939693 0 
vn 0.300706 -0.953717 0 
vn 0.258819 -0.965926 0 
vn 0.21644 -0.976296 0 
vn 0.173648 -0.984808 0 
vn 0.130526 -0.991445 0 
vn 0.0871557 -0.996195 0 
vn 0.0436194 -0.999048 0 
vn 1.83697e-16 -1 0 
vn -0.0436194 -0.999048 0 
vn -0.0871557 -0.996195 0 
vn -0.130526 -0.991445 0 
vn -0.173648 -0.984808 0 
vn -0.21644 -0.976296 0 
vn -0.258819 -0.965926 0 
vn -0.300706 -0.953717 0 
vn -0.34202 -0.939693 0 
vn -0.382683 -0.92388 0 
vn -0.422618 -0.906308 0 
vn -0.461749 -0.887011 0 
vn -0.5 -0.866025 0 
vn -0.5373 -0.843391 0 
vn -0.573576 -0.819152 0 
vn -0.608761 -0.793353 0 
vn -0.642788 -0.766044 0 
vn -0.67559 -0.737277 0 
vn -0.707107 -0.707107 0 
vn -0.737277 -0.67559 0 
vn -0.766044 -0.642788 0 
vn -0.793353 -0.608761 0 
vn -0.819152 -0.573576 0 
vn -0.843391 -0.5373 0 
vn -0.866025 -0.5 0 
vn -0.887011 -0.461749 0 
vn -0.906308 -0.422618 0 
vn -0.92388 -0.382683 0 
vn -0.939693 -0.34202 0 
vn -0.953717 -0.300706 0 
vn -0.965926 -0.258819 0 
vn -0.976296 -0.21644 0 
vn -0.984808 -0.173648 0 
vn -0.991445 -0.130526 0 
vn -0.996195 -0.0871557 0 
vn -0.999048 -0.0436194 0 
vn 0 0 -1 
vn 0.999048 0.0436194 0 
vn 1 2.44929e-16 0 
vn 0.996195 0.0871557 0 
vn 0.999048 0.0436194 0 
vn 0.991445 0.130526 0 
vn 0.996195 0.0871557 0 
vn 0.984808 0.173648 0 
vn 0.991445 0.130526 0 
vn 0.976296 0.21644 0 
vn 0.984808 0.173648 0 
vn 0.965926 0.258819 0 
vn 0.976296 0.21644 0 
vn 0.953717 0.300706 0 
vn 0.965926 0.258819 0 
vn 0.939693 0.34202 0 
vn 0.953717 0.300706 0 
vn 0.92388 0.382683 0 
vn 0.939693 0.34202 0 
vn 0.906308 0.422618 0 
vn 0.92388 0.382683 0 
vn 0.887011 0.461749 0 
vn 0.906308 0.422618 0 
vn 0.866025 0.5 0 
vn 0.887011 0.461749 0 
vn 0.843391 0.5373 0 
vn 0.866025 0.5 0 
vn 0.819152 0.573576 0 
vn 0.843391 0.5373 0 
vn 0.793353 0.608761 0 
vn 0.819152 0.573576 0 
vn 0.766044 0.642788 0 
vn 0.793353 0.608761 0 
vn 0.737277 0.67559 0 
vn 0.766044 0.642788 0 
vn 0.707107 0.707107 0 
vn 0.737277 0.67559 0 
vn 0.67559 0.737277 0 
vn 0.707107 0.707107 0 
vn 0.642788 0.766044 0 
vn 0.67559 0.737277 0 
vn 0.608761 0.793353 0 
vn 0.642788 0.766044 0 
vn 0.573576 0.819152 0 
vn 0.608761 0.793353 0 
vn 0.5373 0.843391 0 
vn 0.573576 0.819152 0 
vn 0.5 0.866025 0 
vn 0.5373 0.843391 0 
vn 0.461749 0.887011 0 
vn 0.5 0.866025 0 
vn 0.422618 0.906308 0 
vn 0.461749 0.887011 0 
vn 0.382683 0.92388 0 
vn 0.422618 0.906308 0 
vn 0.34202 0.939693 0 
vn 0.382683 0.92388 0 
vn 0.300706 0.953717 0 
vn 0.34202 0.939693 0 
vn 0.258819 0.965926 0 
vn 0.300706 0.953717 0 
vn 0.21644 0.976296 0 
vn 0.258819 0.965926 0 
vn 0.173648 0.984808 0 
vn 0.21644 0.976296 0 
vn 0.130526 0.991445 0 
vn 0.173648 0.984808 0 
vn 0.0871557 0.996195 0 
vn 0.130526 0.991445 0 
vn 0.0436194 0.999048 0 
vn 0.0871557 0.996195 0 
vn -1.83697e-16 1 0 
vn 0.0436194 0.999048 0 
vn -0.0436194 0.999048 0 
vn -1.83697e-16 1 0 
vn -0.0871557 0.996195 0 
vn -0.0436194 0.999048 0 
vn -0.130526 0.991445 0 
vn -0.0871557 0.996195 0 
vn -0.173648 0.984808 0 
vn -0.130526 0.991445 0 
vn -0.21644 0.976296 0 
vn -0.173648 0.984808 0 
vn -0.258819 0.965926 0 
vn -0.21644 0.976296 0 
vn -0.300706 0.953717 0 
vn -0.258819 0.965926 0 
vn -0.34202 0.939693 0 
vn -0.300706 0.953717 0 
vn -0.382683 0.92388 0 
vn -0.34202 0.939693 0 
vn -0.422618 0.906308 0 
vn -0.382683 0.92388 0 
vn -0.461749 0.887011 0 
vn -0.422618 0.906308 0 
vn -0.5 0.866025 0 
vn -0.461749 0.887011 0 
vn -0.5373 0.843391 0 
vn -0.5 0.866025 0 
vn -0.573576 0.819152 0 
vn -0.5373 0.843391 0 
vn -0.608761 0.793353 0 
vn -0.573576 0.819152 0 
vn -0.642788 0.766044 0 
vn -0.608761 0.793353 0 
vn -0.67559 0.737277 0 
vn -0.642788 0.766044 0 
vn -0.707107 0.707107 0 
vn -0.67559 0.737277 0 
vn -0.737277 0.67559 0 
vn -0.707107 0.707107 0 
vn -0.766044 0.642788 0 
vn -0.737277 0.67559 0 
vn -0.793353 0.608761 0 
vn -0.766044 0.642788 0 
vn -0.819152 0.573576 0 
vn -0.793353 0.608761 0 
vn -0.843391 0.5373 0 
vn -0.819152 0.573576 0 
vn -0.866025 0.5 0 
vn -0.843391 0.5373 0 
vn -0.887011 0.461749 0 
vn -0.866025 0.5 0 
vn -0.906308 0.422618 0 
vn -0.887011 0.461749 0 
vn -0.92388 0.382683 0 
vn -0.906308 0.422618 0 
vn -0.939693 0.34202 0 
vn -0.92388 0.382683 0 
vn -0.953717 0.300706 0 
vn -0.939693 0.34202 0 
vn -0.965926 0.258819 0 
vn -0.953717 0.300706 0 
vn -0.976296 0.21644 0 
vn -0.965926 0.258819 0 
vn -0.984808 0.173648 0 
vn -0.976296 0.21644 0 
vn -0.991445 0.130526 0 
vn -0.984808 0.173648 0 
vn -0.996195 0.0871557 0 
vn -0.991445 0.130526 0 
vn -0.999048 0.0436194 0 
vn -0.996195 0.0871557 0 
vn -1 -1.22465e-16 0 
vn -0.999048 0.0436194 0 
vn -0.999048 -0.0436194 0 
vn -1 -1.22465e-16 0 
vn -0.996195 -0.0871557 0 
vn -0.999048 -0.0436194 0 
vn -0.991445 -0.130526 0 
vn -0.996195 -0.0871557 0 
vn -0.984808 -0.173648 0 
vn -0.991445 -0.130526 0 
vn -0.976296 -0.21644 0 
vn -0.984808 -0.173648 0 
vn -0.965926 -0.258819 0 
vn -0.976296 -0.21644 0 
vn -0.953717 -0.300706 0 
vn -0.965926 -0.258819 0 
vn -0.939693 -0.34202 0 
vn -0.953717 -0.300706 0 
vn -0.92388 -0.382683 0 
vn -0.939693 -0.34202 0 
vn -0.906308 -0.422618 0 
vn -0.92388 -0.382683 0 
vn -0.887011 -0.461749 0 
vn -0.906308 -0.422618 0 
vn -0.866025 -0.5 0 
vn -0.887011 -0.461749 0 
vn -0.843391 -0.5373 0 
vn -0.866025 -0.5 0 
vn -0.819152 -0.573576 0 
vn -0.843391 -0.5373 0 
vn -0.793353 -0.608761 0 
vn -0.819152 -0.573576 0 
vn -0.766044 -0.642788 0 
vn -0.793353 -0.608761 0 
vn -0.737277 -0.67559 0 
vn -0.766044 -0.642788 0 
vn -0.707107 -0.707107 0 
vn -0.737277 -0.67559 0 
vn -0.67559 -0.737277 0 
vn -0.707107 -0.707107 0 
vn -0.642788 -0.766044 0 
vn -0.67559 -0.737277 0 
vn -0.608761 -0.793353 0 
vn -0.642788 -0.766044 0 
vn -0.573576 -0.819152 0 
vn -0.608761 -0.793353 0 
vn -0.5373 -0.843391 0 
vn -0.573576 -0.819152 0 
vn -0.5 -0.866025 0 
vn -0.5373 -0.843391 0 
vn -0.461749 -0.887011 0 
vn -0.5 -0.866025 0 
vn -0.422618 -0.906308 0 
vn -0.461749 -0.887011 0 
vn -0.382683 -0.92388 0 
vn -0.422618 -0.906308 0 
vn -0.34202 -0.939693 0 
vn -0.382683 -0.92388 0 
vn -0.300706 -0.953717 0 
vn -0.34202 -0.939693 0 
vn -0.258819 -0.965926 0 
vn -0.300706 -0.953717 0 
vn -0.21644 -0.976296 0 
vn -0.258819 -0.965926 0 
vn -0.173648 -0.984808 0 
vn -0.21644 -0.976296 0 
vn -0.130526 -0.991445 0 
vn -0.173648 -0.984808 0 
vn -0.0871557 -0.996195 0 
vn -0.130526 -0.991445 0 
vn -0.0436194 -0.999048 0 
vn -0.0871557 -0.996195 0 
vn 6.12323e-17 -1 0 
vn -0.0436194 -0.999048 0 
vn 0.0436194 -0.999048 0 
vn 6.12323e-17 -1 0 
vn 0.0871557 -0.996195 0 
vn 0.0436194 -0.999048 0 
vn 0.130526 -0.991445 0 
vn 0.0871557 -0.996195 0 
vn 0.173648 -0.984808 0 
vn 0.130526 -0.991445 0 
vn 0.21644 -0.976296 0 
vn 0.173648 -0.984808 0 
vn 0.258819 -0.965926 0 
vn 0.21644 -0.976296 0 
vn 0.300706 -0.953717 0 
vn 0.258819 -0.965926 0 
vn 0.34202 -0.939693 0 
vn 0.300706 -0.953717 0 
vn 0.382683 -0.92388 0 
vn 0.34202 -0.939693 0 
vn 0.422618 -0.906308 0 
vn 0.382683 -0.92388 0 
vn 0.461749 -0.887011 0 
vn 0.422618 -0.906308 0 
vn 0.5 -0.866025 0 
vn 0.461749 -0.887011 0 
vn 0.5373 -0.843391 0 
vn 0.5 -0.866025 0 
vn 0.573576 -0.819152 0 
vn 0.5373 -0.843391 0 
vn 0.608761 -0.793353 0 
vn 0.573576 -0.819152 0 
vn 0.642788 -0.766044 0 
vn 0.608761 -0.793353 0 
vn 0.67559 -0.737277 0 
vn 0.642788 -0.766044 0 
vn 0.707107 -0.707107 0 
vn 0.67559 -0.737277 0 
vn 0.737277 -0.67559 0 
vn 0.707107 -0.707107 0 
vn 0.766044 -0.642788 0 
vn 0.737277 -0.67559 0 
vn 0.793353 -0.608761 0 
vn 0.766044 -0.642788 0 
vn 0.819152 -0.573576 0 
vn 0.793353 -0.608761 0 
vn 0.843391 -0.5373 0 
vn 0.819152 -0.573576 0 
vn 0.866025 -0.5 0 
vn 0.843391 -0.5373 0 
vn 0.887011 -0.461749 0 
vn 0.866025 -0.5 0 
vn 0.906308 -0.422618 0 
vn 0.887011 -0.461749 0 
vn 0.92388 -0.382683 0 
vn 0.906308 -0.422618 0 
vn 0.939693 -0.34202 0 
vn 0.92388 -0.382683 0 
vn 0.953717 -0.300706 0 
vn 0.939693 -0.34202 0 
vn 0.965926 -0.258819 0 
vn 0.953717 -0.300706 0 
vn 0.976296 -0.21644 0 
vn 0.965926 -0.258819 0 
vn 0.984808 -0.173648 0 
vn 0.976296 -0.21644 0 
vn 0.991445 -0.130526 0 
vn 0.984808 -0.173648 0 
vn 0.996195 -0.0871557 0 
vn 0.991445 -0.130526 0 
vn 0.999048 -0.0436194 0 
vn 0.996195 -0.0871557 0 
vn 0 0 -1 
vn 0.707107 0 -0.707107 
vn 0.706434 -0.0308436 -0.707107 
vn 0.704416 -0.0616284 -0.707107 
vn 0.705668 -0.0450785 -0.707107 
vn 0.701057 -0.092296 -0.707107 
vn 0.696364 -0.122788 -0.707107 
vn 0.690346 -0.153046 -0.707107 
vn 0.683013 -0.183013 -0.707107 
vn 0.67438 -0.212631 -0.707107 
vn 0.664463 -0.241845 -0.707107 
vn 0.653281 -0.270598 -0.707107 
vn 0.640856 -0.298836 -0.707107 
vn 0.627211 -0.326506 -0.707107 
vn 0.612372 -0.353553 -0.707107 
vn 0.596368 -0.379928 -0.707107 
vn 0.579228 -0.40558 -0.707107 
vn 0.560986 -0.430459 -0.707107 
vn 0.541675 -0.454519 -0.707107 
vn 0.521334 -0.477714 -0.707107 
vn 0.5 -0.5 -0.707107 
vn 0.477714 -0.521334 -0.707107 
vn 0.454519 -0.541675 -0.707107 
vn 0.430459 -0.560986 -0.707107 
vn 0.40558 -0.579228 -0.707107 
vn 0.379928 -0.596368 -0.707107 
vn 0.360314 -0.608419 -0.707107 
vn 0.353553 -0.612372 -0.707107 
vn 0.326506 -0.627211 -0.707107 
vn 0.298836 -0.640856 -0.707107 
vn 0.270598 -0.653281 -0.707107 
vn 0.241845 -0.664463 -0.707107 
vn 0.212631 -0.67438 -0.707107 
vn 0.183013 -0.683013 -0.707107 
vn 0.153046 -0.690346 -0.707107 
vn 0.122788 -0.696364 -0.707107 
vn 0.092296 -0.701057 -0.707107 
vn 0.0616284 -0.704416 -0.707107 
vn 0.0308436 -0.706434 -0.707107 
vn 1.96262e-17 -0.707107 -0.707107 
vn -0.0308436 -0.706434 -0.707107 
vn -0.0616284 -0.704416 -0.707107 
vn -0.092296 -0.701057 -0.707107 
vn -0.122788 -0.696364 -0.707107 
vn -0.153046 -0.690346 -0.707107 
vn -0.183013 -0.683013 -0.707107 
vn -0.212631 -0.67438 -0.707107 
vn -0.241845 -0.664463 -0.707107 
vn -0.270598 -0.653281 -0.707107 
vn -0.298836 -0.640856 -0.707107 
vn -0.326506 -0.627211 -0.707107 
vn -0.353553 -0.612372 -0.707107 
vn -0.379928 -0.596368 -0.707107 
vn -0.40558 -0.579228 -0.707107 
vn -0.430459 -0.560986 -0.707107 
vn -0.454519 -0.541675 -0.707107 
vn -0.477714 -0.521334 -0.707107 
vn -0.5 -0.5 -0.707107 
vn -0.521334 -0.477714 -0.707107 
vn -0.541675 -0.454519 -0.707107 
vn -0.560986 -0.430459 -0.707107 
vn -0.579228 -0.40558 -0.707107 
vn -0.596368 -0.379928 -0.707107 
vn -0.612372 -0.353553 -0.707107 
vn -0.627211 -0.326506 -0.707107 
vn -0.640856 -0.298836 -0.707107 
vn -0.653281 -0.270598 -0.707107 
vn -0.664463 -0.241845 -0.707107 
vn -0.67438 -0.212631 -0.707107 
vn -0.683013 -0.183013 -0.707107 
vn -0.690346 -0.153046 -0.707107 
vn -0.696364 -0.122788 -0.707107 
vn -0.701057 -0.092296 -0.707107 
vn -0.704416 -0.0616284 -0.707107 
vn -0.705668 -0.0450785 -0.707107 
vn -0.706434 -0.0308436 -0.707107 
vn -0.707107 -2.06075e-16 -0.707107 
vn -0.706434 0.0308436 -0.707107 
vn -0.704416 0.0616284 -0.707107 
vn -0.701057 0.092296 -0.707107 
vn -0.696364 0.122788 -0.707107 
vn -0.690346 0.153046 -0.707107 
vn -0.683013 0.183013 -0.707107 
vn -0.67438 0.212631 -0.707107 
vn -0.664463 0.241845 -0.707107 
vn -0.653281 0.270598 -0.707107 
vn -0.640856 0.298836 -0.707107 
vn -0.627211 0.326506 -0.707107 
vn -0.612372 0.353553 -0.707107 
vn -0.596368 0.379928 -0.707107 
vn -0.579228 0.40558 -0.707107 
vn -0.560986 0.430459 -0.707107 
vn -0.541675 0.454519 -0.707107 
vn -0.521334 0.477714 -0.707107 
vn -0.5 0.5 -0.707107 
vn -0.477714 0.521334 -0.707107 
vn -0.454519 0.541675 -0.707107 
vn -0.430459 0.560986 -0.707107 
vn -0.40558 0.579228 -0.707107 
vn -0.379928 0.596368 -0.707107 
vn -0.353553 0.612372 -0.707107 
vn -0.326506 0.627211 -0.707107 
vn -0.298836 0.640856 -0.707107 
vn -0.270598 0.653281 -0.707107 
vn -0.241845 0.664463 -0.707107 
vn -0.212631 0.67438 -0.707107 
vn -0.183013 0.683013 -0.707107 
vn -0.153046 0.690346 -0.707107 
vn -0.122788 0.696364 -0.707107 
vn -0.092296 0.701057 -0.707107 
vn -0.0616284 0.704416 -0.707107 
vn -0.0308436 0.706434 -0.707107 
vn -2.06075e-16 0.707107 -0.707107 
vn 0.0308436 0.706434 -0.707107 
vn 0.0616284 0.704416 -0.707107 
vn 0.092296 0.701057 -0.707107 
vn 0.122788 0.696364 -0.707107 
vn 0.153046 0.690346 -0.707107 
vn 0.183013 0.683013 -0.707107 
vn 0.212631 0.67438 -0.707107 
vn 0.241845 0.664463 -0.707107 
vn 0.270598 0.653281 -0.707107 
vn 0.298836 0.640856 -0.707107 
vn 0.326506 0.627211 -0.707107 
vn 0.353553 0.612372 -0.707107 
vn 0.360314 0.608419 -0.707107 
vn 0.379928 0.596368 -0.707107 
vn 0.40558 0.579228 -0.707107 
vn 0.430459 0.560986 -0.707107 
vn 0.454519 0.541675 -0.707107 
vn 0.477714 0.521334 -0.707107 
vn 0.5 0.5 -0.707107 
vn 0.521334 0.477714 -0.707107 
vn 0.541675 0.454519 -0.707107 
vn 0.560986 0.430459 -0.707107 
vn 0.579228 0.40558 -0.707107 
vn 0.596368 0.379928 -0.707107 
vn 0.612372 0.353553 -0.707107 
vn 0.627211 0.326506 -0.707107 
vn 0.640856 0.298836 -0.707107 
vn 0.653281 0.270598 -0.707107 
vn 0.664463 0.241845 -0.707107 
vn 0.67438 0.212631 -0.707107 
vn 0.683013 0.183013 -0.707107 
vn 0.690346 0.153046 -0.707107 
vn 0.696364 0.122788 -0.707107 
vn 0.701057 0.092296 -0.707107 
vn 0.704416 0.0616284 -0.707107 
vn 0.706434 0.0308436 -0.707107 
vn 0.707107 0 -0.707107 
vn 0 0 -1 
vn 0.706434 -0.0308436 -0.707107 
vn 0.704416 -0.0616284 -0.707107 
vn 0.701057 -0.092296 -0.707107 
vn 0.696364 -0.122788 -0.707107 
vn 0.690346 -0.153046 -0.707107 
vn 0.683013 -0.183013 -0.707107 
vn 0.67438 -0.212631 -0.707107 
vn 0.664463 -0.241845 -0.707107 
vn 0.653281 -0.270598 -0.707107 
vn 0.640856 -0.298836 -0.707107 
vn 0.627211 -0.326506 -0.707107 
vn 0.612372 -0.353553 -0.707107 
vn 0.596368 -0.379928 -0.707107 
vn 0.579228 -0.40558 -0.707107 
vn 0.560986 -0.430459 -0.707107 
vn 0.541675 -0.454519 -0.707107 
vn 0.521334 -0.477714 -0.707107 
vn 0.5 -0.5 -0.707107 
vn 0.477714 -0.521334 -0.707107 
vn 0.454519 -0.541675 -0.707107 
vn 0.430459 -0.560986 -0.707107 
vn 0.40558 -0.579228 -0.707107 
vn 0.379928 -0.596368 -0.707107 
vn 0.353553 -0.612372 -0.707107 
vn 0.326506 -0.627211 -0.707107 
vn 0.298836 -0.640856 -0.707107 
vn 0.270598 -0.653281 -0.707107 
vn 0.241845 -0.664463 -0.707107 
vn 0.212631 -0.67438 -0.707107 
vn 0.183013 -0.683013 -0.707107 
vn 0.153046 -0.690346 -0.707107 
vn 0.122788 -0.696364 -0.707107 
vn 0.092296 -0.701057 -0.707107 
vn 0.0616284 -0.704416 -0.707107 
vn 0.0308436 -0.706434 -0.707107 
vn 1.96262e-17 -0.707107 -0.707107 
vn -0.0308436 -0.706434 -0.707107 
vn -0.0616284 -0.704416 -0.707107 
vn -0.092296 -0.701057 -0.707107 
vn -0.122788 -0.696364 -0.707107 
vn -0.153046 -0.690346 -0.707107 
vn -0.183013 -0.683013 -0.707107 
vn -0.212631 -0.67438 -0.707107 
vn -0.241845 -0.664463 -0.707107 
vn -0.270598 -0.653281 -0.707107 
vn -0.298836 -0.640856 -0.707107 
vn -0.326506 -0.627211 -0.707107 
vn -0.353553 -0.612372 -0.707107 
vn -0.379928 -0.596368 -0.707107 
vn -0.40558 -0.579228 -0.707107 
vn -0.430459 -0.560986 -0.707107 
vn -0.454519 -0.541675 -0.707107 
vn -0.477714 -0.521334 -0.707107 
vn -0.5 -0.5 -0.707107 
vn -0.521334 -0.477714 -0.707107 
vn -0.541675 -0.454519 -0.707107 
vn -0.560986 -0.430459 -0.707107 
vn -0.579228 -0.40558 -0.707107 
vn -0.596368 -0.379928 -0.707107 
vn -0.612372 -0.353553 -0.707107 
vn -0.627211 -0.326506 -0.707107 
vn -0.640856 -0.298836 -0.707107 
vn -0.653281 -0.270598 -0.707107 
vn -0.664463 -0.241845 -0.707107 
vn -0.67438 -0.212631 -0.707107 
vn -0.683013 -0.183013 -0.707107 
vn -0.690346 -0.153046 -0.707107 
vn -0.696364 -0.122788 -0.707107 
vn -0.701057 -0.092296 -0.707107 
vn -0.704416 -0.0616284 -0.707107 
vn -0.706434 -0.0308436 -0.707107 
vn -0.707107 -2.06075e-16 -0.707107 
vn -0.706434 0.0308436 -0.707107 
vn -0.704416 0.0616284 -0.707107 
vn -0.701057 0.092296 -0.707107 
vn -0.696364 0.122788 -0.707107 
vn -0.690346 0.153046 -0.707107 
vn -0.683013 0.183013 -0.707107 
vn -0.67438 0.212631 -0.707107 
vn -0.664463 0.241845 -0.707107 
vn -0.653281 0.270598 -0.707107 
vn -0.640856 0.298836 -0.707107 
vn -0.627211 0.326506 -0.707107 
vn -0.612372 0.353553 -0.707107 
vn -0.596368 0.379928 -0.707107 
vn -0.579228 0.40558 -0.707107 
vn -0.560986 0.430459 -0.707107 
vn -0.541675 0.454519 -0.707107 
vn -0.521334 0.477714 -0.707107 
vn -0.5 0.5 -0.707107 
vn -0.477714 0.521334 -0.707107 
vn -0.454519 0.541675 -0.707107 
vn -0.430459 0.560986 -0.707107 
vn -0.40558 0.579228 -0.707107 
vn -0.379928 0.596368 -0.707107 
vn -0.353553 0.612372 -0.707107 
vn -0.326506 0.627211 -0.707107 
vn -0.298836 0.640856 -0.707107 
vn -0.270598 0.653281 -0.707107 
vn -0.241845 0.664463 -0.707107 
vn -0.212631 0.67438 -0.707107 
vn -0.183013 0.683013 -0.707107 
vn -0.153046 0.690346 -0.707107 
vn -0.122788 0.696364 -0.707107 
vn -0.092296 0.701057 -0.707107 
vn -0.0616284 0.704416 -0.707107 
vn -0.0308436 0.706434 -0.707107 
vn -2.06075e-16 0.707107 -0.707107 
vn 0.0308436 0.706434 -0.707107 
vn 0.0616284 0.704416 -0.707107 
vn 0.092296 0.701057 -0.707107 
vn 0.122788 0.696364 -0.707107 
vn 0.153046 0.690346 -0.707107 
vn 0.183013 0.683013 -0.707107 
vn 0.212631 0.67438 -0.707107 
vn 0.241845 0.664463 -0.707107 
vn 0.270598 0.653281 -0.707107 
vn 0.298836 0.640856 -0.707107 
vn 0.326506 0.627211 -0.707107 
vn 0.353553 0.612372 -0.707107 
vn 0.379928 0.596368 -0.707107 
vn 0.40558 0.579228 -0.707107 
vn 0.430459 0.560986 -0.707107 
vn 0.454519 0.541675 -0.707107 
vn 0.477714 0.521334 -0.707107 
vn 0.5 0.5 -0.707107 
vn 0.521334 0.477714 -0.707107 
vn 0.541675 0.454519 -0.707107 
vn 0.560986 0.430459 -0.707107 
vn 0.579228 0.40558 -0.707107 
vn 0.596368 0.379928 -0.707107 
vn 0.612372 0.353553 -0.707107 
vn 0.627211 0.326506 -0.707107 
vn 0.640856 0.298836 -0.707107 
vn 0.653281 0.270598 -0.707107 
vn 0.664463 0.241845 -0.707107 
vn 0.67438 0.212631 -0.707107 
vn 0.683013 0.183013 -0.707107 
vn 0.690346 0.153046 -0.707107 
vn 0.696364 0.122788 -0.707107 
vn 0.701057 0.092296 -0.707107 
vn 0.704416 0.0616284 -0.707107 
vn 0.706434 0.0308436 -0.707107 
vn 0.707107 0 -0.707107 
vn 0 0 -1 
vn 0.706434 -0.0308436 -0.707107 
vn 0.704416 -0.0616284 -0.707107 
vn 0.701057 -0.092296 -0.707107 
vn 0.696364 -0.122788 -0.707107 
vn 0.690346 -0.153046 -0.707107 
vn 0.683013 -0.183013 -0.707107 
vn 0.67438 -0.212631 -0.707107 
vn 0.664463 -0.241845 -0.707107 
vn 0.653281 -0.270598 -0.707107 
vn 0.640856 -0.298836 -0.707107 
vn 0.627211 -0.326506 -0.707107 
vn 0.612372 -0.353553 -0.707107 
vn 0.596368 -0.379928 -0.707107 
vn 0.579228 -0.40558 -0.707107 
vn 0.560986 -0.430459 -0.707107 
vn 0.541675 -0.454519 -0.707107 
vn 0.521334 -0.477714 -0.707107 
vn 0.5 -0.5 -0.707107 
vn 0.477714 -0.521334 -0.707107 
vn 0.454519 -0.541675 -0.707107 
vn 0.430459 -0.560986 -0.707107 
vn 0.40558 -0.579228 -0.707107 
vn 0.379928 -0.596368 -0.707107 
vn 0.357062 -0.610333 -0.707107 
vn 0.353553 -0.612372 -0.707107 
vn 0.326506 -0.627211 -0.707107 
vn 0.298836 -0.640856 -0.707107 
vn 0.270598 -0.653281 -0.707107 
vn 0.241845 -0.664463 -0.707107 
vn 0.212631 -0.67438 -0.707107 
vn 0.183013 -0.683013 -0.707107 
vn 0.153046 -0.690346 -0.707107 
vn 0.122788 -0.696364 -0.707107 
vn 0.092296 -0.701057 -0.707107 
vn 0.0616284 -0.704416 -0.707107 
vn 0.0308436 -0.706434 -0.707107 
vn 1.96262e-17 -0.707107 -0.707107 
vn -0.0308436 -0.706434 -0.707107 
vn -0.0616284 -0.704416 -0.707107 
vn -0.092296 -0.701057 -0.707107 
vn -0.122788 -0.696364 -0.707107 
vn -0.153046 -0.690346 -0.707107 
vn -0.183013 -0.683013 -0.707107 
vn -0.212631 -0.67438 -0.707107 
vn -0.241845 -0.664463 -0.707107 
vn -0.270598 -0.653281 -0.707107 
vn -0.298836 -0.640856 -0.707107 
vn -0.326506 -0.627211 -0.707107 
vn -0.353553 -0.612372 -0.707107 
vn -0.379928 -0.596368 -0.707107 
vn -0.40558 -0.579228 -0.707107 
vn -0.430459 -0.560986 -0.707107 
vn -0.454519 -0.541675 -0.707107 
vn -0.477714 -0.521334 -0.707107 
vn -0.5 -0.5 -0.707107 
vn -0.521334 -0.477714 -0.707107 
vn -0.541675 -0.454519 -0.707107 
vn -0.560986 -0.430459 -0.707107 
vn -0.579228 -0.40558 -0.707107 
vn -0.596368 -0.379928 -0.707107 
vn -0.612372 -0.353553 -0.707107 
vn -0.627211 -0.326506 -0.707107 
vn -0.640856 -0.298836 -0.707107 
vn -0.653281 -0.270598 -0.707107 
vn -0.664463 -0.241845 -0.707107 
vn -0.67438 -0.212631 -0.707107 
vn -0.683013 -0.183013 -0.707107 
vn -0.690346 -0.153046 -0.707107 
vn -0.696364 -0.122788 -0.707107 
vn -0.701057 -0.092296 -0.707107 
vn -0.704416 -0.0616284 -0.707107 
vn -0.706434 -0.0308436 -0.707107 
vn -0.707107 -2.06075e-16 -0.707107 
vn -0.706434 0.0308436 -0.707107 
vn -0.704416 0.0616284 -0.707107 
vn -0.701057 0.092296 -0.707107 
vn -0.696364 0.122788 -0.707107 
vn -0.690346 0.153046 -0.707107 
vn -0.683013 0.183013 -0.707107 
vn -0.67438 0.212631 -0.707107 
vn -0.664463 0.241845 -0.707107 
vn -0.653281 0.270598 -0.707107 
vn -0.640856 0.298836 -0.707107 
vn -0.627211 0.326506 -0.707107 
vn -0.612372 0.353553 -0.707107 
vn -0.596368 0.379928 -0.707107 
vn -0.579228 0.40558 -0.707107 
vn -0.560986 0.430459 -0.707107 
vn -0.541675 0.454519 -0.707107 
vn -0.521334 0.477714 -0.707107 
vn -0.5 0.5 -0.707107 
vn -0.477714 0.521334 -0.707107 
vn -0.454519 0.541675 -0.707107 
vn -0.430459 0.560986 -0.707107 
vn -0.40558 0.579228 -0.707107 
vn -0.379928 0.596368 -0.707107 
vn -0.353553 0.612372 -0.707107 
vn -0.326506 0.627211 -0.707107 
vn -0.298836 0.640856 -0.707107 
vn -0.270598 0.653281 -0.707107 
vn -0.241845 0.664463 -0.707107 
vn -0.212631 0.67438 -0.707107 
vn -0.183013 0.683013 -0.707107 
vn -0.153046 0.690346 -0.707107 
vn -0.122788 0.696364 -0.707107 
vn -0.092296 0.701057 -0.707107 
vn -0.0616284 0.704416 -0.707107 
vn -0.0308436 0.706434 -0.707107 
vn -2.06075e-16 0.707107 -0.707107 
vn 0.0308436 0.706434 -0.707107 
vn 0.0616284 0.704416 -0.707107 
vn 0.092296 0.701057 -0.707107 
vn 0.122788 0.696364 -0.707107 
vn 0.153046 0.690346 -0.707107 
vn 0.183013 0.683013 -0.707107 
vn 0.212631 0.67438 -0.707107 
vn 0.241845 0.664463 -0.707107 
vn 0.270598 0.653281 -0.707107 
vn 0.298836 0.640856 -0.707107 
vn 0.326506 0.627211 -0.707107 
vn 0.353553 0.612372 -0.707107 
vn 0.357062 0.610333 -0.707107 
vn 0.379928 0.596368 -0.707107 
vn 0.40558 0.579228 -0.707107 
vn 0.430459 0.560986 -0.707107 
vn 0.454519 0.541675 -0.707107 
vn 0.477714 0.521334 -0.707107 
vn 0.5 0.5 -0.707107 
vn 0.521334 0.477714 -0.707107 
vn 0.541675 0.454519 -0.707107 
vn 0.560986 0.430459 -0.707107 
vn 0.579228 0.40558 -0.707107 
vn 0.596368 0.379928 -0.707107 
vn 0.612372 0.353553 -0.707107 
vn 0.627211 0.326506 -0.707107 
vn 0.640856 0.298836 -0.707107 
vn 0.653281 0.270598 -0.707107 
vn 0.664463 0.241845 -0.707107 
vn 0.67438 0.212631 -0.707107 
vn 0.683013 0.183013 -0.707107 
vn 0.690346 0.153046 -0.707107 
vn 0.696364 0.122788 -0.707107 
vn 0.701057 0.092296 -0.707107 
vn 0.704416 0.0616284 -0.707107 
vn 0.706434 0.0308436 -0.707107 
vn 0.707107 0 -0.707107 
vn 0 0 -1 
vn 0 0 1 
vn -0.967674 0.252203 0 
vn 0 -1 0 
vn 0.98065 -0.19577 0 
vn -0.973526 -0.228575 0 
vn 0 -1 0 
vn 0.97137 -0.237571 0 
vn -0.980994 -0.194039 0 
vn 0 -1 0 
vn 0.969338 0.245732 0 
vn 0 1 0 
vn -0.96993 0.243385 0 
vn 0.971839 0.235647 0 
vn 0 1 0 
vn -1 0 0 
vn 0 0 1 
vn 0 -1 0 
vn 0.928106 -0.372316 0 
vn -0.926865 -0.375394 0 
vn 0 -1 0 
vn 1 0 0 
vn 0 1 0 
vn -1 0 0 
vn 0.936543 0.350553 0 
vn 0 1 0 
vn -0.937042 0.349217 0 
vn 1 0 0 
vn 0 1 0 
usemtl 0.647059_0.647059_0.647059_0.000000_0.000000
o mesh0
f 145//1 1//1 2//1 
f 2//1 3//1 145//1 
f 3//1 4//1 145//1 
f 4//1 5//1 145//1 
f 5//1 6//1 145//1 
f 6//1 7//1 145//1 
f 7//1 8//1 145//1 
f 8//1 9//1 145//1 
f 9//1 10//1 145//1 
f 10//1 11//1 145//1 
f 11//1 12//1 145//1 
f 12//1 13//1 145//1 
f 13//1 14//1 145//1 
f 14//1 15//1 145//1 
f 15//1 16//1 145//1 
f 16//1 17//1 145//1 
f 17//1 18//1 145//1 
f 18//1 19//1 145//1 
f 19//1 20//1 145//1 
f 20//1 21//1 145//1 
f 21//1 22//1 145//1 
f 22//1 23//1 145//1 
f 23//1 24//1 145//1 
f 24//1 25//1 145//1 
f 25//1 26//1 145//1 
f 26//1 27//1 145//1 
f 27//1 28//1 145//1 
f 28//1 29//1 145//1 
f 29//1 30//1 145//1 
f 30//1 31//1 145//1 
f 31//1 32//1 145//1 
f 32//1 33//1 145//1 
f 33//1 34//1 145//1 
f 34//1 35//1 145//1 
f 35//1 36//1 145//1 
f 36//1 37//1 145//1 
f 37//1 38//1 145//1 
f 38//1 39//1 145//1 
f 39//1 40//1 145//1 
f 40//1 41//1 145//1 
f 41//1 42//1 145//1 
f 42//1 43//1 145//1 
f 43//1 44//1 145//1 
f 44//1 45//1 145//1 
f 45//1 46//1 145//1 
f 46//1 47//1 145//1 
f 47//1 48//1 145//1 
f 48//1 49//1 145//1 
f 49//1 50//1 145//1 
f 50//1 51//1 145//1 
f 51//1 52//1 145//1 
f 52//1 53//1 145//1 
f 53//1 54//1 145//1 
f 54//1 55//1 145//1 
f 55//1 56//1 145//1 
f 56//1 57//1 145//1 
f 57//1 58//1 145//1 
f 58//1 59//1 145//1 
f 59//1 60//1 145//1 
f 60//1 61//1 145//1 
f 61//1 62//1 145//1 
f 62//1 63//1 145//1 
f 63//1 64//1 145//1 
f 64//1 65//1 145//1 
f 65//1 66//1 145//1 
f 66//1 67//1 145//1 
f 67//1 68//1 145//1 
f 68//1 69//1 145//1 
f 69//1 70//1 145//1 
f 70//1 71//1 145//1 
f 71//1 72//1 145//1 
f 72//1 73//1 145//1 
f 73//1 74//1 145//1 
f 74//1 75//1 145//1 
f 75//1 76//1 145//1 
f 76//1 77//1 145//1 
f 77//1 78//1 145//1 
f 78//1 79//1 145//1 
f 79//1 80//1 145//1 
f 80//1 81//1 145//1 
f 81//1 82//1 145//1 
f 82//1 83//1 145//1 
f 83//1 84//1 145//1 
f 84//1 85//1 145//1 
f 85//1 86//1 145//1 
f 86//1 87//1 145//1 
f 87//1 88//1 145//1 
f 88//1 89//1 145//1 
f 89//1 90//1 145//1 
f 90//1 91//1 145//1 
f 91//1 92//1 145//1 
f 92//1 93//1 145//1 
f 93//1 94//1 145//1 
f 94//1 95//1 145//1 
f 95//1 96//1 145//1 
f 96//1 97//1 145//1 
f 97//1 98//1 145//1 
f 98//1 99//1 145//1 
f 99//1 100//1 145//1 
f 100//1 101//1 145//1 
f 101//1 102//1 145//1 
f 102//1 103//1 145//1 
f 103//1 104//1 145//1 
f 104//1 105//1 145//1 
f 105//1 106//1 145//1 
f 106//1 107//1 145//1 
f 107//1 108//1 145//1 
f 108//1 109//1 145//1 
f 109//1 110//1 145//1 
f 110//1 111//1 145//1 
f 111//1 112//1 145//1 
f 112//1 113//1 145//1 
f 113//1 114//1 145//1 
f 114//1 115//1 145//1 
f 115//1 116//1 145//1 
f 116//1 117//1 145//1 
f 117//1 118//1 145//1 
f 118//1 119//1 145//1 
f 119//1 120//1 145//1 
f 120//1 121//1 145//1 
f 121//1 122//1 145//1 
f 122//1 123//1 145//1 
f 123//1 124//1 145//1 
f 124//1 125//1 145//1 
f 125//1 126//1 145//1 
f 126//1 127//1 145//1 
f 127//1 128//1 145//1 
f 128//1 129//1 145//1 
f 129//1 130//1 145//1 
f 130//1 131//1 145//1 
f 131//1 132//1 145//1 
f 132//1 133//1 145//1 
f 133//1 134//1 145//1 
f 134//1 135//1 145//1 
f 135//1 136//1 145//1 
f 136//1 137//1 145//1 
f 137//1 138//1 145//1 
f 138//1 139//1 145//1 
f 139//1 140//1 145//1 
f 140//1 141//1 145//1 
f 141//1 142//1 145//1 
f 142//1 143//1 145//1 
f 143//1 144//1 145//1 
f 144//1 1//1 145//1 
o mesh1
f 146//2 147//3 72//3 
f 148//4 146//2 71//5 
f 149//6 148//4 70//7 
f 150//8 149//6 69//9 
f 151//10 150//8 68//11 
f 152//12 151//10 67//13 
f 153//14 152//12 66//15 
f 154//16 153//14 65//17 
f 155//18 154//16 64//19 
f 156//20 155//18 63//21 
f 157//22 156//20 62//23 
f 158//24 157//22 61//25 
f 159//26 158//24 60//27 
f 160//28 159//26 59//29 
f 161//30 160//28 58//31 
f 162//32 161//30 57//33 
f 163//34 162//32 56//35 
f 164//36 163//34 55//37 
f 165//38 164//36 54//39 
f 166//40 165//38 53//41 
f 167//42 166//40 52//43 
f 168//44 167//42 51//45 
f 169//46 168//44 50//47 
f 170//48 169//46 49//49 
f 171//50 170//48 48//51 
f 172//52 171//50 47//53 
f 173//54 172//52 46//55 
f 174//56 173//54 45//57 
f 175//58 174//56 44//59 
f 176//60 175//58 43//61 
f 177//62 176//60 42//63 
f 178//64 177//62 41//65 
f 179//66 178//64 40//67 
f 180//68 179//66 39//69 
f 181//70 180//68 38//71 
f 182//72 181//70 37//73 
f 183//74 182//72 36//75 
f 184//76 183//74 35//77 
f 185//78 184//76 34//79 
f 186//80 185//78 33//81 
f 187//82 186//80 32//83 
f 188//84 187//82 31//85 
f 189//86 188//84 30//87 
f 190//88 189//86 29//89 
f 191//90 190//88 28//91 
f 192//92 191//90 27//93 
f 193//94 192//92 26//95 
f 194//96 193//94 25//97 
f 195//98 194//96 24//99 
f 196//100 195//98 23//101 
f 197//102 196//100 22//103 
f 198//104 197//102 21//105 
f 199//106 198//104 20//107 
f 200//108 199//106 19//109 
f 201//110 200//108 18//111 
f 202//112 201//110 17//113 
f 203//114 202//112 16//115 
f 204//116 203//114 15//117 
f 205//118 204//116 14//119 
f 206//120 205//118 13//121 
f 207//122 206//120 12//123 
f 208//124 207//122 11//125 
f 209//126 208//124 10//127 
f 210//128 209//126 9//129 
f 211//130 210//128 8//131 
f 212//132 211//130 7//133 
f 213//134 212//132 6//135 
f 214//136 213//134 5//137 
f 215//138 214//136 4//139 
f 216//140 215//138 3//141 
f 217//142 216//140 2//143 
f 218//144 217//142 1//145 
f 219//146 218//144 144//147 
f 220//148 219//146 143//149 
f 221//150 220//148 142//151 
f 222//152 221//150 141//153 
f 223//154 222//152 140//155 
f 224//156 223//154 139//157 
f 225//158 224//156 138//159 
f 226//160 225//158 137//161 
f 227//162 226//160 136//163 
f 228//164 227//162 135//165 
f 229//166 228//164 134//167 
f 230//168 229//166 133//169 
f 231//170 230//168 132//171 
f 232//172 231//170 131//173 
f 233//174 232//172 130//175 
f 234//176 233//174 129//177 
f 235//178 234//176 128//179 
f 236//180 235//178 127//181 
f 237//182 236//180 126//183 
f 238//184 237//182 125//185 
f 239//186 238//184 124//187 
f 240//188 239//186 123//189 
f 241//190 240//188 122//191 
f 242//192 241//190 121//193 
f 243//194 242//192 120//195 
f 244//196 243//194 119//197 
f 245//198 244//196 118//199 
f 246//200 245//198 117//201 
f 247//202 246//200 116//203 
f 248//204 247//202 115//205 
f 249//206 248//204 114//207 
f 250//208 249//206 113//209 
f 251//210 250//208 112//211 
f 252//212 251//210 111//213 
f 253//214 252//212 110//215 
f 254//216 253//214 109//217 
f 255//218 254//216 108//219 
f 256//220 255//218 107//221 
f 257//222 256//220 106//223 
f 258//224 257//222 105//225 
f 259//226 258//224 104//227 
f 260//228 259//226 103//229 
f 261//230 260//228 102//231 
f 262//232 261//230 101//233 
f 263//234 262//232 100//235 
f 264//236 263//234 99//237 
f 265//238 264//236 98//239 
f 266//240 265//238 97//241 
f 267//242 266//240 96//243 
f 268//244 267//242 95//245 
f 269//246 268//244 94//247 
f 270//248 269//246 93//249 
f 271//250 270//248 92//251 
f 272//252 271//250 91//253 
f 273//254 272//252 90//255 
f 274//256 273//254 89//257 
f 275//258 274//256 88//259 
f 276//260 275//258 87//261 
f 277//262 276//260 86//263 
f 278//264 277//262 85//265 
f 279//266 278//264 84//267 
f 280//268 279//266 83//269 
f 281//270 280//268 82//271 
f 282//272 281//270 81//273 
f 283//274 282//272 80//275 
f 284//276 283//274 79//277 
f 285//278 284//276 78//279 
f 286//280 285//278 77//281 
f 287//282 286//280 76//283 
f 288//284 287//282 75//285 
f 289//286 288//284 74//287 
f 147//3 289//286 73//286 
f 73//286 72//3 147//3 
f 74//287 73//286 289//286 
f 75//285 74//287 288//284 
f 76//283 75//285 287//282 
f 77//281 76//283 286//280 
f 78//279 77//281 285//278 
f 79//277 78//279 284//276 
f 80//275 79//277 283//274 
f 81//273 80//275 282//272 
f 82//271 81//273 281//270 
f 83//269 82//271 280//268 
f 84//267 83//269 279//266 
f 85//265 84//267 278//264 
f 86//263 85//265 277//262 
f 87//261 86//263 276//260 
f 88//259 87//261 275//258 
f 89//257 88//259 274//256 
f 90//255 89//257 273//254 
f 91//253 90//255 272//252 
f 92//251 91//253 271//250 
f 93//249 92//251 270//248 
f 94//247 93//249 269//246 
f 95//245 94//247 268//244 
f 96//243 95//245 267//242 
f 97//241 96//243 266//240 
f 98//239 97//241 265//238 
f 99//237 98//239 264//236 
f 100//235 99//237 263//234 
f 101//233 100//235 262//232 
f 102//231 101//233 261//230 
f 103//229 102//231 260//228 
f 104//227 103//229 259//226 
f 105//225 104//227 258//224 
f 106//223 105//225 257//222 
f 107//221 106//223 256//220 
f 108//219 107//221 255//218 
f 109//217 108//219 254//216 
f 110//215 109//217 253//214 
f 111//213 110//215 252//212 
f 112//211 111//213 251//210 
f 113//209 112//211 250//208 
f 114//207 113//209 249//206 
f 115//205 114//207 248//204 
f 116//203 115//205 247//202 
f 117//201 116//203 246//200 
f 118//199 117//201 245//198 
f 119//197 118//199 244//196 
f 120//195 119//197 243//194 
f 121//193 120//195 242//192 
f 122//191 121//193 241//190 
f 123//189 122//191 240//188 
f 124//187 123//189 239//186 
f 125//185 124//187 238//184 
f 126//183 125//185 237//182 
f 127//181 126//183 236//180 
f 128//179 127//181 235//178 
f 129//177 128//179 234//176 
f 130//175 129//177 233//174 
f 131//173 130//175 232//172 
f 132//171 131//173 231//170 
f 133//169 132//171 230//168 
f 134//167 133//169 229//166 
f 135//165 134//167 228//164 
f 136//163 135//165 227//162 
f 137//161 136//163 226//160 
f 138//159 137//161 225//158 
f 139//157 138//159 224//156 
f 140//155 139//157 223//154 
f 141//153 140//155 222//152 
f 142//151 141//153 221//150 
f 143//149 142//151 220//148 
f 144//147 143//149 219//146 
f 1//145 144//147 218//144 
f 2//143 1//145 217//142 
f 3//141 2//143 216//140 
f 4//139 3//141 215//138 
f 5//137 4//139 214//136 
f 6//135 5//137 213//134 
f 7//133 6//135 212//132 
f 8//131 7//133 211//130 
f 9//129 8//131 210//128 
f 10//127 9//129 209//126 
f 11//125 10//127 208//124 
f 12//123 11//125 207//122 
f 13//121 12//123 206//120 
f 14//119 13//121 205//118 
f 15//117 14//119 204//116 
f 16//115 15//117 203//114 
f 17//113 16//115 202//112 
f 18//111 17//113 201//110 
f 19//109 18//111 200//108 
f 20//107 19//109 199//106 
f 21//105 20//107 198//104 
f 22//103 21//105 197//102 
f 23//101 22//103 196//100 
f 24//99 23//101 195//98 
f 25//97 24//99 194//96 
f 26//95 25//97 193//94 
f 27//93 26//95 192//92 
f 28//91 27//93 191//90 
f 29//89 28//91 190//88 
f 30//87 29//89 189//86 
f 31//85 30//87 188//84 
f 32//83 31//85 187//82 
f 33//81 32//83 186//80 
f 34//79 33//81 185//78 
f 35//77 34//79 184//76 
f 36//75 35//77 183//74 
f 37//73 36//75 182//72 
f 38//71 37//73 181//70 
f 39//69 38//71 180//68 
f 40//67 39//69 179//66 
f 41//65 40//67 178//64 
f 42//63 41//65 177//62 
f 43//61 42//63 176//60 
f 44//59 43//61 175//58 
f 45//57 44//59 174//56 
f 46//55 45//57 173//54 
f 47//53 46//55 172//52 
f 48//51 47//53 171//50 
f 49//49 48//51 170//48 
f 50//47 49//49 169//46 
f 51//45 50//47 168//44 
f 52//43 51//45 167//42 
f 53//41 52//43 166//40 
f 54//39 53//41 165//38 
f 55//37 54//39 164//36 
f 56//35 55//37 163//34 
f 57//33 56//35 162//32 
f 58//31 57//33 161//30 
f 59//29 58//31 160//28 
f 60//27 59//29 159//26 
f 61//25 60//27 158//24 
f 62//23 61//25 157//22 
f 63//21 62//23 156//20 
f 64//19 63//21 155//18 
f 65//17 64//19 154//16 
f 66//15 65//17 153//14 
f 67//13 66//15 152//12 
f 68//11 67//13 151//10 
f 69//9 68//11 150//8 
f 70//7 69//9 149//6 
f 71//5 70//7 148//4 
f 72//3 71//5 146//2 
o mesh2
f 274//288 275//288 290//288 
f 275//288 276//288 291//288 
f 160//288 292//288 293//288 
f 160//288 161//288 294//288 
f 162//288 295//288 294//288 
f 162//288 163//288 296//288 
f 269//288 297//288 298//288 
f 269//288 270//288 299//288 
f 272//288 300//288 301//288 
f 273//288 302//288 300//288 
f 273//288 274//288 303//288 
f 291//288 290//288 275//288 
f 157//288 304//288 305//288 
f 157//288 158//288 306//288 
f 294//288 292//288 160//288 
f 296//288 295//288 162//288 
f 299//288 297//288 269//288 
f 270//288 271//288 301//288 
f 300//288 272//288 273//288 
f 290//288 303//288 274//288 
f 278//288 307//288 308//288 
f 278//288 279//288 309//288 
f 306//288 304//288 157//288 
f 158//288 159//288 293//288 
f 294//288 161//288 162//288 
f 164//288 310//288 296//288 
f 301//288 299//288 270//288 
f 303//288 302//288 273//288 
f 277//288 308//288 291//288 
f 309//288 307//288 278//288 
f 280//288 311//288 309//288 
f 280//288 281//288 312//288 
f 150//288 313//288 314//288 
f 150//288 151//288 315//288 
f 155//288 316//288 317//288 
f 155//288 156//288 305//288 
f 293//288 306//288 158//288 
f 296//288 163//288 164//288 
f 197//288 318//288 319//288 
f 197//288 198//288 320//288 
f 265//288 321//288 322//288 
f 265//288 266//288 323//288 
f 266//288 267//288 324//288 
f 267//288 268//288 298//288 
f 301//288 271//288 272//288 
f 308//288 277//288 278//288 
f 312//288 311//288 280//288 
f 281//288 282//288 325//288 
f 288//288 326//288 327//288 
f 288//288 289//288 328//288 
f 289//288 147//288 329//288 
f 146//288 330//288 329//288 
f 315//288 313//288 150//288 
f 151//288 152//288 331//288 
f 153//288 332//288 331//288 
f 153//288 154//288 317//288 
f 305//288 316//288 155//288 
f 293//288 159//288 160//288 
f 165//288 333//288 310//288 
f 165//288 166//288 334//288 
f 167//288 335//288 334//288 
f 167//288 168//288 336//288 
f 320//288 318//288 197//288 
f 198//288 199//288 337//288 
f 200//288 338//288 337//288 
f 200//288 201//288 339//288 
f 230//288 340//288 341//288 
f 230//288 231//288 342//288 
f 237//288 343//288 344//288 
f 237//288 238//288 345//288 
f 323//288 321//288 265//288 
f 298//288 324//288 267//288 
f 291//288 276//288 277//288 
f 325//288 312//288 281//288 
f 328//288 326//288 288//288 
f 329//288 147//288 146//288 
f 148//288 346//288 330//288 
f 148//288 149//288 314//288 
f 331//288 315//288 151//288 
f 317//288 332//288 153//288 
f 305//288 156//288 157//288 
f 334//288 333//288 165//288 
f 336//288 335//288 167//288 
f 168//288 169//288 347//288 
f 190//288 348//288 349//288 
f 190//288 191//288 350//288 
f 337//288 320//288 198//288 
f 339//288 338//288 200//288 
f 202//288 351//288 339//288 
f 203//288 352//288 351//288 
f 205//288 353//288 354//288 
f 205//288 206//288 355//288 
f 225//288 356//288 357//288 
f 226//288 358//288 356//288 
f 342//288 340//288 230//288 
f 231//288 232//288 359//288 
f 234//288 360//288 361//288 
f 235//288 362//288 360//288 
f 236//288 344//288 362//288 
f 345//288 343//288 237//288 
f 260//288 363//288 364//288 
f 261//288 365//288 363//288 
f 262//288 366//288 365//288 
f 262//288 263//288 367//288 
f 324//288 323//288 266//288 
f 309//288 279//288 280//288 
f 285//288 286//288 368//288 
f 286//288 287//288 327//288 
f 329//288 328//288 289//288 
f 314//288 346//288 148//288 
f 331//288 152//288 153//288 
f 310//288 164//288 165//288 
f 347//288 336//288 168//288 
f 169//288 170//288 369//288 
f 171//288 370//288 369//288 
f 171//288 172//288 371//288 
f 175//288 372//288 373//288 
f 175//288 176//288 374//288 
f 186//288 375//288 376//288 
f 186//288 187//288 377//288 
f 350//288 348//288 190//288 
f 191//288 192//288 378//288 
f 337//288 199//288 200//288 
f 351//288 202//288 203//288 
f 204//288 354//288 352//288 
f 355//288 353//288 205//288 
f 356//288 225//288 226//288 
f 226//288 227//288 379//288 
f 228//288 380//288 379//288 
f 228//288 229//288 341//288 
f 359//288 342//288 231//288 
f 232//288 233//288 361//288 
f 360//288 234//288 235//288 
f 344//288 236//288 237//288 
f 243//288 381//288 382//288 
f 243//288 244//288 383//288 
f 251//288 384//288 385//288 
f 251//288 252//288 386//288 
f 363//288 260//288 261//288 
f 367//288 366//288 262//288 
f 263//288 264//288 322//288 
f 298//288 268//288 269//288 
f 283//288 387//288 325//288 
f 283//288 284//288 388//288 
f 285//288 389//288 388//288 
f 327//288 368//288 286//288 
f 330//288 146//288 148//288 
f 317//288 154//288 155//288 
f 369//288 347//288 169//288 
f 371//288 370//288 171//288 
f 374//288 372//288 175//288 
f 176//288 177//288 390//288 
f 177//288 178//288 391//288 
f 178//288 179//288 392//288 
f 181//288 393//288 394//288 
f 181//288 182//288 395//288 
f 377//288 375//288 186//288 
f 187//288 188//288 396//288 
f 189//288 349//288 396//288 
f 378//288 350//288 191//288 
f 193//288 397//288 378//288 
f 193//288 194//288 398//288 
f 195//288 399//288 398//288 
f 195//288 196//288 319//288 
f 339//288 201//288 202//288 
f 354//288 204//288 205//288 
f 206//288 207//288 400//288 
f 208//288 401//288 400//288 
f 222//288 402//288 403//288 
f 222//288 223//288 404//288 
f 379//288 358//288 226//288 
f 341//288 380//288 228//288 
f 361//288 359//288 232//288 
f 362//288 235//288 236//288 
f 240//288 405//288 406//288 
f 240//288 241//288 407//288 
f 383//288 381//288 243//288 
f 244//288 245//288 408//288 
f 246//288 409//288 408//288 
f 246//288 247//288 410//288 
f 247//288 248//288 411//288 
f 248//288 249//288 412//288 
f 250//288 385//288 412//288 
f 386//288 384//288 251//288 
f 257//288 413//288 414//288 
f 257//288 258//288 415//288 
f 365//288 261//288 262//288 
f 322//288 264//288 265//288 
f 388//288 387//288 283//288 
f 368//288 389//288 285//288 
f 314//288 149//288 150//288 
f 369//288 170//288 171//288 
f 173//288 416//288 371//288 
f 173//288 174//288 373//288 
f 390//288 374//288 176//288 
f 392//288 391//288 178//288 
f 395//288 393//288 181//288 
f 183//288 417//288 395//288 
f 184//288 418//288 417//288 
f 184//288 185//288 376//288 
f 396//288 377//288 187//288 
f 349//288 189//288 190//288 
f 398//288 397//288 193//288 
f 319//288 399//288 195//288 
f 352//288 203//288 204//288 
f 400//288 207//288 208//288 
f 209//288 419//288 401//288 
f 209//288 210//288 420//288 
f 220//288 421//288 422//288 
f 220//288 221//288 403//288 
f 404//288 402//288 222//288 
f 223//288 224//288 357//288 
f 379//288 227//288 228//288 
f 361//288 233//288 234//288 
f 239//288 406//288 345//288 
f 407//288 405//288 240//288 
f 242//288 382//288 407//288 
f 408//288 383//288 244//288 
f 410//288 409//288 246//288 
f 412//288 411//288 248//288 
f 385//288 250//288 251//288 
f 252//288 253//288 423//288 
f 415//288 413//288 257//288 
f 258//288 259//288 364//288 
f 322//288 367//288 263//288 
f 388//288 284//288 285//288 
f 334//288 166//288 167//288 
f 373//288 416//288 173//288 
f 391//288 390//288 177//288 
f 179//288 180//288 394//288 
f 395//288 182//288 183//288 
f 376//288 418//288 184//288 
f 396//288 188//288 189//288 
f 398//288 194//288 195//288 
f 400//288 355//288 206//288 
f 420//288 419//288 209//288 
f 216//288 424//288 425//288 
f 216//288 217//288 426//288 
f 219//288 422//288 427//288 
f 403//288 421//288 220//288 
f 357//288 404//288 223//288 
f 341//288 229//288 230//288 
f 406//288 239//288 240//288 
f 382//288 242//288 243//288 
f 411//288 410//288 247//288 
f 423//288 386//288 252//288 
f 256//288 414//288 428//288 
f 364//288 415//288 258//288 
f 325//288 282//288 283//288 
f 371//288 172//288 173//288 
f 394//288 392//288 179//288 
f 417//288 183//288 184//288 
f 378//288 192//288 193//288 
f 401//288 208//288 209//288 
f 211//288 429//288 420//288 
f 211//288 212//288 430//288 
f 213//288 214//288 431//288 
f 215//288 425//288 431//288 
f 426//288 424//288 216//288 
f 217//288 218//288 427//288 
f 422//288 219//288 220//288 
f 357//288 224//288 225//288 
f 407//288 241//288 242//288 
f 412//288 249//288 250//288 
f 414//288 256//288 257//288 
f 327//288 287//288 288//288 
f 394//288 180//288 181//288 
f 319//288 196//288 197//288 
f 430//288 429//288 211//288 
f 212//288 213//288 432//288 
f 431//288 214//288 215//288 
f 427//288 426//288 217//288 
f 403//288 221//288 222//288 
f 408//288 245//288 246//288 
f 254//288 433//288 423//288 
f 254//288 255//288 428//288 
f 364//288 259//288 260//288 
f 376//288 185//288 186//288 
f 432//288 430//288 212//288 
f 425//288 215//288 216//288 
f 345//288 238//288 239//288 
f 428//288 433//288 254//288 
f 373//288 174//288 175//288 
f 431//288 432//288 213//288 
f 423//288 253//288 254//288 
f 420//288 210//288 211//288 
f 428//288 255//288 256//288 
f 427//288 218//288 219//288 
o mesh3
f 434//289 435//290 329//290 
f 436//291 434//289 330//292 
f 437//293 436//291 346//294 
f 438//295 437//293 314//296 
f 439//297 438//295 313//298 
f 440//299 439//297 315//300 
f 441//301 440//299 331//302 
f 442//303 441//301 332//304 
f 443//305 442//303 317//306 
f 444//307 443//305 316//308 
f 445//309 444//307 305//310 
f 446//311 445//309 304//312 
f 447//313 446//311 306//314 
f 448//315 447//313 293//316 
f 449//317 448//315 292//318 
f 450//319 449//317 294//320 
f 451//321 450//319 295//322 
f 452//323 451//321 296//324 
f 453//325 452//323 310//326 
f 454//327 453//325 333//328 
f 455//329 454//327 334//330 
f 456//331 455//329 335//332 
f 457//333 456//331 336//334 
f 458//335 457//333 347//336 
f 459//337 458//335 369//338 
f 460//339 459//337 370//340 
f 461//341 460//339 371//342 
f 462//343 461//341 416//344 
f 463//345 462//343 373//346 
f 464//347 463//345 372//348 
f 465//349 464//347 374//350 
f 466//351 465//349 390//352 
f 467//353 466//351 391//354 
f 468//355 467//353 392//356 
f 469//357 468//355 394//358 
f 470//359 469//357 393//360 
f 471//361 470//359 395//362 
f 472//363 471//361 417//364 
f 473//365 472//363 418//366 
f 474//367 473//365 376//368 
f 475//369 474//367 375//370 
f 476//371 475//369 377//372 
f 477//373 476//371 396//374 
f 478//375 477//373 349//376 
f 479//377 478//375 348//378 
f 480//379 479//377 350//380 
f 481//381 480//379 378//382 
f 482//383 481//381 397//384 
f 483//385 482//383 398//386 
f 484//387 483//385 399//388 
f 485//389 484//387 319//390 
f 486//391 485//389 318//392 
f 487//393 486//391 320//394 
f 488//395 487//393 337//396 
f 489//397 488//395 338//398 
f 490//399 489//397 339//400 
f 491//401 490//399 351//402 
f 492//403 491//401 352//404 
f 493//405 492//403 354//406 
f 494//407 493//405 353//408 
f 495//409 494//407 355//410 
f 496//411 495//409 400//412 
f 497//413 496//411 401//414 
f 498//415 497//413 419//416 
f 499//417 498//415 420//418 
f 500//419 499//417 429//420 
f 501//421 500//419 430//422 
f 502//423 501//421 432//424 
f 503//425 502//423 431//426 
f 504//427 503//425 425//428 
f 505//429 504//427 424//430 
f 506//431 505//429 426//432 
f 507//433 506//431 427//434 
f 508//435 507//433 422//436 
f 509//437 508//435 421//438 
f 510//439 509//437 403//440 
f 511//441 510//439 402//442 
f 512//443 511//441 404//444 
f 513//445 512//443 357//446 
f 514//447 513//445 356//448 
f 515//449 514//447 358//450 
f 516//451 515//449 379//452 
f 517//453 516//451 380//454 
f 518//455 517//453 341//456 
f 519//457 518//455 340//458 
f 520//459 519//457 342//460 
f 521//461 520//459 359//462 
f 522//463 521//461 361//464 
f 523//465 522//463 360//466 
f 524//467 523//465 362//468 
f 525//469 524//467 344//470 
f 526//471 525//469 343//472 
f 527//473 526//471 345//474 
f 528//475 527//473 406//476 
f 529//477 528//475 405//478 
f 530//479 529//477 407//480 
f 531//481 530//479 382//482 
f 532//483 531//481 381//484 
f 533//485 532//483 383//486 
f 534//487 533//485 408//488 
f 535//489 534//487 409//490 
f 536//491 535//489 410//492 
f 537//493 536//491 411//494 
f 538//495 537//493 412//496 
f 539//497 538//495 385//498 
f 540//499 539//497 384//500 
f 541//501 540//499 386//502 
f 542//503 541//501 423//504 
f 543//505 542//503 433//506 
f 544//507 543//505 428//508 
f 545//509 544//507 414//510 
f 546//511 545//509 413//512 
f 547//513 546//511 415//514 
f 548//515 547//513 364//516 
f 549//517 548//515 363//518 
f 550//519 549//517 365//520 
f 551//521 550//519 366//522 
f 552//523 551//521 367//524 
f 553//525 552//523 322//526 
f 554//527 553//525 321//528 
f 555//529 554//527 323//530 
f 556//531 555//529 324//532 
f 557//533 556//531 298//534 
f 558//535 557//533 297//536 
f 559//537 558//535 299//538 
f 560//539 559//537 301//540 
f 561//541 560//539 300//542 
f 562//543 561//541 302//544 
f 563//545 562//543 303//546 
f 564//547 563//545 290//548 
f 565//549 564//547 291//550 
f 566//551 565//549 308//552 
f 567//553 566//551 307//554 
f 568//555 567//553 309//556 
f 569//557 568//555 311//558 
f 570//559 569//557 312//560 
f 571//561 570//559 325//562 
f 572//563 571//561 387//564 
f 573//565 572//563 388//566 
f 574//567 573//565 389//568 
f 575//569 574//567 368//570 
f 576//571 575//569 327//572 
f 577//573 576//571 326//574 
f 435//290 577//573 328//573 
f 328//573 329//290 435//290 
f 326//574 328//573 577//573 
f 327//572 326//574 576//571 
f 368//570 327//572 575//569 
f 389//568 368//570 574//567 
f 388//566 389//568 573//565 
f 387//564 388//566 572//563 
f 325//562 387//564 571//561 
f 312//560 325//562 570//559 
f 311//558 312//560 569//557 
f 309//556 311//558 568//555 
f 307//554 309//556 567//553 
f 308//552 307//554 566//551 
f 291//550 308//552 565//549 
f 290//548 291//550 564//547 
f 303//546 290//548 563//545 
f 302//544 303//546 562//543 
f 300//542 302//544 561//541 
f 301//540 300//542 560//539 
f 299//538 301//540 559//537 
f 297//536 299//538 558//535 
f 298//534 297//536 557//533 
f 324//532 298//534 556//531 
f 323//530 324//532 555//529 
f 321//528 323//530 554//527 
f 322//526 321//528 553//525 
f 367//524 322//526 552//523 
f 366//522 367//524 551//521 
f 365//520 366//522 550//519 
f 363//518 365//520 549//517 
f 364//516 363//518 548//515 
f 415//514 364//516 547//513 
f 413//512 415//514 546//511 
f 414//510 413//512 545//509 
f 428//508 414//510 544//507 
f 433//506 428//508 543//505 
f 423//504 433//506 542//503 
f 386//502 423//504 541//501 
f 384//500 386//502 540//499 
f 385//498 384//500 539//497 
f 412//496 385//498 538//495 
f 411//494 412//496 537//493 
f 410//492 411//494 536//491 
f 409//490 410//492 535//489 
f 408//488 409//490 534//487 
f 383//486 408//488 533//485 
f 381//484 383//486 532//483 
f 382//482 381//484 531//481 
f 407//480 382//482 530//479 
f 405//478 407//480 529//477 
f 406//476 405//478 528//475 
f 345//474 406//476 527//473 
f 343//472 345//474 526//471 
f 344//470 343//472 525//469 
f 362//468 344//470 524//467 
f 360//466 362//468 523//465 
f 361//464 360//466 522//463 
f 359//462 361//464 521//461 
f 342//460 359//462 520//459 
f 340//458 342//460 519//457 
f 341//456 340//458 518//455 
f 380//454 341//456 517//453 
f 379//452 380//454 516//451 
f 358//450 379//452 515//449 
f 356//448 358//450 514//447 
f 357//446 356//448 513//445 
f 404//444 357//446 512//443 
f 402//442 404//444 511//441 
f 403//440 402//442 510//439 
f 421//438 403//440 509//437 
f 422//436 421//438 508//435 
f 427//434 422//436 507//433 
f 426//432 427//434 506//431 
f 424//430 426//432 505//429 
f 425//428 424//430 504//427 
f 431//426 425//428 503//425 
f 432//424 431//426 502//423 
f 430//422 432//424 501//421 
f 429//420 430//422 500//419 
f 420//418 429//420 499//417 
f 419//416 420//418 498//415 
f 401//414 419//416 497//413 
f 400//412 401//414 496//411 
f 355//410 400//412 495//409 
f 353//408 355//410 494//407 
f 354//406 353//408 493//405 
f 352//404 354//406 492//403 
f 351//402 352//404 491//401 
f 339//400 351//402 490//399 
f 338//398 339//400 489//397 
f 337//396 338//398 488//395 
f 320//394 337//396 487//393 
f 318//392 320//394 486//391 
f 319//390 318//392 485//389 
f 399//388 319//390 484//387 
f 398//386 399//388 483//385 
f 397//384 398//386 482//383 
f 378//382 397//384 481//381 
f 350//380 378//382 480//379 
f 348//378 350//380 479//377 
f 349//376 348//378 478//375 
f 396//374 349//376 477//373 
f 377//372 396//374 476//371 
f 375//370 377//372 475//369 
f 376//368 375//370 474//367 
f 418//366 376//368 473//365 
f 417//364 418//366 472//363 
f 395//362 417//364 471//361 
f 393//360 395//362 470//359 
f 394//358 393//360 469//357 
f 392//356 394//358 468//355 
f 391//354 392//356 467//353 
f 390//352 391//354 466//351 
f 374//350 390//352 465//349 
f 372//348 374//350 464//347 
f 373//346 372//348 463//345 
f 416//344 373//346 462//343 
f 371//342 416//344 461//341 
f 370//340 371//342 460//339 
f 369//338 370//340 459//337 
f 347//336 369//338 458//335 
f 336//334 347//336 457//333 
f 335//332 336//334 456//331 
f 334//330 335//332 455//329 
f 333//328 334//330 454//327 
f 310//326 333//328 453//325 
f 296//324 310//326 452//323 
f 295//322 296//324 451//321 
f 294//320 295//322 450//319 
f 292//318 294//320 449//317 
f 293//316 292//318 448//315 
f 306//314 293//316 447//313 
f 304//312 306//314 446//311 
f 305//310 304//312 445//309 
f 316//308 305//310 444//307 
f 317//306 316//308 443//305 
f 332//304 317//306 442//303 
f 331//302 332//304 441//301 
f 315//300 331//302 440//299 
f 313//298 315//300 439//297 
f 314//296 313//298 438//295 
f 346//294 314//296 437//293 
f 330//292 346//294 436//291 
f 329//290 330//292 434//289 
o mesh4
f 578//575 579//576 577//576 
f 579//576 580//577 576//577 
f 580//577 581//578 575//578 
f 581//578 582//579 574//579 
f 582//579 583//580 573//580 
f 583//580 584//581 572//581 
f 584//581 585//582 571//582 
f 585//582 586//583 570//583 
f 586//583 587//584 569//584 
f 587//584 588//585 568//585 
f 588//585 589//586 567//586 
f 589//586 590//587 566//587 
f 590//587 591//588 565//588 
f 591//588 592//589 564//589 
f 592//589 593//590 563//590 
f 593//590 594//591 562//591 
f 594//591 595//592 561//592 
f 595//592 596//593 560//593 
f 596//593 597//594 559//594 
f 597//594 598//595 558//595 
f 598//595 599//596 557//596 
f 599//596 600//597 556//597 
f 600//597 601//598 555//598 
f 601//598 602//599 554//599 
f 602//599 603//600 553//600 
f 603//600 604//601 552//601 
f 604//601 605//602 551//602 
f 605//602 606//603 550//603 
f 606//603 607//604 549//604 
f 607//604 608//605 548//605 
f 608//605 609//606 547//606 
f 609//606 610//607 546//607 
f 610//607 611//608 545//608 
f 611//608 612//609 544//609 
f 612//609 613//610 543//610 
f 613//610 614//611 542//611 
f 614//611 615//612 541//612 
f 615//612 616//613 540//613 
f 616//613 617//614 539//614 
f 617//614 618//615 538//615 
f 618//615 619//616 537//616 
f 619//616 620//617 536//617 
f 620//617 621//618 535//618 
f 621//618 622//619 534//619 
f 622//619 623//620 533//620 
f 623//620 624//621 532//621 
f 624//621 625//622 531//622 
f 625//622 626//623 530//623 
f 626//623 627//624 529//624 
f 627//624 628//625 528//625 
f 628//625 629//626 527//626 
f 629//626 630//627 526//627 
f 630//627 631//628 525//628 
f 631//628 632//629 524//629 
f 632//629 633//630 523//630 
f 633//630 634//631 522//631 
f 634//631 635//632 521//632 
f 635//632 636//633 520//633 
f 636//633 637//634 519//634 
f 637//634 638//635 518//635 
f 638//635 639//636 517//636 
f 639//636 640//637 516//637 
f 640//637 641//638 515//638 
f 641//638 642//639 514//639 
f 642//639 643//640 513//640 
f 643//640 644//641 512//641 
f 644//641 645//642 511//642 
f 645//642 646//643 510//643 
f 646//643 647//644 509//644 
f 647//644 648//645 508//645 
f 648//645 649//646 507//646 
f 649//646 650//647 506//647 
f 650//647 651//648 505//648 
f 651//648 652//649 504//649 
f 652//649 653//650 503//650 
f 653//650 654//651 502//651 
f 654//651 655//652 501//652 
f 655//652 656//653 500//653 
f 656//653 657//654 499//654 
f 657//654 658//655 498//655 
f 658//655 659//656 497//656 
f 659//656 660//657 496//657 
f 660//657 661//658 495//658 
f 661//658 662//659 494//659 
f 662//659 663//660 493//660 
f 663//660 664//661 492//661 
f 664//661 665//662 491//662 
f 665//662 666//663 490//663 
f 666//663 667//664 489//664 
f 667//664 668//665 488//665 
f 668//665 669//666 487//666 
f 669//666 670//667 486//667 
f 670//667 671//668 485//668 
f 671//668 672//669 484//669 
f 672//669 673//670 483//670 
f 673//670 674//671 482//671 
f 674//671 675//672 481//672 
f 675//672 676//673 480//673 
f 676//673 677//674 479//674 
f 677//674 678//675 478//675 
f 678//675 679//676 477//676 
f 679//676 680//677 476//677 
f 680//677 681//678 475//678 
f 681//678 682//679 474//679 
f 682//679 683//680 473//680 
f 683//680 684//681 472//681 
f 684//681 685//682 471//682 
f 685//682 686//683 470//683 
f 686//683 687//684 469//684 
f 687//684 688//685 468//685 
f 688//685 689//686 467//686 
f 689//686 690//687 466//687 
f 690//687 691//688 465//688 
f 691//688 692//689 464//689 
f 692//689 693//690 463//690 
f 693//690 694//691 462//691 
f 694//691 695//692 461//692 
f 695//692 696//693 460//693 
f 696//693 697//694 459//694 
f 697//694 698//695 458//695 
f 698//695 699//696 457//696 
f 699//696 700//697 456//697 
f 700//697 701//698 455//698 
f 701//698 702//699 454//699 
f 702//699 703//700 453//700 
f 703//700 704//701 452//701 
f 704//701 705//702 451//702 
f 705//702 706//703 450//703 
f 706//703 707//704 449//704 
f 707//704 708//705 448//705 
f 708//705 709//706 447//706 
f 709//706 710//707 446//707 
f 710//707 711//708 445//708 
f 711//708 712//709 444//709 
f 712//709 713//710 443//710 
f 713//710 714//711 442//711 
f 714//711 715//712 441//712 
f 715//712 716//713 440//713 
f 716//713 717//714 439//714 
f 717//714 718//715 438//715 
f 718//715 719//716 437//716 
f 719//716 720//717 436//717 
f 720//717 721//718 434//718 
f 721//718 578//575 435//719 
f 435//719 434//718 721//718 
f 434//718 436//717 720//717 
f 436//717 437//716 719//716 
f 437//716 438//715 718//715 
f 438//715 439//714 717//714 
f 439//714 440//713 716//713 
f 440//713 441//712 715//712 
f 441//712 442//711 714//711 
f 442//711 443//710 713//710 
f 443//710 444//709 712//709 
f 444//709 445//708 711//708 
f 445//708 446//707 710//707 
f 446//707 447//706 709//706 
f 447//706 448//705 708//705 
f 448//705 449//704 707//704 
f 449//704 450//703 706//703 
f 450//703 451//702 705//702 
f 451//702 452//701 704//701 
f 452//701 453//700 703//700 
f 453//700 454//699 702//699 
f 454//699 455//698 701//698 
f 455//698 456//697 700//697 
f 456//697 457//696 699//696 
f 457//696 458//695 698//695 
f 458//695 459//694 697//694 
f 459//694 460//693 696//693 
f 460//693 461//692 695//692 
f 461//692 462//691 694//691 
f 462//691 463//690 693//690 
f 463//690 464//689 692//689 
f 464//689 465//688 691//688 
f 465//688 466//687 690//687 
f 466//687 467//686 689//686 
f 467//686 468//685 688//685 
f 468//685 469//684 687//684 
f 469//684 470//683 686//683 
f 470//683 471//682 685//682 
f 471//682 472//681 684//681 
f 472//681 473//680 683//680 
f 473//680 474//679 682//679 
f 474//679 475//678 681//678 
f 475//678 476//677 680//677 
f 476//677 477//676 679//676 
f 477//676 478//675 678//675 
f 478//675 479//674 677//674 
f 479//674 480//673 676//673 
f 480//673 481//672 675//672 
f 481//672 482//671 674//671 
f 482//671 483//670 673//670 
f 483//670 484//669 672//669 
f 484//669 485//668 671//668 
f 485//668 486//667 670//667 
f 486//667 487//666 669//666 
f 487//666 488//665 668//665 
f 488//665 489//664 667//664 
f 489//664 490//663 666//663 
f 490//663 491//662 665//662 
f 491//662 492//661 664//661 
f 492//661 493//660 663//660 
f 493//660 494//659 662//659 
f 494//659 495//658 661//658 
f 495//658 496//657 660//657 
f 496//657 497//656 659//656 
f 497//656 498//655 658//655 
f 498//655 499//654 657//654 
f 499//654 500//653 656//653 
f 500//653 501//652 655//652 
f 501//652 502//651 654//651 
f 502//651 503//650 653//650 
f 503//650 504//649 652//649 
f 504//649 505//648 651//648 
f 505//648 506//647 650//647 
f 506//647 507//646 649//646 
f 507//646 508//645 648//645 
f 508//645 509//644 647//644 
f 509//644 510//643 646//643 
f 510//643 511//642 645//642 
f 511//642 512//641 644//641 
f 512//641 513//640 643//640 
f 513//640 514//639 642//639 
f 514//639 515//638 641//638 
f 515//638 516//637 640//637 
f 516//637 517//636 639//636 
f 517//636 518//635 638//635 
f 518//635 519//634 637//634 
f 519//634 520//633 636//633 
f 520//633 521//632 635//632 
f 521//632 522//631 634//631 
f 522//631 523//630 633//630 
f 523//630 524//629 632//629 
f 524//629 525//628 631//628 
f 525//628 526//627 630//627 
f 526//627 527//626 629//626 
f 527//626 528//625 628//625 
f 528//625 529//624 627//624 
f 529//624 530//623 626//623 
f 530//623 531//622 625//622 
f 531//622 532//621 624//621 
f 532//621 533//620 623//620 
f 533//620 534//619 622//619 
f 534//619 535//618 621//618 
f 535//618 536//617 620//617 
f 536//617 537//616 619//616 
f 537//616 538//615 618//615 
f 538//615 539//614 617//614 
f 539//614 540//613 616//613 
f 540//613 541//612 615//612 
f 541//612 542//611 614//611 
f 542//611 543//610 613//610 
f 543//610 544//609 612//609 
f 544//609 545//608 611//608 
f 545//608 546//607 610//607 
f 546//607 547//606 609//606 
f 547//606 548//605 608//605 
f 548//605 549//604 607//604 
f 549//604 550//603 606//603 
f 550//603 551//602 605//602 
f 551//602 552//601 604//601 
f 552//601 553//600 603//600 
f 553//600 554//599 602//599 
f 554//599 555//598 601//598 
f 555//598 556//597 600//597 
f 556//597 557//596 599//596 
f 557//596 558//595 598//595 
f 558//595 559//594 597//594 
f 559//594 560//593 596//593 
f 560//593 561//592 595//592 
f 561//592 562//591 594//591 
f 562//591 563//590 593//590 
f 563//590 564//589 592//589 
f 564//589 565//588 591//588 
f 565//588 566//587 590//587 
f 566//587 567//586 589//586 
f 567//586 568//585 588//585 
f 568//585 569//584 587//584 
f 569//584 570//583 586//583 
f 570//583 571//582 585//582 
f 571//582 572//581 584//581 
f 572//581 573//580 583//580 
f 573//580 574//579 582//579 
f 574//579 575//578 581//578 
f 575//578 576//577 580//577 
f 576//577 577//576 579//576 
f 577//576 435//719 578//575 
o mesh5
f 722//720 723//720 674//720 
f 723//720 724//720 675//720 
f 725//720 726//720 655//720 
f 726//720 727//720 656//720 
f 728//720 729//720 669//720 
f 729//720 730//720 670//720 
f 675//720 674//720 723//720 
f 724//720 731//720 676//720 
f 732//720 725//720 654//720 
f 656//720 655//720 726//720 
f 733//720 734//720 659//720 
f 734//720 735//720 660//720 
f 736//720 737//720 666//720 
f 737//720 738//720 667//720 
f 738//720 728//720 668//720 
f 670//720 669//720 729//720 
f 739//720 722//720 673//720 
f 676//720 675//720 724//720 
f 740//720 638//720 637//720 
f 740//720 741//720 639//720 
f 742//720 743//720 649//720 
f 743//720 744//720 650//720 
f 655//720 654//720 725//720 
f 727//720 745//720 657//720 
f 745//720 733//720 658//720 
f 660//720 659//720 734//720 
f 746//720 747//720 664//720 
f 747//720 736//720 665//720 
f 667//720 666//720 737//720 
f 669//720 668//720 728//720 
f 748//720 739//720 672//720 
f 674//720 673//720 722//720 
f 731//720 749//720 677//720 
f 749//720 750//720 678//720 
f 751//720 752//720 583//720 
f 752//720 753//720 584//720 
f 639//720 638//720 740//720 
f 741//720 754//720 640//720 
f 755//720 647//720 646//720 
f 755//720 742//720 648//720 
f 650//720 649//720 743//720 
f 744//720 756//720 651//720 
f 757//720 652//720 651//720 
f 757//720 732//720 653//720 
f 657//720 656//720 727//720 
f 659//720 658//720 733//720 
f 735//720 758//720 661//720 
f 758//720 759//720 662//720 
f 759//720 746//720 663//720 
f 665//720 664//720 747//720 
f 668//720 667//720 738//720 
f 730//720 748//720 671//720 
f 673//720 672//720 739//720 
f 678//720 677//720 749//720 
f 760//720 761//720 696//720 
f 761//720 762//720 697//720 
f 751//720 582//720 581//720 
f 584//720 583//720 752//720 
f 763//720 585//720 584//720 
f 763//720 764//720 586//720 
f 640//720 639//720 741//720 
f 754//720 765//720 641//720 
f 765//720 766//720 642//720 
f 766//720 767//720 643//720 
f 648//720 647//720 755//720 
f 651//720 650//720 744//720 
f 653//720 652//720 757//720 
f 658//720 657//720 745//720 
f 662//720 661//720 758//720 
f 664//720 663//720 746//720 
f 671//720 670//720 730//720 
f 677//720 676//720 731//720 
f 768//720 769//720 683//720 
f 769//720 770//720 684//720 
f 771//720 772//720 688//720 
f 772//720 773//720 689//720 
f 773//720 774//720 690//720 
f 774//720 775//720 691//720 
f 776//720 777//720 693//720 
f 777//720 778//720 694//720 
f 778//720 760//720 695//720 
f 697//720 696//720 761//720 
f 779//720 780//720 699//720 
f 780//720 781//720 700//720 
f 782//720 580//720 579//720 
f 782//720 783//720 581//720 
f 583//720 582//720 751//720 
f 586//720 585//720 763//720 
f 784//720 587//720 586//720 
f 784//720 785//720 588//720 
f 786//720 589//720 588//720 
f 786//720 787//720 590//720 
f 641//720 640//720 754//720 
f 643//720 642//720 766//720 
f 788//720 644//720 643//720 
f 788//720 789//720 645//720 
f 649//720 648//720 742//720 
f 654//720 653//720 732//720 
f 663//720 662//720 759//720 
f 672//720 671//720 748//720 
f 790//720 791//720 681//720 
f 791//720 768//720 682//720 
f 684//720 683//720 769//720 
f 770//720 792//720 685//720 
f 689//720 688//720 772//720 
f 691//720 690//720 774//720 
f 694//720 693//720 777//720 
f 696//720 695//720 760//720 
f 762//720 779//720 698//720 
f 700//720 699//720 780//720 
f 793//720 794//720 704//720 
f 794//720 795//720 705//720 
f 796//720 797//720 709//720 
f 797//720 798//720 710//720 
f 799//720 800//720 715//720 
f 800//720 801//720 716//720 
f 581//720 580//720 782//720 
f 584//720 753//720 763//720 
f 588//720 587//720 784//720 
f 590//720 589//720 786//720 
f 802//720 591//720 590//720 
f 802//720 803//720 592//720 
f 804//720 805//720 596//720 
f 805//720 806//720 597//720 
f 807//720 616//720 615//720 
f 807//720 808//720 617//720 
f 642//720 641//720 765//720 
f 645//720 644//720 788//720 
f 651//720 756//720 757//720 
f 666//720 665//720 736//720 
f 750//720 809//720 679//720 
f 809//720 790//720 680//720 
f 682//720 681//720 791//720 
f 685//720 684//720 770//720 
f 792//720 810//720 686//720 
f 810//720 771//720 687//720 
f 690//720 689//720 773//720 
f 775//720 776//720 692//720 
f 695//720 694//720 778//720 
f 699//720 698//720 779//720 
f 811//720 793//720 703//720 
f 705//720 704//720 794//720 
f 795//720 812//720 706//720 
f 812//720 813//720 707//720 
f 813//720 796//720 708//720 
f 710//720 709//720 797//720 
f 814//720 815//720 712//720 
f 815//720 816//720 713//720 
f 816//720 799//720 714//720 
f 716//720 715//720 800//720 
f 817//720 818//720 579//720 
f 581//720 783//720 751//720 
f 588//720 785//720 786//720 
f 592//720 591//720 802//720 
f 819//720 593//720 592//720 
f 819//720 820//720 594//720 
f 820//720 804//720 595//720 
f 597//720 596//720 805//720 
f 821//720 612//720 611//720 
f 821//720 822//720 613//720 
f 823//720 614//720 613//720 
f 823//720 824//720 615//720 
f 617//720 616//720 807//720 
f 808//720 825//720 618//720 
f 826//720 620//720 619//720 
f 826//720 827//720 621//720 
f 828//720 829//720 623//720 
f 829//720 830//720 624//720 
f 830//720 831//720 625//720 
f 831//720 832//720 626//720 
f 833//720 631//720 630//720 
f 833//720 834//720 632//720 
f 834//720 835//720 633//720 
f 835//720 836//720 634//720 
f 837//720 838//720 636//720 
f 838//720 839//720 637//720 
f 643//720 767//720 788//720 
f 789//720 840//720 646//720 
f 661//720 660//720 735//720 
f 680//720 679//720 809//720 
f 683//720 682//720 768//720 
f 687//720 686//720 810//720 
f 692//720 691//720 775//720 
f 698//720 697//720 762//720 
f 781//720 841//720 701//720 
f 841//720 811//720 702//720 
f 704//720 703//720 793//720 
f 707//720 706//720 812//720 
f 709//720 708//720 796//720 
f 798//720 814//720 711//720 
f 713//720 712//720 815//720 
f 715//720 714//720 799//720 
f 801//720 842//720 717//720 
f 842//720 843//720 718//720 
f 843//720 844//720 719//720 
f 844//720 845//720 720//720 
f 579//720 818//720 782//720 
f 590//720 787//720 802//720 
f 594//720 593//720 819//720 
f 596//720 595//720 804//720 
f 846//720 598//720 597//720 
f 846//720 847//720 599//720 
f 848//720 600//720 599//720 
f 848//720 849//720 601//720 
f 850//720 608//720 607//720 
f 851//720 609//720 608//720 
f 851//720 852//720 610//720 
f 852//720 853//720 611//720 
f 613//720 612//720 821//720 
f 615//720 614//720 823//720 
f 618//720 617//720 808//720 
f 825//720 854//720 619//720 
f 621//720 620//720 826//720 
f 827//720 828//720 622//720 
f 624//720 623//720 829//720 
f 626//720 625//720 831//720 
f 855//720 627//720 626//720 
f 855//720 856//720 628//720 
f 857//720 629//720 628//720 
f 857//720 858//720 630//720 
f 632//720 631//720 833//720 
f 634//720 633//720 835//720 
f 837//720 635//720 634//720 
f 637//720 636//720 838//720 
f 646//720 645//720 789//720 
f 679//720 678//720 750//720 
f 686//720 685//720 792//720 
f 693//720 692//720 776//720 
f 702//720 701//720 841//720 
f 706//720 705//720 795//720 
f 711//720 710//720 798//720 
f 714//720 713//720 816//720 
f 718//720 717//720 842//720 
f 720//720 719//720 844//720 
f 845//720 859//720 721//720 
f 859//720 817//720 578//720 
f 586//720 764//720 784//720 
f 595//720 594//720 820//720 
f 599//720 598//720 846//720 
f 601//720 600//720 848//720 
f 608//720 850//720 851//720 
f 611//720 610//720 852//720 
f 613//720 822//720 823//720 
f 619//720 618//720 825//720 
f 622//720 621//720 827//720 
f 625//720 624//720 830//720 
f 628//720 627//720 855//720 
f 630//720 629//720 857//720 
f 633//720 632//720 834//720 
f 636//720 635//720 837//720 
f 646//720 840//720 755//720 
f 688//720 687//720 771//720 
f 703//720 702//720 811//720 
f 712//720 711//720 814//720 
f 719//720 718//720 843//720 
f 578//720 721//720 859//720 
f 592//720 803//720 819//720 
f 599//720 847//720 848//720 
f 860//720 602//720 601//720 
f 860//720 861//720 603//720 
f 862//720 604//720 603//720 
f 862//720 863//720 605//720 
f 863//720 864//720 606//720 
f 864//720 865//720 607//720 
f 610//720 609//720 851//720 
f 615//720 824//720 807//720 
f 623//720 622//720 828//720 
f 628//720 856//720 857//720 
f 634//720 836//720 837//720 
f 681//720 680//720 790//720 
f 708//720 707//720 813//720 
f 721//720 720//720 845//720 
f 597//720 806//720 846//720 
f 603//720 602//720 860//720 
f 605//720 604//720 862//720 
f 607//720 606//720 864//720 
f 611//720 853//720 821//720 
f 626//720 832//720 855//720 
f 637//720 839//720 740//720 
f 717//720 716//720 801//720 
f 601//720 849//720 860//720 
f 606//720 605//720 863//720 
f 619//720 854//720 826//720 
f 701//720 700//720 781//720 
f 603//720 861//720 862//720 
f 630//720 858//720 833//720 
f 607//720 865//720 850//720 
f 579//720 578//720 817//720 
o mesh6
f 817//721 866//721 867//722 
f 818//722 867//722 868//723 
f 782//723 868//723 869//724 
f 783//724 869//724 870//725 
f 751//725 870//725 871//726 
f 752//726 871//726 872//727 
f 753//727 872//727 873//728 
f 763//728 873//728 874//729 
f 764//729 874//729 875//730 
f 784//730 875//730 876//731 
f 785//731 876//731 877//732 
f 786//732 877//732 878//733 
f 787//733 878//733 879//734 
f 879//734 802//735 787//733 
f 802//735 880//735 881//736 
f 803//736 881//736 882//737 
f 819//737 882//737 883//738 
f 820//738 883//738 884//739 
f 804//739 884//739 885//740 
f 805//740 885//740 886//741 
f 806//741 886//741 887//742 
f 846//742 887//742 888//743 
f 847//743 888//743 889//744 
f 848//744 889//744 890//745 
f 849//745 890//745 891//746 
f 860//746 891//746 892//747 
f 861//747 892//747 893//748 
f 862//748 893//748 894//749 
f 863//749 894//749 895//750 
f 864//750 895//750 896//751 
f 865//751 896//751 897//752 
f 850//752 897//752 898//753 
f 851//753 898//753 899//754 
f 852//754 899//754 900//755 
f 853//755 900//755 901//756 
f 821//756 901//756 902//757 
f 822//757 902//757 903//758 
f 823//758 903//758 904//759 
f 824//759 904//759 905//760 
f 807//760 905//760 906//761 
f 808//761 906//761 907//762 
f 825//762 907//762 908//763 
f 854//763 908//763 909//764 
f 826//764 909//764 910//765 
f 827//765 910//765 911//766 
f 828//766 911//766 912//767 
f 829//767 912//767 913//768 
f 830//768 913//768 914//769 
f 831//769 914//769 915//770 
f 832//770 915//770 916//771 
f 855//771 916//771 917//772 
f 856//772 917//772 918//773 
f 857//773 918//773 919//774 
f 858//774 919//774 920//775 
f 833//775 920//775 921//776 
f 834//776 921//776 922//777 
f 835//777 922//777 923//778 
f 836//778 923//778 924//779 
f 837//779 924//779 925//780 
f 838//780 925//780 926//781 
f 839//781 926//781 927//782 
f 740//782 927//782 928//783 
f 741//783 928//783 929//784 
f 754//784 929//784 930//785 
f 765//785 930//785 931//786 
f 766//786 931//786 932//787 
f 767//787 932//787 933//788 
f 788//788 933//788 934//789 
f 789//789 934//789 935//790 
f 840//790 935//790 936//791 
f 755//791 936//791 937//792 
f 742//792 937//792 938//793 
f 743//793 938//793 939//794 
f 744//794 939//794 940//795 
f 756//795 940//795 941//796 
f 757//796 941//796 942//797 
f 732//797 942//797 943//798 
f 725//798 943//798 944//799 
f 726//799 944//799 945//800 
f 727//800 945//800 946//801 
f 745//801 946//801 947//802 
f 733//802 947//802 948//803 
f 734//803 948//803 949//804 
f 735//804 949//804 950//805 
f 758//805 950//805 951//806 
f 759//806 951//806 952//807 
f 746//807 952//807 953//808 
f 747//808 953//808 954//809 
f 736//809 954//809 955//810 
f 737//810 955//810 956//811 
f 738//811 956//811 957//812 
f 728//812 957//812 958//813 
f 729//813 958//813 959//814 
f 730//814 959//814 960//815 
f 748//815 960//815 961//816 
f 739//816 961//816 962//817 
f 722//817 962//817 963//818 
f 723//818 963//818 964//819 
f 724//819 964//819 965//820 
f 731//820 965//820 966//821 
f 749//821 966//821 967//822 
f 750//822 967//822 968//823 
f 809//823 968//823 969//824 
f 790//824 969//824 970//825 
f 791//825 970//825 971//826 
f 768//826 971//826 972//827 
f 769//827 972//827 973//828 
f 770//828 973//828 974//829 
f 792//829 974//829 975//830 
f 810//830 975//830 976//831 
f 771//831 976//831 977//832 
f 772//832 977//832 978//833 
f 773//833 978//833 979//834 
f 774//834 979//834 980//835 
f 775//835 980//835 981//836 
f 776//836 981//836 982//837 
f 777//837 982//837 983//838 
f 778//838 983//838 984//839 
f 760//839 984//839 985//840 
f 761//840 985//840 986//841 
f 762//841 986//841 987//842 
f 779//842 987//842 988//843 
f 780//843 988//843 989//844 
f 781//844 989//844 990//845 
f 841//845 990//845 991//846 
f 811//846 991//846 992//847 
f 793//847 992//847 993//848 
f 794//848 993//848 994//849 
f 795//849 994//849 995//850 
f 812//850 995//850 996//851 
f 813//851 996//851 997//852 
f 796//852 997//852 998//853 
f 798//854 797//853 999//855 
f 797//853 998//853 999//855 
f 798//854 1000//854 1001//856 
f 814//856 1001//856 1002//857 
f 815//857 1002//857 1003//858 
f 816//858 1003//858 1004//859 
f 799//859 1004//859 1005//860 
f 800//860 1005//860 1006//861 
f 801//861 1006//861 1007//862 
f 842//862 1007//862 1008//863 
f 843//863 1008//863 1009//864 
f 844//864 1009//864 1010//865 
f 845//865 1010//865 1011//866 
f 859//866 1011//866 866//721 
f 866//721 817//721 859//866 
f 1011//866 859//866 845//865 
f 1010//865 845//865 844//864 
f 1009//864 844//864 843//863 
f 1008//863 843//863 842//862 
f 1007//862 842//862 801//861 
f 1006//861 801//861 800//860 
f 1005//860 800//860 799//859 
f 1004//859 799//859 816//858 
f 1003//858 816//858 815//857 
f 1002//857 815//857 814//856 
f 1001//856 814//856 798//854 
f 999//855 1000//854 798//854 
f 998//853 797//853 796//852 
f 997//852 796//852 813//851 
f 996//851 813//851 812//850 
f 995//850 812//850 795//849 
f 994//849 795//849 794//848 
f 993//848 794//848 793//847 
f 992//847 793//847 811//846 
f 991//846 811//846 841//845 
f 990//845 841//845 781//844 
f 989//844 781//844 780//843 
f 988//843 780//843 779//842 
f 987//842 779//842 762//841 
f 986//841 762//841 761//840 
f 985//840 761//840 760//839 
f 984//839 760//839 778//838 
f 983//838 778//838 777//837 
f 982//837 777//837 776//836 
f 981//836 776//836 775//835 
f 980//835 775//835 774//834 
f 979//834 774//834 773//833 
f 978//833 773//833 772//832 
f 977//832 772//832 771//831 
f 976//831 771//831 810//830 
f 975//830 810//830 792//829 
f 974//829 792//829 770//828 
f 973//828 770//828 769//827 
f 972//827 769//827 768//826 
f 971//826 768//826 791//825 
f 970//825 791//825 790//824 
f 969//824 790//824 809//823 
f 968//823 809//823 750//822 
f 967//822 750//822 749//821 
f 966//821 749//821 731//820 
f 965//820 731//820 724//819 
f 964//819 724//819 723//818 
f 963//818 723//818 722//817 
f 962//817 722//817 739//816 
f 961//816 739//816 748//815 
f 960//815 748//815 730//814 
f 959//814 730//814 729//813 
f 958//813 729//813 728//812 
f 957//812 728//812 738//811 
f 956//811 738//811 737//810 
f 955//810 737//810 736//809 
f 954//809 736//809 747//808 
f 953//808 747//808 746//807 
f 952//807 746//807 759//806 
f 951//806 759//806 758//805 
f 950//805 758//805 735//804 
f 949//804 735//804 734//803 
f 948//803 734//803 733//802 
f 947//802 733//802 745//801 
f 946//801 745//801 727//800 
f 945//800 727//800 726//799 
f 944//799 726//799 725//798 
f 943//798 725//798 732//797 
f 942//797 732//797 757//796 
f 941//796 757//796 756//795 
f 940//795 756//795 744//794 
f 939//794 744//794 743//793 
f 938//793 743//793 742//792 
f 937//792 742//792 755//791 
f 936//791 755//791 840//790 
f 935//790 840//790 789//789 
f 934//789 789//789 788//788 
f 933//788 788//788 767//787 
f 932//787 767//787 766//786 
f 931//786 766//786 765//785 
f 930//785 765//785 754//784 
f 929//784 754//784 741//783 
f 928//783 741//783 740//782 
f 927//782 740//782 839//781 
f 926//781 839//781 838//780 
f 925//780 838//780 837//779 
f 924//779 837//779 836//778 
f 923//778 836//778 835//777 
f 922//777 835//777 834//776 
f 921//776 834//776 833//775 
f 920//775 833//775 858//774 
f 919//774 858//774 857//773 
f 918//773 857//773 856//772 
f 917//772 856//772 855//771 
f 916//771 855//771 832//770 
f 915//770 832//770 831//769 
f 914//769 831//769 830//768 
f 913//768 830//768 829//767 
f 912//767 829//767 828//766 
f 911//766 828//766 827//765 
f 910//765 827//765 826//764 
f 909//764 826//764 854//763 
f 908//763 854//763 825//762 
f 907//762 825//762 808//761 
f 906//761 808//761 807//760 
f 905//760 807//760 824//759 
f 904//759 824//759 823//758 
f 903//758 823//758 822//757 
f 902//757 822//757 821//756 
f 901//756 821//756 853//755 
f 900//755 853//755 852//754 
f 899//754 852//754 851//753 
f 898//753 851//753 850//752 
f 897//752 850//752 865//751 
f 896//751 865//751 864//750 
f 895//750 864//750 863//749 
f 894//749 863//749 862//748 
f 893//748 862//748 861//747 
f 892//747 861//747 860//746 
f 891//746 860//746 849//745 
f 890//745 849//745 848//744 
f 889//744 848//744 847//743 
f 888//743 847//743 846//742 
f 887//742 846//742 806//741 
f 886//741 806//741 805//740 
f 885//740 805//740 804//739 
f 884//739 804//739 820//738 
f 883//738 820//738 819//737 
f 882//737 819//737 803//736 
f 881//736 803//736 802//735 
f 879//734 880//735 802//735 
f 878//733 787//733 786//732 
f 877//732 786//732 785//731 
f 876//731 785//731 784//730 
f 875//730 784//730 764//729 
f 874//729 764//729 763//728 
f 873//728 763//728 753//727 
f 872//727 753//727 752//726 
f 871//726 752//726 751//725 
f 870//725 751//725 783//724 
f 869//724 783//724 782//723 
f 868//723 782//723 818//722 
f 867//722 818//722 817//721 
o mesh7
f 1970//867 1971//867 1972//867 
f 1973//867 1974//867 1975//867 
f 1974//867 1976//867 1977//867 
f 1975//867 1977//867 1978//867 
f 1979//867 1980//867 1981//867 
f 1982//867 1978//867 1983//867 
f 1984//867 1012//867 1013//867 
f 1984//867 1014//867 1012//867 
f 1984//867 1015//867 1014//867 
f 1985//867 1016//867 1017//867 
f 1985//867 1018//867 1019//867 
f 1984//867 1020//867 1015//867 
f 1984//867 1021//867 1022//867 
f 1019//867 1016//867 1985//867 
f 1985//867 1023//867 1024//867 
f 1986//867 1025//867 1026//867 
f 1986//867 1027//867 1028//867 
f 1022//867 1020//867 1984//867 
f 1984//867 1029//867 1030//867 
f 1024//867 1018//867 1985//867 
f 1028//867 1025//867 1986//867 
f 1984//867 1031//867 1032//867 
f 1030//867 1021//867 1984//867 
f 1984//867 1981//867 1033//867 
f 1981//867 1034//867 1035//867 
f 1017//867 1036//867 1985//867 
f 1026//867 1985//867 1986//867 
f 1986//867 1037//867 1038//867 
f 1986//867 1039//867 1040//867 
f 1984//867 1041//867 1031//867 
f 1984//867 1042//867 1043//867 
f 1033//867 1029//867 1984//867 
f 1981//867 1044//867 1034//867 
f 1026//867 1023//867 1985//867 
f 1040//867 1037//867 1986//867 
f 1986//867 1045//867 1046//867 
f 1043//867 1041//867 1984//867 
f 1035//867 1033//867 1981//867 
f 1981//867 1047//867 1048//867 
f 1985//867 1049//867 1050//867 
f 1036//867 1051//867 1985//867 
f 1986//867 1052//867 1039//867 
f 1986//867 1053//867 1045//867 
f 1013//867 1042//867 1984//867 
f 1981//867 1054//867 1047//867 
f 1981//867 1055//867 1056//867 
f 1981//867 1057//867 1058//867 
f 1985//867 1059//867 1060//867 
f 1985//867 1061//867 1062//867 
f 1985//867 1063//867 1064//867 
f 1051//867 1049//867 1985//867 
f 1046//867 1052//867 1986//867 
f 1986//867 1065//867 1066//867 
f 1986//867 1067//867 1068//867 
f 1984//867 1069//867 1070//867 
f 1984//867 1071//867 1072//867 
f 1048//867 1044//867 1981//867 
f 1056//867 1073//867 1981//867 
f 1058//867 1074//867 1981//867 
f 1981//867 1075//867 1076//867 
f 1060//867 1077//867 1985//867 
f 1985//867 1078//867 1079//867 
f 1985//867 1080//867 1081//867 
f 1985//867 1082//867 1061//867 
f 1064//867 1083//867 1985//867 
f 1038//867 1027//867 1986//867 
f 1986//867 1084//867 1065//867 
f 1068//867 1085//867 1986//867 
f 1984//867 1086//867 1087//867 
f 1070//867 1088//867 1984//867 
f 1984//867 1089//867 1090//867 
f 1984//867 1091//867 1071//867 
f 1984//867 1092//867 1093//867 
f 1984//867 1094//867 1095//867 
f 1073//867 1054//867 1981//867 
f 1981//867 1096//867 1097//867 
f 1076//867 1057//867 1981//867 
f 1079//867 1059//867 1985//867 
f 1081//867 1098//867 1985//867 
f 1083//867 1082//867 1985//867 
f 1986//867 1099//867 1053//867 
f 1085//867 1084//867 1986//867 
f 1986//867 1100//867 1101//867 
f 1986//867 1087//867 1102//867 
f 1984//867 1103//867 1086//867 
f 1090//867 1069//867 1984//867 
f 1984//867 1104//867 1105//867 
f 1984//867 1106//867 1091//867 
f 1093//867 1107//867 1984//867 
f 1984//867 1108//867 1109//867 
f 1984//867 1110//867 1094//867 
f 1097//867 1055//867 1981//867 
f 1981//867 1111//867 1075//867 
f 1981//867 1112//867 1113//867 
f 1981//867 1114//867 1115//867 
f 1981//867 1116//867 1117//867 
f 1985//867 1118//867 1119//867 
f 1077//867 1120//867 1985//867 
f 1062//867 1080//867 1985//867 
f 1985//867 1121//867 1122//867 
f 1066//867 1099//867 1986//867 
f 1986//867 1123//867 1124//867 
f 1101//867 1125//867 1986//867 
f 1986//867 1126//867 1127//867 
f 1986//867 1128//867 1129//867 
f 1986//867 1130//867 1131//867 
f 1087//867 1986//867 1984//867 
f 1105//867 1089//867 1984//867 
f 1107//867 1106//867 1984//867 
f 1109//867 1132//867 1984//867 
f 1032//867 1110//867 1984//867 
f 1113//867 1111//867 1981//867 
f 1115//867 1133//867 1981//867 
f 1117//867 1134//867 1981//867 
f 1985//867 1135//867 1136//867 
f 1985//867 1137//867 1138//867 
f 1119//867 1139//867 1985//867 
f 1985//867 1140//867 1141//867 
f 1098//867 1078//867 1985//867 
f 1985//867 1142//867 1121//867 
f 1986//867 1143//867 1067//867 
f 1986//867 1144//867 1145//867 
f 1124//867 1146//867 1986//867 
f 1127//867 1100//867 1986//867 
f 1129//867 1147//867 1986//867 
f 1131//867 1148//867 1986//867 
f 1088//867 1103//867 1984//867 
f 1132//867 1092//867 1984//867 
f 1074//867 1096//867 1981//867 
f 1134//867 1114//867 1981//867 
f 1136//867 1981//867 1985//867 
f 1139//867 1137//867 1985//867 
f 1120//867 1140//867 1985//867 
f 1985//867 1149//867 1150//867 
f 1050//867 1142//867 1985//867 
f 1986//867 1151//867 1144//867 
f 1125//867 1123//867 1986//867 
f 1148//867 1128//867 1986//867 
f 1072//867 1104//867 1984//867 
f 1133//867 1112//867 1981//867 
f 1981//867 1152//867 1153//867 
f 1138//867 1135//867 1985//867 
f 1150//867 1063//867 1985//867 
f 1145//867 1143//867 1986//867 
f 1986//867 1154//867 1155//867 
f 1147//867 1126//867 1986//867 
f 1095//867 1108//867 1984//867 
f 1136//867 1152//867 1981//867 
f 1122//867 1149//867 1985//867 
f 1146//867 1154//867 1986//867 
f 1153//867 1116//867 1981//867 
f 1155//867 1151//867 1986//867 
f 1141//867 1118//867 1985//867 
f 1986//867 1985//867 1987//867 
f 1972//867 1156//867 1157//867 
f 1972//867 1158//867 1156//867 
f 1972//867 1159//867 1160//867 
f 1972//867 1161//867 1162//867 
f 1972//867 1163//867 1158//867 
f 1162//867 1159//867 1972//867 
f 1972//867 1971//867 1164//867 
f 1160//867 1163//867 1972//867 
f 1164//867 1165//867 1972//867 
f 1165//867 1161//867 1972//867 
f 1971//867 1166//867 1167//867 
f 1971//867 1168//867 1169//867 
f 1971//867 1170//867 1171//867 
f 1972//867 1172//867 1173//867 
f 1972//867 1174//867 1175//867 
f 1167//867 1164//867 1971//867 
f 1171//867 1168//867 1971//867 
f 1972//867 1176//867 1177//867 
f 1175//867 1172//867 1972//867 
f 1169//867 1166//867 1971//867 
f 1972//867 1178//867 1176//867 
f 1972//867 1179//867 1180//867 
f 1972//867 1181//867 1182//867 
f 1157//867 1174//867 1972//867 
f 1180//867 1178//867 1972//867 
f 1173//867 1181//867 1972//867 
f 1182//867 1179//867 1972//867 
f 1988//867 1183//867 1184//867 
f 1989//867 1185//867 1186//867 
f 1989//867 1187//867 1188//867 
f 1988//867 1189//867 1183//867 
f 1988//867 1190//867 1191//867 
f 1988//867 1192//867 1193//867 
f 1988//867 1989//867 1194//867 
f 1188//867 1185//867 1989//867 
f 1988//867 1195//867 1196//867 
f 1988//867 1197//867 1198//867 
f 1191//867 1189//867 1988//867 
f 1193//867 1199//867 1988//867 
f 1988//867 1200//867 1201//867 
f 1988//867 1202//867 1203//867 
f 1989//867 1204//867 1194//867 
f 1989//867 1205//867 1206//867 
f 1186//867 1207//867 1989//867 
f 1989//867 1208//867 1209//867 
f 1196//867 1973//867 1988//867 
f 1184//867 1197//867 1988//867 
f 1988//867 1210//867 1192//867 
f 1988//867 1211//867 1212//867 
f 1988//867 1213//867 1214//867 
f 1988//867 1215//867 1200//867 
f 1203//867 1216//867 1988//867 
f 1206//867 1204//867 1989//867 
f 1209//867 1187//867 1989//867 
f 1989//867 1217//867 1218//867 
f 1973//867 1219//867 1220//867 
f 1198//867 1195//867 1988//867 
f 1212//867 1210//867 1988//867 
f 1988//867 1221//867 1222//867 
f 1214//867 1223//867 1988//867 
f 1201//867 1224//867 1988//867 
f 1216//867 1225//867 1988//867 
f 1207//867 1205//867 1989//867 
f 1218//867 1226//867 1989//867 
f 1973//867 1227//867 1228//867 
f 1973//867 1229//867 1219//867 
f 1199//867 1190//867 1988//867 
f 1223//867 1221//867 1988//867 
f 1225//867 1215//867 1988//867 
f 1226//867 1208//867 1989//867 
f 1220//867 1227//867 1973//867 
f 1222//867 1211//867 1988//867 
f 1988//867 1230//867 1231//867 
f 1194//867 1202//867 1988//867 
f 1196//867 1229//867 1973//867 
f 1224//867 1230//867 1988//867 
f 1231//867 1213//867 1988//867 
f 1989//867 1177//867 1232//867 
f 1232//867 1217//867 1989//867 
f 1990//867 932//867 931//867 
f 1990//867 929//867 928//867 
f 931//867 930//867 1990//867 
f 930//867 929//867 1990//867 
f 1990//867 934//867 933//867 
f 1990//867 937//867 936//867 
f 1980//867 941//867 940//867 
f 1980//867 949//867 948//867 
f 1980//867 951//867 950//867 
f 1979//867 990//867 989//867 
f 1990//867 926//867 925//867 
f 933//867 932//867 1990//867 
f 936//867 935//867 1990//867 
f 940//867 1990//867 1980//867 
f 1980//867 946//867 945//867 
f 950//867 949//867 1980//867 
f 1980//867 953//867 952//867 
f 1979//867 991//867 990//867 
f 1990//867 927//867 926//867 
f 935//867 934//867 1990//867 
f 1990//867 939//867 938//867 
f 1980//867 942//867 941//867 
f 1980//867 947//867 946//867 
f 952//867 951//867 1980//867 
f 1980//867 958//867 957//867 
f 1979//867 970//867 969//867 
f 1979//867 979//867 978//867 
f 1979//867 982//867 981//867 
f 989//867 988//867 1979//867 
f 928//867 927//867 1990//867 
f 940//867 939//867 1990//867 
f 1980//867 944//867 943//867 
f 948//867 947//867 1980//867 
f 957//867 956//867 1980//867 
f 1980//867 963//867 962//867 
f 1980//867 968//867 967//867 
f 969//867 1980//867 1979//867 
f 1979//867 973//867 972//867 
f 1979//867 980//867 979//867 
f 1979//867 983//867 982//867 
f 1979//867 987//867 986//867 
f 1979//867 992//867 991//867 
f 1979//867 995//867 994//867 
f 1991//867 884//867 883//867 
f 1991//867 887//867 886//867 
f 1990//867 909//867 908//867 
f 938//867 937//867 1990//867 
f 945//867 944//867 1980//867 
f 1980//867 959//867 958//867 
f 1980//867 961//867 960//867 
f 1980//867 964//867 963//867 
f 1980//867 966//867 965//867 
f 969//867 968//867 1980//867 
f 972//867 971//867 1979//867 
f 1979//867 975//867 974//867 
f 1979//867 977//867 976//867 
f 981//867 980//867 1979//867 
f 1979//867 985//867 984//867 
f 988//867 987//867 1979//867 
f 994//867 993//867 1979//867 
f 1991//867 885//867 884//867 
f 1991//867 888//867 887//867 
f 1991//867 907//867 906//867 
f 908//867 1991//867 1990//867 
f 1990//867 911//867 910//867 
f 1990//867 917//867 916//867 
f 943//867 942//867 1980//867 
f 1980//867 955//867 954//867 
f 960//867 959//867 1980//867 
f 965//867 964//867 1980//867 
f 971//867 970//867 1979//867 
f 976//867 975//867 1979//867 
f 984//867 983//867 1979//867 
f 993//867 992//867 1979//867 
f 1991//867 882//867 881//867 
f 886//867 885//867 1991//867 
f 908//867 907//867 1991//867 
f 1990//867 912//867 911//867 
f 1990//867 914//867 913//867 
f 916//867 915//867 1990//867 
f 954//867 953//867 1980//867 
f 962//867 961//867 1980//867 
f 974//867 973//867 1979//867 
f 986//867 985//867 1979//867 
f 1979//867 998//867 997//867 
f 883//867 882//867 1991//867 
f 1991//867 890//867 889//867 
f 1991//867 892//867 891//867 
f 1991//867 897//867 896//867 
f 1991//867 899//867 898//867 
f 1991//867 901//867 900//867 
f 910//867 909//867 1990//867 
f 915//867 914//867 1990//867 
f 1990//867 919//867 918//867 
f 956//867 955//867 1980//867 
f 978//867 977//867 1979//867 
f 997//867 996//867 1979//867 
f 881//867 880//867 1991//867 
f 891//867 890//867 1991//867 
f 896//867 895//867 1991//867 
f 900//867 899//867 1991//867 
f 1991//867 905//867 904//867 
f 913//867 912//867 1990//867 
f 1990//867 920//867 919//867 
f 1990//867 922//867 921//867 
f 967//867 966//867 1980//867 
f 1979//867 999//867 998//867 
f 889//867 888//867 1991//867 
f 1991//867 894//867 893//867 
f 898//867 897//867 1991//867 
f 1991//867 903//867 902//867 
f 906//867 905//867 1991//867 
f 921//867 920//867 1990//867 
f 1990//867 924//867 923//867 
f 996//867 995//867 1979//867 
f 893//867 892//867 1991//867 
f 902//867 901//867 1991//867 
f 918//867 917//867 1990//867 
f 925//867 924//867 1990//867 
f 895//867 894//867 1991//867 
f 923//867 922//867 1990//867 
f 904//867 903//867 1991//867 
f 1992//867 1233//867 1234//867 
f 1233//867 1235//867 1236//867 
f 1235//867 1237//867 1238//867 
f 1235//867 1239//867 1240//867 
f 1235//867 1241//867 1242//867 
f 1235//867 1243//867 1244//867 
f 1235//867 1245//867 1246//867 
f 1233//867 1247//867 1234//867 
f 1233//867 1248//867 1249//867 
f 1233//867 1250//867 1251//867 
f 1233//867 1252//867 1253//867 
f 1236//867 1254//867 1233//867 
f 1235//867 1255//867 1256//867 
f 1240//867 1237//867 1235//867 
f 1244//867 1241//867 1235//867 
f 1246//867 1257//867 1235//867 
f 1233//867 1258//867 1247//867 
f 1251//867 1248//867 1233//867 
f 1253//867 1259//867 1233//867 
f 1233//867 1260//867 1261//867 
f 1256//867 1236//867 1235//867 
f 1242//867 1239//867 1235//867 
f 1257//867 1262//867 1235//867 
f 1235//867 1263//867 1264//867 
f 1983//867 1265//867 1266//867 
f 1983//867 1267//867 1268//867 
f 1249//867 1258//867 1233//867 
f 1261//867 1252//867 1233//867 
f 1233//867 1269//867 1270//867 
f 1233//867 1271//867 1272//867 
f 1254//867 1273//867 1233//867 
f 1262//867 1243//867 1235//867 
f 1264//867 1274//867 1235//867 
f 1235//867 1266//867 1275//867 
f 1268//867 1265//867 1983//867 
f 1992//867 1276//867 1277//867 
f 1259//867 1250//867 1233//867 
f 1233//867 1278//867 1279//867 
f 1270//867 1280//867 1233//867 
f 1272//867 1281//867 1233//867 
f 1238//867 1255//867 1235//867 
f 1235//867 1282//867 1263//867 
f 1266//867 1235//867 1983//867 
f 1234//867 1276//867 1992//867 
f 1280//867 1278//867 1233//867 
f 1273//867 1271//867 1233//867 
f 1275//867 1282//867 1235//867 
f 1279//867 1260//867 1233//867 
f 1274//867 1245//867 1235//867 
f 1993//867 1983//867 1235//867 
f 1281//867 1269//867 1233//867 
f 1277//867 1283//867 1992//867 
f 1994//867 1993//867 1284//867 
f 1995//867 1994//867 1285//867 
f 1996//867 1995//867 1286//867 
f 1985//867 1981//867 1287//867 
f 1996//867 1288//867 1287//867 
f 1287//867 1981//867 1996//867 
f 1997//867 1987//867 1289//867 
f 1985//867 1290//867 1289//867 
f 1289//867 1987//867 1985//867 
f 1291//867 1292//867 1998//867 
f 1292//867 1293//867 1999//867 
f 1293//867 1294//867 2000//867 
f 1992//867 2001//867 1295//867 
f 2000//867 1294//867 1295//867 
f 1295//867 2001//867 2000//867 
f 1296//867 1297//867 1995//867 
f 1297//867 1298//867 1994//867 
f 1982//867 1993//867 1299//867 
f 1994//867 1298//867 1299//867 
f 1299//867 1993//867 1994//867 
f 1988//867 1975//867 1300//867 
f 1982//867 1301//867 1300//867 
f 1300//867 1975//867 1982//867 
f 1989//867 1988//867 1302//867 
f 1972//867 1989//867 1303//867 
f 1980//867 1990//867 1304//867 
f 1972//867 1305//867 1304//867 
f 1304//867 1990//867 1972//867 
f 1996//867 1981//867 1306//867 
f 1980//867 1307//867 1306//867 
f 1306//867 1981//867 1980//867 
f 1973//867 1308//867 1309//867 
f 1973//867 1310//867 1308//867 
f 1973//867 1311//867 1310//867 
f 1973//867 1312//867 1311//867 
f 1973//867 1313//867 1312//867 
f 1974//867 1314//867 1315//867 
f 1974//867 1316//867 1314//867 
f 1315//867 1317//867 1974//867 
f 1974//867 1318//867 1316//867 
f 1317//867 1319//867 1974//867 
f 1974//867 1309//867 1318//867 
f 1319//867 1320//867 1974//867 
f 1974//867 1321//867 1322//867 
f 1320//867 1323//867 1974//867 
f 1323//867 1321//867 1974//867 
f 1976//867 1322//867 1324//867 
f 1976//867 1325//867 1326//867 
f 1976//867 1327//867 1328//867 
f 1977//867 1329//867 1330//867 
f 1328//867 1325//867 1976//867 
f 1976//867 1331//867 1332//867 
f 1976//867 1333//867 1334//867 
f 1335//867 1336//867 1337//867 
f 1335//867 1338//867 1339//867 
f 1335//867 1340//867 1341//867 
f 1977//867 1342//867 1329//867 
f 1977//867 1976//867 1343//867 
f 1976//867 1344//867 1327//867 
f 1332//867 1345//867 1976//867 
f 1334//867 1346//867 1976//867 
f 1333//867 1347//867 1348//867 
f 1347//867 1333//867 1349//867 
f 1349//867 1350//867 1351//867 
f 1335//867 1352//867 1353//867 
f 1339//867 1336//867 1335//867 
f 1335//867 1354//867 1340//867 
f 1335//867 1355//867 1356//867 
f 1330//867 1357//867 1977//867 
f 1976//867 1358//867 1343//867 
f 1976//867 1359//867 1360//867 
f 1345//867 1344//867 1976//867 
f 1346//867 1361//867 1976//867 
f 1349//867 1362//867 1347//867 
f 1351//867 1363//867 1349//867 
f 1335//867 1364//867 1352//867 
f 1337//867 1365//867 1335//867 
f 1356//867 1354//867 1335//867 
f 1343//867 1342//867 1977//867 
f 1976//867 1366//867 1367//867 
f 1326//867 1359//867 1976//867 
f 1361//867 1368//867 1976//867 
f 1333//867 1369//867 1370//867 
f 1349//867 1371//867 1362//867 
f 1363//867 1372//867 1349//867 
f 1349//867 1373//867 1374//867 
f 1349//867 1335//867 1375//867 
f 1365//867 1364//867 1335//867 
f 1335//867 1376//867 1377//867 
f 1335//867 1378//867 1379//867 
f 1335//867 1380//867 1355//867 
f 1367//867 1358//867 1976//867 
f 1368//867 1331//867 1976//867 
f 1333//867 1381//867 1382//867 
f 1348//867 1369//867 1333//867 
f 1374//867 1350//867 1349//867 
f 1349//867 1383//867 1384//867 
f 1375//867 1385//867 1349//867 
f 1335//867 1386//867 1387//867 
f 1377//867 1338//867 1335//867 
f 1341//867 1378//867 1335//867 
f 1360//867 1366//867 1976//867 
f 1370//867 1381//867 1333//867 
f 1384//867 1373//867 1349//867 
f 1387//867 1375//867 1335//867 
f 1379//867 1376//867 1335//867 
f 1388//867 1389//867 1380//867 
f 1357//867 1390//867 1977//867 
f 1372//867 1371//867 1349//867 
f 1353//867 1386//867 1335//867 
f 1380//867 1335//867 1391//867 
f 1382//867 1334//867 1333//867 
f 1380//867 1391//867 1388//867 
f 1385//867 1383//867 1349//867 
f 1392//867 1393//867 1394//867 
f 1395//867 1396//867 1392//867 
f 1395//867 1397//867 1398//867 
f 1399//867 1400//867 1395//867 
f 1401//867 1402//867 1403//867 
f 1394//867 1395//867 1392//867 
f 1395//867 1404//867 1397//867 
f 1395//867 1405//867 1399//867 
f 1401//867 1406//867 1402//867 
f 1978//867 1407//867 1408//867 
f 1395//867 1409//867 1396//867 
f 1400//867 1404//867 1395//867 
f 1410//867 1411//867 1405//867 
f 1403//867 1412//867 1401//867 
f 1401//867 1413//867 1414//867 
f 1401//867 1978//867 1415//867 
f 1978//867 1416//867 1407//867 
f 1978//867 1417//867 1418//867 
f 1419//867 1420//867 1388//867 
f 1394//867 1421//867 1422//867 
f 1393//867 1423//867 1394//867 
f 1405//867 1424//867 1399//867 
f 1405//867 1401//867 1410//867 
f 1401//867 1425//867 1406//867 
f 1414//867 1426//867 1401//867 
f 1415//867 1427//867 1401//867 
f 1978//867 1428//867 1416//867 
f 1978//867 1429//867 1430//867 
f 1978//867 1431//867 1417//867 
f 1978//867 1432//867 1433//867 
f 1978//867 1434//867 1435//867 
f 1388//867 1394//867 1419//867 
f 1394//867 1436//867 1421//867 
f 1398//867 1409//867 1395//867 
f 1411//867 1437//867 1405//867 
f 1401//867 1438//867 1439//867 
f 1426//867 1425//867 1401//867 
f 1401//867 1440//867 1441//867 
f 1408//867 1415//867 1978//867 
f 1430//867 1442//867 1978//867 
f 1433//867 1431//867 1978//867 
f 1435//867 1443//867 1978//867 
f 1422//867 1419//867 1394//867 
f 1437//867 1424//867 1405//867 
f 1401//867 1444//867 1445//867 
f 1412//867 1438//867 1401//867 
f 1427//867 1440//867 1401//867 
f 1442//867 1446//867 1978//867 
f 1418//867 1447//867 1978//867 
f 1978//867 1448//867 1434//867 
f 1978//867 1449//867 1450//867 
f 1978//867 1451//867 1452//867 
f 1977//867 1453//867 1454//867 
f 1388//867 1455//867 1456//867 
f 1423//867 1436//867 1394//867 
f 1439//867 1444//867 1401//867 
f 1446//867 1428//867 1978//867 
f 1978//867 1457//867 1458//867 
f 1443//867 1432//867 1978//867 
f 1452//867 1449//867 1978//867 
f 1977//867 1459//867 1460//867 
f 1454//867 1461//867 1977//867 
f 1388//867 1462//867 1455//867 
f 1445//867 1410//867 1401//867 
f 1458//867 1429//867 1978//867 
f 1978//867 1463//867 1464//867 
f 1978//867 1465//867 1466//867 
f 1978//867 1467//867 1468//867 
f 1978//867 1469//867 1470//867 
f 1450//867 1448//867 1978//867 
f 1977//867 1471//867 1451//867 
f 1977//867 1472//867 1473//867 
f 1977//867 1474//867 1459//867 
f 1461//867 1475//867 1977//867 
f 1420//867 1462//867 1388//867 
f 1464//867 1457//867 1978//867 
f 1468//867 1465//867 1978//867 
f 1447//867 1469//867 1978//867 
f 1977//867 1476//867 1471//867 
f 1977//867 1477//867 1472//867 
f 1977//867 1478//867 1479//867 
f 1475//867 1474//867 1977//867 
f 1441//867 1413//867 1401//867 
f 1470//867 1467//867 1978//867 
f 1473//867 1476//867 1977//867 
f 1460//867 1478//867 1977//867 
f 1466//867 1463//867 1978//867 
f 1479//867 1477//867 1977//867 
f 1451//867 1978//867 1977//867 
f 1983//867 1978//867 1401//867 
f 1401//867 1480//867 1983//867 
f 1480//867 1481//867 1983//867 
f 1481//867 1482//867 1983//867 
f 1482//867 1483//867 1983//867 
f 1483//867 1484//867 1983//867 
f 1485//867 1486//867 1487//867 
f 1486//867 1488//867 1489//867 
f 1490//867 1485//867 1491//867 
f 1489//867 1487//867 1486//867 
f 1492//867 1493//867 1489//867 
f 1992//867 1494//867 1495//867 
f 1496//867 1497//867 1498//867 
f 1497//867 1490//867 1499//867 
f 1487//867 1491//867 1485//867 
f 1492//867 1500//867 1493//867 
f 1495//867 1492//867 1992//867 
f 1983//867 1501//867 1502//867 
f 1983//867 1503//867 1504//867 
f 1499//867 1498//867 1497//867 
f 1489//867 1488//867 1492//867 
f 1495//867 1505//867 1492//867 
f 1983//867 1506//867 1501//867 
f 1983//867 1507//867 1503//867 
f 1983//867 1508//867 1509//867 
f 1983//867 1510//867 1511//867 
f 1491//867 1499//867 1490//867 
f 1492//867 1512//867 1513//867 
f 1992//867 1514//867 1494//867 
f 1992//867 1515//867 1516//867 
f 1992//867 1517//867 1518//867 
f 1983//867 1519//867 1506//867 
f 1509//867 1507//867 1983//867 
f 1511//867 1520//867 1983//867 
f 1983//867 1521//867 1522//867 
f 1523//867 1496//867 1524//867 
f 1492//867 1525//867 1500//867 
f 1492//867 1526//867 1527//867 
f 1492//867 1528//867 1529//867 
f 1505//867 1512//867 1492//867 
f 1518//867 1515//867 1992//867 
f 1992//867 1530//867 1531//867 
f 1992//867 1532//867 1533//867 
f 1504//867 1519//867 1983//867 
f 1522//867 1510//867 1983//867 
f 1534//867 1535//867 1536//867 
f 1537//867 1538//867 1539//867 
f 1538//867 1523//867 1540//867 
f 1498//867 1524//867 1496//867 
f 1492//867 1541//867 1542//867 
f 1492//867 1543//867 1526//867 
f 1492//867 1544//867 1545//867 
f 1492//867 1546//867 1547//867 
f 1529//867 1548//867 1492//867 
f 1516//867 1514//867 1992//867 
f 1992//867 1549//867 1530//867 
f 1992//867 1550//867 1532//867 
f 1992//867 1551//867 1552//867 
f 1983//867 1553//867 1554//867 
f 1520//867 1508//867 1983//867 
f 1536//867 1983//867 1534//867 
f 1555//867 1556//867 1557//867 
f 1556//867 1558//867 1559//867 
f 1558//867 1537//867 1560//867 
f 1540//867 1539//867 1538//867 
f 1542//867 1525//867 1492//867 
f 1545//867 1543//867 1492//867 
f 1492//867 1561//867 1562//867 
f 1548//867 1546//867 1492//867 
f 1531//867 1517//867 1992//867 
f 1552//867 1550//867 1992//867 
f 1992//867 1563//867 1564//867 
f 1502//867 1553//867 1983//867 
f 1534//867 1565//867 1535//867 
f 1566//867 1567//867 1568//867 
f 1566//867 1569//867 1570//867 
f 1566//867 1571//867 1572//867 
f 1566//867 1555//867 1573//867 
f 1559//867 1557//867 1556//867 
f 1539//867 1560//867 1537//867 
f 1527//867 1541//867 1492//867 
f 1492//867 1574//867 1575//867 
f 1492//867 1576//867 1577//867 
f 1547//867 1561//867 1492//867 
f 1533//867 1549//867 1992//867 
f 1992//867 1578//867 1563//867 
f 1983//867 1579//867 1580//867 
f 1536//867 1521//867 1983//867 
f 1534//867 1581//867 1582//867 
f 1534//867 1583//867 1584//867 
f 1585//867 1566//867 1586//867 
f 1570//867 1567//867 1566//867 
f 1572//867 1587//867 1566//867 
f 1557//867 1573//867 1555//867 
f 1524//867 1540//867 1523//867 
f 1492//867 1588//867 1589//867 
f 1577//867 1574//867 1492//867 
f 1513//867 1528//867 1492//867 
f 1992//867 1283//867 1578//867 
f 1983//867 1590//867 1591//867 
f 1554//867 1579//867 1983//867 
f 1534//867 1592//867 1593//867 
f 1584//867 1581//867 1534//867 
f 1534//867 1594//867 1595//867 
f 1534//867 1596//867 1597//867 
f 1596//867 1598//867 1585//867 
f 1587//867 1569//867 1566//867 
f 1560//867 1559//867 1558//867 
f 1575//867 1588//867 1492//867 
f 1564//867 1551//867 1992//867 
f 1580//867 1590//867 1983//867 
f 1582//867 1592//867 1534//867 
f 1597//867 1594//867 1534//867 
f 1596//867 1534//867 1598//867 
f 1573//867 1571//867 1566//867 
f 1562//867 1576//867 1492//867 
f 1593//867 1565//867 1534//867 
f 1586//867 1596//867 1585//867 
f 1589//867 1544//867 1492//867 
f 1595//867 1583//867 1534//867 
f 1591//867 1267//867 1983//867 
f 1992//867 1599//867 1600//867 
f 1992//867 1601//867 1602//867 
f 1992//867 1603//867 1604//867 
f 1992//867 1605//867 1599//867 
f 1992//867 1606//867 1607//867 
f 1604//867 1601//867 1992//867 
f 1607//867 1605//867 1992//867 
f 1992//867 1608//867 1609//867 
f 1600//867 1603//867 1992//867 
f 1992//867 1492//867 1608//867 
f 1609//867 1606//867 1992//867 
f 2001//867 1610//867 1611//867 
f 2001//867 1612//867 1613//867 
f 2001//867 1614//867 1615//867 
f 2001//867 1616//867 1610//867 
f 2001//867 1617//867 1618//867 
f 2001//867 1619//867 1612//867 
f 2001//867 1620//867 1614//867 
f 2001//867 1621//867 1622//867 
f 1618//867 1616//867 2001//867 
f 1613//867 1623//867 2001//867 
f 1622//867 1620//867 2001//867 
f 2001//867 1624//867 1625//867 
f 1623//867 1617//867 2001//867 
f 2001//867 1626//867 1627//867 
f 1625//867 1621//867 2001//867 
f 1627//867 1619//867 2001//867 
f 2001//867 1628//867 1629//867 
f 2001//867 1602//867 1630//867 
f 1611//867 1624//867 2001//867 
f 1630//867 1628//867 2001//867 
f 1629//867 1626//867 2001//867 
f 1615//867 1631//867 2001//867 
f 2000//867 1632//867 1633//867 
f 1633//867 1634//867 2000//867 
f 2001//867 1635//867 1632//867 
f 1632//867 2000//867 2001//867 
f 2001//867 1636//867 1635//867 
f 1999//867 1637//867 1638//867 
f 2000//867 1639//867 1637//867 
f 1637//867 1999//867 2000//867 
f 1998//867 1640//867 1641//867 
f 1998//867 1642//867 1643//867 
f 1998//867 1644//867 1645//867 
f 1998//867 1646//867 1647//867 
f 1641//867 1648//867 1998//867 
f 1998//867 1649//867 1650//867 
f 1643//867 1651//867 1998//867 
f 1998//867 1652//867 1653//867 
f 1998//867 1654//867 1655//867 
f 1998//867 1656//867 1657//867 
f 1998//867 1658//867 1659//867 
f 1998//867 1660//867 1661//867 
f 1645//867 1662//867 1998//867 
f 1998//867 1663//867 1664//867 
f 1998//867 1665//867 1666//867 
f 1998//867 1667//867 1668//867 
f 1998//867 1669//867 1646//867 
f 1998//867 1670//867 1671//867 
f 1998//867 1672//867 1640//867 
f 1998//867 1673//867 1674//867 
f 1651//867 1649//867 1998//867 
f 1653//867 1675//867 1998//867 
f 1998//867 1676//867 1677//867 
f 1998//867 1678//867 1679//867 
f 1998//867 1680//867 1654//867 
f 1998//867 1681//867 1656//867 
f 1682//867 1683//867 1684//867 
f 1682//867 1685//867 1686//867 
f 1682//867 1687//867 1688//867 
f 1689//867 1690//867 1691//867 
f 1659//867 1692//867 1998//867 
f 1662//867 1660//867 1998//867 
f 1664//867 1693//867 1998//867 
f 1998//867 1694//867 1695//867 
f 1666//867 1696//867 1998//867 
f 1998//867 1697//867 1667//867 
f 1671//867 1669//867 1998//867 
f 1674//867 1672//867 1998//867 
f 1675//867 1642//867 1998//867 
f 1998//867 1698//867 1676//867 
f 1998//867 1699//867 1678//867 
f 1657//867 1680//867 1998//867 
f 1998//867 1700//867 1701//867 
f 1684//867 1702//867 1682//867 
f 1686//867 1703//867 1682//867 
f 1682//867 1704//867 1705//867 
f 1682//867 1706//867 1707//867 
f 1682//867 1708//867 1709//867 
f 1688//867 1710//867 1682//867 
f 1689//867 1711//867 1712//867 
f 1689//867 1713//867 1714//867 
f 1689//867 1715//867 1690//867 
f 1689//867 1716//867 1717//867 
f 1659//867 1718//867 1692//867 
f 1693//867 1644//867 1998//867 
f 1695//867 1719//867 1998//867 
f 1668//867 1665//867 1998//867 
f 1648//867 1670//867 1998//867 
f 1998//867 1720//867 1721//867 
f 1677//867 1652//867 1998//867 
f 1655//867 1699//867 1998//867 
f 1998//867 1722//867 1700//867 
f 1703//867 1683//867 1682//867 
f 1705//867 1723//867 1682//867 
f 1707//867 1724//867 1682//867 
f 1682//867 1725//867 1708//867 
f 1682//867 1726//867 1727//867 
f 1682//867 1728//867 1729//867 
f 1682//867 1730//867 1687//867 
f 1682//867 1731//867 1732//867 
f 1712//867 1733//867 1734//867 
f 1689//867 1735//867 1736//867 
f 1689//867 1737//867 1738//867 
f 1689//867 1739//867 1740//867 
f 1689//867 1741//867 1742//867 
f 1689//867 1743//867 1713//867 
f 1717//867 1715//867 1689//867 
f 1689//867 1744//867 1745//867 
f 1746//867 1747//867 1748//867 
f 1692//867 1749//867 1750//867 
f 1718//867 1751//867 1692//867 
f 1719//867 1663//867 1998//867 
f 1647//867 1697//867 1998//867 
f 1998//867 1752//867 1753//867 
f 1721//867 1754//867 1998//867 
f 1650//867 1755//867 1998//867 
f 1701//867 1681//867 1998//867 
f 1682//867 1756//867 1757//867 
f 1723//867 1685//867 1682//867 
f 1709//867 1706//867 1682//867 
f 1729//867 1726//867 1682//867 
f 1732//867 1730//867 1682//867 
f 1712//867 1758//867 1733//867 
f 1689//867 1759//867 1735//867 
f 1689//867 1760//867 1761//867 
f 1738//867 1762//867 1689//867 
f 1740//867 1763//867 1689//867 
f 1689//867 1764//867 1741//867 
f 1691//867 1743//867 1689//867 
f 1689//867 1765//867 1744//867 
f 1748//867 1766//867 1746//867 
f 1751//867 1749//867 1692//867 
f 1696//867 1694//867 1998//867 
f 1754//867 1752//867 1998//867 
f 1679//867 1698//867 1998//867 
f 1999//867 1767//867 1768//867 
f 1999//867 1769//867 1770//867 
f 1682//867 1771//867 1772//867 
f 1702//867 1756//867 1682//867 
f 1682//867 1773//867 1725//867 
f 1710//867 1728//867 1682//867 
f 1712//867 1774//867 1758//867 
f 1712//867 1682//867 1775//867 
f 1689//867 1776//867 1777//867 
f 1736//867 1778//867 1689//867 
f 1762//867 1760//867 1689//867 
f 1689//867 1779//867 1739//867 
f 1689//867 1780//867 1781//867 
f 1714//867 1764//867 1689//867 
f 1689//867 1782//867 1765//867 
f 1689//867 1746//867 1783//867 
f 1766//867 1784//867 1746//867 
f 1661//867 1658//867 1998//867 
f 1998//867 1785//867 1786//867 
f 1755//867 1720//867 1998//867 
f 1999//867 1787//867 1722//867 
f 1770//867 1767//867 1999//867 
f 1757//867 1771//867 1682//867 
f 1727//867 1773//867 1682//867 
f 1775//867 1774//867 1712//867 
f 1778//867 1776//867 1689//867 
f 1763//867 1737//867 1689//867 
f 1742//867 1780//867 1689//867 
f 1783//867 1782//867 1689//867 
f 1784//867 1788//867 1746//867 
f 1750//867 1789//867 1692//867 
f 1753//867 1785//867 1998//867 
f 1768//867 1787//867 1999//867 
f 1999//867 1790//867 1791//867 
f 1682//867 1792//867 1793//867 
f 1724//867 1704//867 1682//867 
f 1712//867 1734//867 1689//867 
f 1761//867 1759//867 1689//867 
f 1745//867 1716//867 1689//867 
f 1746//867 1794//867 1747//867 
f 1786//867 1673//867 1998//867 
f 1791//867 1769//867 1999//867 
f 1999//867 1795//867 1796//867 
f 1793//867 1999//867 1682//867 
f 1712//867 1731//867 1682//867 
f 1781//867 1779//867 1689//867 
f 1692//867 1797//867 1746//867 
f 1722//867 1998//867 1999//867 
f 1793//867 1795//867 1999//867 
f 1777//867 1711//867 1689//867 
f 1788//867 1692//867 1746//867 
f 1796//867 1790//867 1999//867 
f 1746//867 1689//867 1794//867 
f 1772//867 1792//867 1682//867 
f 1998//867 1798//867 1799//867 
f 1998//867 1692//867 1798//867 
f 1997//867 1800//867 1801//867 
f 1801//867 1987//867 1997//867 
f 1997//867 1802//867 1800//867 
f 1801//867 1803//867 1987//867 
f 1997//867 1799//867 1804//867 
f 1804//867 1802//867 1997//867 
f 2002//867 1805//867 1806//867 
f 1806//867 1807//867 2002//867 
f 1807//867 1808//867 2002//867 
f 1987//867 1809//867 1805//867 
f 1805//867 2002//867 1987//867 
f 1987//867 1810//867 1809//867 
f 2002//867 1811//867 1812//867 
f 2002//867 1813//867 1811//867 
f 2002//867 1814//867 1815//867 
f 1815//867 1813//867 2002//867 
f 2002//867 1816//867 1814//867 
f 2002//867 1817//867 1818//867 
f 2002//867 1819//867 1820//867 
f 1812//867 1821//867 2002//867 
f 2002//867 1822//867 1817//867 
f 2002//867 1823//867 1819//867 
f 2002//867 1824//867 1825//867 
f 1818//867 1816//867 2002//867 
f 1825//867 1823//867 2002//867 
f 2002//867 1826//867 1827//867 
f 1820//867 1822//867 2002//867 
f 2002//867 1828//867 1826//867 
f 1827//867 1824//867 2002//867 
f 2002//867 1829//867 1828//867 
f 1986//867 1830//867 1831//867 
f 1986//867 1832//867 1833//867 
f 1986//867 1834//867 1830//867 
f 1986//867 1835//867 1836//867 
f 1986//867 1837//867 1832//867 
f 1836//867 1834//867 1986//867 
f 1986//867 1838//867 1837//867 
f 1986//867 2002//867 1839//867 
f 1833//867 1835//867 1986//867 
f 1839//867 1840//867 1986//867 
f 1840//867 1838//867 1986//867 
f 1986//867 1841//867 1842//867 
f 1986//867 1843//867 1844//867 
f 1986//867 1845//867 1841//867 
f 1986//867 1846//867 1847//867 
f 1986//867 1848//867 1843//867 
f 1986//867 1849//867 1845//867 
f 1844//867 1846//867 1986//867 
f 1986//867 1850//867 1851//867 
f 1847//867 1849//867 1986//867 
f 1986//867 1852//867 1853//867 
f 1986//867 1854//867 1850//867 
f 1853//867 1848//867 1986//867 
f 1986//867 1855//867 1856//867 
f 1851//867 1984//867 1986//867 
f 1856//867 1852//867 1986//867 
f 1842//867 1854//867 1986//867 
f 1984//867 1857//867 1858//867 
f 1984//867 1859//867 1857//867 
f 1984//867 1860//867 1859//867 
f 1984//867 1861//867 1860//867 
f 1984//867 1862//867 1861//867 
f 1984//867 1863//867 1862//867 
f 1009//867 1864//867 1865//867 
f 1864//867 1007//867 1006//867 
f 1865//867 1010//867 1009//867 
f 1865//867 868//867 867//867 
f 1865//867 1866//867 873//867 
f 1858//867 1000//867 999//867 
f 1006//867 1005//867 1864//867 
f 1009//867 1008//867 1864//867 
f 1865//867 866//867 1011//867 
f 1865//867 869//867 868//867 
f 873//867 872//867 1865//867 
f 879//867 1866//867 1867//867 
f 1858//867 1001//867 1000//867 
f 1003//867 1858//867 1864//867 
f 1008//867 1007//867 1864//867 
f 867//867 866//867 1865//867 
f 1865//867 871//867 870//867 
f 1866//867 874//867 873//867 
f 1867//867 1991//867 879//867 
f 1858//867 1002//867 1001//867 
f 1864//867 1004//867 1003//867 
f 1011//867 1010//867 1865//867 
f 872//867 871//867 1865//867 
f 879//867 878//867 1866//867 
f 1003//867 1002//867 1858//867 
f 870//867 869//867 1865//867 
f 1866//867 876//867 875//867 
f 878//867 877//867 1866//867 
f 1005//867 1004//867 1864//867 
f 877//867 876//867 1866//867 
f 875//867 874//867 1866//867 
f 1991//867 1867//867 1868//867 
f 1868//867 1869//867 1991//867 
f 1990//867 1870//867 1871//867 
f 1990//867 1991//867 1872//867 
f 1872//867 1870//867 1990//867 
f 1970//867 1873//867 1874//867 
f 1970//867 1875//867 1873//867 
f 1970//867 1876//867 1875//867 
f 1970//867 1877//867 1876//867 
f 1970//867 1871//867 1877//867 
f 1971//867 1878//867 1879//867 
f 1879//867 1880//867 1971//867 
f 1971//867 1970//867 1881//867 
f 1881//867 1878//867 1971//867 
f 1880//867 1882//867 1971//867 
f 1882//867 1883//867 1971//867 
f 1883//867 1884//867 1971//867 
f 1884//867 1885//867 1971//867 
f 1885//867 1886//867 1971//867 
f 1886//867 1887//867 1971//867 
f 1888//867 1889//867 1890//867 
f 1888//867 1891//867 1889//867 
f 1888//867 1892//867 1893//867 
f 1971//867 1894//867 1895//867 
f 1888//867 1896//867 1894//867 
f 1888//867 1897//867 1891//867 
f 1888//867 1898//867 1899//867 
f 1888//867 1900//867 1892//867 
f 1888//867 1901//867 1902//867 
f 1971//867 1903//867 1904//867 
f 1971//867 1905//867 1906//867 
f 1894//867 1971//867 1888//867 
f 1888//867 1907//867 1897//867 
f 1893//867 1898//867 1888//867 
f 1902//867 1908//867 1888//867 
f 1904//867 1909//867 1971//867 
f 1895//867 1905//867 1971//867 
f 1899//867 1907//867 1888//867 
f 1908//867 1910//867 1888//867 
f 1888//867 1911//867 1912//867 
f 1906//867 1903//867 1971//867 
f 1910//867 1900//867 1888//867 
f 1912//867 1901//867 1888//867 
f 1890//867 1896//867 1888//867 
f 1911//867 1913//867 1912//867 
f 1913//867 1914//867 1912//867 
f 1915//867 1916//867 1914//867 
f 1917//867 1918//867 1919//867 
f 1914//867 1920//867 1915//867 
f 1921//867 1922//867 1915//867 
f 1923//867 1924//867 1925//867 
f 1313//867 1926//867 1917//867 
f 1915//867 1920//867 1921//867 
f 1927//867 1928//867 1922//867 
f 1927//867 1929//867 1930//867 
f 1929//867 1931//867 1932//867 
f 1925//867 1931//867 1923//867 
f 1919//867 1918//867 1924//867 
f 1313//867 1933//867 1926//867 
f 1916//867 1934//867 1914//867 
f 1930//867 1928//867 1927//867 
f 1925//867 1932//867 1931//867 
f 1919//867 1313//867 1917//867 
f 1914//867 1935//867 1936//867 
f 1914//867 1937//867 1938//867 
f 1922//867 1921//867 1927//867 
f 1924//867 1923//867 1919//867 
f 1914//867 1939//867 1940//867 
f 1914//867 1941//867 1935//867 
f 1938//867 1942//867 1914//867 
f 1932//867 1930//867 1929//867 
f 1313//867 1943//867 1944//867 
f 1313//867 1945//867 1946//867 
f 1973//867 1947//867 1948//867 
f 1936//867 1939//867 1914//867 
f 1934//867 1937//867 1914//867 
f 1313//867 1949//867 1950//867 
f 1313//867 1951//867 1952//867 
f 1313//867 1953//867 1943//867 
f 1313//867 1954//867 1955//867 
f 1313//867 1956//867 1957//867 
f 1946//867 1958//867 1313//867 
f 1313//867 1959//867 1960//867 
f 1313//867 1961//867 1962//867 
f 1973//867 1963//867 1961//867 
f 1973//867 1964//867 1965//867 
f 1973//867 1966//867 1947//867 
f 1942//867 1941//867 1914//867 
f 1952//867 1949//867 1313//867 
f 1313//867 1967//867 1953//867 
f 1957//867 1954//867 1313//867 
f 1313//867 1968//867 1945//867 
f 1960//867 1969//867 1313//867 
f 1961//867 1313//867 1973//867 
f 1948//867 1964//867 1973//867 
f 1950//867 1933//867 1313//867 
f 1955//867 1967//867 1313//867 
f 1969//867 1968//867 1313//867 
f 1965//867 1963//867 1973//867 
f 1944//867 1951//867 1313//867 
f 1962//867 1959//867 1313//867 
f 1958//867 1956//867 1313//867 
f 1940//867 1912//867 1914//867 
f 1909//867 1170//867 1971//867 
f 1887//867 1888//867 1971//867 
f 1874//867 1881//867 1970//867 
f 1871//867 1970//867 1990//867 
f 1869//867 1872//867 1991//867 
f 999//867 1979//867 1858//867 
f 1858//867 1979//867 1984//867 
f 1851//867 1863//867 1984//867 
f 1831//867 1855//867 1986//867 
f 1821//867 1839//867 2002//867 
f 1808//867 1829//867 2002//867 
f 1803//867 1810//867 1987//867 
f 1799//867 1997//867 1998//867 
f 1789//867 1797//867 1692//867 
f 1638//867 1682//867 1999//867 
f 1634//867 1639//867 2000//867 
f 1631//867 1636//867 2001//867 
f 1602//867 2001//867 1992//867 
f 1568//867 1586//867 1566//867 
f 1484//867 1534//867 1983//867 
f 1456//867 1389//867 1388//867 
f 1390//867 1453//867 1977//867 
f 1324//867 1333//867 1976//867 
f 1322//867 1976//867 1974//867 
f 1309//867 1974//867 1973//867 
f 1306//867 1296//867 1996//867 
f 1304//867 1307//867 1980//867 
f 1303//867 1305//867 1972//867 
f 1302//867 1303//867 1989//867 
f 1300//867 1302//867 1988//867 
f 1299//867 1301//867 1982//867 
f 1994//867 1995//867 1297//867 
f 1995//867 1996//867 1296//867 
f 1295//867 1233//867 1992//867 
f 2000//867 1999//867 1293//867 
f 1999//867 1998//867 1292//867 
f 1998//867 1997//867 1291//867 
f 1289//867 1291//867 1997//867 
f 1287//867 1290//867 1985//867 
f 1286//867 1288//867 1996//867 
f 1285//867 1286//867 1995//867 
f 1284//867 1285//867 1994//867 
f 1235//867 1284//867 1993//867 
f 880//867 879//867 1991//867 
f 1228//867 1966//867 1973//867 
f 1177//867 1989//867 1972//867 
f 1987//867 2002//867 1986//867 
f 1102//867 1130//867 1986//867 
f 1983//867 1993//867 1982//867 
f 1981//867 1984//867 1979//867 
f 1978//867 1982//867 1975//867 
f 1977//867 1975//867 1974//867 
f 1975//867 1988//867 1973//867 
f 1972//867 1990//867 1970//867 
o mesh8
f 1566//868 2003//868 2004//869 
f 1555//869 2004//869 2005//870 
f 1556//870 2005//870 2006//871 
f 1558//871 2006//871 2007//872 
f 1537//872 2007//872 2008//873 
f 1538//873 2008//873 2009//874 
f 1523//874 2009//874 2010//875 
f 1496//875 2010//875 2011//876 
f 1497//876 2011//876 2012//877 
f 1490//877 2012//877 2013//878 
f 1485//878 2013//878 2014//879 
f 1486//879 2014//879 2015//880 
f 2015//880 2016//881 1492//882 
f 2016//881 1608//881 1492//882 
f 1608//881 2016//881 2017//883 
f 1609//883 2017//883 2018//884 
f 1606//884 2018//884 2019//885 
f 1607//885 2019//885 2020//886 
f 1605//886 2020//886 2021//887 
f 1599//887 2021//887 2022//888 
f 1600//888 2022//888 2023//889 
f 1603//889 2023//889 2024//890 
f 1604//890 2024//890 2025//891 
f 2026//892 1630//892 1602//893 
f 1602//893 2025//891 2026//892 
f 1630//892 2026//892 2027//894 
f 1628//894 2027//894 2028//895 
f 1629//895 2028//895 2029//896 
f 1626//896 2029//896 2030//897 
f 1627//897 2030//897 2031//898 
f 1619//898 2031//898 2032//899 
f 1612//899 2032//899 2033//900 
f 1613//900 2033//900 2034//901 
f 1623//901 2034//901 2035//902 
f 1617//902 2035//902 2036//903 
f 1618//903 2036//903 2037//904 
f 1616//904 2037//904 2038//905 
f 1610//905 2038//905 2039//906 
f 1611//906 2039//906 2040//907 
f 1624//907 2040//907 2041//908 
f 1625//908 2041//908 2042//909 
f 1621//909 2042//909 2043//910 
f 1622//910 2043//910 2044//911 
f 1620//911 2044//911 2045//912 
f 1614//912 2045//912 2046//913 
f 1615//913 2046//913 2047//914 
f 2047//914 1631//914 1615//913 
f 2046//913 1615//913 1614//912 
f 2045//912 1614//912 1620//911 
f 2044//911 1620//911 1622//910 
f 2043//910 1622//910 1621//909 
f 2042//909 1621//909 1625//908 
f 2041//908 1625//908 1624//907 
f 2040//907 1624//907 1611//906 
f 2039//906 1611//906 1610//905 
f 2038//905 1610//905 1616//904 
f 2037//904 1616//904 1618//903 
f 2036//903 1618//903 1617//902 
f 2035//902 1617//902 1623//901 
f 2034//901 1623//901 1613//900 
f 2033//900 1613//900 1612//899 
f 2032//899 1612//899 1619//898 
f 2031//898 1619//898 1627//897 
f 2030//897 1627//897 1626//896 
f 2029//896 1626//896 1629//895 
f 2028//895 1629//895 1628//894 
f 2027//894 1628//894 1630//892 
f 1602//893 1601//915 2025//891 
f 2025//891 1601//915 1604//890 
f 2024//890 1604//890 1603//889 
f 2023//889 1603//889 1600//888 
f 2022//888 1600//888 1599//887 
f 2021//887 1599//887 1605//886 
f 2020//886 1605//886 1607//885 
f 2019//885 1607//885 1606//884 
f 2018//884 1606//884 1609//883 
f 2017//883 1609//883 1608//881 
f 1492//882 1488//916 2015//880 
f 2015//880 1488//916 1486//879 
f 2014//879 1486//879 1485//878 
f 2013//878 1485//878 1490//877 
f 2012//877 1490//877 1497//876 
f 2011//876 1497//876 1496//875 
f 2010//875 1496//875 1523//874 
f 2009//874 1523//874 1538//873 
f 2008//873 1538//873 1537//872 
f 2007//872 1537//872 1558//871 
f 2006//871 1558//871 1556//870 
f 2005//870 1556//870 1555//869 
f 2004//869 1555//869 1566//868 
o mesh9
f 1805//917 2048//917 2049//918 
f 1806//918 2049//918 2050//919 
f 1807//919 2050//919 2051//920 
f 2051//920 2052//921 1829//922 
f 2052//921 1828//921 1829//922 
f 1828//921 2052//921 2053//923 
f 1826//923 2053//923 2054//924 
f 1827//924 2054//924 2055//925 
f 1824//925 2055//925 2056//926 
f 1825//926 2056//926 2057//927 
f 1823//927 2057//927 2058//928 
f 1819//928 2058//928 2059//929 
f 1820//929 2059//929 2060//930 
f 1822//930 2060//930 2061//931 
f 1817//931 2061//931 2062//932 
f 1818//932 2062//932 2063//933 
f 1816//933 2063//933 2064//934 
f 1814//934 2064//934 2065//935 
f 1815//935 2065//935 2066//936 
f 1813//936 2066//936 2067//937 
f 1811//937 2067//937 2068//938 
f 1812//938 2068//938 2069//939 
f 2069//939 2070//940 1839//941 
f 2070//940 1840//940 1839//941 
f 1840//940 2070//940 2071//942 
f 1838//942 2071//942 2072//943 
f 1837//943 2072//943 2073//944 
f 1832//944 2073//944 2074//945 
f 1833//945 2074//945 2075//946 
f 1835//946 2075//946 2076//947 
f 1836//947 2076//947 2077//948 
f 1834//948 2077//948 2078//949 
f 1830//949 2078//949 2079//950 
f 2080//951 1856//951 1855//952 
f 1855//952 2079//950 2080//951 
f 1856//951 2080//951 2081//953 
f 1852//953 2081//953 2082//954 
f 1853//954 2082//954 2083//955 
f 1848//955 2083//955 2084//956 
f 1843//956 2084//956 2085//957 
f 1844//957 2085//957 2086//958 
f 1846//958 2086//958 2087//959 
f 1847//959 2087//959 2088//960 
f 1849//960 2088//960 2089//961 
f 1845//961 2089//961 2090//962 
f 1841//962 2090//962 2091//963 
f 1842//963 2091//963 2092//964 
f 2092//964 1854//964 1842//963 
f 2091//963 1842//963 1841//962 
f 2090//962 1841//962 1845//961 
f 2089//961 1845//961 1849//960 
f 2088//960 1849//960 1847//959 
f 2087//959 1847//959 1846//958 
f 2086//958 1846//958 1844//957 
f 2085//957 1844//957 1843//956 
f 2084//956 1843//956 1848//955 
f 2083//955 1848//955 1853//954 
f 2082//954 1853//954 1852//953 
f 2081//953 1852//953 1856//951 
f 1855//952 1831//965 2079//950 
f 2079//950 1831//965 1830//949 
f 2078//949 1830//949 1834//948 
f 2077//948 1834//948 1836//947 
f 2076//947 1836//947 1835//946 
f 2075//946 1835//946 1833//945 
f 2074//945 1833//945 1832//944 
f 2073//944 1832//944 1837//943 
f 2072//943 1837//943 1838//942 
f 2071//942 1838//942 1840//940 
f 1839//941 1821//966 2069//939 
f 2069//939 1821//966 1812//938 
f 2068//938 1812//938 1811//937 
f 2067//937 1811//937 1813//936 
f 2066//936 1813//936 1815//935 
f 2065//935 1815//935 1814//934 
f 2064//934 1814//934 1816//933 
f 2063//933 1816//933 1818//932 
f 2062//932 1818//932 1817//931 
f 2061//931 1817//931 1822//930 
f 2060//930 1822//930 1820//929 
f 2059//929 1820//929 1819//928 
f 2058//928 1819//928 1823//927 
f 2057//927 1823//927 1825//926 
f 2056//926 1825//926 1824//925 
f 2055//925 1824//925 1827//924 
f 2054//924 1827//924 1826//923 
f 2053//923 1826//923 1828//921 
f 1829//922 1808//967 2051//920 
f 2051//920 1808//967 1807//919 
f 2050//919 1807//919 1806//918 
f 2049//918 1806//918 1805//917 
o mesh10
f 2093//968 1801//968 1800//969 
f 2094//970 1803//970 1801//968 
f 2095//971 1809//971 1810//972 
f 1810//972 2094//970 2095//971 
f 2048//973 1805//973 1809//971 
f 1809//971 2095//971 2048//973 
f 1810//972 1803//970 2094//970 
f 1801//968 2093//968 2094//970 
f 1800//969 2096//974 2093//968 
o mesh11
f 2097//975 1747//975 1794//976 
f 2098//977 1748//977 1747//975 
f 2099//978 1766//978 1748//977 
f 2100//979 1784//979 1766//978 
f 2101//980 1788//980 1784//979 
f 2101//980 2102//981 1692//982 
f 2102//981 1798//981 1692//982 
f 2102//981 2103//983 1799//984 
f 2103//983 1804//983 1799//984 
f 2104//985 1802//985 1804//983 
f 2096//986 1800//986 1802//985 
f 1802//985 2104//985 2096//986 
f 1804//983 2103//983 2104//985 
f 1799//984 1798//981 2102//981 
f 1692//982 1788//980 2101//980 
f 1784//979 2100//979 2101//980 
f 1766//978 2099//978 2100//979 
f 1748//977 2098//977 2099//978 
f 1747//975 2097//975 2098//977 
f 1794//976 2105//987 2097//975 
o mesh12
f 2106//988 1635//988 1636//989 
f 1636//989 2047//990 2106//988 
f 2107//991 1632//991 1635//988 
f 2108//992 1633//992 1632//991 
f 2109//993 1634//993 1633//992 
f 1633//992 2108//992 2109//993 
f 1632//991 2107//991 2108//992 
f 1635//988 2106//988 2107//991 
f 1636//989 1631//994 2047//990 
o mesh13
f 2109//993 2110//995 1639//996 
f 2110//995 1637//995 1639//996 
f 2111//997 1638//997 1637//995 
f 2112//998 1775//998 1682//999 
f 1682//999 2111//997 2112//998 
f 2113//1000 1774//1000 1775//998 
f 2114//1001 1758//1001 1774//1000 
f 2115//1002 1733//1002 1758//1001 
f 2116//1003 1734//1003 1733//1002 
f 2117//1004 1689//1004 1734//1003 
f 2105//1005 1794//1005 1689//1004 
f 1689//1004 2117//1004 2105//1005 
f 1734//1003 2116//1003 2117//1004 
f 1733//1002 2115//1002 2116//1003 
f 1758//1001 2114//1001 2115//1002 
f 1774//1000 2113//1000 2114//1001 
f 1775//998 2112//998 2113//1000 
f 1682//999 1638//997 2111//997 
f 1637//995 2110//995 2111//997 
f 1639//996 1634//1006 2109//993 
o mesh14
f 2118//1007 1850//1007 1854//1008 
f 2119//1009 1851//1009 1850//1007 
f 2119//1009 2120//1010 1863//1011 
f 2120//1010 1862//1010 1863//1011 
f 1861//1012 1862//1010 2120//1010 
f 1860//1013 1861//1012 2121//1012 
f 2122//1014 1859//1014 1860//1013 
f 2123//1015 1857//1015 1859//1014 
f 2124//1016 1864//1016 1858//1017 
f 1858//1017 2123//1015 2124//1016 
f 1865//1018 1864//1016 2124//1016 
f 2125//1019 1866//1019 1865//1018 
f 2126//1020 1868//1020 1867//1021 
f 1867//1021 2125//1019 2126//1020 
f 2127//1022 1869//1022 1868//1020 
f 2128//1023 1870//1023 1872//1024 
f 1872//1024 2127//1022 2128//1023 
f 2129//1025 1877//1025 1871//1026 
f 1871//1026 2128//1023 2129//1025 
f 2130//1027 1876//1027 1877//1025 
f 2131//1028 1875//1028 1876//1027 
f 2132//1029 1873//1029 1875//1028 
f 1874//1030 1873//1029 2132//1029 
f 2133//1031 1878//1031 1881//1032 
f 1881//1032 2134//1033 2133//1031 
f 2135//1034 1879//1034 1878//1031 
f 2136//1035 1880//1035 1879//1034 
f 2137//1036 1882//1036 1880//1035 
f 1883//1037 1882//1036 2137//1036 
f 2138//1038 1884//1038 1883//1037 
f 2139//1039 1885//1039 1884//1038 
f 2140//1040 1886//1040 1885//1039 
f 2141//1041 1887//1041 1886//1040 
f 2141//1041 2142//1042 1888//1043 
f 2142//1042 1911//1042 1888//1043 
f 1913//1044 1911//1042 2142//1042 
f 2143//1044 2144//1045 1914//1046 
f 2144//1045 1920//1045 1914//1046 
f 2145//1047 1921//1047 1920//1045 
f 1927//1048 1921//1047 2145//1047 
f 2145//1047 2146//1048 1927//1048 
f 1920//1045 2144//1045 2145//1047 
f 1914//1046 1913//1044 2143//1044 
f 2142//1042 2143//1044 1913//1044 
f 1888//1043 1887//1041 2141//1041 
f 1886//1040 2140//1040 2141//1041 
f 1885//1039 2139//1039 2140//1040 
f 1884//1038 2138//1038 2139//1039 
f 1883//1037 2147//1049 2138//1038 
f 2137//1036 2147//1049 1883//1037 
f 1880//1035 2136//1035 2137//1036 
f 1879//1034 2135//1034 2136//1035 
f 1878//1031 2133//1031 2135//1034 
f 1881//1032 1874//1030 2134//1033 
f 2132//1029 2134//1033 1874//1030 
f 1875//1028 2131//1028 2132//1029 
f 1876//1027 2130//1027 2131//1028 
f 1877//1025 2129//1025 2130//1027 
f 1871//1026 1870//1023 2128//1023 
f 1872//1024 1869//1022 2127//1022 
f 1868//1020 2126//1020 2127//1022 
f 1867//1021 1866//1019 2125//1019 
f 1865//1018 2148//1050 2125//1019 
f 2124//1016 2148//1050 1865//1018 
f 1858//1017 1857//1015 2123//1015 
f 1859//1014 2122//1014 2123//1015 
f 1860//1013 2149//1051 2122//1014 
f 2121//1012 2149//1051 1860//1013 
f 2120//1010 2121//1012 1861//1012 
f 1863//1011 1851//1009 2119//1009 
f 1850//1007 2118//1007 2119//1009 
f 1854//1008 2092//1052 2118//1007 
o mesh15
f 2150//1053 1929//1053 1927//1054 
f 1931//1055 1929//1053 2150//1053 
f 2151//1056 1923//1056 1931//1055 
f 1919//1057 1923//1056 2151//1056 
f 2152//1058 1312//1058 1313//1059 
f 1313//1059 2153//1060 2152//1058 
f 1311//1061 1312//1058 2152//1058 
f 2154//1062 1310//1062 1311//1061 
f 2155//1063 1308//1063 1310//1062 
f 2156//1064 1318//1064 1309//1065 
f 1309//1065 2155//1063 2156//1064 
f 2157//1066 1316//1066 1318//1064 
f 2158//1067 1314//1067 1316//1066 
f 1315//1068 1314//1067 2158//1067 
f 2159//1069 1317//1069 1315//1068 
f 1319//1070 1317//1069 2159//1069 
f 2160//1071 1320//1071 1319//1070 
f 1323//1072 1320//1071 2160//1071 
f 2161//1073 1321//1073 1323//1072 
f 2162//1074 1324//1074 1322//1075 
f 1322//1075 2161//1073 2162//1074 
f 2162//1074 2163//1076 1333//1077 
f 2163//1076 1349//1076 1333//1077 
f 1335//1078 1349//1076 2163//1076 
f 2164//1079 1391//1079 1335//1078 
f 2164//1079 2165//1080 1388//1081 
f 2165//1080 1394//1080 1388//1081 
f 2166//1082 1395//1082 1394//1080 
f 2167//1083 1405//1083 1395//1082 
f 2167//1083 2168//1084 1401//1085 
f 2168//1084 1480//1084 1401//1085 
f 2169//1086 1481//1086 1480//1084 
f 2170//1087 1482//1087 1481//1086 
f 1483//1088 1482//1087 2170//1087 
f 2171//1089 1484//1089 1483//1088 
f 2172//1090 1598//1090 1534//1091 
f 1534//1091 2171//1089 2172//1090 
f 1585//1092 1598//1090 2172//1090 
f 2003//1093 1566//1093 1585//1092 
f 1585//1092 2173//1092 2003//1093 
f 2172//1090 2173//1092 1585//1092 
f 1534//1091 1484//1089 2171//1089 
f 1483//1088 2174//1094 2171//1089 
f 2170//1087 2174//1094 1483//1088 
f 1481//1086 2169//1086 2170//1087 
f 1480//1084 2168//1084 2169//1086 
f 1401//1085 1405//1083 2167//1083 
f 1395//1082 2166//1082 2167//1083 
f 1394//1080 2165//1080 2166//1082 
f 1388//1081 1391//1079 2164//1079 
f 1335//1078 2175//1095 2164//1079 
f 2163//1076 2175//1095 1335//1078 
f 1333//1077 1324//1074 2162//1074 
f 1322//1075 1321//1073 2161//1073 
f 1323//1072 2176//1096 2161//1073 
f 2160//1071 2176//1096 1323//1072 
f 1319//1070 2177//1097 2160//1071 
f 2159//1069 2177//1097 1319//1070 
f 1315//1068 2178//1098 2159//1069 
f 2158//1067 2178//1098 1315//1068 
f 1316//1066 2157//1066 2158//1067 
f 1318//1064 2156//1064 2157//1066 
f 1309//1065 1308//1063 2155//1063 
f 1310//1062 2154//1062 2155//1063 
f 1311//1061 2179//1099 2154//1062 
f 2152//1058 2179//1099 1311//1061 
f 1313//1059 1919//1057 2153//1060 
f 2151//1056 2153//1060 1919//1057 
f 1931//1055 2180//1100 2151//1056 
f 2150//1053 2180//1100 1931//1055 
f 1927//1054 2146//1101 2150//1053 
o mesh16
f 2181//1102 1300//1102 1301//1102 
f 1301//1102 2182//1102 2181//1102 
f 1301//1102 1299//1102 2182//1102 
o mesh17
f 2183//1103 1297//1103 1296//1103 
f 2182//1103 1298//1103 1297//1103 
f 1297//1103 2183//1103 2182//1103 
f 2182//1103 1299//1103 1298//1103 
f 1296//1103 1306//1103 2183//1103 
o mesh18
f 2181//1104 2184//1104 1303//1104 
f 1303//1104 1302//1104 2181//1104 
f 2184//1104 1305//1104 1303//1104 
f 2184//1104 1304//1104 1305//1104 
f 1302//1104 1300//1104 2181//1104 
o mesh19
f 2184//1105 2183//1105 1307//1105 
f 2183//1105 1306//1105 1307//1105 
f 1307//1105 1304//1105 2184//1105 
o mesh20
f 2185//1106 1235//1106 1233//1106 
f 1233//1106 2186//1106 2185//1106 
f 1233//1106 1295//1106 2186//1106 
o mesh21
f 2185//1107 1285//1107 1284//1107 
f 2185//1107 2187//1107 1286//1107 
f 1286//1107 1285//1107 2185//1107 
f 2187//1107 1288//1107 1286//1107 
f 2187//1107 1287//1107 1288//1107 
f 1284//1107 1235//1107 2185//1107 
o mesh22
f 2188//1108 1292//1108 1291//1108 
f 2186//1108 1293//1108 1292//1108 
f 1292//1108 2188//1108 2186//1108 
f 2186//1108 1294//1108 1293//1108 
f 2186//1108 1295//1108 1294//1108 
f 1291//1108 1289//1108 2188//1108 
o mesh23
f 2187//1109 2188//1109 1290//1109 
f 2188//1109 1289//1109 1290//1109 
f 1290//1109 1287//1109 2187//1109 
o mesh24
f 1791//1109 2189//1109 2190//1110 
f 1769//1110 2190//1110 2191//1111 
f 1770//1111 2191//1111 2192//1112 
f 1767//1112 2192//1112 2193//1113 
f 1768//1113 2193//1113 2194//1114 
f 1787//1114 2194//1114 2195//1115 
f 1722//1115 2195//1115 2196//1116 
f 1700//1116 2196//1116 2197//1117 
f 1701//1117 2197//1117 2198//1118 
f 1681//1118 2198//1118 2199//1119 
f 1656//1119 2199//1119 2200//1120 
f 1657//1120 2200//1120 2201//1121 
f 1680//1121 2201//1121 2202//1122 
f 1654//1122 2202//1122 2203//1123 
f 1655//1123 2203//1123 2204//1124 
f 1699//1124 2204//1124 2205//1125 
f 1678//1125 2205//1125 2206//1126 
f 1679//1126 2206//1126 2207//1127 
f 1698//1127 2207//1127 2208//1128 
f 1676//1128 2208//1128 2209//1129 
f 1677//1129 2209//1129 2210//1130 
f 1652//1130 2210//1130 2211//1131 
f 1653//1131 2211//1131 2212//1132 
f 1675//1132 2212//1132 2213//1133 
f 1642//1133 2213//1133 2214//1134 
f 1643//1134 2214//1134 2215//1135 
f 1651//1135 2215//1135 2216//1136 
f 1649//1136 2216//1136 2217//1137 
f 1650//1137 2217//1137 2218//1138 
f 1755//1138 2218//1138 2219//1139 
f 1720//1139 2219//1139 2220//1140 
f 1721//1140 2220//1140 2221//1141 
f 1754//1141 2221//1141 2222//1142 
f 1752//1142 2222//1142 2223//1143 
f 1753//1143 2223//1143 2224//1144 
f 1785//1144 2224//1144 2225//1145 
f 1786//1145 2225//1145 2226//1146 
f 1673//1146 2226//1146 2227//1147 
f 1674//1147 2227//1147 2228//1148 
f 1672//1148 2228//1148 2229//1149 
f 1640//1149 2229//1149 2230//1150 
f 1641//1150 2230//1150 2231//1151 
f 1648//1151 2231//1151 2232//1152 
f 1670//1152 2232//1152 2233//1153 
f 1671//1153 2233//1153 2234//1154 
f 1669//1154 2234//1154 2235//1155 
f 1646//1155 2235//1155 2236//1156 
f 1647//1156 2236//1156 2237//1157 
f 1697//1157 2237//1157 2238//1158 
f 1667//1158 2238//1158 2239//1159 
f 1668//1159 2239//1159 2240//1160 
f 1665//1160 2240//1160 2241//1161 
f 1666//1161 2241//1161 2242//1162 
f 1696//1162 2242//1162 2243//1163 
f 1694//1163 2243//1163 2244//1164 
f 1695//1164 2244//1164 2245//1165 
f 1719//1165 2245//1165 2246//1166 
f 1663//1166 2246//1166 2247//1167 
f 1664//1167 2247//1167 2248//1168 
f 1693//1168 2248//1168 2249//1169 
f 1644//1169 2249//1169 2250//1170 
f 1645//1170 2250//1170 2251//1171 
f 1662//1171 2251//1171 2252//1172 
f 1660//1172 2252//1172 2253//1173 
f 1661//1173 2253//1173 2254//1174 
f 1658//1174 2254//1174 2255//1175 
f 1659//1175 2255//1175 2256//1176 
f 1718//1176 2256//1176 2257//1177 
f 1751//1177 2257//1177 2258//1178 
f 1749//1178 2258//1178 2259//1179 
f 1750//1179 2259//1179 2260//1180 
f 1789//1180 2260//1180 2261//1181 
f 1797//1181 2261//1181 2262//1182 
f 1746//1182 2262//1182 2263//1183 
f 1783//1183 2263//1183 2264//1184 
f 1782//1184 2264//1184 2265//1185 
f 1765//1185 2265//1185 2266//1186 
f 1744//1186 2266//1186 2267//1187 
f 1745//1187 2267//1187 2268//1188 
f 1716//1188 2268//1188 2269//1189 
f 1717//1189 2269//1189 2270//1190 
f 1715//1190 2270//1190 2271//1191 
f 1690//1191 2271//1191 2272//1192 
f 1691//1192 2272//1192 2273//1193 
f 1743//1193 2273//1193 2274//1194 
f 1713//1194 2274//1194 2275//1195 
f 1714//1195 2275//1195 2276//1196 
f 1764//1196 2276//1196 2277//1197 
f 1741//1197 2277//1197 2278//1198 
f 1742//1198 2278//1198 2279//1199 
f 1780//1199 2279//1199 2280//1200 
f 1781//1200 2280//1200 2281//1201 
f 1779//1201 2281//1201 2282//1202 
f 1739//1202 2282//1202 2283//1203 
f 1740//1203 2283//1203 2284//1204 
f 1763//1204 2284//1204 2285//1205 
f 1737//1205 2285//1205 2286//1206 
f 1738//1206 2286//1206 2287//1207 
f 1762//1207 2287//1207 2288//1208 
f 1760//1208 2288//1208 2289//1209 
f 1761//1209 2289//1209 2290//1210 
f 1759//1210 2290//1210 2291//1211 
f 1735//1211 2291//1211 2292//1212 
f 1736//1212 2292//1212 2293//1213 
f 1778//1213 2293//1213 2294//1214 
f 1776//1214 2294//1214 2295//1215 
f 1777//1215 2295//1215 2296//1216 
f 1711//1216 2296//1216 2297//1217 
f 1712//1217 2297//1217 2298//1218 
f 1731//1218 2298//1218 2299//1219 
f 1732//1219 2299//1219 2300//1220 
f 1730//1220 2300//1220 2301//1221 
f 1687//1221 2301//1221 2302//1222 
f 1688//1222 2302//1222 2303//1223 
f 1710//1223 2303//1223 2304//1224 
f 1728//1224 2304//1224 2305//1225 
f 1729//1225 2305//1225 2306//1226 
f 1726//1226 2306//1226 2307//1227 
f 1727//1227 2307//1227 2308//1228 
f 1773//1228 2308//1228 2309//1229 
f 1725//1229 2309//1229 2310//1230 
f 1708//1230 2310//1230 2311//1231 
f 1709//1231 2311//1231 2312//1232 
f 1706//1232 2312//1232 2313//1233 
f 1707//1233 2313//1233 2314//1234 
f 1724//1234 2314//1234 2315//1235 
f 1704//1235 2315//1235 2316//1236 
f 1705//1236 2316//1236 2317//1237 
f 1723//1237 2317//1237 2318//1238 
f 1685//1238 2318//1238 2319//1239 
f 1686//1239 2319//1239 2320//1240 
f 1703//1240 2320//1240 2321//1241 
f 1683//1241 2321//1241 2322//1242 
f 1684//1242 2322//1242 2323//1243 
f 1702//1243 2323//1243 2324//1244 
f 1756//1244 2324//1244 2325//1245 
f 1757//1245 2325//1245 2326//1246 
f 1771//1246 2326//1246 2327//1247 
f 1772//1247 2327//1247 2328//1248 
f 1792//1248 2328//1248 2329//1249 
f 1793//1249 2329//1249 2330//1250 
f 1795//1250 2330//1250 2331//1251 
f 1796//1251 2331//1251 2332//1252 
f 1790//1252 2332//1252 2189//1109 
f 2189//1109 1791//1109 1790//1252 
f 2332//1252 1790//1252 1796//1251 
f 2331//1251 1796//1251 1795//1250 
f 2330//1250 1795//1250 1793//1249 
f 2329//1249 1793//1249 1792//1248 
f 2328//1248 1792//1248 1772//1247 
f 2327//1247 1772//1247 1771//1246 
f 2326//1246 1771//1246 1757//1245 
f 2325//1245 1757//1245 1756//1244 
f 2324//1244 1756//1244 1702//1243 
f 2323//1243 1702//1243 1684//1242 
f 2322//1242 1684//1242 1683//1241 
f 2321//1241 1683//1241 1703//1240 
f 2320//1240 1703//1240 1686//1239 
f 2319//1239 1686//1239 1685//1238 
f 2318//1238 1685//1238 1723//1237 
f 2317//1237 1723//1237 1705//1236 
f 2316//1236 1705//1236 1704//1235 
f 2315//1235 1704//1235 1724//1234 
f 2314//1234 1724//1234 1707//1233 
f 2313//1233 1707//1233 1706//1232 
f 2312//1232 1706//1232 1709//1231 
f 2311//1231 1709//1231 1708//1230 
f 2310//1230 1708//1230 1725//1229 
f 2309//1229 1725//1229 1773//1228 
f 2308//1228 1773//1228 1727//1227 
f 2307//1227 1727//1227 1726//1226 
f 2306//1226 1726//1226 1729//1225 
f 2305//1225 1729//1225 1728//1224 
f 2304//1224 1728//1224 1710//1223 
f 2303//1223 1710//1223 1688//1222 
f 2302//1222 1688//1222 1687//1221 
f 2301//1221 1687//1221 1730//1220 
f 2300//1220 1730//1220 1732//1219 
f 2299//1219 1732//1219 1731//1218 
f 2298//1218 1731//1218 1712//1217 
f 2297//1217 1712//1217 1711//1216 
f 2296//1216 1711//1216 1777//1215 
f 2295//1215 1777//1215 1776//1214 
f 2294//1214 1776//1214 1778//1213 
f 2293//1213 1778//1213 1736//1212 
f 2292//1212 1736//1212 1735//1211 
f 2291//1211 1735//1211 1759//1210 
f 2290//1210 1759//1210 1761//1209 
f 2289//1209 1761//1209 1760//1208 
f 2288//1208 1760//1208 1762//1207 
f 2287//1207 1762//1207 1738//1206 
f 2286//1206 1738//1206 1737//1205 
f 2285//1205 1737//1205 1763//1204 
f 2284//1204 1763//1204 1740//1203 
f 2283//1203 1740//1203 1739//1202 
f 2282//1202 1739//1202 1779//1201 
f 2281//1201 1779//1201 1781//1200 
f 2280//1200 1781//1200 1780//1199 
f 2279//1199 1780//1199 1742//1198 
f 2278//1198 1742//1198 1741//1197 
f 2277//1197 1741//1197 1764//1196 
f 2276//1196 1764//1196 1714//1195 
f 2275//1195 1714//1195 1713//1194 
f 2274//1194 1713//1194 1743//1193 
f 2273//1193 1743//1193 1691//1192 
f 2272//1192 1691//1192 1690//1191 
f 2271//1191 1690//1191 1715//1190 
f 2270//1190 1715//1190 1717//1189 
f 2269//1189 1717//1189 1716//1188 
f 2268//1188 1716//1188 1745//1187 
f 2267//1187 1745//1187 1744//1186 
f 2266//1186 1744//1186 1765//1185 
f 2265//1185 1765//1185 1782//1184 
f 2264//1184 1782//1184 1783//1183 
f 2263//1183 1783//1183 1746//1182 
f 2262//1182 1746//1182 1797//1181 
f 2261//1181 1797//1181 1789//1180 
f 2260//1180 1789//1180 1750//1179 
f 2259//1179 1750//1179 1749//1178 
f 2258//1178 1749//1178 1751//1177 
f 2257//1177 1751//1177 1718//1176 
f 2256//1176 1718//1176 1659//1175 
f 2255//1175 1659//1175 1658//1174 
f 2254//1174 1658//1174 1661//1173 
f 2253//1173 1661//1173 1660//1172 
f 2252//1172 1660//1172 1662//1171 
f 2251//1171 1662//1171 1645//1170 
f 2250//1170 1645//1170 1644//1169 
f 2249//1169 1644//1169 1693//1168 
f 2248//1168 1693//1168 1664//1167 
f 2247//1167 1664//1167 1663//1166 
f 2246//1166 1663//1166 1719//1165 
f 2245//1165 1719//1165 1695//1164 
f 2244//1164 1695//1164 1694//1163 
f 2243//1163 1694//1163 1696//1162 
f 2242//1162 1696//1162 1666//1161 
f 2241//1161 1666//1161 1665//1160 
f 2240//1160 1665//1160 1668//1159 
f 2239//1159 1668//1159 1667//1158 
f 2238//1158 1667//1158 1697//1157 
f 2237//1157 1697//1157 1647//1156 
f 2236//1156 1647//1156 1646//1155 
f 2235//1155 1646//1155 1669//1154 
f 2234//1154 1669//1154 1671//1153 
f 2233//1153 1671//1153 1670//1152 
f 2232//1152 1670//1152 1648//1151 
f 2231//1151 1648//1151 1641//1150 
f 2230//1150 1641//1150 1640//1149 
f 2229//1149 1640//1149 1672//1148 
f 2228//1148 1672//1148 1674//1147 
f 2227//1147 1674//1147 1673//1146 
f 2226//1146 1673//1146 1786//1145 
f 2225//1145 1786//1145 1785//1144 
f 2224//1144 1785//1144 1753//1143 
f 2223//1143 1753//1143 1752//1142 
f 2222//1142 1752//1142 1754//1141 
f 2221//1141 1754//1141 1721//1140 
f 2220//1140 1721//1140 1720//1139 
f 2219//1139 1720//1139 1755//1138 
f 2218//1138 1755//1138 1650//1137 
f 2217//1137 1650//1137 1649//1136 
f 2216//1136 1649//1136 1651//1135 
f 2215//1135 1651//1135 1643//1134 
f 2214//1134 1643//1134 1642//1133 
f 2213//1133 1642//1133 1675//1132 
f 2212//1132 1675//1132 1653//1131 
f 2211//1131 1653//1131 1652//1130 
f 2210//1130 1652//1130 1677//1129 
f 2209//1129 1677//1129 1676//1128 
f 2208//1128 1676//1128 1698//1127 
f 2207//1127 1698//1127 1679//1126 
f 2206//1126 1679//1126 1678//1125 
f 2205//1125 1678//1125 1699//1124 
f 2204//1124 1699//1124 1655//1123 
f 2203//1123 1655//1123 1654//1122 
f 2202//1122 1654//1122 1680//1121 
f 2201//1121 1680//1121 1657//1120 
f 2200//1120 1657//1120 1656//1119 
f 2199//1119 1656//1119 1681//1118 
f 2198//1118 1681//1118 1701//1117 
f 2197//1117 1701//1117 1700//1116 
f 2196//1116 1700//1116 1722//1115 
f 2195//1115 1722//1115 1787//1114 
f 2194//1114 1787//1114 1768//1113 
f 2193//1113 1768//1113 1767//1112 
f 2192//1112 1767//1112 1770//1111 
f 2191//1111 1770//1111 1769//1110 
f 2190//1110 1769//1110 1791//1109 
o mesh25
f 2333//1253 2260//1253 2259//1253 
f 2259//1253 2258//1253 2333//1253 
f 2258//1253 2257//1253 2333//1253 
f 2257//1253 2256//1253 2333//1253 
f 2256//1253 2255//1253 2333//1253 
f 2255//1253 2254//1253 2333//1253 
f 2254//1253 2253//1253 2333//1253 
f 2253//1253 2252//1253 2333//1253 
f 2252//1253 2251//1253 2333//1253 
f 2251//1253 2250//1253 2333//1253 
f 2250//1253 2249//1253 2333//1253 
f 2249//1253 2248//1253 2333//1253 
f 2248//1253 2247//1253 2333//1253 
f 2247//1253 2246//1253 2333//1253 
f 2246//1253 2245//1253 2333//1253 
f 2245//1253 2244//1253 2333//1253 
f 2244//1253 2243//1253 2333//1253 
f 2243//1253 2242//1253 2333//1253 
f 2242//1253 2241//1253 2333//1253 
f 2241//1253 2240//1253 2333//1253 
f 2240//1253 2239//1253 2333//1253 
f 2239//1253 2238//1253 2333//1253 
f 2238//1253 2237//1253 2333//1253 
f 2237//1253 2236//1253 2333//1253 
f 2236//1253 2235//1253 2333//1253 
f 2235//1253 2234//1253 2333//1253 
f 2234//1253 2233//1253 2333//1253 
f 2233//1253 2232//1253 2333//1253 
f 2232//1253 2231//1253 2333//1253 
f 2231//1253 2230//1253 2333//1253 
f 2230//1253 2229//1253 2333//1253 
f 2229//1253 2228//1253 2333//1253 
f 2228//1253 2227//1253 2333//1253 
f 2227//1253 2226//1253 2333//1253 
f 2226//1253 2225//1253 2333//1253 
f 2225//1253 2224//1253 2333//1253 
f 2224//1253 2223//1253 2333//1253 
f 2223//1253 2222//1253 2333//1253 
f 2222//1253 2221//1253 2333//1253 
f 2221//1253 2220//1253 2333//1253 
f 2220//1253 2219//1253 2333//1253 
f 2219//1253 2218//1253 2333//1253 
f 2218//1253 2217//1253 2333//1253 
f 2217//1253 2216//1253 2333//1253 
f 2216//1253 2215//1253 2333//1253 
f 2215//1253 2214//1253 2333//1253 
f 2214//1253 2213//1253 2333//1253 
f 2213//1253 2212//1253 2333//1253 
f 2212//1253 2211//1253 2333//1253 
f 2211//1253 2210//1253 2333//1253 
f 2210//1253 2209//1253 2333//1253 
f 2209//1253 2208//1253 2333//1253 
f 2208//1253 2207//1253 2333//1253 
f 2207//1253 2206//1253 2333//1253 
f 2206//1253 2205//1253 2333//1253 
f 2205//1253 2204//1253 2333//1253 
f 2204//1253 2203//1253 2333//1253 
f 2203//1253 2202//1253 2333//1253 
f 2202//1253 2201//1253 2333//1253 
f 2201//1253 2200//1253 2333//1253 
f 2200//1253 2199//1253 2333//1253 
f 2199//1253 2198//1253 2333//1253 
f 2198//1253 2197//1253 2333//1253 
f 2197//1253 2196//1253 2333//1253 
f 2196//1253 2195//1253 2333//1253 
f 2195//1253 2194//1253 2333//1253 
f 2194//1253 2193//1253 2333//1253 
f 2193//1253 2192//1253 2333//1253 
f 2192//1253 2191//1253 2333//1253 
f 2191//1253 2190//1253 2333//1253 
f 2190//1253 2189//1253 2333//1253 
f 2189//1253 2332//1253 2333//1253 
f 2332//1253 2331//1253 2333//1253 
f 2331//1253 2330//1253 2333//1253 
f 2330//1253 2329//1253 2333//1253 
f 2329//1253 2328//1253 2333//1253 
f 2328//1253 2327//1253 2333//1253 
f 2327//1253 2326//1253 2333//1253 
f 2326//1253 2325//1253 2333//1253 
f 2325//1253 2324//1253 2333//1253 
f 2324//1253 2323//1253 2333//1253 
f 2323//1253 2322//1253 2333//1253 
f 2322//1253 2321//1253 2333//1253 
f 2321//1253 2320//1253 2333//1253 
f 2320//1253 2319//1253 2333//1253 
f 2319//1253 2318//1253 2333//1253 
f 2318//1253 2317//1253 2333//1253 
f 2317//1253 2316//1253 2333//1253 
f 2316//1253 2315//1253 2333//1253 
f 2315//1253 2314//1253 2333//1253 
f 2314//1253 2313//1253 2333//1253 
f 2313//1253 2312//1253 2333//1253 
f 2312//1253 2311//1253 2333//1253 
f 2311//1253 2310//1253 2333//1253 
f 2310//1253 2309//1253 2333//1253 
f 2309//1253 2308//1253 2333//1253 
f 2308//1253 2307//1253 2333//1253 
f 2307//1253 2306//1253 2333//1253 
f 2306//1253 2305//1253 2333//1253 
f 2305//1253 2304//1253 2333//1253 
f 2304//1253 2303//1253 2333//1253 
f 2303//1253 2302//1253 2333//1253 
f 2302//1253 2301//1253 2333//1253 
f 2301//1253 2300//1253 2333//1253 
f 2300//1253 2299//1253 2333//1253 
f 2299//1253 2298//1253 2333//1253 
f 2298//1253 2297//1253 2333//1253 
f 2297//1253 2296//1253 2333//1253 
f 2296//1253 2295//1253 2333//1253 
f 2295//1253 2294//1253 2333//1253 
f 2294//1253 2293//1253 2333//1253 
f 2293//1253 2292//1253 2333//1253 
f 2292//1253 2291//1253 2333//1253 
f 2291//1253 2290//1253 2333//1253 
f 2290//1253 2289//1253 2333//1253 
f 2289//1253 2288//1253 2333//1253 
f 2288//1253 2287//1253 2333//1253 
f 2287//1253 2286//1253 2333//1253 
f 2286//1253 2285//1253 2333//1253 
f 2285//1253 2284//1253 2333//1253 
f 2284//1253 2283//1253 2333//1253 
f 2283//1253 2282//1253 2333//1253 
f 2282//1253 2281//1253 2333//1253 
f 2281//1253 2280//1253 2333//1253 
f 2280//1253 2279//1253 2333//1253 
f 2279//1253 2278//1253 2333//1253 
f 2278//1253 2277//1253 2333//1253 
f 2277//1253 2276//1253 2333//1253 
f 2276//1253 2275//1253 2333//1253 
f 2275//1253 2274//1253 2333//1253 
f 2274//1253 2273//1253 2333//1253 
f 2273//1253 2272//1253 2333//1253 
f 2272//1253 2271//1253 2333//1253 
f 2271//1253 2270//1253 2333//1253 
f 2270//1253 2269//1253 2333//1253 
f 2269//1253 2268//1253 2333//1253 
f 2268//1253 2267//1253 2333//1253 
f 2267//1253 2266//1253 2333//1253 
f 2266//1253 2265//1253 2333//1253 
f 2265//1253 2264//1253 2333//1253 
f 2264//1253 2263//1253 2333//1253 
f 2263//1253 2262//1253 2333//1253 
f 2262//1253 2261//1253 2333//1253 
f 2261//1253 2260//1253 2333//1253 
o mesh26
f 2334//1254 1460//1254 1459//1255 
f 2335//1255 1459//1255 1474//1256 
f 2336//1256 1474//1256 1475//1257 
f 2337//1257 1475//1257 1461//1258 
f 2338//1258 1461//1258 1454//1259 
f 2339//1259 1454//1259 1453//1260 
f 1453//1260 2340//1261 2339//1259 
f 2340//1261 1390//1261 1357//1262 
f 2341//1262 1357//1262 1330//1263 
f 2342//1263 1330//1263 1329//1264 
f 2343//1264 1329//1264 1342//1265 
f 2344//1265 1342//1265 1343//1266 
f 2345//1266 1343//1266 1358//1267 
f 2346//1267 1358//1267 1367//1268 
f 2347//1268 1367//1268 1366//1269 
f 2348//1269 1366//1269 1360//1270 
f 2349//1270 1360//1270 1359//1271 
f 2350//1271 1359//1271 1326//1272 
f 2351//1272 1326//1272 1325//1273 
f 2352//1273 1325//1273 1328//1274 
f 2353//1274 1328//1274 1327//1275 
f 2354//1275 1327//1275 1344//1276 
f 2355//1276 1344//1276 1345//1277 
f 2356//1277 1345//1277 1332//1278 
f 2357//1278 1332//1278 1331//1279 
f 2358//1279 1331//1279 1368//1280 
f 2359//1280 1368//1280 1361//1281 
f 2360//1281 1361//1281 1346//1282 
f 2361//1282 1346//1282 1334//1283 
f 2362//1283 1334//1283 1382//1284 
f 2363//1284 1382//1284 1381//1285 
f 2364//1285 1381//1285 1370//1286 
f 2365//1286 1370//1286 1369//1287 
f 2366//1287 1369//1287 1348//1288 
f 2367//1288 1348//1288 1347//1289 
f 2368//1289 1347//1289 1362//1290 
f 2369//1290 1362//1290 1371//1291 
f 2370//1291 1371//1291 1372//1292 
f 2371//1292 1372//1292 1363//1293 
f 2372//1293 1363//1293 1351//1294 
f 2373//1294 1351//1294 1350//1295 
f 2374//1295 1350//1295 1374//1296 
f 2375//1296 1374//1296 1373//1297 
f 2376//1297 1373//1297 1384//1298 
f 2377//1298 1384//1298 1383//1299 
f 2378//1299 1383//1299 1385//1300 
f 2379//1300 1385//1300 1375//1301 
f 2380//1301 1375//1301 1387//1302 
f 2381//1302 1387//1302 1386//1303 
f 2382//1303 1386//1303 1353//1304 
f 2383//1304 1353//1304 1352//1305 
f 2384//1305 1352//1305 1364//1306 
f 2385//1306 1364//1306 1365//1307 
f 2386//1307 1365//1307 1337//1308 
f 2387//1308 1337//1308 1336//1309 
f 2388//1309 1336//1309 1339//1310 
f 2389//1310 1339//1310 1338//1311 
f 2390//1311 1338//1311 1377//1312 
f 2391//1312 1377//1312 1376//1313 
f 2392//1313 1376//1313 1379//1314 
f 2393//1314 1379//1314 1378//1315 
f 2394//1315 1378//1315 1341//1316 
f 2395//1316 1341//1316 1340//1317 
f 2396//1317 1340//1317 1354//1318 
f 2397//1318 1354//1318 1356//1319 
f 2398//1319 1356//1319 1355//1320 
f 2399//1320 1355//1320 1380//1321 
f 2400//1322 2401//1321 1389//1323 
f 2401//1321 1380//1321 1389//1323 
f 2400//1322 1456//1322 1455//1324 
f 2402//1324 1455//1324 1462//1325 
f 2403//1325 1462//1325 1420//1326 
f 2404//1326 1420//1326 1419//1327 
f 2405//1327 1419//1327 1422//1328 
f 2406//1328 1422//1328 1421//1329 
f 2407//1329 1421//1329 1436//1330 
f 2408//1330 1436//1330 1423//1331 
f 2409//1331 1423//1331 1393//1332 
f 2410//1332 1393//1332 1392//1333 
f 2411//1333 1392//1333 1396//1334 
f 2412//1334 1396//1334 1409//1335 
f 2413//1335 1409//1335 1398//1336 
f 2414//1336 1398//1336 1397//1337 
f 2415//1337 1397//1337 1404//1338 
f 2416//1338 1404//1338 1400//1339 
f 2417//1339 1400//1339 1399//1340 
f 2418//1340 1399//1340 1424//1341 
f 2419//1341 1424//1341 1437//1342 
f 2420//1342 1437//1342 1411//1343 
f 2421//1343 1411//1343 1410//1344 
f 2422//1344 1410//1344 1445//1345 
f 2423//1345 1445//1345 1444//1346 
f 2424//1346 1444//1346 1439//1347 
f 2425//1347 1439//1347 1438//1348 
f 2426//1348 1438//1348 1412//1349 
f 2427//1349 1412//1349 1403//1350 
f 2428//1350 1403//1350 1402//1351 
f 2429//1351 1402//1351 1406//1352 
f 2430//1352 1406//1352 1425//1353 
f 2431//1353 1425//1353 1426//1354 
f 2432//1354 1426//1354 1414//1355 
f 2433//1355 1414//1355 1413//1356 
f 2434//1356 1413//1356 1441//1357 
f 2435//1357 1441//1357 1440//1358 
f 2436//1358 1440//1358 1427//1359 
f 2437//1359 1427//1359 1415//1360 
f 2438//1360 1415//1360 1408//1361 
f 2439//1361 1408//1361 1407//1362 
f 2440//1362 1407//1362 1416//1363 
f 2441//1363 1416//1363 1428//1364 
f 2442//1364 1428//1364 1446//1365 
f 2443//1365 1446//1365 1442//1366 
f 2444//1366 1442//1366 1430//1367 
f 2445//1367 1430//1367 1429//1368 
f 2446//1368 1429//1368 1458//1369 
f 2447//1369 1458//1369 1457//1370 
f 2448//1370 1457//1370 1464//1371 
f 2449//1371 1464//1371 1463//1372 
f 2450//1372 1463//1372 1466//1373 
f 2451//1373 1466//1373 1465//1374 
f 2452//1374 1465//1374 1468//1375 
f 2453//1375 1468//1375 1467//1376 
f 2454//1376 1467//1376 1470//1377 
f 2455//1377 1470//1377 1469//1378 
f 2456//1378 1469//1378 1447//1379 
f 2457//1379 1447//1379 1418//1380 
f 2458//1380 1418//1380 1417//1381 
f 2459//1381 1417//1381 1431//1382 
f 2460//1382 1431//1382 1433//1383 
f 2461//1383 1433//1383 1432//1384 
f 2462//1384 1432//1384 1443//1385 
f 2463//1385 1443//1385 1435//1386 
f 2464//1386 1435//1386 1434//1387 
f 2465//1387 1434//1387 1448//1388 
f 2466//1388 1448//1388 1450//1389 
f 2467//1389 1450//1389 1449//1390 
f 2468//1390 1449//1390 1452//1391 
f 2469//1391 1452//1391 1451//1392 
f 2470//1392 1451//1392 1471//1393 
f 2471//1393 1471//1393 1476//1394 
f 2472//1394 1476//1394 1473//1395 
f 2473//1395 1473//1395 1472//1396 
f 2474//1396 1472//1396 1477//1397 
f 2475//1397 1477//1397 1479//1398 
f 2476//1398 1479//1398 1478//1399 
f 2477//1399 1478//1399 1460//1254 
f 1460//1254 2334//1254 2477//1399 
f 1478//1399 2477//1399 2476//1398 
f 1479//1398 2476//1398 2475//1397 
f 1477//1397 2475//1397 2474//1396 
f 1472//1396 2474//1396 2473//1395 
f 1473//1395 2473//1395 2472//1394 
f 1476//1394 2472//1394 2471//1393 
f 1471//1393 2471//1393 2470//1392 
f 1451//1392 2470//1392 2469//1391 
f 1452//1391 2469//1391 2468//1390 
f 1449//1390 2468//1390 2467//1389 
f 1450//1389 2467//1389 2466//1388 
f 1448//1388 2466//1388 2465//1387 
f 1434//1387 2465//1387 2464//1386 
f 1435//1386 2464//1386 2463//1385 
f 1443//1385 2463//1385 2462//1384 
f 1432//1384 2462//1384 2461//1383 
f 1433//1383 2461//1383 2460//1382 
f 1431//1382 2460//1382 2459//1381 
f 1417//1381 2459//1381 2458//1380 
f 1418//1380 2458//1380 2457//1379 
f 1447//1379 2457//1379 2456//1378 
f 1469//1378 2456//1378 2455//1377 
f 1470//1377 2455//1377 2454//1376 
f 1467//1376 2454//1376 2453//1375 
f 1468//1375 2453//1375 2452//1374 
f 1465//1374 2452//1374 2451//1373 
f 1466//1373 2451//1373 2450//1372 
f 1463//1372 2450//1372 2449//1371 
f 1464//1371 2449//1371 2448//1370 
f 1457//1370 2448//1370 2447//1369 
f 1458//1369 2447//1369 2446//1368 
f 1429//1368 2446//1368 2445//1367 
f 1430//1367 2445//1367 2444//1366 
f 1442//1366 2444//1366 2443//1365 
f 1446//1365 2443//1365 2442//1364 
f 1428//1364 2442//1364 2441//1363 
f 1416//1363 2441//1363 2440//1362 
f 1407//1362 2440//1362 2439//1361 
f 1408//1361 2439//1361 2438//1360 
f 1415//1360 2438//1360 2437//1359 
f 1427//1359 2437//1359 2436//1358 
f 1440//1358 2436//1358 2435//1357 
f 1441//1357 2435//1357 2434//1356 
f 1413//1356 2434//1356 2433//1355 
f 1414//1355 2433//1355 2432//1354 
f 1426//1354 2432//1354 2431//1353 
f 1425//1353 2431//1353 2430//1352 
f 1406//1352 2430//1352 2429//1351 
f 1402//1351 2429//1351 2428//1350 
f 1403//1350 2428//1350 2427//1349 
f 1412//1349 2427//1349 2426//1348 
f 1438//1348 2426//1348 2425//1347 
f 1439//1347 2425//1347 2424//1346 
f 1444//1346 2424//1346 2423//1345 
f 1445//1345 2423//1345 2422//1344 
f 1410//1344 2422//1344 2421//1343 
f 1411//1343 2421//1343 2420//1342 
f 1437//1342 2420//1342 2419//1341 
f 1424//1341 2419//1341 2418//1340 
f 1399//1340 2418//1340 2417//1339 
f 1400//1339 2417//1339 2416//1338 
f 1404//1338 2416//1338 2415//1337 
f 1397//1337 2415//1337 2414//1336 
f 1398//1336 2414//1336 2413//1335 
f 1409//1335 2413//1335 2412//1334 
f 1396//1334 2412//1334 2411//1333 
f 1392//1333 2411//1333 2410//1332 
f 1393//1332 2410//1332 2409//1331 
f 1423//1331 2409//1331 2408//1330 
f 1436//1330 2408//1330 2407//1329 
f 1421//1329 2407//1329 2406//1328 
f 1422//1328 2406//1328 2405//1327 
f 1419//1327 2405//1327 2404//1326 
f 1420//1326 2404//1326 2403//1325 
f 1462//1325 2403//1325 2402//1324 
f 1455//1324 2402//1324 2400//1322 
f 1389//1323 1456//1322 2400//1322 
f 1380//1321 2401//1321 2399//1320 
f 1355//1320 2399//1320 2398//1319 
f 1356//1319 2398//1319 2397//1318 
f 1354//1318 2397//1318 2396//1317 
f 1340//1317 2396//1317 2395//1316 
f 1341//1316 2395//1316 2394//1315 
f 1378//1315 2394//1315 2393//1314 
f 1379//1314 2393//1314 2392//1313 
f 1376//1313 2392//1313 2391//1312 
f 1377//1312 2391//1312 2390//1311 
f 1338//1311 2390//1311 2389//1310 
f 1339//1310 2389//1310 2388//1309 
f 1336//1309 2388//1309 2387//1308 
f 1337//1308 2387//1308 2386//1307 
f 1365//1307 2386//1307 2385//1306 
f 1364//1306 2385//1306 2384//1305 
f 1352//1305 2384//1305 2383//1304 
f 1353//1304 2383//1304 2382//1303 
f 1386//1303 2382//1303 2381//1302 
f 1387//1302 2381//1302 2380//1301 
f 1375//1301 2380//1301 2379//1300 
f 1385//1300 2379//1300 2378//1299 
f 1383//1299 2378//1299 2377//1298 
f 1384//1298 2377//1298 2376//1297 
f 1373//1297 2376//1297 2375//1296 
f 1374//1296 2375//1296 2374//1295 
f 1350//1295 2374//1295 2373//1294 
f 1351//1294 2373//1294 2372//1293 
f 1363//1293 2372//1293 2371//1292 
f 1372//1292 2371//1292 2370//1291 
f 1371//1291 2370//1291 2369//1290 
f 1362//1290 2369//1290 2368//1289 
f 1347//1289 2368//1289 2367//1288 
f 1348//1288 2367//1288 2366//1287 
f 1369//1287 2366//1287 2365//1286 
f 1370//1286 2365//1286 2364//1285 
f 1381//1285 2364//1285 2363//1284 
f 1382//1284 2363//1284 2362//1283 
f 1334//1283 2362//1283 2361//1282 
f 1346//1282 2361//1282 2360//1281 
f 1361//1281 2360//1281 2359//1280 
f 1368//1280 2359//1280 2358//1279 
f 1331//1279 2358//1279 2357//1278 
f 1332//1278 2357//1278 2356//1277 
f 1345//1277 2356//1277 2355//1276 
f 1344//1276 2355//1276 2354//1275 
f 1327//1275 2354//1275 2353//1274 
f 1328//1274 2353//1274 2352//1273 
f 1325//1273 2352//1273 2351//1272 
f 1326//1272 2351//1272 2350//1271 
f 1359//1271 2350//1271 2349//1270 
f 1360//1270 2349//1270 2348//1269 
f 1366//1269 2348//1269 2347//1268 
f 1367//1268 2347//1268 2346//1267 
f 1358//1267 2346//1267 2345//1266 
f 1343//1266 2345//1266 2344//1265 
f 1342//1265 2344//1265 2343//1264 
f 1329//1264 2343//1264 2342//1263 
f 1330//1263 2342//1263 2341//1262 
f 1357//1262 2341//1262 2340//1261 
f 1453//1260 1390//1261 2340//1261 
f 1454//1259 2339//1259 2338//1258 
f 1461//1258 2338//1258 2337//1257 
f 1475//1257 2337//1257 2336//1256 
f 1474//1256 2336//1256 2335//1255 
f 1459//1255 2335//1255 2334//1254 
o mesh27
f 2404//1400 2478//1400 2479//1400 
f 2405//1400 2480//1400 2478//1400 
f 2406//1400 2481//1400 2480//1400 
f 2406//1400 2407//1400 2482//1400 
f 2478//1400 2404//1400 2405//1400 
f 2482//1400 2481//1400 2406//1400 
f 2407//1400 2408//1400 2483//1400 
f 2408//1400 2409//1400 2484//1400 
f 2400//1400 2402//1400 2485//1400 
f 2403//1400 2479//1400 2485//1400 
f 2480//1400 2405//1400 2406//1400 
f 2484//1400 2483//1400 2408//1400 
f 2410//1400 2486//1400 2484//1400 
f 2410//1400 2411//1400 2487//1400 
f 2419//1400 2488//1400 2489//1400 
f 2419//1400 2420//1400 2490//1400 
f 2340//1400 2491//1400 2492//1400 
f 2340//1400 2341//1400 2493//1400 
f 2343//1400 2494//1400 2495//1400 
f 2343//1400 2344//1400 2496//1400 
f 2345//1400 2497//1400 2496//1400 
f 2345//1400 2346//1400 2498//1400 
f 2353//1400 2499//1400 2500//1400 
f 2353//1400 2354//1400 2501//1400 
f 2401//1400 2502//1400 2503//1400 
f 2401//1400 2400//1400 2504//1400 
f 2485//1400 2402//1400 2403//1400 
f 2483//1400 2482//1400 2407//1400 
f 2487//1400 2486//1400 2410//1400 
f 2411//1400 2412//1400 2505//1400 
f 2418//1400 2489//1400 2506//1400 
f 2490//1400 2488//1400 2419//1400 
f 2335//1400 2336//1400 2507//1400 
f 2336//1400 2337//1400 2508//1400 
f 2493//1400 2491//1400 2340//1400 
f 2341//1400 2342//1400 2495//1400 
f 2496//1400 2494//1400 2343//1400 
f 2498//1400 2497//1400 2345//1400 
f 2347//1400 2509//1400 2498//1400 
f 2347//1400 2348//1400 2510//1400 
f 2501//1400 2499//1400 2353//1400 
f 2354//1400 2355//1400 2511//1400 
f 2395//1400 2512//1400 2513//1400 
f 2395//1400 2396//1400 2514//1400 
f 2397//1400 2515//1400 2514//1400 
f 2397//1400 2398//1400 2516//1400 
f 2399//1400 2503//1400 2516//1400 
f 2504//1400 2502//1400 2401//1400 
f 2479//1400 2403//1400 2404//1400 
f 2505//1400 2487//1400 2411//1400 
f 2489//1400 2418//1400 2419//1400 
f 2420//1400 2421//1400 2517//1400 
f 2334//1400 2335//1400 2518//1400 
f 2508//1400 2507//1400 2336//1400 
f 2338//1400 2519//1400 2508//1400 
f 2338//1400 2339//1400 2492//1400 
f 2495//1400 2493//1400 2341//1400 
f 2496//1400 2344//1400 2345//1400 
f 2510//1400 2509//1400 2347//1400 
f 2348//1400 2349//1400 2520//1400 
f 2511//1400 2501//1400 2354//1400 
f 2355//1400 2356//1400 2521//1400 
f 2391//1400 2522//1400 2523//1400 
f 2391//1400 2392//1400 2524//1400 
f 2393//1400 2525//1400 2524//1400 
f 2393//1400 2394//1400 2513//1400 
f 2514//1400 2512//1400 2395//1400 
f 2516//1400 2515//1400 2397//1400 
f 2503//1400 2399//1400 2401//1400 
f 2484//1400 2409//1400 2410//1400 
f 2413//1400 2526//1400 2505//1400 
f 2413//1400 2414//1400 2527//1400 
f 2417//1400 2506//1400 2528//1400 
f 2517//1400 2490//1400 2420//1400 
f 2434//1400 2435//1400 2529//1400 
f 2435//1400 2436//1400 2530//1400 
f 2507//1400 2518//1400 2335//1400 
f 2492//1400 2519//1400 2338//1400 
f 2495//1400 2342//1400 2343//1400 
f 2520//1400 2510//1400 2348//1400 
f 2350//1400 2531//1400 2520//1400 
f 2350//1400 2351//1400 2532//1400 
f 2352//1400 2500//1400 2532//1400 
f 2521//1400 2511//1400 2355//1400 
f 2524//1400 2522//1400 2391//1400 
f 2513//1400 2525//1400 2393//1400 
f 2514//1400 2396//1400 2397//1400 
f 2485//1400 2504//1400 2400//1400 
f 2527//1400 2526//1400 2413//1400 
f 2414//1400 2415//1400 2533//1400 
f 2416//1400 2528//1400 2533//1400 
f 2506//1400 2417//1400 2418//1400 
f 2432//1400 2534//1400 2535//1400 
f 2432//1400 2433//1400 2536//1400 
f 2433//1400 2434//1400 2537//1400 
f 2530//1400 2529//1400 2435//1400 
f 2451//1400 2452//1400 2538//1400 
f 2452//1400 2453//1400 2539//1400 
f 2508//1400 2337//1400 2338//1400 
f 2498//1400 2346//1400 2347//1400 
f 2532//1400 2531//1400 2350//1400 
f 2500//1400 2352//1400 2353//1400 
f 2357//1400 2540//1400 2521//1400 
f 2357//1400 2358//1400 2541//1400 
f 2362//1400 2363//1400 2542//1400 
f 2363//1400 2364//1400 2543//1400 
f 2387//1400 2544//1400 2545//1400 
f 2387//1400 2388//1400 2546//1400 
f 2388//1400 2389//1400 2547//1400 
f 2389//1400 2390//1400 2523//1400 
f 2524//1400 2392//1400 2393//1400 
f 2516//1400 2398//1400 2399//1400 
f 2533//1400 2527//1400 2414//1400 
f 2528//1400 2416//1400 2417//1400 
f 2536//1400 2534//1400 2432//1400 
f 2529//1400 2537//1400 2434//1400 
f 2437//1400 2548//1400 2530//1400 
f 2437//1400 2438//1400 2549//1400 
f 2449//1400 2550//1400 2551//1400 
f 2449//1400 2450//1400 2552//1400 
f 2451//1400 2553//1400 2552//1400 
f 2539//1400 2538//1400 2452//1400 
f 2455//1400 2554//1400 2555//1400 
f 2455//1400 2456//1400 2556//1400 
f 2458//1400 2557//1400 2558//1400 
f 2458//1400 2459//1400 2559//1400 
f 2492//1400 2339//1400 2340//1400 
f 2532//1400 2351//1400 2352//1400 
f 2541//1400 2540//1400 2357//1400 
f 2358//1400 2359//1400 2560//1400 
f 2360//1400 2561//1400 2560//1400 
f 2360//1400 2361//1400 2562//1400 
f 2361//1400 2362//1400 2563//1400 
f 2543//1400 2542//1400 2363//1400 
f 2546//1400 2544//1400 2387//1400 
f 2523//1400 2547//1400 2389//1400 
f 2513//1400 2394//1400 2395//1400 
f 2533//1400 2415//1400 2416//1400 
f 2422//1400 2564//1400 2517//1400 
f 2422//1400 2423//1400 2565//1400 
f 2429//1400 2566//1400 2567//1400 
f 2429//1400 2430//1400 2568//1400 
f 2431//1400 2535//1400 2568//1400 
f 2537//1400 2536//1400 2433//1400 
f 2549//1400 2548//1400 2437//1400 
f 2438//1400 2439//1400 2569//1400 
f 2442//1400 2570//1400 2571//1400 
f 2442//1400 2443//1400 2572//1400 
f 2443//1400 2444//1400 2573//1400 
f 2444//1400 2445//1400 2574//1400 
f 2447//1400 2575//1400 2576//1400 
f 2447//1400 2448//1400 2551//1400 
f 2552//1400 2550//1400 2449//1400 
f 2538//1400 2553//1400 2451//1400 
f 2454//1400 2555//1400 2539//1400 
f 2556//1400 2554//1400 2455//1400 
f 2457//1400 2558//1400 2556//1400 
f 2559//1400 2557//1400 2458//1400 
f 2459//1400 2460//1400 2577//1400 
f 2460//1400 2461//1400 2578//1400 
f 2520//1400 2349//1400 2350//1400 
f 2560//1400 2541//1400 2358//1400 
f 2562//1400 2561//1400 2360//1400 
f 2542//1400 2563//1400 2362//1400 
f 2365//1400 2579//1400 2543//1400 
f 2365//1400 2366//1400 2580//1400 
f 2370//1400 2581//1400 2582//1400 
f 2370//1400 2371//1400 2583//1400 
f 2371//1400 2372//1400 2584//1400 
f 2372//1400 2373//1400 2585//1400 
f 2379//1400 2380//1400 2586//1400 
f 2380//1400 2381//1400 2587//1400 
f 2382//1400 2588//1400 2587//1400 
f 2382//1400 2383//1400 2589//1400 
f 2547//1400 2546//1400 2388//1400 
f 2505//1400 2412//1400 2413//1400 
f 2565//1400 2564//1400 2422//1400 
f 2423//1400 2424//1400 2590//1400 
f 2426//1400 2591//1400 2592//1400 
f 2426//1400 2427//1400 2593//1400 
f 2428//1400 2567//1400 2593//1400 
f 2568//1400 2566//1400 2429//1400 
f 2535//1400 2431//1400 2432//1400 
f 2569//1400 2549//1400 2438//1400 
f 2440//1400 2594//1400 2569//1400 
f 2440//1400 2441//1400 2571//1400 
f 2572//1400 2570//1400 2442//1400 
f 2574//1400 2573//1400 2444//1400 
f 2446//1400 2576//1400 2574//1400 
f 2551//1400 2575//1400 2447//1400 
f 2552//1400 2450//1400 2451//1400 
f 2555//1400 2454//1400 2455//1400 
f 2558//1400 2457//1400 2458//1400 
f 2578//1400 2577//1400 2460//1400 
f 2462//1400 2595//1400 2578//1400 
f 2462//1400 2463//1400 2596//1400 
f 2471//1400 2597//1400 2598//1400 
f 2471//1400 2472//1400 2599//1400 
f 2473//1400 2600//1400 2599//1400 
f 2473//1400 2474//1400 2601//1400 
f 2476//1400 2602//1400 2603//1400 
f 2477//1400 2604//1400 2602//1400 
f 2521//1400 2356//1400 2357//1400 
f 2563//1400 2562//1400 2361//1400 
f 2580//1400 2579//1400 2365//1400 
f 2366//1400 2367//1400 2605//1400 
f 2368//1400 2606//1400 2605//1400 
f 2368//1400 2369//1400 2582//1400 
f 2583//1400 2581//1400 2370//1400 
f 2585//1400 2584//1400 2372//1400 
f 2375//1400 2607//1400 2608//1400 
f 2375//1400 2376//1400 2609//1400 
f 2377//1400 2610//1400 2609//1400 
f 2377//1400 2378//1400 2611//1400 
f 2379//1400 2612//1400 2611//1400 
f 2587//1400 2586//1400 2380//1400 
f 2589//1400 2588//1400 2382//1400 
f 2383//1400 2384//1400 2613//1400 
f 2385//1400 2614//1400 2613//1400 
f 2385//1400 2386//1400 2545//1400 
f 2523//1400 2390//1400 2391//1400 
f 2590//1400 2565//1400 2423//1400 
f 2425//1400 2592//1400 2590//1400 
f 2593//1400 2591//1400 2426//1400 
f 2567//1400 2428//1400 2429//1400 
f 2530//1400 2436//1400 2437//1400 
f 2571//1400 2594//1400 2440//1400 
f 2573//1400 2572//1400 2443//1400 
f 2576//1400 2446//1400 2447//1400 
f 2539//1400 2453//1400 2454//1400 
f 2577//1400 2559//1400 2459//1400 
f 2596//1400 2595//1400 2462//1400 
f 2470//1400 2598//1400 2615//1400 
f 2599//1400 2597//1400 2471//1400 
f 2601//1400 2600//1400 2473//1400 
f 2475//1400 2603//1400 2601//1400 
f 2602//1400 2476//1400 2477//1400 
f 2334//1400 2616//1400 2604//1400 
f 2560//1400 2359//1400 2360//1400 
f 2605//1400 2580//1400 2366//1400 
f 2582//1400 2606//1400 2368//1400 
f 2584//1400 2583//1400 2371//1400 
f 2374//1400 2608//1400 2585//1400 
f 2609//1400 2607//1400 2375//1400 
f 2611//1400 2610//1400 2377//1400 
f 2586//1400 2612//1400 2379//1400 
f 2613//1400 2589//1400 2383//1400 
f 2545//1400 2614//1400 2385//1400 
f 2517//1400 2421//1400 2422//1400 
f 2592//1400 2425//1400 2426//1400 
f 2568//1400 2430//1400 2431//1400 
f 2571//1400 2441//1400 2442//1400 
f 2551//1400 2448//1400 2449//1400 
f 2578//1400 2461//1400 2462//1400 
f 2469//1400 2615//1400 2617//1400 
f 2598//1400 2470//1400 2471//1400 
f 2601//1400 2474//1400 2475//1400 
f 2604//1400 2477//1400 2334//1400 
f 2543//1400 2364//1400 2365//1400 
f 2582//1400 2369//1400 2370//1400 
f 2608//1400 2374//1400 2375//1400 
f 2611//1400 2378//1400 2379//1400 
f 2613//1400 2384//1400 2385//1400 
f 2590//1400 2424//1400 2425//1400 
f 2569//1400 2439//1400 2440//1400 
f 2556//1400 2456//1400 2457//1400 
f 2464//1400 2618//1400 2596//1400 
f 2464//1400 2465//1400 2619//1400 
f 2467//1400 2620//1400 2621//1400 
f 2467//1400 2468//1400 2617//1400 
f 2615//1400 2469//1400 2470//1400 
f 2603//1400 2475//1400 2476//1400 
f 2605//1400 2367//1400 2368//1400 
f 2609//1400 2376//1400 2377//1400 
f 2545//1400 2386//1400 2387//1400 
f 2574//1400 2445//1400 2446//1400 
f 2619//1400 2618//1400 2464//1400 
f 2465//1400 2466//1400 2621//1400 
f 2617//1400 2620//1400 2467//1400 
f 2599//1400 2472//1400 2473//1400 
f 2585//1400 2373//1400 2374//1400 
f 2593//1400 2427//1400 2428//1400 
f 2621//1400 2619//1400 2465//1400 
f 2617//1400 2468//1400 2469//1400 
f 2587//1400 2381//1400 2382//1400 
f 2621//1400 2466//1400 2467//1400 
f 2596//1400 2463//1400 2464//1400 
f 2518//1400 2616//1400 2334//1400 
o mesh28
f 2604//1401 2616//1402 2622//1402 
f 2602//1403 2604//1401 2623//1404 
f 2603//1405 2602//1403 2624//1406 
f 2601//1407 2603//1405 2625//1408 
f 2600//1409 2601//1407 2626//1410 
f 2599//1411 2600//1409 2627//1412 
f 2597//1413 2599//1411 2628//1414 
f 2598//1415 2597//1413 2629//1416 
f 2615//1417 2598//1415 2630//1418 
f 2617//1419 2615//1417 2631//1420 
f 2620//1421 2617//1419 2632//1422 
f 2621//1423 2620//1421 2633//1424 
f 2619//1425 2621//1423 2634//1426 
f 2618//1427 2619//1425 2635//1428 
f 2596//1429 2618//1427 2636//1430 
f 2595//1431 2596//1429 2637//1432 
f 2578//1433 2595//1431 2638//1434 
f 2577//1435 2578//1433 2639//1436 
f 2559//1437 2577//1435 2640//1438 
f 2557//1439 2559//1437 2641//1440 
f 2558//1441 2557//1439 2642//1442 
f 2556//1443 2558//1441 2643//1444 
f 2554//1445 2556//1443 2644//1446 
f 2555//1447 2554//1445 2645//1448 
f 2539//1449 2555//1447 2646//1450 
f 2538//1451 2539//1449 2647//1452 
f 2553//1453 2538//1451 2648//1454 
f 2552//1455 2553//1453 2649//1456 
f 2550//1457 2552//1455 2650//1458 
f 2551//1459 2550//1457 2651//1460 
f 2575//1461 2551//1459 2652//1462 
f 2576//1463 2575//1461 2653//1464 
f 2574//1465 2576//1463 2654//1466 
f 2573//1467 2574//1465 2655//1468 
f 2572//1469 2573//1467 2656//1470 
f 2570//1471 2572//1469 2657//1472 
f 2571//1473 2570//1471 2658//1474 
f 2594//1475 2571//1473 2659//1476 
f 2569//1477 2594//1475 2660//1478 
f 2549//1479 2569//1477 2661//1480 
f 2548//1481 2549//1479 2662//1482 
f 2530//1483 2548//1481 2663//1484 
f 2529//1485 2530//1483 2664//1486 
f 2537//1487 2529//1485 2665//1488 
f 2536//1489 2537//1487 2666//1490 
f 2534//1491 2536//1489 2667//1492 
f 2535//1493 2534//1491 2668//1494 
f 2568//1495 2535//1493 2669//1496 
f 2566//1497 2568//1495 2670//1498 
f 2567//1499 2566//1497 2671//1500 
f 2593//1501 2567//1499 2672//1502 
f 2591//1503 2593//1501 2673//1504 
f 2592//1505 2591//1503 2674//1506 
f 2590//1507 2592//1505 2675//1508 
f 2565//1509 2590//1507 2676//1510 
f 2564//1511 2565//1509 2677//1512 
f 2517//1513 2564//1511 2678//1514 
f 2490//1515 2517//1513 2679//1516 
f 2488//1517 2490//1515 2680//1518 
f 2489//1519 2488//1517 2681//1520 
f 2506//1521 2489//1519 2682//1522 
f 2528//1523 2506//1521 2683//1524 
f 2533//1525 2528//1523 2684//1526 
f 2527//1527 2533//1525 2685//1528 
f 2526//1529 2527//1527 2686//1530 
f 2505//1531 2526//1529 2687//1532 
f 2487//1533 2505//1531 2688//1534 
f 2486//1535 2487//1533 2689//1536 
f 2484//1537 2486//1535 2690//1538 
f 2483//1539 2484//1537 2691//1540 
f 2482//1541 2483//1539 2692//1542 
f 2481//1543 2482//1541 2693//1544 
f 2480//1545 2481//1543 2694//1546 
f 2478//1547 2480//1545 2695//1548 
f 2479//1549 2478//1547 2696//1550 
f 2485//1551 2479//1549 2697//1552 
f 2504//1553 2485//1551 2698//1554 
f 2502//1555 2504//1553 2699//1556 
f 2503//1557 2502//1555 2700//1558 
f 2516//1559 2503//1557 2701//1560 
f 2515//1561 2516//1559 2702//1562 
f 2514//1563 2515//1561 2703//1564 
f 2512//1565 2514//1563 2704//1566 
f 2513//1567 2512//1565 2705//1568 
f 2525//1569 2513//1567 2706//1570 
f 2524//1571 2525//1569 2707//1572 
f 2522//1573 2524//1571 2708//1574 
f 2523//1575 2522//1573 2709//1576 
f 2547//1577 2523//1575 2710//1578 
f 2546//1579 2547//1577 2711//1580 
f 2544//1581 2546//1579 2712//1582 
f 2545//1583 2544//1581 2713//1584 
f 2614//1585 2545//1583 2714//1586 
f 2613//1587 2614//1585 2715//1588 
f 2589//1589 2613//1587 2716//1590 
f 2588//1591 2589//1589 2717//1592 
f 2587//1593 2588//1591 2718//1594 
f 2586//1595 2587//1593 2719//1596 
f 2612//1597 2586//1595 2720//1598 
f 2611//1599 2612//1597 2721//1600 
f 2610//1601 2611//1599 2722//1602 
f 2609//1603 2610//1601 2723//1604 
f 2607//1605 2609//1603 2724//1606 
f 2608//1607 2607//1605 2725//1608 
f 2585//1609 2608//1607 2726//1610 
f 2584//1611 2585//1609 2727//1612 
f 2583//1613 2584//1611 2728//1614 
f 2581//1615 2583//1613 2729//1616 
f 2582//1617 2581//1615 2730//1618 
f 2606//1619 2582//1617 2731//1620 
f 2605//1621 2606//1619 2732//1622 
f 2580//1623 2605//1621 2733//1624 
f 2579//1625 2580//1623 2734//1626 
f 2543//1627 2579//1625 2735//1628 
f 2542//1629 2543//1627 2736//1630 
f 2563//1631 2542//1629 2737//1632 
f 2562//1633 2563//1631 2738//1634 
f 2561//1635 2562//1633 2739//1636 
f 2560//1637 2561//1635 2740//1638 
f 2541//1639 2560//1637 2741//1640 
f 2540//1641 2541//1639 2742//1642 
f 2521//1643 2540//1641 2743//1644 
f 2511//1645 2521//1643 2744//1646 
f 2501//1647 2511//1645 2745//1648 
f 2499//1649 2501//1647 2746//1650 
f 2500//1651 2499//1649 2747//1652 
f 2532//1653 2500//1651 2748//1654 
f 2531//1655 2532//1653 2749//1656 
f 2520//1657 2531//1655 2750//1658 
f 2510//1659 2520//1657 2751//1660 
f 2509//1661 2510//1659 2752//1662 
f 2498//1663 2509//1661 2753//1664 
f 2497//1665 2498//1663 2754//1666 
f 2496//1667 2497//1665 2755//1668 
f 2494//1669 2496//1667 2756//1670 
f 2495//1671 2494//1669 2757//1672 
f 2493//1673 2495//1671 2758//1674 
f 2491//1675 2493//1673 2759//1676 
f 2492//1677 2491//1675 2760//1678 
f 2519//1679 2492//1677 2761//1680 
f 2508//1681 2519//1679 2762//1682 
f 2507//1683 2508//1681 2763//1684 
f 2518//1685 2507//1683 2764//1686 
f 2616//1402 2518//1685 2765//1685 
f 2765//1685 2622//1402 2616//1402 
f 2764//1686 2765//1685 2518//1685 
f 2763//1684 2764//1686 2507//1683 
f 2762//1682 2763//1684 2508//1681 
f 2761//1680 2762//1682 2519//1679 
f 2760//1678 2761//1680 2492//1677 
f 2759//1676 2760//1678 2491//1675 
f 2758//1674 2759//1676 2493//1673 
f 2757//1672 2758//1674 2495//1671 
f 2756//1670 2757//1672 2494//1669 
f 2755//1668 2756//1670 2496//1667 
f 2754//1666 2755//1668 2497//1665 
f 2753//1664 2754//1666 2498//1663 
f 2752//1662 2753//1664 2509//1661 
f 2751//1660 2752//1662 2510//1659 
f 2750//1658 2751//1660 2520//1657 
f 2749//1656 2750//1658 2531//1655 
f 2748//1654 2749//1656 2532//1653 
f 2747//1652 2748//1654 2500//1651 
f 2746//1650 2747//1652 2499//1649 
f 2745//1648 2746//1650 2501//1647 
f 2744//1646 2745//1648 2511//1645 
f 2743//1644 2744//1646 2521//1643 
f 2742//1642 2743//1644 2540//1641 
f 2741//1640 2742//1642 2541//1639 
f 2740//1638 2741//1640 2560//1637 
f 2739//1636 2740//1638 2561//1635 
f 2738//1634 2739//1636 2562//1633 
f 2737//1632 2738//1634 2563//1631 
f 2736//1630 2737//1632 2542//1629 
f 2735//1628 2736//1630 2543//1627 
f 2734//1626 2735//1628 2579//1625 
f 2733//1624 2734//1626 2580//1623 
f 2732//1622 2733//1624 2605//1621 
f 2731//1620 2732//1622 2606//1619 
f 2730//1618 2731//1620 2582//1617 
f 2729//1616 2730//1618 2581//1615 
f 2728//1614 2729//1616 2583//1613 
f 2727//1612 2728//1614 2584//1611 
f 2726//1610 2727//1612 2585//1609 
f 2725//1608 2726//1610 2608//1607 
f 2724//1606 2725//1608 2607//1605 
f 2723//1604 2724//1606 2609//1603 
f 2722//1602 2723//1604 2610//1601 
f 2721//1600 2722//1602 2611//1599 
f 2720//1598 2721//1600 2612//1597 
f 2719//1596 2720//1598 2586//1595 
f 2718//1594 2719//1596 2587//1593 
f 2717//1592 2718//1594 2588//1591 
f 2716//1590 2717//1592 2589//1589 
f 2715//1588 2716//1590 2613//1587 
f 2714//1586 2715//1588 2614//1585 
f 2713//1584 2714//1586 2545//1583 
f 2712//1582 2713//1584 2544//1581 
f 2711//1580 2712//1582 2546//1579 
f 2710//1578 2711//1580 2547//1577 
f 2709//1576 2710//1578 2523//1575 
f 2708//1574 2709//1576 2522//1573 
f 2707//1572 2708//1574 2524//1571 
f 2706//1570 2707//1572 2525//1569 
f 2705//1568 2706//1570 2513//1567 
f 2704//1566 2705//1568 2512//1565 
f 2703//1564 2704//1566 2514//1563 
f 2702//1562 2703//1564 2515//1561 
f 2701//1560 2702//1562 2516//1559 
f 2700//1558 2701//1560 2503//1557 
f 2699//1556 2700//1558 2502//1555 
f 2698//1554 2699//1556 2504//1553 
f 2697//1552 2698//1554 2485//1551 
f 2696//1550 2697//1552 2479//1549 
f 2695//1548 2696//1550 2478//1547 
f 2694//1546 2695//1548 2480//1545 
f 2693//1544 2694//1546 2481//1543 
f 2692//1542 2693//1544 2482//1541 
f 2691//1540 2692//1542 2483//1539 
f 2690//1538 2691//1540 2484//1537 
f 2689//1536 2690//1538 2486//1535 
f 2688//1534 2689//1536 2487//1533 
f 2687//1532 2688//1534 2505//1531 
f 2686//1530 2687//1532 2526//1529 
f 2685//1528 2686//1530 2527//1527 
f 2684//1526 2685//1528 2533//1525 
f 2683//1524 2684//1526 2528//1523 
f 2682//1522 2683//1524 2506//1521 
f 2681//1520 2682//1522 2489//1519 
f 2680//1518 2681//1520 2488//1517 
f 2679//1516 2680//1518 2490//1515 
f 2678//1514 2679//1516 2517//1513 
f 2677//1512 2678//1514 2564//1511 
f 2676//1510 2677//1512 2565//1509 
f 2675//1508 2676//1510 2590//1507 
f 2674//1506 2675//1508 2592//1505 
f 2673//1504 2674//1506 2591//1503 
f 2672//1502 2673//1504 2593//1501 
f 2671//1500 2672//1502 2567//1499 
f 2670//1498 2671//1500 2566//1497 
f 2669//1496 2670//1498 2568//1495 
f 2668//1494 2669//1496 2535//1493 
f 2667//1492 2668//1494 2534//1491 
f 2666//1490 2667//1492 2536//1489 
f 2665//1488 2666//1490 2537//1487 
f 2664//1486 2665//1488 2529//1485 
f 2663//1484 2664//1486 2530//1483 
f 2662//1482 2663//1484 2548//1481 
f 2661//1480 2662//1482 2549//1479 
f 2660//1478 2661//1480 2569//1477 
f 2659//1476 2660//1478 2594//1475 
f 2658//1474 2659//1476 2571//1473 
f 2657//1472 2658//1474 2570//1471 
f 2656//1470 2657//1472 2572//1469 
f 2655//1468 2656//1470 2573//1467 
f 2654//1466 2655//1468 2574//1465 
f 2653//1464 2654//1466 2576//1463 
f 2652//1462 2653//1464 2575//1461 
f 2651//1460 2652//1462 2551//1459 
f 2650//1458 2651//1460 2550//1457 
f 2649//1456 2650//1458 2552//1455 
f 2648//1454 2649//1456 2553//1453 
f 2647//1452 2648//1454 2538//1451 
f 2646//1450 2647//1452 2539//1449 
f 2645//1448 2646//1450 2555//1447 
f 2644//1446 2645//1448 2554//1445 
f 2643//1444 2644//1446 2556//1443 
f 2642//1442 2643//1444 2558//1441 
f 2641//1440 2642//1442 2557//1439 
f 2640//1438 2641//1440 2559//1437 
f 2639//1436 2640//1438 2577//1435 
f 2638//1434 2639//1436 2578//1433 
f 2637//1432 2638//1434 2595//1431 
f 2636//1430 2637//1432 2596//1429 
f 2635//1428 2636//1430 2618//1427 
f 2634//1426 2635//1428 2619//1425 
f 2633//1424 2634//1426 2621//1423 
f 2632//1422 2633//1424 2620//1421 
f 2631//1420 2632//1422 2617//1419 
f 2630//1418 2631//1420 2615//1417 
f 2629//1416 2630//1418 2598//1415 
f 2628//1414 2629//1416 2597//1413 
f 2627//1412 2628//1414 2599//1411 
f 2626//1410 2627//1412 2600//1409 
f 2625//1408 2626//1410 2601//1407 
f 2624//1406 2625//1408 2603//1405 
f 2623//1404 2624//1406 2602//1403 
f 2622//1402 2623//1404 2604//1401 
o mesh29
f 2766//1687 2693//1687 2692//1687 
f 2692//1687 2691//1687 2766//1687 
f 2691//1687 2690//1687 2766//1687 
f 2690//1687 2689//1687 2766//1687 
f 2689//1687 2688//1687 2766//1687 
f 2688//1687 2687//1687 2766//1687 
f 2687//1687 2686//1687 2766//1687 
f 2686//1687 2685//1687 2766//1687 
f 2685//1687 2684//1687 2766//1687 
f 2684//1687 2683//1687 2766//1687 
f 2683//1687 2682//1687 2766//1687 
f 2682//1687 2681//1687 2766//1687 
f 2681//1687 2680//1687 2766//1687 
f 2680//1687 2679//1687 2766//1687 
f 2679//1687 2678//1687 2766//1687 
f 2678//1687 2677//1687 2766//1687 
f 2677//1687 2676//1687 2766//1687 
f 2676//1687 2675//1687 2766//1687 
f 2675//1687 2674//1687 2766//1687 
f 2674//1687 2673//1687 2766//1687 
f 2673//1687 2672//1687 2766//1687 
f 2672//1687 2671//1687 2766//1687 
f 2671//1687 2670//1687 2766//1687 
f 2670//1687 2669//1687 2766//1687 
f 2669//1687 2668//1687 2766//1687 
f 2668//1687 2667//1687 2766//1687 
f 2667//1687 2666//1687 2766//1687 
f 2666//1687 2665//1687 2766//1687 
f 2665//1687 2664//1687 2766//1687 
f 2664//1687 2663//1687 2766//1687 
f 2663//1687 2662//1687 2766//1687 
f 2662//1687 2661//1687 2766//1687 
f 2661//1687 2660//1687 2766//1687 
f 2660//1687 2659//1687 2766//1687 
f 2659//1687 2658//1687 2766//1687 
f 2658//1687 2657//1687 2766//1687 
f 2657//1687 2656//1687 2766//1687 
f 2656//1687 2655//1687 2766//1687 
f 2655//1687 2654//1687 2766//1687 
f 2654//1687 2653//1687 2766//1687 
f 2653//1687 2652//1687 2766//1687 
f 2652//1687 2651//1687 2766//1687 
f 2651//1687 2650//1687 2766//1687 
f 2650//1687 2649//1687 2766//1687 
f 2649//1687 2648//1687 2766//1687 
f 2648//1687 2647//1687 2766//1687 
f 2647//1687 2646//1687 2766//1687 
f 2646//1687 2645//1687 2766//1687 
f 2645//1687 2644//1687 2766//1687 
f 2644//1687 2643//1687 2766//1687 
f 2643//1687 2642//1687 2766//1687 
f 2642//1687 2641//1687 2766//1687 
f 2641//1687 2640//1687 2766//1687 
f 2640//1687 2639//1687 2766//1687 
f 2639//1687 2638//1687 2766//1687 
f 2638//1687 2637//1687 2766//1687 
f 2637//1687 2636//1687 2766//1687 
f 2636//1687 2635//1687 2766//1687 
f 2635//1687 2634//1687 2766//1687 
f 2634//1687 2633//1687 2766//1687 
f 2633//1687 2632//1687 2766//1687 
f 2632//1687 2631//1687 2766//1687 
f 2631//1687 2630//1687 2766//1687 
f 2630//1687 2629//1687 2766//1687 
f 2629//1687 2628//1687 2766//1687 
f 2628//1687 2627//1687 2766//1687 
f 2627//1687 2626//1687 2766//1687 
f 2626//1687 2625//1687 2766//1687 
f 2625//1687 2624//1687 2766//1687 
f 2624//1687 2623//1687 2766//1687 
f 2623//1687 2622//1687 2766//1687 
f 2622//1687 2765//1687 2766//1687 
f 2765//1687 2764//1687 2766//1687 
f 2764//1687 2763//1687 2766//1687 
f 2763//1687 2762//1687 2766//1687 
f 2762//1687 2761//1687 2766//1687 
f 2761//1687 2760//1687 2766//1687 
f 2760//1687 2759//1687 2766//1687 
f 2759//1687 2758//1687 2766//1687 
f 2758//1687 2757//1687 2766//1687 
f 2757//1687 2756//1687 2766//1687 
f 2756//1687 2755//1687 2766//1687 
f 2755//1687 2754//1687 2766//1687 
f 2754//1687 2753//1687 2766//1687 
f 2753//1687 2752//1687 2766//1687 
f 2752//1687 2751//1687 2766//1687 
f 2751//1687 2750//1687 2766//1687 
f 2750//1687 2749//1687 2766//1687 
f 2749//1687 2748//1687 2766//1687 
f 2748//1687 2747//1687 2766//1687 
f 2747//1687 2746//1687 2766//1687 
f 2746//1687 2745//1687 2766//1687 
f 2745//1687 2744//1687 2766//1687 
f 2744//1687 2743//1687 2766//1687 
f 2743//1687 2742//1687 2766//1687 
f 2742//1687 2741//1687 2766//1687 
f 2741//1687 2740//1687 2766//1687 
f 2740//1687 2739//1687 2766//1687 
f 2739//1687 2738//1687 2766//1687 
f 2738//1687 2737//1687 2766//1687 
f 2737//1687 2736//1687 2766//1687 
f 2736//1687 2735//1687 2766//1687 
f 2735//1687 2734//1687 2766//1687 
f 2734//1687 2733//1687 2766//1687 
f 2733//1687 2732//1687 2766//1687 
f 2732//1687 2731//1687 2766//1687 
f 2731//1687 2730//1687 2766//1687 
f 2730//1687 2729//1687 2766//1687 
f 2729//1687 2728//1687 2766//1687 
f 2728//1687 2727//1687 2766//1687 
f 2727//1687 2726//1687 2766//1687 
f 2726//1687 2725//1687 2766//1687 
f 2725//1687 2724//1687 2766//1687 
f 2724//1687 2723//1687 2766//1687 
f 2723//1687 2722//1687 2766//1687 
f 2722//1687 2721//1687 2766//1687 
f 2721//1687 2720//1687 2766//1687 
f 2720//1687 2719//1687 2766//1687 
f 2719//1687 2718//1687 2766//1687 
f 2718//1687 2717//1687 2766//1687 
f 2717//1687 2716//1687 2766//1687 
f 2716//1687 2715//1687 2766//1687 
f 2715//1687 2714//1687 2766//1687 
f 2714//1687 2713//1687 2766//1687 
f 2713//1687 2712//1687 2766//1687 
f 2712//1687 2711//1687 2766//1687 
f 2711//1687 2710//1687 2766//1687 
f 2710//1687 2709//1687 2766//1687 
f 2709//1687 2708//1687 2766//1687 
f 2708//1687 2707//1687 2766//1687 
f 2707//1687 2706//1687 2766//1687 
f 2706//1687 2705//1687 2766//1687 
f 2705//1687 2704//1687 2766//1687 
f 2704//1687 2703//1687 2766//1687 
f 2703//1687 2702//1687 2766//1687 
f 2702//1687 2701//1687 2766//1687 
f 2701//1687 2700//1687 2766//1687 
f 2700//1687 2699//1687 2766//1687 
f 2699//1687 2698//1687 2766//1687 
f 2698//1687 2697//1687 2766//1687 
f 2697//1687 2696//1687 2766//1687 
f 2696//1687 2695//1687 2766//1687 
f 2695//1687 2694//1687 2766//1687 
f 2694//1687 2693//1687 2766//1687 
o mesh30
f 1168//1688 1171//1689 2767//1689 
f 2768//1690 2767//1689 1170//1691 
f 2767//1689 1171//1689 1170//1691 
f 1909//1690 1904//1692 2769//1692 
f 1904//1692 1903//1693 2770//1693 
f 1903//1693 1906//1694 2771//1694 
f 1906//1694 1905//1695 2772//1695 
f 1905//1695 1895//1696 2773//1696 
f 1895//1696 1894//1697 2774//1697 
f 1894//1697 1896//1698 2775//1698 
f 1896//1698 1890//1699 2776//1699 
f 1890//1699 1889//1700 2777//1700 
f 1889//1700 1891//1701 2778//1701 
f 1891//1701 1897//1702 2779//1702 
f 1897//1702 1907//1703 2780//1703 
f 1907//1703 1899//1704 2781//1704 
f 1899//1704 1898//1705 2782//1705 
f 1898//1705 1893//1706 2783//1706 
f 1893//1706 1892//1707 2784//1707 
f 1892//1707 1900//1708 2785//1708 
f 1900//1708 1910//1709 2786//1709 
f 1910//1709 1908//1710 2787//1710 
f 1908//1710 1902//1711 2788//1711 
f 1902//1711 1901//1712 2789//1712 
f 1912//1713 2790//1714 2789//1712 
f 2789//1712 1901//1712 1912//1713 
f 1940//1714 1939//1715 2791//1715 
f 1939//1715 1936//1716 2792//1716 
f 1936//1716 1935//1717 2793//1717 
f 1935//1717 1941//1718 2794//1718 
f 1941//1718 1942//1719 2795//1719 
f 1942//1719 1938//1720 2796//1720 
f 1938//1720 1937//1721 2797//1721 
f 1937//1721 1934//1722 2798//1722 
f 1934//1722 1916//1723 2799//1723 
f 1916//1723 1915//1724 2800//1724 
f 1915//1724 1922//1725 2801//1725 
f 1922//1725 1928//1726 2802//1726 
f 1928//1726 1930//1727 2803//1727 
f 1930//1727 1932//1728 2804//1728 
f 1932//1728 1925//1729 2805//1729 
f 1925//1729 1924//1730 2806//1730 
f 1924//1730 1918//1731 2807//1731 
f 1918//1731 1917//1732 2808//1732 
f 1917//1732 1926//1733 2809//1733 
f 1926//1733 1933//1734 2810//1734 
f 1933//1734 1950//1735 2811//1735 
f 1950//1735 1949//1736 2812//1736 
f 1949//1736 1952//1737 2813//1737 
f 1952//1737 1951//1738 2814//1738 
f 1951//1738 1944//1739 2815//1739 
f 1944//1739 1943//1740 2816//1740 
f 1943//1740 1953//1741 2817//1741 
f 1953//1741 1967//1742 2818//1742 
f 1967//1742 1955//1743 2819//1743 
f 1955//1743 1954//1744 2820//1744 
f 1954//1744 1957//1745 2821//1745 
f 1957//1745 1956//1746 2822//1746 
f 1956//1746 1958//1747 2823//1747 
f 1958//1747 1946//1748 2824//1748 
f 1946//1748 1945//1749 2825//1749 
f 1945//1749 1968//1750 2826//1750 
f 1968//1750 1969//1751 2827//1751 
f 1969//1751 1960//1752 2828//1752 
f 1960//1752 1959//1753 2829//1753 
f 1959//1753 1962//1754 2830//1754 
f 1962//1754 1961//1755 2831//1755 
f 1961//1755 1963//1756 2832//1756 
f 1963//1756 1965//1757 2833//1757 
f 1965//1757 1964//1758 2834//1758 
f 1964//1758 1948//1759 2835//1759 
f 1948//1759 1947//1760 2836//1760 
f 2836//1760 1947//1760 1966//1761 
f 1966//1761 2837//1762 2836//1760 
f 1228//1762 1227//1763 2838//1763 
f 1227//1763 1220//1764 2839//1764 
f 1220//1764 1219//1765 2840//1765 
f 1219//1765 1229//1766 2841//1766 
f 1229//1766 1196//1767 2842//1767 
f 1196//1767 1195//1768 2843//1768 
f 1195//1768 1198//1769 2844//1769 
f 1198//1769 1197//1770 2845//1770 
f 1197//1770 1184//1771 2846//1771 
f 1184//1771 1183//1772 2847//1772 
f 1183//1772 1189//1773 2848//1773 
f 1189//1773 1191//1774 2849//1774 
f 1191//1774 1190//1775 2850//1775 
f 1190//1775 1199//1776 2851//1776 
f 1199//1776 1193//1777 2852//1777 
f 1193//1777 1192//1778 2853//1778 
f 1192//1778 1210//1779 2854//1779 
f 1210//1779 1212//1780 2855//1780 
f 1212//1780 1211//1781 2856//1781 
f 1211//1781 1222//1782 2857//1782 
f 1222//1782 1221//1783 2858//1783 
f 1221//1783 1223//1784 2859//1784 
f 1223//1784 1214//1785 2860//1785 
f 1214//1785 1213//1786 2861//1786 
f 1213//1786 1231//1787 2862//1787 
f 1231//1787 1230//1788 2863//1788 
f 1230//1788 1224//1789 2864//1789 
f 1224//1789 1201//1790 2865//1790 
f 1201//1790 1200//1791 2866//1791 
f 1200//1791 1215//1792 2867//1792 
f 1215//1792 1225//1793 2868//1793 
f 1225//1793 1216//1794 2869//1794 
f 1216//1794 1203//1795 2870//1795 
f 1203//1795 1202//1796 2871//1796 
f 1202//1796 1194//1797 2872//1797 
f 1194//1797 1204//1798 2873//1798 
f 1204//1798 1206//1799 2874//1799 
f 1206//1799 1205//1800 2875//1800 
f 1205//1800 1207//1801 2876//1801 
f 1207//1801 1186//1802 2877//1802 
f 1186//1802 1185//1803 2878//1803 
f 1185//1803 1188//1804 2879//1804 
f 1188//1804 1187//1805 2880//1805 
f 1187//1805 1209//1806 2881//1806 
f 1209//1806 1208//1807 2882//1807 
f 1208//1807 1226//1808 2883//1808 
f 1226//1808 1218//1809 2884//1809 
f 1218//1809 1217//1810 2885//1810 
f 1217//1810 1232//1811 2886//1811 
f 1177//1812 1176//1813 2887//1813 
f 2886//1811 1232//1811 1177//1812 
f 1176//1813 1178//1814 2888//1814 
f 1178//1814 1180//1815 2889//1815 
f 1180//1815 1179//1816 2890//1816 
f 1179//1816 1182//1817 2891//1817 
f 1182//1817 1181//1818 2892//1818 
f 1181//1818 1173//1819 2893//1819 
f 1173//1819 1172//1820 2894//1820 
f 1172//1820 1175//1821 2895//1821 
f 1175//1821 1174//1822 2896//1822 
f 1174//1822 1157//1823 2897//1823 
f 1157//1823 1156//1824 2898//1824 
f 1156//1824 1158//1825 2899//1825 
f 1158//1825 1163//1826 2900//1826 
f 1163//1826 1160//1827 2901//1827 
f 1160//1827 1159//1828 2902//1828 
f 1159//1828 1162//1829 2903//1829 
f 1162//1829 1161//1830 2904//1830 
f 1161//1830 1165//1831 2905//1831 
f 1165//1831 1164//1832 2906//1832 
f 1164//1832 1167//1833 2907//1833 
f 1167//1833 1166//1834 2908//1834 
f 1166//1834 1169//1835 2909//1835 
f 1169//1835 1168//1688 2910//1836 
f 2910//1836 2909//1835 1169//1835 
f 2909//1835 2908//1834 1166//1834 
f 2908//1834 2907//1833 1167//1833 
f 2907//1833 2906//1832 1164//1832 
f 2906//1832 2905//1831 1165//1831 
f 2905//1831 2904//1830 1161//1830 
f 2904//1830 2903//1829 1162//1829 
f 2903//1829 2902//1828 1159//1828 
f 2902//1828 2901//1827 1160//1827 
f 2901//1827 2900//1826 1163//1826 
f 2900//1826 2899//1825 1158//1825 
f 2899//1825 2898//1824 1156//1824 
f 2898//1824 2897//1823 1157//1823 
f 2897//1823 2896//1822 1174//1822 
f 2896//1822 2895//1821 1175//1821 
f 2895//1821 2894//1820 1172//1820 
f 2894//1820 2893//1819 1173//1819 
f 2893//1819 2892//1818 1181//1818 
f 2892//1818 2891//1817 1182//1817 
f 2891//1817 2890//1816 1179//1816 
f 2890//1816 2889//1815 1180//1815 
f 2889//1815 2888//1814 1178//1814 
f 2888//1814 2887//1813 1176//1813 
f 2887//1813 2886//1811 1177//1812 
f 2886//1811 2885//1810 1217//1810 
f 2885//1810 2884//1809 1218//1809 
f 2884//1809 2883//1808 1226//1808 
f 2883//1808 2882//1807 1208//1807 
f 2882//1807 2881//1806 1209//1806 
f 2881//1806 2880//1805 1187//1805 
f 2880//1805 2879//1804 1188//1804 
f 2879//1804 2878//1803 1185//1803 
f 2878//1803 2877//1802 1186//1802 
f 2877//1802 2876//1801 1207//1801 
f 2876//1801 2875//1800 1205//1800 
f 2875//1800 2874//1799 1206//1799 
f 2874//1799 2873//1798 1204//1798 
f 2873//1798 2872//1797 1194//1797 
f 2872//1797 2871//1796 1202//1796 
f 2871//1796 2870//1795 1203//1795 
f 2870//1795 2869//1794 1216//1794 
f 2869//1794 2868//1793 1225//1793 
f 2868//1793 2867//1792 1215//1792 
f 2867//1792 2866//1791 1200//1791 
f 2866//1791 2865//1790 1201//1790 
f 2865//1790 2864//1789 1224//1789 
f 2864//1789 2863//1788 1230//1788 
f 2863//1788 2862//1787 1231//1787 
f 2862//1787 2861//1786 1213//1786 
f 2861//1786 2860//1785 1214//1785 
f 2860//1785 2859//1784 1223//1784 
f 2859//1784 2858//1783 1221//1783 
f 2858//1783 2857//1782 1222//1782 
f 2857//1782 2856//1781 1211//1781 
f 2856//1781 2855//1780 1212//1780 
f 2855//1780 2854//1779 1210//1779 
f 2854//1779 2853//1778 1192//1778 
f 2853//1778 2852//1777 1193//1777 
f 2852//1777 2851//1776 1199//1776 
f 2851//1776 2850//1775 1190//1775 
f 2850//1775 2849//1774 1191//1774 
f 2849//1774 2848//1773 1189//1773 
f 2848//1773 2847//1772 1183//1772 
f 2847//1772 2846//1771 1184//1771 
f 2846//1771 2845//1770 1197//1770 
f 2845//1770 2844//1769 1198//1769 
f 2844//1769 2843//1768 1195//1768 
f 2843//1768 2842//1767 1196//1767 
f 2842//1767 2841//1766 1229//1766 
f 2841//1766 2840//1765 1219//1765 
f 2840//1765 2839//1764 1220//1764 
f 2839//1764 2838//1763 1227//1763 
f 2838//1763 2837//1762 1228//1762 
f 1966//1761 1228//1762 2837//1762 
f 2836//1760 2835//1759 1948//1759 
f 2835//1759 2834//1758 1964//1758 
f 2834//1758 2833//1757 1965//1757 
f 2833//1757 2832//1756 1963//1756 
f 2832//1756 2831//1755 1961//1755 
f 2831//1755 2830//1754 1962//1754 
f 2830//1754 2829//1753 1959//1753 
f 2829//1753 2828//1752 1960//1752 
f 2828//1752 2827//1751 1969//1751 
f 2827//1751 2826//1750 1968//1750 
f 2826//1750 2825//1749 1945//1749 
f 2825//1749 2824//1748 1946//1748 
f 2824//1748 2823//1747 1958//1747 
f 2823//1747 2822//1746 1956//1746 
f 2822//1746 2821//1745 1957//1745 
f 2821//1745 2820//1744 1954//1744 
f 2820//1744 2819//1743 1955//1743 
f 2819//1743 2818//1742 1967//1742 
f 2818//1742 2817//1741 1953//1741 
f 2817//1741 2816//1740 1943//1740 
f 2816//1740 2815//1739 1944//1739 
f 2815//1739 2814//1738 1951//1738 
f 2814//1738 2813//1737 1952//1737 
f 2813//1737 2812//1736 1949//1736 
f 2812//1736 2811//1735 1950//1735 
f 2811//1735 2810//1734 1933//1734 
f 2810//1734 2809//1733 1926//1733 
f 2809//1733 2808//1732 1917//1732 
f 2808//1732 2807//1731 1918//1731 
f 2807//1731 2806//1730 1924//1730 
f 2806//1730 2805//1729 1925//1729 
f 2805//1729 2804//1728 1932//1728 
f 2804//1728 2803//1727 1930//1727 
f 2803//1727 2802//1726 1928//1726 
f 2802//1726 2801//1725 1922//1725 
f 2801//1725 2800//1724 1915//1724 
f 2800//1724 2799//1723 1916//1723 
f 2799//1723 2798//1722 1934//1722 
f 2798//1722 2797//1721 1937//1721 
f 2797//1721 2796//1720 1938//1720 
f 2796//1720 2795//1719 1942//1719 
f 2795//1719 2794//1718 1941//1718 
f 2794//1718 2793//1717 1935//1717 
f 2793//1717 2792//1716 1936//1716 
f 2792//1716 2791//1715 1939//1715 
f 2791//1715 2790//1714 1940//1714 
f 1912//1713 1940//1714 2790//1714 
f 2789//1712 2788//1711 1902//1711 
f 2788//1711 2787//1710 1908//1710 
f 2787//1710 2786//1709 1910//1709 
f 2786//1709 2785//1708 1900//1708 
f 2785//1708 2784//1707 1892//1707 
f 2784//1707 2783//1706 1893//1706 
f 2783//1706 2782//1705 1898//1705 
f 2782//1705 2781//1704 1899//1704 
f 2781//1704 2780//1703 1907//1703 
f 2780//1703 2779//1702 1897//1702 
f 2779//1702 2778//1701 1891//1701 
f 2778//1701 2777//1700 1889//1700 
f 2777//1700 2776//1699 1890//1699 
f 2776//1699 2775//1698 1896//1698 
f 2775//1698 2774//1697 1894//1697 
f 2774//1697 2773//1696 1895//1696 
f 2773//1696 2772//1695 1905//1695 
f 2772//1695 2771//1694 1906//1694 
f 2771//1694 2770//1693 1903//1693 
f 2770//1693 2769//1692 1904//1692 
f 2769//1692 2768//1690 1909//1690 
f 1170//1691 1909//1690 2768//1690 
f 2767//1689 2910//1836 1168//1688 
o mesh31
f 2911//1837 2839//1837 2840//1837 
f 2840//1837 2841//1837 2911//1837 
f 2841//1837 2842//1837 2911//1837 
f 2842//1837 2843//1837 2911//1837 
f 2843//1837 2844//1837 2911//1837 
f 2844//1837 2845//1837 2911//1837 
f 2845//1837 2846//1837 2911//1837 
f 2846//1837 2847//1837 2911//1837 
f 2847//1837 2848//1837 2911//1837 
f 2848//1837 2849//1837 2911//1837 
f 2849//1837 2850//1837 2911//1837 
f 2850//1837 2851//1837 2911//1837 
f 2851//1837 2852//1837 2911//1837 
f 2852//1837 2853//1837 2911//1837 
f 2853//1837 2854//1837 2911//1837 
f 2854//1837 2855//1837 2911//1837 
f 2855//1837 2856//1837 2911//1837 
f 2856//1837 2857//1837 2911//1837 
f 2857//1837 2858//1837 2911//1837 
f 2858//1837 2859//1837 2911//1837 
f 2859//1837 2860//1837 2911//1837 
f 2860//1837 2861//1837 2911//1837 
f 2861//1837 2862//1837 2911//1837 
f 2862//1837 2863//1837 2911//1837 
f 2863//1837 2864//1837 2911//1837 
f 2864//1837 2865//1837 2911//1837 
f 2865//1837 2866//1837 2911//1837 
f 2866//1837 2867//1837 2911//1837 
f 2867//1837 2868//1837 2911//1837 
f 2868//1837 2869//1837 2911//1837 
f 2869//1837 2870//1837 2911//1837 
f 2870//1837 2871//1837 2911//1837 
f 2871//1837 2872//1837 2911//1837 
f 2872//1837 2873//1837 2911//1837 
f 2873//1837 2874//1837 2911//1837 
f 2874//1837 2875//1837 2911//1837 
f 2875//1837 2876//1837 2911//1837 
f 2876//1837 2877//1837 2911//1837 
f 2877//1837 2878//1837 2911//1837 
f 2878//1837 2879//1837 2911//1837 
f 2879//1837 2880//1837 2911//1837 
f 2880//1837 2881//1837 2911//1837 
f 2881//1837 2882//1837 2911//1837 
f 2882//1837 2883//1837 2911//1837 
f 2883//1837 2884//1837 2911//1837 
f 2884//1837 2885//1837 2911//1837 
f 2885//1837 2886//1837 2911//1837 
f 2886//1837 2887//1837 2911//1837 
f 2887//1837 2888//1837 2911//1837 
f 2888//1837 2889//1837 2911//1837 
f 2889//1837 2890//1837 2911//1837 
f 2890//1837 2891//1837 2911//1837 
f 2891//1837 2892//1837 2911//1837 
f 2892//1837 2893//1837 2911//1837 
f 2893//1837 2894//1837 2911//1837 
f 2894//1837 2895//1837 2911//1837 
f 2895//1837 2896//1837 2911//1837 
f 2896//1837 2897//1837 2911//1837 
f 2897//1837 2898//1837 2911//1837 
f 2898//1837 2899//1837 2911//1837 
f 2899//1837 2900//1837 2911//1837 
f 2900//1837 2901//1837 2911//1837 
f 2901//1837 2902//1837 2911//1837 
f 2902//1837 2903//1837 2911//1837 
f 2903//1837 2904//1837 2911//1837 
f 2904//1837 2905//1837 2911//1837 
f 2905//1837 2906//1837 2911//1837 
f 2906//1837 2907//1837 2911//1837 
f 2907//1837 2908//1837 2911//1837 
f 2908//1837 2909//1837 2911//1837 
f 2909//1837 2910//1837 2911//1837 
f 2910//1837 2767//1837 2911//1837 
f 2767//1837 2768//1837 2911//1837 
f 2768//1837 2769//1837 2911//1837 
f 2769//1837 2770//1837 2911//1837 
f 2770//1837 2771//1837 2911//1837 
f 2771//1837 2772//1837 2911//1837 
f 2772//1837 2773//1837 2911//1837 
f 2773//1837 2774//1837 2911//1837 
f 2774//1837 2775//1837 2911//1837 
f 2775//1837 2776//1837 2911//1837 
f 2776//1837 2777//1837 2911//1837 
f 2777//1837 2778//1837 2911//1837 
f 2778//1837 2779//1837 2911//1837 
f 2779//1837 2780//1837 2911//1837 
f 2780//1837 2781//1837 2911//1837 
f 2781//1837 2782//1837 2911//1837 
f 2782//1837 2783//1837 2911//1837 
f 2783//1837 2784//1837 2911//1837 
f 2784//1837 2785//1837 2911//1837 
f 2785//1837 2786//1837 2911//1837 
f 2786//1837 2787//1837 2911//1837 
f 2787//1837 2788//1837 2911//1837 
f 2788//1837 2789//1837 2911//1837 
f 2789//1837 2790//1837 2911//1837 
f 2790//1837 2791//1837 2911//1837 
f 2791//1837 2792//1837 2911//1837 
f 2792//1837 2793//1837 2911//1837 
f 2793//1837 2794//1837 2911//1837 
f 2794//1837 2795//1837 2911//1837 
f 2795//1837 2796//1837 2911//1837 
f 2796//1837 2797//1837 2911//1837 
f 2797//1837 2798//1837 2911//1837 
f 2798//1837 2799//1837 2911//1837 
f 2799//1837 2800//1837 2911//1837 
f 2800//1837 2801//1837 2911//1837 
f 2801//1837 2802//1837 2911//1837 
f 2802//1837 2803//1837 2911//1837 
f 2803//1837 2804//1837 2911//1837 
f 2804//1837 2805//1837 2911//1837 
f 2805//1837 2806//1837 2911//1837 
f 2806//1837 2807//1837 2911//1837 
f 2807//1837 2808//1837 2911//1837 
f 2808//1837 2809//1837 2911//1837 
f 2809//1837 2810//1837 2911//1837 
f 2810//1837 2811//1837 2911//1837 
f 2811//1837 2812//1837 2911//1837 
f 2812//1837 2813//1837 2911//1837 
f 2813//1837 2814//1837 2911//1837 
f 2814//1837 2815//1837 2911//1837 
f 2815//1837 2816//1837 2911//1837 
f 2816//1837 2817//1837 2911//1837 
f 2817//1837 2818//1837 2911//1837 
f 2818//1837 2819//1837 2911//1837 
f 2819//1837 2820//1837 2911//1837 
f 2820//1837 2821//1837 2911//1837 
f 2821//1837 2822//1837 2911//1837 
f 2822//1837 2823//1837 2911//1837 
f 2823//1837 2824//1837 2911//1837 
f 2824//1837 2825//1837 2911//1837 
f 2825//1837 2826//1837 2911//1837 
f 2826//1837 2827//1837 2911//1837 
f 2827//1837 2828//1837 2911//1837 
f 2828//1837 2829//1837 2911//1837 
f 2829//1837 2830//1837 2911//1837 
f 2830//1837 2831//1837 2911//1837 
f 2831//1837 2832//1837 2911//1837 
f 2832//1837 2833//1837 2911//1837 
f 2833//1837 2834//1837 2911//1837 
f 2834//1837 2835//1837 2911//1837 
f 2835//1837 2836//1837 2911//1837 
f 2836//1837 2837//1837 2911//1837 
f 2837//1837 2838//1837 2911//1837 
f 2838//1837 2839//1837 2911//1837 
o mesh32
f 1130//1836 1102//1838 2912//1838 
f 1102//1838 1087//1839 2913//1839 
f 1087//1839 1086//1840 2914//1840 
f 1086//1840 1103//1841 2915//1841 
f 1103//1841 1088//1842 2916//1842 
f 1088//1842 1070//1843 2917//1843 
f 1070//1843 1069//1844 2918//1844 
f 1069//1844 1090//1845 2919//1845 
f 1090//1845 1089//1846 2920//1846 
f 1089//1846 1105//1847 2921//1847 
f 1105//1847 1104//1848 2922//1848 
f 1104//1848 1072//1849 2923//1849 
f 1072//1849 1071//1850 2924//1850 
f 1071//1850 1091//1851 2925//1851 
f 1091//1851 1106//1852 2926//1852 
f 1106//1852 1107//1853 2927//1853 
f 1107//1853 1093//1854 2928//1854 
f 1093//1854 1092//1855 2929//1855 
f 1092//1855 1132//1856 2930//1856 
f 1132//1856 1109//1857 2931//1857 
f 1109//1857 1108//1858 2932//1858 
f 1108//1858 1095//1859 2933//1859 
f 1095//1859 1094//1860 2934//1860 
f 1094//1860 1110//1861 2935//1861 
f 1110//1861 1032//1862 2936//1862 
f 1032//1862 1031//1863 2937//1863 
f 1031//1863 1041//1864 2938//1864 
f 1041//1864 1043//1865 2939//1865 
f 1043//1865 1042//1866 2940//1866 
f 1042//1866 1013//1867 2941//1867 
f 1013//1867 1012//1868 2942//1868 
f 1012//1868 1014//1869 2943//1869 
f 1014//1869 1015//1870 2944//1870 
f 1015//1870 1020//1871 2945//1871 
f 1020//1871 1022//1872 2946//1872 
f 1022//1872 1021//1873 2947//1873 
f 1021//1873 1030//1874 2948//1874 
f 1030//1874 1029//1875 2949//1875 
f 1029//1875 1033//1876 2950//1876 
f 1033//1876 1035//1877 2951//1877 
f 1035//1877 1034//1878 2952//1878 
f 1034//1878 1044//1879 2953//1879 
f 1044//1879 1048//1880 2954//1880 
f 1048//1880 1047//1881 2955//1881 
f 1047//1881 1054//1882 2956//1882 
f 1054//1882 1073//1883 2957//1883 
f 1073//1883 1056//1884 2958//1884 
f 1056//1884 1055//1885 2959//1885 
f 1055//1885 1097//1886 2960//1886 
f 1097//1886 1096//1887 2961//1887 
f 1096//1887 1074//1888 2962//1888 
f 1074//1888 1058//1889 2963//1889 
f 1058//1889 1057//1890 2964//1890 
f 1057//1890 1076//1891 2965//1891 
f 1076//1891 1075//1892 2966//1892 
f 1075//1892 1111//1893 2967//1893 
f 1111//1893 1113//1894 2968//1894 
f 1113//1894 1112//1895 2969//1895 
f 1112//1895 1133//1896 2970//1896 
f 1133//1896 1115//1897 2971//1897 
f 1115//1897 1114//1898 2972//1898 
f 1114//1898 1134//1899 2973//1899 
f 1134//1899 1117//1900 2974//1900 
f 1117//1900 1116//1901 2975//1901 
f 1116//1901 1153//1902 2976//1902 
f 1153//1902 1152//1903 2977//1903 
f 1152//1903 1136//1904 2978//1904 
f 1136//1904 1135//1905 2979//1905 
f 1135//1905 1138//1906 2980//1906 
f 1138//1906 1137//1907 2981//1907 
f 1137//1907 1139//1908 2982//1908 
f 1139//1908 1119//1909 2983//1909 
f 1119//1909 1118//1910 2984//1910 
f 1118//1910 1141//1911 2985//1911 
f 1141//1911 1140//1912 2986//1912 
f 1140//1912 1120//1913 2987//1913 
f 1120//1913 1077//1914 2988//1914 
f 1077//1914 1060//1915 2989//1915 
f 1060//1915 1059//1916 2990//1916 
f 1059//1916 1079//1917 2991//1917 
f 1079//1917 1078//1918 2992//1918 
f 1078//1918 1098//1919 2993//1919 
f 1098//1919 1081//1920 2994//1920 
f 1081//1920 1080//1921 2995//1921 
f 1080//1921 1062//1922 2996//1922 
f 1062//1922 1061//1923 2997//1923 
f 1061//1923 1082//1924 2998//1924 
f 1082//1924 1083//1925 2999//1925 
f 1083//1925 1064//1926 3000//1926 
f 1064//1926 1063//1927 3001//1927 
f 1063//1927 1150//1928 3002//1928 
f 1150//1928 1149//1929 3003//1929 
f 1149//1929 1122//1930 3004//1930 
f 1122//1930 1121//1931 3005//1931 
f 1121//1931 1142//1932 3006//1932 
f 1142//1932 1050//1933 3007//1933 
f 1050//1933 1049//1934 3008//1934 
f 1049//1934 1051//1935 3009//1935 
f 1051//1935 1036//1936 3010//1936 
f 1036//1936 1017//1937 3011//1937 
f 1017//1937 1016//1938 3012//1938 
f 1016//1938 1019//1939 3013//1939 
f 1019//1939 1018//1940 3014//1940 
f 1018//1940 1024//1941 3015//1941 
f 1024//1941 1023//1942 3016//1942 
f 1023//1942 1026//1943 3017//1943 
f 1026//1943 1025//1944 3018//1944 
f 1025//1944 1028//1945 3019//1945 
f 1028//1945 1027//1946 3020//1946 
f 1027//1946 1038//1947 3021//1947 
f 1038//1947 1037//1948 3022//1948 
f 1037//1948 1040//1949 3023//1949 
f 1040//1949 1039//1950 3024//1950 
f 1039//1950 1052//1951 3025//1951 
f 1052//1951 1046//1952 3026//1952 
f 1046//1952 1045//1953 3027//1953 
f 1045//1953 1053//1954 3028//1954 
f 1053//1954 1099//1955 3029//1955 
f 1099//1955 1066//1956 3030//1956 
f 1066//1956 1065//1957 3031//1957 
f 1065//1957 1084//1958 3032//1958 
f 1084//1958 1085//1959 3033//1959 
f 1085//1959 1068//1960 3034//1960 
f 1068//1960 1067//1961 3035//1961 
f 1067//1961 1143//1962 3036//1962 
f 1143//1962 1145//1963 3037//1963 
f 1145//1963 1144//1964 3038//1964 
f 1144//1964 1151//1965 3039//1965 
f 1151//1965 1155//1966 3040//1966 
f 1155//1966 1154//1967 3041//1967 
f 1154//1967 1146//1968 3042//1968 
f 1146//1968 1124//1969 3043//1969 
f 1124//1969 1123//1970 3044//1970 
f 1123//1970 1125//1971 3045//1971 
f 1125//1971 1101//1972 3046//1972 
f 1101//1972 1100//1973 3047//1973 
f 1100//1973 1127//1974 3048//1974 
f 1127//1974 1126//1975 3049//1975 
f 1126//1975 1147//1976 3050//1976 
f 1147//1976 1129//1977 3051//1977 
f 1129//1977 1128//1978 3052//1978 
f 1128//1978 1148//1979 3053//1979 
f 1148//1979 1131//1980 3054//1980 
f 1131//1980 1130//1836 3055//1981 
f 3055//1981 3054//1980 1131//1980 
f 3054//1980 3053//1979 1148//1979 
f 3053//1979 3052//1978 1128//1978 
f 3052//1978 3051//1977 1129//1977 
f 3051//1977 3050//1976 1147//1976 
f 3050//1976 3049//1975 1126//1975 
f 3049//1975 3048//1974 1127//1974 
f 3048//1974 3047//1973 1100//1973 
f 3047//1973 3046//1972 1101//1972 
f 3046//1972 3045//1971 1125//1971 
f 3045//1971 3044//1970 1123//1970 
f 3044//1970 3043//1969 1124//1969 
f 3043//1969 3042//1968 1146//1968 
f 3042//1968 3041//1967 1154//1967 
f 3041//1967 3040//1966 1155//1966 
f 3040//1966 3039//1965 1151//1965 
f 3039//1965 3038//1964 1144//1964 
f 3038//1964 3037//1963 1145//1963 
f 3037//1963 3036//1962 1143//1962 
f 3036//1962 3035//1961 1067//1961 
f 3035//1961 3034//1960 1068//1960 
f 3034//1960 3033//1959 1085//1959 
f 3033//1959 3032//1958 1084//1958 
f 3032//1958 3031//1957 1065//1957 
f 3031//1957 3030//1956 1066//1956 
f 3030//1956 3029//1955 1099//1955 
f 3029//1955 3028//1954 1053//1954 
f 3028//1954 3027//1953 1045//1953 
f 3027//1953 3026//1952 1046//1952 
f 3026//1952 3025//1951 1052//1951 
f 3025//1951 3024//1950 1039//1950 
f 3024//1950 3023//1949 1040//1949 
f 3023//1949 3022//1948 1037//1948 
f 3022//1948 3021//1947 1038//1947 
f 3021//1947 3020//1946 1027//1946 
f 3020//1946 3019//1945 1028//1945 
f 3019//1945 3018//1944 1025//1944 
f 3018//1944 3017//1943 1026//1943 
f 3017//1943 3016//1942 1023//1942 
f 3016//1942 3015//1941 1024//1941 
f 3015//1941 3014//1940 1018//1940 
f 3014//1940 3013//1939 1019//1939 
f 3013//1939 3012//1938 1016//1938 
f 3012//1938 3011//1937 1017//1937 
f 3011//1937 3010//1936 1036//1936 
f 3010//1936 3009//1935 1051//1935 
f 3009//1935 3008//1934 1049//1934 
f 3008//1934 3007//1933 1050//1933 
f 3007//1933 3006//1932 1142//1932 
f 3006//1932 3005//1931 1121//1931 
f 3005//1931 3004//1930 1122//1930 
f 3004//1930 3003//1929 1149//1929 
f 3003//1929 3002//1928 1150//1928 
f 3002//1928 3001//1927 1063//1927 
f 3001//1927 3000//1926 1064//1926 
f 3000//1926 2999//1925 1083//1925 
f 2999//1925 2998//1924 1082//1924 
f 2998//1924 2997//1923 1061//1923 
f 2997//1923 2996//1922 1062//1922 
f 2996//1922 2995//1921 1080//1921 
f 2995//1921 2994//1920 1081//1920 
f 2994//1920 2993//1919 1098//1919 
f 2993//1919 2992//1918 1078//1918 
f 2992//1918 2991//1917 1079//1917 
f 2991//1917 2990//1916 1059//1916 
f 2990//1916 2989//1915 1060//1915 
f 2989//1915 2988//1914 1077//1914 
f 2988//1914 2987//1913 1120//1913 
f 2987//1913 2986//1912 1140//1912 
f 2986//1912 2985//1911 1141//1911 
f 2985//1911 2984//1910 1118//1910 
f 2984//1910 2983//1909 1119//1909 
f 2983//1909 2982//1908 1139//1908 
f 2982//1908 2981//1907 1137//1907 
f 2981//1907 2980//1906 1138//1906 
f 2980//1906 2979//1905 1135//1905 
f 2979//1905 2978//1904 1136//1904 
f 2978//1904 2977//1903 1152//1903 
f 2977//1903 2976//1902 1153//1902 
f 2976//1902 2975//1901 1116//1901 
f 2975//1901 2974//1900 1117//1900 
f 2974//1900 2973//1899 1134//1899 
f 2973//1899 2972//1898 1114//1898 
f 2972//1898 2971//1897 1115//1897 
f 2971//1897 2970//1896 1133//1896 
f 2970//1896 2969//1895 1112//1895 
f 2969//1895 2968//1894 1113//1894 
f 2968//1894 2967//1893 1111//1893 
f 2967//1893 2966//1892 1075//1892 
f 2966//1892 2965//1891 1076//1891 
f 2965//1891 2964//1890 1057//1890 
f 2964//1890 2963//1889 1058//1889 
f 2963//1889 2962//1888 1074//1888 
f 2962//1888 2961//1887 1096//1887 
f 2961//1887 2960//1886 1097//1886 
f 2960//1886 2959//1885 1055//1885 
f 2959//1885 2958//1884 1056//1884 
f 2958//1884 2957//1883 1073//1883 
f 2957//1883 2956//1882 1054//1882 
f 2956//1882 2955//1881 1047//1881 
f 2955//1881 2954//1880 1048//1880 
f 2954//1880 2953//1879 1044//1879 
f 2953//1879 2952//1878 1034//1878 
f 2952//1878 2951//1877 1035//1877 
f 2951//1877 2950//1876 1033//1876 
f 2950//1876 2949//1875 1029//1875 
f 2949//1875 2948//1874 1030//1874 
f 2948//1874 2947//1873 1021//1873 
f 2947//1873 2946//1872 1022//1872 
f 2946//1872 2945//1871 1020//1871 
f 2945//1871 2944//1870 1015//1870 
f 2944//1870 2943//1869 1014//1869 
f 2943//1869 2942//1868 1012//1868 
f 2942//1868 2941//1867 1013//1867 
f 2941//1867 2940//1866 1042//1866 
f 2940//1866 2939//1865 1043//1865 
f 2939//1865 2938//1864 1041//1864 
f 2938//1864 2937//1863 1031//1863 
f 2937//1863 2936//1862 1032//1862 
f 2936//1862 2935//1861 1110//1861 
f 2935//1861 2934//1860 1094//1860 
f 2934//1860 2933//1859 1095//1859 
f 2933//1859 2932//1858 1108//1858 
f 2932//1858 2931//1857 1109//1857 
f 2931//1857 2930//1856 1132//1856 
f 2930//1856 2929//1855 1092//1855 
f 2929//1855 2928//1854 1093//1854 
f 2928//1854 2927//1853 1107//1853 
f 2927//1853 2926//1852 1106//1852 
f 2926//1852 2925//1851 1091//1851 
f 2925//1851 2924//1850 1071//1850 
f 2924//1850 2923//1849 1072//1849 
f 2923//1849 2922//1848 1104//1848 
f 2922//1848 2921//1847 1105//1847 
f 2921//1847 2920//1846 1089//1846 
f 2920//1846 2919//1845 1090//1845 
f 2919//1845 2918//1844 1069//1844 
f 2918//1844 2917//1843 1070//1843 
f 2917//1843 2916//1842 1088//1842 
f 2916//1842 2915//1841 1103//1841 
f 2915//1841 2914//1840 1086//1840 
f 2914//1840 2913//1839 1087//1839 
f 2913//1839 2912//1838 1102//1838 
f 2912//1838 3055//1981 1130//1836 
o mesh33
f 3056//1982 2984//1982 2985//1982 
f 2985//1982 2986//1982 3056//1982 
f 2986//1982 2987//1982 3056//1982 
f 2987//1982 2988//1982 3056//1982 
f 2988//1982 2989//1982 3056//1982 
f 2989//1982 2990//1982 3056//1982 
f 2990//1982 2991//1982 3056//1982 
f 2991//1982 2992//1982 3056//1982 
f 2992//1982 2993//1982 3056//1982 
f 2993//1982 2994//1982 3056//1982 
f 2994//1982 2995//1982 3056//1982 
f 2995//1982 2996//1982 3056//1982 
f 2996//1982 2997//1982 3056//1982 
f 2997//1982 2998//1982 3056//1982 
f 2998//1982 2999//1982 3056//1982 
f 2999//1982 3000//1982 3056//1982 
f 3000//1982 3001//1982 3056//1982 
f 3001//1982 3002//1982 3056//1982 
f 3002//1982 3003//1982 3056//1982 
f 3003//1982 3004//1982 3056//1982 
f 3004//1982 3005//1982 3056//1982 
f 3005//1982 3006//1982 3056//1982 
f 3006//1982 3007//1982 3056//1982 
f 3007//1982 3008//1982 3056//1982 
f 3008//1982 3009//1982 3056//1982 
f 3009//1982 3010//1982 3056//1982 
f 3010//1982 3011//1982 3056//1982 
f 3011//1982 3012//1982 3056//1982 
f 3012//1982 3013//1982 3056//1982 
f 3013//1982 3014//1982 3056//1982 
f 3014//1982 3015//1982 3056//1982 
f 3015//1982 3016//1982 3056//1982 
f 3016//1982 3017//1982 3056//1982 
f 3017//1982 3018//1982 3056//1982 
f 3018//1982 3019//1982 3056//1982 
f 3019//1982 3020//1982 3056//1982 
f 3020//1982 3021//1982 3056//1982 
f 3021//1982 3022//1982 3056//1982 
f 3022//1982 3023//1982 3056//1982 
f 3023//1982 3024//1982 3056//1982 
f 3024//1982 3025//1982 3056//1982 
f 3025//1982 3026//1982 3056//1982 
f 3026//1982 3027//1982 3056//1982 
f 3027//1982 3028//1982 3056//1982 
f 3028//1982 3029//1982 3056//1982 
f 3029//1982 3030//1982 3056//1982 
f 3030//1982 3031//1982 3056//1982 
f 3031//1982 3032//1982 3056//1982 
f 3032//1982 3033//1982 3056//1982 
f 3033//1982 3034//1982 3056//1982 
f 3034//1982 3035//1982 3056//1982 
f 3035//1982 3036//1982 3056//1982 
f 3036//1982 3037//1982 3056//1982 
f 3037//1982 3038//1982 3056//1982 
f 3038//1982 3039//1982 3056//1982 
f 3039//1982 3040//1982 3056//1982 
f 3040//1982 3041//1982 3056//1982 
f 3041//1982 3042//1982 3056//1982 
f 3042//1982 3043//1982 3056//1982 
f 3043//1982 3044//1982 3056//1982 
f 3044//1982 3045//1982 3056//1982 
f 3045//1982 3046//1982 3056//1982 
f 3046//1982 3047//1982 3056//1982 
f 3047//1982 3048//1982 3056//1982 
f 3048//1982 3049//1982 3056//1982 
f 3049//1982 3050//1982 3056//1982 
f 3050//1982 3051//1982 3056//1982 
f 3051//1982 3052//1982 3056//1982 
f 3052//1982 3053//1982 3056//1982 
f 3053//1982 3054//1982 3056//1982 
f 3054//1982 3055//1982 3056//1982 
f 3055//1982 2912//1982 3056//1982 
f 2912//1982 2913//1982 3056//1982 
f 2913//1982 2914//1982 3056//1982 
f 2914//1982 2915//1982 3056//1982 
f 2915//1982 2916//1982 3056//1982 
f 2916//1982 2917//1982 3056//1982 
f 2917//1982 2918//1982 3056//1982 
f 2918//1982 2919//1982 3056//1982 
f 2919//1982 2920//1982 3056//1982 
f 2920//1982 2921//1982 3056//1982 
f 2921//1982 2922//1982 3056//1982 
f 2922//1982 2923//1982 3056//1982 
f 2923//1982 2924//1982 3056//1982 
f 2924//1982 2925//1982 3056//1982 
f 2925//1982 2926//1982 3056//1982 
f 2926//1982 2927//1982 3056//1982 
f 2927//1982 2928//1982 3056//1982 
f 2928//1982 2929//1982 3056//1982 
f 2929//1982 2930//1982 3056//1982 
f 2930//1982 2931//1982 3056//1982 
f 2931//1982 2932//1982 3056//1982 
f 2932//1982 2933//1982 3056//1982 
f 2933//1982 2934//1982 3056//1982 
f 2934//1982 2935//1982 3056//1982 
f 2935//1982 2936//1982 3056//1982 
f 2936//1982 2937//1982 3056//1982 
f 2937//1982 2938//1982 3056//1982 
f 2938//1982 2939//1982 3056//1982 
f 2939//1982 2940//1982 3056//1982 
f 2940//1982 2941//1982 3056//1982 
f 2941//1982 2942//1982 3056//1982 
f 2942//1982 2943//1982 3056//1982 
f 2943//1982 2944//1982 3056//1982 
f 2944//1982 2945//1982 3056//1982 
f 2945//1982 2946//1982 3056//1982 
f 2946//1982 2947//1982 3056//1982 
f 2947//1982 2948//1982 3056//1982 
f 2948//1982 2949//1982 3056//1982 
f 2949//1982 2950//1982 3056//1982 
f 2950//1982 2951//1982 3056//1982 
f 2951//1982 2952//1982 3056//1982 
f 2952//1982 2953//1982 3056//1982 
f 2953//1982 2954//1982 3056//1982 
f 2954//1982 2955//1982 3056//1982 
f 2955//1982 2956//1982 3056//1982 
f 2956//1982 2957//1982 3056//1982 
f 2957//1982 2958//1982 3056//1982 
f 2958//1982 2959//1982 3056//1982 
f 2959//1982 2960//1982 3056//1982 
f 2960//1982 2961//1982 3056//1982 
f 2961//1982 2962//1982 3056//1982 
f 2962//1982 2963//1982 3056//1982 
f 2963//1982 2964//1982 3056//1982 
f 2964//1982 2965//1982 3056//1982 
f 2965//1982 2966//1982 3056//1982 
f 2966//1982 2967//1982 3056//1982 
f 2967//1982 2968//1982 3056//1982 
f 2968//1982 2969//1982 3056//1982 
f 2969//1982 2970//1982 3056//1982 
f 2970//1982 2971//1982 3056//1982 
f 2971//1982 2972//1982 3056//1982 
f 2972//1982 2973//1982 3056//1982 
f 2973//1982 2974//1982 3056//1982 
f 2974//1982 2975//1982 3056//1982 
f 2975//1982 2976//1982 3056//1982 
f 2976//1982 2977//1982 3056//1982 
f 2977//1982 2978//1982 3056//1982 
f 2978//1982 2979//1982 3056//1982 
f 2979//1982 2980//1982 3056//1982 
f 2980//1982 2981//1982 3056//1982 
f 2981//1982 2982//1982 3056//1982 
f 2982//1982 2983//1982 3056//1982 
f 2983//1982 2984//1982 3056//1982 
o mesh34
f 1254//1981 1236//1983 3057//1983 
f 1236//1983 1256//1984 3058//1984 
f 1256//1984 1255//1985 3059//1985 
f 1255//1985 1238//1986 3060//1986 
f 1238//1986 1237//1987 3061//1987 
f 1237//1987 1240//1988 3062//1988 
f 1240//1988 1239//1989 3063//1989 
f 1239//1989 1242//1990 3064//1990 
f 1242//1990 1241//1991 3065//1991 
f 1241//1991 1244//1992 3066//1992 
f 1244//1992 1243//1993 3067//1993 
f 1243//1993 1262//1994 3068//1994 
f 1262//1994 1257//1995 3069//1995 
f 1257//1995 1246//1996 3070//1996 
f 1246//1996 1245//1997 3071//1997 
f 1245//1997 1274//1998 3072//1998 
f 1274//1998 1264//1999 3073//1999 
f 1264//1999 1263//2000 3074//2000 
f 1263//2000 1282//2001 3075//2001 
f 1282//2001 1275//2002 3076//2002 
f 1275//2002 1266//2003 3077//2003 
f 1266//2003 1265//2004 3078//2004 
f 1265//2004 1268//2005 3079//2005 
f 1267//2006 3080//2007 3079//2005 
f 3079//2005 1268//2005 1267//2006 
f 1591//2007 1590//2008 3081//2008 
f 1590//2008 1580//2009 3082//2009 
f 1580//2009 1579//2010 3083//2010 
f 1579//2010 1554//2011 3084//2011 
f 1554//2011 1553//2012 3085//2012 
f 1553//2012 1502//2013 3086//2013 
f 1502//2013 1501//2014 3087//2014 
f 1501//2014 1506//2015 3088//2015 
f 1506//2015 1519//2016 3089//2016 
f 1519//2016 1504//2017 3090//2017 
f 1504//2017 1503//2018 3091//2018 
f 1503//2018 1507//2019 3092//2019 
f 1507//2019 1509//2020 3093//2020 
f 1509//2020 1508//2021 3094//2021 
f 1508//2021 1520//2022 3095//2022 
f 1520//2022 1511//2023 3096//2023 
f 1511//2023 1510//2024 3097//2024 
f 1510//2024 1522//2025 3098//2025 
f 1522//2025 1521//2026 3099//2026 
f 1521//2026 1536//2027 3100//2027 
f 1536//2027 1535//2028 3101//2028 
f 1535//2028 1565//2029 3102//2029 
f 1565//2029 1593//2030 3103//2030 
f 1593//2030 1592//2031 3104//2031 
f 1592//2031 1582//2032 3105//2032 
f 1582//2032 1581//2033 3106//2033 
f 1581//2033 1584//2034 3107//2034 
f 1584//2034 1583//2035 3108//2035 
f 1583//2035 1595//2036 3109//2036 
f 1595//2036 1594//2037 3110//2037 
f 1594//2037 1597//2038 3111//2038 
f 1597//2038 1596//2039 3112//2039 
f 1596//2039 1586//2040 3113//2040 
f 1586//2040 1568//2041 3114//2041 
f 1568//2041 1567//2042 3115//2042 
f 1567//2042 1570//2043 3116//2043 
f 1570//2043 1569//2044 3117//2044 
f 1569//2044 1587//2045 3118//2045 
f 1587//2045 1572//2046 3119//2046 
f 1572//2046 1571//2047 3120//2047 
f 1571//2047 1573//2048 3121//2048 
f 1573//2048 1557//2049 3122//2049 
f 1557//2049 1559//2050 3123//2050 
f 1559//2050 1560//2051 3124//2051 
f 1560//2051 1539//2052 3125//2052 
f 1539//2052 1540//2053 3126//2053 
f 1540//2053 1524//2054 3127//2054 
f 1524//2054 1498//2055 3128//2055 
f 1498//2055 1499//2056 3129//2056 
f 1499//2056 1491//2057 3130//2057 
f 1491//2057 1487//2058 3131//2058 
f 1487//2058 1489//2059 3132//2059 
f 1489//2059 1493//2060 3133//2060 
f 1493//2060 1500//2061 3134//2061 
f 1500//2061 1525//2062 3135//2062 
f 1525//2062 1542//2063 3136//2063 
f 1542//2063 1541//2064 3137//2064 
f 1541//2064 1527//2065 3138//2065 
f 1527//2065 1526//2066 3139//2066 
f 1526//2066 1543//2067 3140//2067 
f 1543//2067 1545//2068 3141//2068 
f 1545//2068 1544//2069 3142//2069 
f 1544//2069 1589//2070 3143//2070 
f 1589//2070 1588//2071 3144//2071 
f 1588//2071 1575//2072 3145//2072 
f 1575//2072 1574//2073 3146//2073 
f 1574//2073 1577//2074 3147//2074 
f 1577//2074 1576//2075 3148//2075 
f 1576//2075 1562//2076 3149//2076 
f 1562//2076 1561//2077 3150//2077 
f 1561//2077 1547//2078 3151//2078 
f 1547//2078 1546//2079 3152//2079 
f 1546//2079 1548//2080 3153//2080 
f 1548//2080 1529//2081 3154//2081 
f 1529//2081 1528//2082 3155//2082 
f 1528//2082 1513//2083 3156//2083 
f 1513//2083 1512//2084 3157//2084 
f 1512//2084 1505//2085 3158//2085 
f 1505//2085 1495//2086 3159//2086 
f 1495//2086 1494//2087 3160//2087 
f 1494//2087 1514//2088 3161//2088 
f 1514//2088 1516//2089 3162//2089 
f 1516//2089 1515//2090 3163//2090 
f 1515//2090 1518//2091 3164//2091 
f 1518//2091 1517//2092 3165//2092 
f 1517//2092 1531//2093 3166//2093 
f 1531//2093 1530//2094 3167//2094 
f 1530//2094 1549//2095 3168//2095 
f 1549//2095 1533//2096 3169//2096 
f 1533//2096 1532//2097 3170//2097 
f 1532//2097 1550//2098 3171//2098 
f 1550//2098 1552//2099 3172//2099 
f 1552//2099 1551//2100 3173//2100 
f 1551//2100 1564//2101 3174//2101 
f 1564//2101 1563//2102 3175//2102 
f 1563//2102 1578//2103 3176//2103 
f 1283//2104 1277//2105 3177//2105 
f 3176//2103 1578//2103 1283//2104 
f 1277//2105 1276//2106 3178//2106 
f 1276//2106 1234//2107 3179//2107 
f 1234//2107 1247//2108 3180//2108 
f 1247//2108 1258//2109 3181//2109 
f 1258//2109 1249//2110 3182//2110 
f 1249//2110 1248//2111 3183//2111 
f 1248//2111 1251//2112 3184//2112 
f 1251//2112 1250//2113 3185//2113 
f 1250//2113 1259//2114 3186//2114 
f 1259//2114 1253//2115 3187//2115 
f 1253//2115 1252//2116 3188//2116 
f 1252//2116 1261//2117 3189//2117 
f 1261//2117 1260//2118 3190//2118 
f 1260//2118 1279//2119 3191//2119 
f 1279//2119 1278//2120 3192//2120 
f 1278//2120 1280//2121 3193//2121 
f 1280//2121 1270//2122 3194//2122 
f 1270//2122 1269//2123 3195//2123 
f 1269//2123 1281//2124 3196//2124 
f 1281//2124 1272//2125 3197//2125 
f 1272//2125 1271//2126 3198//2126 
f 1271//2126 1273//2127 3199//2127 
f 1273//2127 1254//1981 3200//2128 
f 3200//2128 3199//2127 1273//2127 
f 3199//2127 3198//2126 1271//2126 
f 3198//2126 3197//2125 1272//2125 
f 3197//2125 3196//2124 1281//2124 
f 3196//2124 3195//2123 1269//2123 
f 3195//2123 3194//2122 1270//2122 
f 3194//2122 3193//2121 1280//2121 
f 3193//2121 3192//2120 1278//2120 
f 3192//2120 3191//2119 1279//2119 
f 3191//2119 3190//2118 1260//2118 
f 3190//2118 3189//2117 1261//2117 
f 3189//2117 3188//2116 1252//2116 
f 3188//2116 3187//2115 1253//2115 
f 3187//2115 3186//2114 1259//2114 
f 3186//2114 3185//2113 1250//2113 
f 3185//2113 3184//2112 1251//2112 
f 3184//2112 3183//2111 1248//2111 
f 3183//2111 3182//2110 1249//2110 
f 3182//2110 3181//2109 1258//2109 
f 3181//2109 3180//2108 1247//2108 
f 3180//2108 3179//2107 1234//2107 
f 3179//2107 3178//2106 1276//2106 
f 3178//2106 3177//2105 1277//2105 
f 3177//2105 3176//2103 1283//2104 
f 3176//2103 3175//2102 1563//2102 
f 3175//2102 3174//2101 1564//2101 
f 3174//2101 3173//2100 1551//2100 
f 3173//2100 3172//2099 1552//2099 
f 3172//2099 3171//2098 1550//2098 
f 3171//2098 3170//2097 1532//2097 
f 3170//2097 3169//2096 1533//2096 
f 3169//2096 3168//2095 1549//2095 
f 3168//2095 3167//2094 1530//2094 
f 3167//2094 3166//2093 1531//2093 
f 3166//2093 3165//2092 1517//2092 
f 3165//2092 3164//2091 1518//2091 
f 3164//2091 3163//2090 1515//2090 
f 3163//2090 3162//2089 1516//2089 
f 3162//2089 3161//2088 1514//2088 
f 3161//2088 3160//2087 1494//2087 
f 3160//2087 3159//2086 1495//2086 
f 3159//2086 3158//2085 1505//2085 
f 3158//2085 3157//2084 1512//2084 
f 3157//2084 3156//2083 1513//2083 
f 3156//2083 3155//2082 1528//2082 
f 3155//2082 3154//2081 1529//2081 
f 3154//2081 3153//2080 1548//2080 
f 3153//2080 3152//2079 1546//2079 
f 3152//2079 3151//2078 1547//2078 
f 3151//2078 3150//2077 1561//2077 
f 3150//2077 3149//2076 1562//2076 
f 3149//2076 3148//2075 1576//2075 
f 3148//2075 3147//2074 1577//2074 
f 3147//2074 3146//2073 1574//2073 
f 3146//2073 3145//2072 1575//2072 
f 3145//2072 3144//2071 1588//2071 
f 3144//2071 3143//2070 1589//2070 
f 3143//2070 3142//2069 1544//2069 
f 3142//2069 3141//2068 1545//2068 
f 3141//2068 3140//2067 1543//2067 
f 3140//2067 3139//2066 1526//2066 
f 3139//2066 3138//2065 1527//2065 
f 3138//2065 3137//2064 1541//2064 
f 3137//2064 3136//2063 1542//2063 
f 3136//2063 3135//2062 1525//2062 
f 3135//2062 3134//2061 1500//2061 
f 3134//2061 3133//2060 1493//2060 
f 3133//2060 3132//2059 1489//2059 
f 3132//2059 3131//2058 1487//2058 
f 3131//2058 3130//2057 1491//2057 
f 3130//2057 3129//2056 1499//2056 
f 3129//2056 3128//2055 1498//2055 
f 3128//2055 3127//2054 1524//2054 
f 3127//2054 3126//2053 1540//2053 
f 3126//2053 3125//2052 1539//2052 
f 3125//2052 3124//2051 1560//2051 
f 3124//2051 3123//2050 1559//2050 
f 3123//2050 3122//2049 1557//2049 
f 3122//2049 3121//2048 1573//2048 
f 3121//2048 3120//2047 1571//2047 
f 3120//2047 3119//2046 1572//2046 
f 3119//2046 3118//2045 1587//2045 
f 3118//2045 3117//2044 1569//2044 
f 3117//2044 3116//2043 1570//2043 
f 3116//2043 3115//2042 1567//2042 
f 3115//2042 3114//2041 1568//2041 
f 3114//2041 3113//2040 1586//2040 
f 3113//2040 3112//2039 1596//2039 
f 3112//2039 3111//2038 1597//2038 
f 3111//2038 3110//2037 1594//2037 
f 3110//2037 3109//2036 1595//2036 
f 3109//2036 3108//2035 1583//2035 
f 3108//2035 3107//2034 1584//2034 
f 3107//2034 3106//2033 1581//2033 
f 3106//2033 3105//2032 1582//2032 
f 3105//2032 3104//2031 1592//2031 
f 3104//2031 3103//2030 1593//2030 
f 3103//2030 3102//2029 1565//2029 
f 3102//2029 3101//2028 1535//2028 
f 3101//2028 3100//2027 1536//2027 
f 3100//2027 3099//2026 1521//2026 
f 3099//2026 3098//2025 1522//2025 
f 3098//2025 3097//2024 1510//2024 
f 3097//2024 3096//2023 1511//2023 
f 3096//2023 3095//2022 1520//2022 
f 3095//2022 3094//2021 1508//2021 
f 3094//2021 3093//2020 1509//2020 
f 3093//2020 3092//2019 1507//2019 
f 3092//2019 3091//2018 1503//2018 
f 3091//2018 3090//2017 1504//2017 
f 3090//2017 3089//2016 1519//2016 
f 3089//2016 3088//2015 1506//2015 
f 3088//2015 3087//2014 1501//2014 
f 3087//2014 3086//2013 1502//2013 
f 3086//2013 3085//2012 1553//2012 
f 3085//2012 3084//2011 1554//2011 
f 3084//2011 3083//2010 1579//2010 
f 3083//2010 3082//2009 1580//2009 
f 3082//2009 3081//2008 1590//2008 
f 3081//2008 3080//2007 1591//2007 
f 1267//2006 1591//2007 3080//2007 
f 3079//2005 3078//2004 1265//2004 
f 3078//2004 3077//2003 1266//2003 
f 3077//2003 3076//2002 1275//2002 
f 3076//2002 3075//2001 1282//2001 
f 3075//2001 3074//2000 1263//2000 
f 3074//2000 3073//1999 1264//1999 
f 3073//1999 3072//1998 1274//1998 
f 3072//1998 3071//1997 1245//1997 
f 3071//1997 3070//1996 1246//1996 
f 3070//1996 3069//1995 1257//1995 
f 3069//1995 3068//1994 1262//1994 
f 3068//1994 3067//1993 1243//1993 
f 3067//1993 3066//1992 1244//1992 
f 3066//1992 3065//1991 1241//1991 
f 3065//1991 3064//1990 1242//1990 
f 3064//1990 3063//1989 1239//1989 
f 3063//1989 3062//1988 1240//1988 
f 3062//1988 3061//1987 1237//1987 
f 3061//1987 3060//1986 1238//1986 
f 3060//1986 3059//1985 1255//1985 
f 3059//1985 3058//1984 1256//1984 
f 3058//1984 3057//1983 1236//1983 
f 3057//1983 3200//2128 1254//1981 
o mesh35
f 3201//2129 3129//2129 3130//2129 
f 3130//2129 3131//2129 3201//2129 
f 3131//2129 3132//2129 3201//2129 
f 3132//2129 3133//2129 3201//2129 
f 3133//2129 3134//2129 3201//2129 
f 3134//2129 3135//2129 3201//2129 
f 3135//2129 3136//2129 3201//2129 
f 3136//2129 3137//2129 3201//2129 
f 3137//2129 3138//2129 3201//2129 
f 3138//2129 3139//2129 3201//2129 
f 3139//2129 3140//2129 3201//2129 
f 3140//2129 3141//2129 3201//2129 
f 3141//2129 3142//2129 3201//2129 
f 3142//2129 3143//2129 3201//2129 
f 3143//2129 3144//2129 3201//2129 
f 3144//2129 3145//2129 3201//2129 
f 3145//2129 3146//2129 3201//2129 
f 3146//2129 3147//2129 3201//2129 
f 3147//2129 3148//2129 3201//2129 
f 3148//2129 3149//2129 3201//2129 
f 3149//2129 3150//2129 3201//2129 
f 3150//2129 3151//2129 3201//2129 
f 3151//2129 3152//2129 3201//2129 
f 3152//2129 3153//2129 3201//2129 
f 3153//2129 3154//2129 3201//2129 
f 3154//2129 3155//2129 3201//2129 
f 3155//2129 3156//2129 3201//2129 
f 3156//2129 3157//2129 3201//2129 
f 3157//2129 3158//2129 3201//2129 
f 3158//2129 3159//2129 3201//2129 
f 3159//2129 3160//2129 3201//2129 
f 3160//2129 3161//2129 3201//2129 
f 3161//2129 3162//2129 3201//2129 
f 3162//2129 3163//2129 3201//2129 
f 3163//2129 3164//2129 3201//2129 
f 3164//2129 3165//2129 3201//2129 
f 3165//2129 3166//2129 3201//2129 
f 3166//2129 3167//2129 3201//2129 
f 3167//2129 3168//2129 3201//2129 
f 3168//2129 3169//2129 3201//2129 
f 3169//2129 3170//2129 3201//2129 
f 3170//2129 3171//2129 3201//2129 
f 3171//2129 3172//2129 3201//2129 
f 3172//2129 3173//2129 3201//2129 
f 3173//2129 3174//2129 3201//2129 
f 3174//2129 3175//2129 3201//2129 
f 3175//2129 3176//2129 3201//2129 
f 3176//2129 3177//2129 3201//2129 
f 3177//2129 3178//2129 3201//2129 
f 3178//2129 3179//2129 3201//2129 
f 3179//2129 3180//2129 3201//2129 
f 3180//2129 3181//2129 3201//2129 
f 3181//2129 3182//2129 3201//2129 
f 3182//2129 3183//2129 3201//2129 
f 3183//2129 3184//2129 3201//2129 
f 3184//2129 3185//2129 3201//2129 
f 3185//2129 3186//2129 3201//2129 
f 3186//2129 3187//2129 3201//2129 
f 3187//2129 3188//2129 3201//2129 
f 3188//2129 3189//2129 3201//2129 
f 3189//2129 3190//2129 3201//2129 
f 3190//2129 3191//2129 3201//2129 
f 3191//2129 3192//2129 3201//2129 
f 3192//2129 3193//2129 3201//2129 
f 3193//2129 3194//2129 3201//2129 
f 3194//2129 3195//2129 3201//2129 
f 3195//2129 3196//2129 3201//2129 
f 3196//2129 3197//2129 3201//2129 
f 3197//2129 3198//2129 3201//2129 
f 3198//2129 3199//2129 3201//2129 
f 3199//2129 3200//2129 3201//2129 
f 3200//2129 3057//2129 3201//2129 
f 3057//2129 3058//2129 3201//2129 
f 3058//2129 3059//2129 3201//2129 
f 3059//2129 3060//2129 3201//2129 
f 3060//2129 3061//2129 3201//2129 
f 3061//2129 3062//2129 3201//2129 
f 3062//2129 3063//2129 3201//2129 
f 3063//2129 3064//2129 3201//2129 
f 3064//2129 3065//2129 3201//2129 
f 3065//2129 3066//2129 3201//2129 
f 3066//2129 3067//2129 3201//2129 
f 3067//2129 3068//2129 3201//2129 
f 3068//2129 3069//2129 3201//2129 
f 3069//2129 3070//2129 3201//2129 
f 3070//2129 3071//2129 3201//2129 
f 3071//2129 3072//2129 3201//2129 
f 3072//2129 3073//2129 3201//2129 
f 3073//2129 3074//2129 3201//2129 
f 3074//2129 3075//2129 3201//2129 
f 3075//2129 3076//2129 3201//2129 
f 3076//2129 3077//2129 3201//2129 
f 3077//2129 3078//2129 3201//2129 
f 3078//2129 3079//2129 3201//2129 
f 3079//2129 3080//2129 3201//2129 
f 3080//2129 3081//2129 3201//2129 
f 3081//2129 3082//2129 3201//2129 
f 3082//2129 3083//2129 3201//2129 
f 3083//2129 3084//2129 3201//2129 
f 3084//2129 3085//2129 3201//2129 
f 3085//2129 3086//2129 3201//2129 
f 3086//2129 3087//2129 3201//2129 
f 3087//2129 3088//2129 3201//2129 
f 3088//2129 3089//2129 3201//2129 
f 3089//2129 3090//2129 3201//2129 
f 3090//2129 3091//2129 3201//2129 
f 3091//2129 3092//2129 3201//2129 
f 3092//2129 3093//2129 3201//2129 
f 3093//2129 3094//2129 3201//2129 
f 3094//2129 3095//2129 3201//2129 
f 3095//2129 3096//2129 3201//2129 
f 3096//2129 3097//2129 3201//2129 
f 3097//2129 3098//2129 3201//2129 
f 3098//2129 3099//2129 3201//2129 
f 3099//2129 3100//2129 3201//2129 
f 3100//2129 3101//2129 3201//2129 
f 3101//2129 3102//2129 3201//2129 
f 3102//2129 3103//2129 3201//2129 
f 3103//2129 3104//2129 3201//2129 
f 3104//2129 3105//2129 3201//2129 
f 3105//2129 3106//2129 3201//2129 
f 3106//2129 3107//2129 3201//2129 
f 3107//2129 3108//2129 3201//2129 
f 3108//2129 3109//2129 3201//2129 
f 3109//2129 3110//2129 3201//2129 
f 3110//2129 3111//2129 3201//2129 
f 3111//2129 3112//2129 3201//2129 
f 3112//2129 3113//2129 3201//2129 
f 3113//2129 3114//2129 3201//2129 
f 3114//2129 3115//2129 3201//2129 
f 3115//2129 3116//2129 3201//2129 
f 3116//2129 3117//2129 3201//2129 
f 3117//2129 3118//2129 3201//2129 
f 3118//2129 3119//2129 3201//2129 
f 3119//2129 3120//2129 3201//2129 
f 3120//2129 3121//2129 3201//2129 
f 3121//2129 3122//2129 3201//2129 
f 3122//2129 3123//2129 3201//2129 
f 3123//2129 3124//2129 3201//2129 
f 3124//2129 3125//2129 3201//2129 
f 3125//2129 3126//2129 3201//2129 
f 3126//2129 3127//2129 3201//2129 
f 3127//2129 3128//2129 3201//2129 
f 3128//2129 3129//2129 3201//2129 
o mesh36
f 2184//2130 2136//2130 2135//2130 
f 2184//2130 2137//2130 2136//2130 
f 2188//2130 2066//2130 2065//2130 
f 2135//2130 2133//2130 2184//2130 
f 2188//2130 2067//2130 2066//2130 
f 2188//2130 2069//2130 2068//2130 
f 2184//2130 2147//2130 2137//2130 
f 2188//2130 2060//2130 2059//2130 
f 2188//2130 2063//2130 2062//2130 
f 2068//2130 2067//2130 2188//2130 
f 2133//2130 2134//2130 2184//2130 
f 2138//2130 2147//2130 2184//2130 
f 2188//2130 2057//2130 2056//2130 
f 2059//2130 2058//2130 2188//2130 
f 2062//2130 2061//2130 2188//2130 
f 2065//2130 2064//2130 2188//2130 
f 2188//2130 2081//2130 2080//2130 
f 2186//2130 2117//2130 2116//2130 
f 2186//2130 2099//2130 2098//2130 
f 3202//2130 2159//2130 2178//2130 
f 2184//2130 2181//2130 2138//2130 
f 2131//2130 2183//2130 2184//2130 
f 2058//2130 2057//2130 2188//2130 
f 2064//2130 2063//2130 2188//2130 
f 2188//2130 2075//2130 2074//2130 
f 2080//2130 2079//2130 2188//2130 
f 2116//2130 2115//2130 2186//2130 
f 2186//2130 2100//2130 2099//2130 
f 2178//2130 2158//2130 3202//2130 
f 2181//2130 2139//2130 2138//2130 
f 2181//2130 3202//2130 2141//2130 
f 2187//2130 2183//2130 2125//2130 
f 2184//2130 2132//2130 2131//2130 
f 2188//2130 2053//2130 2052//2130 
f 2188//2130 2055//2130 2054//2130 
f 2061//2130 2060//2130 2188//2130 
f 2188//2130 2071//2130 2070//2130 
f 2074//2130 2073//2130 2188//2130 
f 2188//2130 2077//2130 2076//2130 
f 2079//2130 2078//2130 2188//2130 
f 2187//2130 2124//2130 2123//2130 
f 2186//2130 2113//2130 2112//2130 
f 2115//2130 2114//2130 2186//2130 
f 2186//2130 2101//2130 2100//2130 
f 2186//2130 2103//2130 2102//2130 
f 3202//2130 2177//2130 2159//2130 
f 2181//2130 2140//2130 2139//2130 
f 2181//2130 3203//2130 3202//2130 
f 2183//2130 2126//2130 2125//2130 
f 2131//2130 2130//2130 2183//2130 
f 2054//2130 2053//2130 2188//2130 
f 2070//2130 2069//2130 2188//2130 
f 2073//2130 2072//2130 2188//2130 
f 2078//2130 2077//2130 2188//2130 
f 2188//2130 2085//2130 2084//2130 
f 2188//2130 2091//2130 2090//2130 
f 2123//2130 2122//2130 2187//2130 
f 2114//2130 2113//2130 2186//2130 
f 2102//2130 2101//2130 2186//2130 
f 2185//2130 2034//2130 2033//2130 
f 2185//2130 2040//2130 2039//2130 
f 2158//2130 2157//2130 3202//2130 
f 2177//2130 3202//2130 3204//2130 
f 2141//2130 2140//2130 2181//2130 
f 3205//2130 3206//2130 3203//2130 
f 3205//2130 3207//2130 3208//2130 
f 2125//2130 2148//2130 2187//2130 
f 2130//2130 2129//2130 2183//2130 
f 2056//2130 2055//2130 2188//2130 
f 2076//2130 2075//2130 2188//2130 
f 2188//2130 2086//2130 2085//2130 
f 2188//2130 2088//2130 2087//2130 
f 2090//2130 2089//2130 2188//2130 
f 2122//2130 2149//2130 2187//2130 
f 2186//2130 2105//2130 2117//2130 
f 2098//2130 2097//2130 2186//2130 
f 2188//2130 2094//2130 2093//2130 
f 2188//2130 2050//2130 2049//2130 
f 2033//2130 2032//2130 2185//2130 
f 2185//2130 2037//2130 2036//2130 
f 2039//2130 2038//2130 2185//2130 
f 3204//2130 2160//2130 2177//2130 
f 3203//2130 2181//2130 3205//2130 
f 3208//2130 3206//2130 3205//2130 
f 2183//2130 2127//2130 2126//2130 
f 2129//2130 2128//2130 2183//2130 
f 2072//2130 2071//2130 2188//2130 
f 2188//2130 2083//2130 2082//2130 
f 2087//2130 2086//2130 2188//2130 
f 2188//2130 2092//2130 2091//2130 
f 2118//2130 2188//2130 2187//2130 
f 2149//2130 2121//2130 2187//2130 
f 2186//2130 2047//2130 2046//2130 
f 2186//2130 2109//2130 2108//2130 
f 2097//2130 2105//2130 2186//2130 
f 2093//2130 2096//2130 2188//2130 
f 2188//2130 2051//2130 2050//2130 
f 2185//2130 2035//2130 2034//2130 
f 2038//2130 2037//2130 2185//2130 
f 2043//2130 2185//2130 2186//2130 
f 2157//2130 2156//2130 3202//2130 
f 3209//2130 2166//2130 2165//2130 
f 2166//2130 3209//2130 3210//2130 
f 3208//2130 3211//2130 3206//2130 
f 2128//2130 2127//2130 2183//2130 
f 2082//2130 2081//2130 2188//2130 
f 2089//2130 2088//2130 2188//2130 
f 2187//2130 2119//2130 2118//2130 
f 2121//2130 2120//2130 2187//2130 
f 2046//2130 2045//2130 2186//2130 
f 2186//2130 2110//2130 2109//2130 
f 2112//2130 2111//2130 2186//2130 
f 2188//2130 2104//2130 2103//2130 
f 2188//2130 2095//2130 2094//2130 
f 2049//2130 2048//2130 2188//2130 
f 2185//2130 2031//2130 2030//2130 
f 2036//2130 2035//2130 2185//2130 
f 2185//2130 2042//2130 2041//2130 
f 2186//2130 2044//2130 2043//2130 
f 3205//2130 2009//2130 2008//2130 
f 3205//2130 2012//2130 2011//2130 
f 2156//2130 2155//2130 3202//2130 
f 3212//2130 2163//2130 2162//2130 
f 3209//2130 2175//2130 2163//2130 
f 3210//2130 2167//2130 2166//2130 
f 3212//2130 3213//2130 3207//2130 
f 2148//2130 2124//2130 2187//2130 
f 2187//2130 2185//2130 2182//2130 
f 2084//2130 2083//2130 2188//2130 
f 2120//2130 2119//2130 2187//2130 
f 2186//2130 2106//2130 2047//2130 
f 2108//2130 2107//2130 2186//2130 
f 2103//2130 2186//2130 2188//2130 
f 2048//2130 2095//2130 2188//2130 
f 2032//2130 2031//2130 2185//2130 
f 2043//2130 2042//2130 2185//2130 
f 3205//2130 2010//2130 2009//2130 
f 3205//2130 2013//2130 2012//2130 
f 3205//2130 2023//2130 2022//2130 
f 2155//2130 2154//2130 3202//2130 
f 2163//2130 3212//2130 3209//2130 
f 2165//2130 2164//2130 3209//2130 
f 3207//2130 3214//2130 3212//2130 
f 2182//2130 2183//2130 2187//2130 
f 2118//2130 2092//2130 2188//2130 
f 2107//2130 2106//2130 2186//2130 
f 2096//2130 2104//2130 2188//2130 
f 2185//2130 2029//2130 2028//2130 
f 2041//2130 2040//2130 2185//2130 
f 2011//2130 2010//2130 3205//2130 
f 3205//2130 2015//2130 2014//2130 
f 3205//2130 2018//2130 2017//2130 
f 3205//2130 2020//2130 2019//2130 
f 2022//2130 2021//2130 3205//2130 
f 3205//2130 2025//2130 2024//2130 
f 3205//2130 2027//2130 2026//2130 
f 2154//2130 2179//2130 3202//2130 
f 2164//2130 2175//2130 3209//2130 
f 3214//2130 3209//2130 3212//2130 
f 2052//2130 2051//2130 2188//2130 
f 2111//2130 2110//2130 2186//2130 
f 2030//2130 2029//2130 2185//2130 
f 2014//2130 2013//2130 3205//2130 
f 2017//2130 2016//2130 3205//2130 
f 2021//2130 2020//2130 3205//2130 
f 2026//2130 2025//2130 3205//2130 
f 2003//2130 3215//2130 3216//2130 
f 3217//2130 2007//2130 2006//2130 
f 2168//2130 2167//2130 3210//2130 
f 2179//2130 2152//2130 3202//2130 
f 3214//2130 3218//2130 3209//2130 
f 2045//2130 2044//2130 2186//2130 
f 2027//2130 2182//2130 2185//2130 
f 2016//2130 2015//2130 3205//2130 
f 2024//2130 2023//2130 3205//2130 
f 2003//2130 3219//2130 3215//2130 
f 3219//2130 2003//2130 2173//2130 
f 3217//2130 2005//2130 2004//2130 
f 3217//2130 2008//2130 2007//2130 
f 3220//2130 2169//2130 2168//2130 
f 2152//2130 2153//2130 3202//2130 
f 2162//2130 2161//2130 3212//2130 
f 2028//2130 2027//2130 2185//2130 
f 2182//2130 2027//2130 3205//2130 
f 2019//2130 2018//2130 3205//2130 
f 2173//2130 3220//2130 3219//2130 
f 2006//2130 2005//2130 3217//2130 
f 3220//2130 2170//2130 2169//2130 
f 2160//2130 3204//2130 3221//2130 
f 3202//2130 2143//2130 2142//2130 
f 2153//2130 2151//2130 3202//2130 
f 2134//2130 2132//2130 2184//2130 
f 2008//2130 3217//2130 3205//2130 
f 2004//2130 2003//2130 3217//2130 
f 3220//2130 2174//2130 2170//2130 
f 2176//2130 3222//2130 3212//2130 
f 3223//2130 3224//2130 3222//2130 
f 3204//2130 3225//2130 3221//2130 
f 3202//2130 2144//2130 2143//2130 
f 3202//2130 2150//2130 2146//2130 
f 2151//2130 2180//2130 3202//2130 
f 3205//2130 2181//2130 2182//2130 
f 3216//2130 3217//2130 2003//2130 
f 3220//2130 2171//2130 2174//2130 
f 3212//2130 2161//2130 2176//2130 
f 3221//2130 3223//2130 2160//2130 
f 3202//2130 2145//2130 2144//2130 
f 2180//2130 2150//2130 3202//2130 
f 3216//2130 3226//2130 3217//2130 
f 3220//2130 2172//2130 2171//2130 
f 3222//2130 2160//2130 3223//2130 
f 2146//2130 2145//2130 3202//2130 
f 3213//2130 3208//2130 3207//2130 
f 3220//2130 2173//2130 2172//2130 
f 2142//2130 2141//2130 3202//2130 
f 3210//2130 3220//2130 2168//2130 
f 3219//2130 3227//2130 3215//2130 
f 2176//2130 2160//2130 3222//2130 
o mesh37
f 3228//2131 3213//2131 3212//2131 
f 3212//2131 3229//2131 3228//2131 
o mesh38
f 3230//2130 3231//2130 3232//2130 
f 3231//2130 3233//2130 3232//2130 
f 3234//2130 3235//2130 3232//2130 
f 3236//2130 3228//2130 3230//2130 
f 3232//2130 3233//2130 3234//2130 
f 3237//2130 3238//2130 3234//2130 
f 3234//2130 3238//2130 3235//2130 
f 3232//2130 3236//2130 3230//2130 
f 3229//2130 3239//2130 3230//2130 
f 3230//2130 3228//2130 3229//2130 
f 3234//2130 3240//2130 3237//2130 
o mesh39
f 3229//2132 3212//2132 3222//2132 
f 3222//2132 3239//2132 3229//2132 
o mesh40
f 3239//2133 3222//2133 3224//2133 
f 3224//2133 3230//2133 3239//2133 
o mesh41
f 3230//2134 3224//2134 3223//2134 
f 3223//2134 3231//2134 3230//2134 
o mesh42
f 3231//2135 3223//2135 3221//2135 
f 3221//2135 3233//2135 3231//2135 
o mesh43
f 3233//2136 3221//2136 3225//2136 
f 3225//2136 3234//2136 3233//2136 
o mesh44
f 3234//2137 3225//2137 3204//2137 
f 3204//2137 3240//2137 3234//2137 
o mesh45
f 3240//2138 3204//2138 3202//2138 
f 3202//2138 3237//2138 3240//2138 
o mesh46
f 3237//2139 3202//2139 3203//2139 
f 3203//2139 3238//2139 3237//2139 
o mesh47
f 3238//2140 3203//2140 3206//2140 
f 3206//2140 3235//2140 3238//2140 
o mesh48
f 3235//2141 3206//2141 3211//2141 
f 3211//2141 3232//2141 3235//2141 
o mesh49
f 3232//2142 3211//2142 3208//2142 
f 3208//2142 3236//2142 3232//2142 
o mesh50
f 3236//2143 3208//2143 3213//2143 
f 3213//2143 3228//2143 3236//2143 
o mesh51
f 3241//2144 3220//2144 3210//2144 
f 3210//2144 3242//2144 3241//2144 
o mesh52
f 3243//2145 3244//2145 3245//2145 
f 3246//2145 3247//2145 3243//2145 
f 3243//2145 3247//2145 3248//2145 
f 3249//2145 3250//2145 3245//2145 
f 3241//2145 3242//2145 3248//2145 
f 3248//2145 3251//2145 3243//2145 
f 3245//2145 3252//2145 3249//2145 
f 3242//2145 3251//2145 3248//2145 
f 3245//2145 3244//2145 3252//2145 
f 3245//2145 3246//2145 3243//2145 
f 3248//2145 3253//2145 3241//2145 
o mesh53
f 3242//2146 3210//2146 3209//2146 
f 3209//2146 3251//2146 3242//2146 
o mesh54
f 3251//2147 3209//2147 3218//2147 
f 3218//2147 3243//2147 3251//2147 
o mesh55
f 3243//2148 3218//2148 3214//2148 
f 3214//2148 3244//2148 3243//2148 
o mesh56
f 3244//2149 3214//2149 3207//2149 
f 3207//2149 3252//2149 3244//2149 
o mesh57
f 3252//2150 3207//2150 3205//2150 
f 3205//2150 3249//2150 3252//2150 
o mesh58
f 3249//2151 3205//2151 3217//2151 
f 3217//2151 3250//2151 3249//2151 
o mesh59
f 3250//2152 3217//2152 3226//2152 
f 3226//2152 3245//2152 3250//2152 
o mesh60
f 3245//2153 3226//2153 3216//2153 
f 3216//2153 3246//2153 3245//2153 
o mesh61
f 3246//2154 3216//2154 3215//2154 
f 3215//2154 3247//2154 3246//2154 
o mesh62
f 3247//2155 3215//2155 3227//2155 
f 3227//2155 3248//2155 3247//2155 
o mesh63
f 3248//2156 3227//2156 3219//2156 
f 3219//2156 3253//2156 3248//2156 
o mesh64
f 3253//2157 3219//2157 3220//2157 
f 3220//2157 3241//2157 3253//2157 
