# OBJ generated by ONSHAPE BY PTC INC, 1.221 Units = meters
mtllib MunchMoir - SwitchBase.mtl
g SwitchBase
v 0.000965747 0.00324217 0.0042 
v 0.000962988 0.00328425 0.0042 
v 0.000958397 0.00332618 0.0042 
v 0.000951981 0.00336786 0.0042 
v 0.000943753 0.00340922 0.0042 
v 0.000933728 0.00345019 0.0042 
v 0.000921926 0.00349068 0.0042 
v 0.00090837 0.00353062 0.0042 
v 0.000893084 0.00356993 0.0042 
v 0.000876098 0.00360853 0.0042 
v 0.000857444 0.00364636 0.0042 
v 0.000837158 0.00368333 0.0042 
v 0.000815278 0.00371939 0.0042 
v 0.000791847 0.00375446 0.0042 
v 0.000766908 0.00378847 0.0042 
v 0.00074051 0.00382136 0.0042 
v 0.000712701 0.00385307 0.0042 
v 0.000683537 0.00388354 0.0042 
v 0.000653071 0.0039127 0.0042 
v 0.000621361 0.00394051 0.0042 
v 0.000588469 0.00396691 0.0042 
v 0.000554457 0.00399185 0.0042 
v 0.00051939 0.00401528 0.0042 
v 0.000483333 0.00403716 0.0042 
v 0.000446357 0.00405744 0.0042 
v 0.000408531 0.0040761 0.0042 
v 0.000369927 0.00409308 0.0042 
v 0.000330619 0.00410837 0.0042 
v 0.000290682 0.00412193 0.0042 
v 0.000250192 0.00413373 0.0042 
v 0.000209225 0.00414375 0.0042 
v 0.00016786 0.00415198 0.0042 
v 0.000126175 0.0041584 0.0042 
v 8.42506e-05 0.00416299 0.0042 
v 4.21654e-05 0.00416575 0.0042 
v -1.13241e-18 0.00416667 0.0042 
v -4.21654e-05 0.00416575 0.0042 
v -8.42506e-05 0.00416299 0.0042 
v -0.000126175 0.0041584 0.0042 
v -0.00016786 0.00415198 0.0042 
v -0.000209225 0.00414375 0.0042 
v -0.000250192 0.00413373 0.0042 
v -0.000290682 0.00412193 0.0042 
v -0.000330619 0.00410837 0.0042 
v -0.000369927 0.00409308 0.0042 
v -0.000408531 0.0040761 0.0042 
v -0.000446357 0.00405744 0.0042 
v -0.000483333 0.00403716 0.0042 
v -0.00051939 0.00401528 0.0042 
v -0.000554457 0.00399185 0.0042 
v -0.000588469 0.00396691 0.0042 
v -0.000621361 0.00394051 0.0042 
v -0.000653071 0.0039127 0.0042 
v -0.000683537 0.00388354 0.0042 
v -0.000712701 0.00385307 0.0042 
v -0.00074051 0.00382136 0.0042 
v -0.000766908 0.00378847 0.0042 
v -0.000791847 0.00375446 0.0042 
v -0.000815278 0.00371939 0.0042 
v -0.000837158 0.00368333 0.0042 
v -0.000857444 0.00364636 0.0042 
v -0.000876098 0.00360853 0.0042 
v -0.000893084 0.00356993 0.0042 
v -0.00090837 0.00353062 0.0042 
v -0.000921926 0.00349068 0.0042 
v -0.000933728 0.00345019 0.0042 
v -0.000943753 0.00340922 0.0042 
v -0.000951981 0.00336786 0.0042 
v -0.000958397 0.00332618 0.0042 
v -0.000962988 0.00328425 0.0042 
v -0.000965747 0.00324217 0.0042 
v -0.000966667 0.0032 0.0042 
v -0.000965747 0.00315783 0.0042 
v -0.000962988 0.00311575 0.0042 
v -0.000958397 0.00307382 0.0042 
v -0.000951981 0.00303214 0.0042 
v -0.000943753 0.00299078 0.0042 
v -0.000933728 0.00294981 0.0042 
v -0.000921926 0.00290932 0.0042 
v -0.00090837 0.00286938 0.0042 
v -0.000893084 0.00283007 0.0042 
v -0.000876098 0.00279147 0.0042 
v -0.000857444 0.00275364 0.0042 
v -0.000837158 0.00271667 0.0042 
v -0.000815278 0.00268061 0.0042 
v -0.000791847 0.00264554 0.0042 
v -0.000766908 0.00261153 0.0042 
v -0.00074051 0.00257864 0.0042 
v -0.000712701 0.00254693 0.0042 
v -0.000683537 0.00251646 0.0042 
v -0.000653071 0.0024873 0.0042 
v -0.000621361 0.00245949 0.0042 
v -0.000588469 0.00243309 0.0042 
v -0.000554457 0.00240815 0.0042 
v -0.00051939 0.00238472 0.0042 
v -0.000483333 0.00236284 0.0042 
v -0.000446357 0.00234256 0.0042 
v -0.000408531 0.0023239 0.0042 
v -0.000369927 0.00230692 0.0042 
v -0.000330619 0.00229163 0.0042 
v -0.000290682 0.00227807 0.0042 
v -0.000250192 0.00226627 0.0042 
v -0.000209225 0.00225625 0.0042 
v -0.00016786 0.00224802 0.0042 
v -0.000126175 0.0022416 0.0042 
v -8.42506e-05 0.00223701 0.0042 
v -4.21654e-05 0.00223425 0.0042 
v 4.47044e-18 0.00223333 0.0042 
v 4.21654e-05 0.00223425 0.0042 
v 8.42506e-05 0.00223701 0.0042 
v 0.000126175 0.0022416 0.0042 
v 0.00016786 0.00224802 0.0042 
v 0.000209225 0.00225625 0.0042 
v 0.000250192 0.00226627 0.0042 
v 0.000290682 0.00227807 0.0042 
v 0.000330619 0.00229163 0.0042 
v 0.000369927 0.00230692 0.0042 
v 0.000408531 0.0023239 0.0042 
v 0.000446357 0.00234256 0.0042 
v 0.000483333 0.00236284 0.0042 
v 0.00051939 0.00238472 0.0042 
v 0.000554457 0.00240815 0.0042 
v 0.000588469 0.00243309 0.0042 
v 0.000621361 0.00245949 0.0042 
v 0.000653071 0.0024873 0.0042 
v 0.000683537 0.00251646 0.0042 
v 0.000712701 0.00254693 0.0042 
v 0.00074051 0.00257864 0.0042 
v 0.000766908 0.00261153 0.0042 
v 0.000791847 0.00264554 0.0042 
v 0.000815278 0.00268061 0.0042 
v 0.000837158 0.00271667 0.0042 
v 0.000857444 0.00275364 0.0042 
v 0.000876098 0.00279147 0.0042 
v 0.000893084 0.00283007 0.0042 
v 0.00090837 0.00286938 0.0042 
v 0.000921926 0.00290932 0.0042 
v 0.000933728 0.00294981 0.0042 
v 0.000943753 0.00299078 0.0042 
v 0.000951981 0.00303214 0.0042 
v 0.000958397 0.00307382 0.0042 
v 0.000962988 0.00311575 0.0042 
v 0.000965747 0.00315783 0.0042 
v 0.000966667 0.0032 0.0042 
v 0 0.0032 0.0042 
v -0.00145 0.0032 0.00371667 
v -0.00144862 0.00326325 0.00371667 
v -0.00144448 0.00332638 0.00371667 
v -0.0014376 0.00338926 0.00371667 
v -0.00142797 0.00345179 0.00371667 
v -0.00141563 0.00351384 0.00371667 
v -0.00140059 0.00357529 0.00371667 
v -0.00138289 0.00363602 0.00371667 
v -0.00136255 0.00369593 0.00371667 
v -0.00133963 0.00375489 0.00371667 
v -0.00131415 0.0038128 0.00371667 
v -0.00128617 0.00386954 0.00371667 
v -0.00125574 0.003925 0.00371667 
v -0.00122292 0.00397908 0.00371667 
v -0.00118777 0.00403169 0.00371667 
v -0.00115036 0.0040827 0.00371667 
v -0.00111076 0.00413204 0.00371667 
v -0.00106905 0.00417961 0.00371667 
v -0.0010253 0.0042253 0.00371667 
v -0.000979606 0.00426905 0.00371667 
v -0.000932042 0.00431076 0.00371667 
v -0.000882704 0.00435036 0.00371667 
v -0.000831686 0.00438777 0.00371667 
v -0.000779084 0.00442292 0.00371667 
v -0.000725 0.00445574 0.00371667 
v -0.000669535 0.00448617 0.00371667 
v -0.000612796 0.00451415 0.00371667 
v -0.000554891 0.00453963 0.00371667 
v -0.000495929 0.00456255 0.00371667 
v -0.000436023 0.00458289 0.00371667 
v -0.000375288 0.00460059 0.00371667 
v -0.000313837 0.00461563 0.00371667 
v -0.00025179 0.00462797 0.00371667 
v -0.000189263 0.0046376 0.00371667 
v -0.000126376 0.00464448 0.00371667 
v -6.32481e-05 0.00464862 0.00371667 
v -1.69861e-18 0.00465 0.00371667 
v 6.32481e-05 0.00464862 0.00371667 
v 0.000126376 0.00464448 0.00371667 
v 0.000189263 0.0046376 0.00371667 
v 0.00025179 0.00462797 0.00371667 
v 0.000313837 0.00461563 0.00371667 
v 0.000375288 0.00460059 0.00371667 
v 0.000436023 0.00458289 0.00371667 
v 0.000495929 0.00456255 0.00371667 
v 0.000554891 0.00453963 0.00371667 
v 0.000612796 0.00451415 0.00371667 
v 0.000669535 0.00448617 0.00371667 
v 0.000725 0.00445574 0.00371667 
v 0.000779084 0.00442292 0.00371667 
v 0.000831686 0.00438777 0.00371667 
v 0.000882704 0.00435036 0.00371667 
v 0.000932042 0.00431076 0.00371667 
v 0.000979606 0.00426905 0.00371667 
v 0.0010253 0.0042253 0.00371667 
v 0.00106905 0.00417961 0.00371667 
v 0.00111076 0.00413204 0.00371667 
v 0.00115036 0.0040827 0.00371667 
v 0.00118777 0.00403169 0.00371667 
v 0.00122292 0.00397908 0.00371667 
v 0.00125574 0.003925 0.00371667 
v 0.00128617 0.00386954 0.00371667 
v 0.00131415 0.0038128 0.00371667 
v 0.00133963 0.00375489 0.00371667 
v 0.00136255 0.00369593 0.00371667 
v 0.00138289 0.00363602 0.00371667 
v 0.00140059 0.00357529 0.00371667 
v 0.00141563 0.00351384 0.00371667 
v 0.00142797 0.00345179 0.00371667 
v 0.0014376 0.00338926 0.00371667 
v 0.00144448 0.00332638 0.00371667 
v 0.00144862 0.00326325 0.00371667 
v 0.00145 0.0032 0.00371667 
v 0.00144862 0.00313675 0.00371667 
v 0.00144448 0.00307362 0.00371667 
v 0.0014376 0.00301074 0.00371667 
v 0.00142797 0.00294821 0.00371667 
v 0.00141563 0.00288616 0.00371667 
v 0.00140059 0.00282471 0.00371667 
v 0.00138289 0.00276398 0.00371667 
v 0.00136255 0.00270407 0.00371667 
v 0.00133963 0.00264511 0.00371667 
v 0.00131415 0.0025872 0.00371667 
v 0.00128617 0.00253046 0.00371667 
v 0.00125574 0.002475 0.00371667 
v 0.00122292 0.00242092 0.00371667 
v 0.00118777 0.00236831 0.00371667 
v 0.00115036 0.0023173 0.00371667 
v 0.00111076 0.00226796 0.00371667 
v 0.00106905 0.00222039 0.00371667 
v 0.0010253 0.0021747 0.00371667 
v 0.000979606 0.00213095 0.00371667 
v 0.000932042 0.00208924 0.00371667 
v 0.000882704 0.00204964 0.00371667 
v 0.000831686 0.00201223 0.00371667 
v 0.000779084 0.00197708 0.00371667 
v 0.000725 0.00194426 0.00371667 
v 0.000669535 0.00191383 0.00371667 
v 0.000612796 0.00188585 0.00371667 
v 0.000554891 0.00186037 0.00371667 
v 0.000495929 0.00183745 0.00371667 
v 0.000436023 0.00181711 0.00371667 
v 0.000375288 0.00179941 0.00371667 
v 0.000313837 0.00178437 0.00371667 
v 0.00025179 0.00177203 0.00371667 
v 0.000189263 0.0017624 0.00371667 
v 0.000126376 0.00175552 0.00371667 
v 6.32481e-05 0.00175138 0.00371667 
v 6.70565e-18 0.00175 0.00371667 
v -6.32481e-05 0.00175138 0.00371667 
v -0.000126376 0.00175552 0.00371667 
v -0.000189263 0.0017624 0.00371667 
v -0.00025179 0.00177203 0.00371667 
v -0.000313837 0.00178437 0.00371667 
v -0.000375288 0.00179941 0.00371667 
v -0.000436023 0.00181711 0.00371667 
v -0.000495929 0.00183745 0.00371667 
v -0.000554891 0.00186037 0.00371667 
v -0.000612796 0.00188585 0.00371667 
v -0.000669535 0.00191383 0.00371667 
v -0.000725 0.00194426 0.00371667 
v -0.000779084 0.00197708 0.00371667 
v -0.000831686 0.00201223 0.00371667 
v -0.000882704 0.00204964 0.00371667 
v -0.000932042 0.00208924 0.00371667 
v -0.000979606 0.00213095 0.00371667 
v -0.0010253 0.0021747 0.00371667 
v -0.00106905 0.00222039 0.00371667 
v -0.00111076 0.00226796 0.00371667 
v -0.00115036 0.0023173 0.00371667 
v -0.00118777 0.00236831 0.00371667 
v -0.00122292 0.00242092 0.00371667 
v -0.00125574 0.002475 0.00371667 
v -0.00128617 0.00253046 0.00371667 
v -0.00131415 0.0025872 0.00371667 
v -0.00133963 0.00264511 0.00371667 
v -0.00136255 0.00270407 0.00371667 
v -0.00138289 0.00276398 0.00371667 
v -0.00140059 0.00282471 0.00371667 
v -0.00141563 0.00288616 0.00371667 
v -0.00142797 0.00294821 0.00371667 
v -0.0014376 0.00301074 0.00371667 
v -0.00144448 0.00307362 0.00371667 
v -0.00144862 0.00313675 0.00371667 
v -0.00145 0.0032 0.000875 
v -0.00144862 0.00326325 0.000875 
v -0.00144448 0.00332638 0.000875 
v -0.0014376 0.00338926 0.000875 
v -0.00142797 0.00345179 0.000875 
v -0.00141563 0.00351384 0.000875 
v -0.00140059 0.00357529 0.000875 
v -0.00138289 0.00363602 0.000875 
v -0.00136255 0.00369593 0.000875 
v -0.00133963 0.00375489 0.000875 
v -0.00131415 0.0038128 0.000875 
v -0.00128617 0.00386954 0.000875 
v -0.00125574 0.003925 0.000875 
v -0.00122292 0.00397908 0.000875 
v -0.00118777 0.00403169 0.000875 
v -0.00115036 0.0040827 0.000875 
v -0.00111076 0.00413204 0.000875 
v -0.00106905 0.00417961 0.000875 
v -0.0010253 0.0042253 0.000875 
v -0.000979606 0.00426905 0.000875 
v -0.000932042 0.00431076 0.000875 
v -0.000882704 0.00435036 0.000875 
v -0.000831686 0.00438777 0.000875 
v -0.000779084 0.00442292 0.000875 
v -0.000725 0.00445574 0.000875 
v -0.000669535 0.00448617 0.000875 
v -0.000612796 0.00451415 0.000875 
v -0.000554891 0.00453963 0.000875 
v -0.000495929 0.00456255 0.000875 
v -0.000436023 0.00458289 0.000875 
v -0.000375288 0.00460059 0.000875 
v -0.000313837 0.00461563 0.000875 
v -0.00025179 0.00462797 0.000875 
v -0.000189263 0.0046376 0.000875 
v -0.000126376 0.00464448 0.000875 
v -6.32481e-05 0.00464862 0.000875 
v -1.69861e-18 0.00465 0.000875 
v 6.32481e-05 0.00464862 0.000875 
v 0.000126376 0.00464448 0.000875 
v 0.000189263 0.0046376 0.000875 
v 0.00025179 0.00462797 0.000875 
v 0.000313837 0.00461563 0.000875 
v 0.000375288 0.00460059 0.000875 
v 0.000436023 0.00458289 0.000875 
v 0.000495929 0.00456255 0.000875 
v 0.000554891 0.00453963 0.000875 
v 0.000612796 0.00451415 0.000875 
v 0.000669535 0.00448617 0.000875 
v 0.000725 0.00445574 0.000875 
v 0.000779084 0.00442292 0.000875 
v 0.000831686 0.00438777 0.000875 
v 0.000882704 0.00435036 0.000875 
v 0.000932042 0.00431076 0.000875 
v 0.000979606 0.00426905 0.000875 
v 0.0010253 0.0042253 0.000875 
v 0.00106905 0.00417961 0.000875 
v 0.00111076 0.00413204 0.000875 
v 0.00115036 0.0040827 0.000875 
v 0.00118777 0.00403169 0.000875 
v 0.00122292 0.00397908 0.000875 
v 0.00125574 0.003925 0.000875 
v 0.00128617 0.00386954 0.000875 
v 0.00131415 0.0038128 0.000875 
v 0.00133963 0.00375489 0.000875 
v 0.00136255 0.00369593 0.000875 
v 0.00138289 0.00363602 0.000875 
v 0.00140059 0.00357529 0.000875 
v 0.00141563 0.00351384 0.000875 
v 0.00142797 0.00345179 0.000875 
v 0.0014376 0.00338926 0.000875 
v 0.00144448 0.00332638 0.000875 
v 0.00144862 0.00326325 0.000875 
v 0.00145 0.0032 0.000875 
v 0.00144862 0.00313675 0.000875 
v 0.00144448 0.00307362 0.000875 
v 0.0014376 0.00301074 0.000875 
v 0.00142797 0.00294821 0.000875 
v 0.00141563 0.00288616 0.000875 
v 0.00140059 0.00282471 0.000875 
v 0.00138289 0.00276398 0.000875 
v 0.00136255 0.00270407 0.000875 
v 0.00133963 0.00264511 0.000875 
v 0.00131415 0.0025872 0.000875 
v 0.00128617 0.00253046 0.000875 
v 0.00125574 0.002475 0.000875 
v 0.00122292 0.00242092 0.000875 
v 0.00118777 0.00236831 0.000875 
v 0.00115036 0.0023173 0.000875 
v 0.00111076 0.00226796 0.000875 
v 0.00106905 0.00222039 0.000875 
v 0.0010253 0.0021747 0.000875 
v 0.000979606 0.00213095 0.000875 
v 0.000932042 0.00208924 0.000875 
v 0.000882704 0.00204964 0.000875 
v 0.000831686 0.00201223 0.000875 
v 0.000779084 0.00197708 0.000875 
v 0.000725 0.00194426 0.000875 
v 0.000669535 0.00191383 0.000875 
v 0.000612796 0.00188585 0.000875 
v 0.000554891 0.00186037 0.000875 
v 0.000495929 0.00183745 0.000875 
v 0.000436023 0.00181711 0.000875 
v 0.000375288 0.00179941 0.000875 
v 0.000313837 0.00178437 0.000875 
v 0.00025179 0.00177203 0.000875 
v 0.000189263 0.0017624 0.000875 
v 0.000126376 0.00175552 0.000875 
v 6.32481e-05 0.00175138 0.000875 
v 6.70565e-18 0.00175 0.000875 
v -6.32481e-05 0.00175138 0.000875 
v -0.000126376 0.00175552 0.000875 
v -0.000189263 0.0017624 0.000875 
v -0.00025179 0.00177203 0.000875 
v -0.000313837 0.00178437 0.000875 
v -0.000375288 0.00179941 0.000875 
v -0.000436023 0.00181711 0.000875 
v -0.000495929 0.00183745 0.000875 
v -0.000554891 0.00186037 0.000875 
v -0.000612796 0.00188585 0.000875 
v -0.000669535 0.00191383 0.000875 
v -0.000725 0.00194426 0.000875 
v -0.000779084 0.00197708 0.000875 
v -0.000831686 0.00201223 0.000875 
v -0.000882704 0.00204964 0.000875 
v -0.000932042 0.00208924 0.000875 
v -0.000979606 0.00213095 0.000875 
v -0.0010253 0.0021747 0.000875 
v -0.00106905 0.00222039 0.000875 
v -0.00111076 0.00226796 0.000875 
v -0.00115036 0.0023173 0.000875 
v -0.00118777 0.00236831 0.000875 
v -0.00122292 0.00242092 0.000875 
v -0.00125574 0.002475 0.000875 
v -0.00128617 0.00253046 0.000875 
v -0.00131415 0.0025872 0.000875 
v -0.00133963 0.00264511 0.000875 
v -0.00136255 0.00270407 0.000875 
v -0.00138289 0.00276398 0.000875 
v -0.00140059 0.00282471 0.000875 
v -0.00141563 0.00288616 0.000875 
v -0.00142797 0.00294821 0.000875 
v -0.0014376 0.00301074 0.000875 
v -0.00144448 0.00307362 0.000875 
v -0.00144862 0.00313675 0.000875 
v -0.002175 0.0032 0.00015 
v -0.00217293 0.00329487 0.00015 
v -0.00216672 0.00338956 0.00015 
v -0.00215639 0.00348389 0.00015 
v -0.00214196 0.00357768 0.00015 
v -0.00212344 0.00367076 0.00015 
v -0.00210089 0.00376293 0.00015 
v -0.00207433 0.00385404 0.00015 
v -0.00204383 0.00394389 0.00015 
v -0.00200944 0.00403234 0.00015 
v -0.00197122 0.00411919 0.00015 
v -0.00192925 0.0042043 0.00015 
v -0.00188361 0.0042875 0.00015 
v -0.00183438 0.00436863 0.00015 
v -0.00178166 0.00444753 0.00015 
v -0.00172554 0.00452406 0.00015 
v -0.00166615 0.00459806 0.00015 
v -0.00160358 0.00466941 0.00015 
v -0.00153796 0.00473796 0.00015 
v -0.00146941 0.00480358 0.00015 
v -0.00139806 0.00486615 0.00015 
v -0.00132406 0.00492554 0.00015 
v -0.00124753 0.00498166 0.00015 
v -0.00116863 0.00503438 0.00015 
v -0.0010875 0.00508361 0.00015 
v -0.0010043 0.00512925 0.00015 
v -0.000919195 0.00517122 0.00015 
v -0.000832336 0.00520944 0.00015 
v -0.000743894 0.00524383 0.00015 
v -0.000654035 0.00527433 0.00015 
v -0.000562931 0.00530089 0.00015 
v -0.000470756 0.00532344 0.00015 
v -0.000377685 0.00534196 0.00015 
v -0.000283894 0.00535639 0.00015 
v -0.000189564 0.00536672 0.00015 
v -9.48722e-05 0.00537293 0.00015 
v -2.54792e-18 0.005375 0.00015 
v 9.48722e-05 0.00537293 0.00015 
v 0.000189564 0.00536672 0.00015 
v 0.000283894 0.00535639 0.00015 
v 0.000377685 0.00534196 0.00015 
v 0.000470756 0.00532344 0.00015 
v 0.000562931 0.00530089 0.00015 
v 0.000654035 0.00527433 0.00015 
v 0.000743894 0.00524383 0.00015 
v 0.000832336 0.00520944 0.00015 
v 0.000919195 0.00517122 0.00015 
v 0.0010043 0.00512925 0.00015 
v 0.0010875 0.00508361 0.00015 
v 0.00116863 0.00503438 0.00015 
v 0.00124753 0.00498166 0.00015 
v 0.00132406 0.00492554 0.00015 
v 0.00139806 0.00486615 0.00015 
v 0.00146941 0.00480358 0.00015 
v 0.00153796 0.00473796 0.00015 
v 0.00160358 0.00466941 0.00015 
v 0.00166615 0.00459806 0.00015 
v 0.00172554 0.00452406 0.00015 
v 0.00178166 0.00444753 0.00015 
v 0.00183438 0.00436863 0.00015 
v 0.00188361 0.0042875 0.00015 
v 0.00192925 0.0042043 0.00015 
v 0.00197122 0.00411919 0.00015 
v 0.00200944 0.00403234 0.00015 
v 0.00204383 0.00394389 0.00015 
v 0.00207433 0.00385404 0.00015 
v 0.00210089 0.00376293 0.00015 
v 0.00212344 0.00367076 0.00015 
v 0.00214196 0.00357768 0.00015 
v 0.00215639 0.00348389 0.00015 
v 0.00216672 0.00338956 0.00015 
v 0.00217293 0.00329487 0.00015 
v 0.002175 0.0032 0.00015 
v 0.00217293 0.00310513 0.00015 
v 0.00216672 0.00301044 0.00015 
v 0.00215639 0.00291611 0.00015 
v 0.00214196 0.00282232 0.00015 
v 0.00212344 0.00272924 0.00015 
v 0.00210089 0.00263707 0.00015 
v 0.00207433 0.00254596 0.00015 
v 0.00204383 0.00245611 0.00015 
v 0.00200944 0.00236766 0.00015 
v 0.00197122 0.00228081 0.00015 
v 0.00192925 0.0021957 0.00015 
v 0.00188361 0.0021125 0.00015 
v 0.00183438 0.00203137 0.00015 
v 0.00178166 0.00195247 0.00015 
v 0.00172554 0.00187594 0.00015 
v 0.00166615 0.00180194 0.00015 
v 0.00160358 0.00173059 0.00015 
v 0.00153796 0.00166204 0.00015 
v 0.00146941 0.00159642 0.00015 
v 0.00139806 0.00153385 0.00015 
v 0.00132406 0.00147446 0.00015 
v 0.00124753 0.00141834 0.00015 
v 0.00116863 0.00136562 0.00015 
v 0.0010875 0.00131639 0.00015 
v 0.0010043 0.00127075 0.00015 
v 0.000919195 0.00122878 0.00015 
v 0.000832336 0.00119056 0.00015 
v 0.000743894 0.00115617 0.00015 
v 0.000654035 0.00112567 0.00015 
v 0.000562931 0.00109911 0.00015 
v 0.000470756 0.00107656 0.00015 
v 0.000377685 0.00105804 0.00015 
v 0.000283894 0.00104361 0.00015 
v 0.000189564 0.00103328 0.00015 
v 9.48722e-05 0.00102707 0.00015 
v 1.00585e-17 0.001025 0.00015 
v -9.48722e-05 0.00102707 0.00015 
v -0.000189564 0.00103328 0.00015 
v -0.000283894 0.00104361 0.00015 
v -0.000377685 0.00105804 0.00015 
v -0.000470756 0.00107656 0.00015 
v -0.000562931 0.00109911 0.00015 
v -0.000654035 0.00112567 0.00015 
v -0.000743894 0.00115617 0.00015 
v -0.000832336 0.00119056 0.00015 
v -0.000919195 0.00122878 0.00015 
v -0.0010043 0.00127075 0.00015 
v -0.0010875 0.00131639 0.00015 
v -0.00116863 0.00136562 0.00015 
v -0.00124753 0.00141834 0.00015 
v -0.00132406 0.00147446 0.00015 
v -0.00139806 0.00153385 0.00015 
v -0.00146941 0.00159642 0.00015 
v -0.00153796 0.00166204 0.00015 
v -0.00160358 0.00173059 0.00015 
v -0.00166615 0.00180194 0.00015 
v -0.00172554 0.00187594 0.00015 
v -0.00178166 0.00195247 0.00015 
v -0.00183438 0.00203137 0.00015 
v -0.00188361 0.0021125 0.00015 
v -0.00192925 0.0021957 0.00015 
v -0.00197122 0.00228081 0.00015 
v -0.00200944 0.00236766 0.00015 
v -0.00204383 0.00245611 0.00015 
v -0.00207433 0.00254596 0.00015 
v -0.00210089 0.00263707 0.00015 
v -0.00212344 0.00272924 0.00015 
v -0.00214196 0.00282232 0.00015 
v -0.00215639 0.00291611 0.00015 
v -0.00216672 0.00301044 0.00015 
v -0.00217293 0.00310513 0.00015 
v -0.00585267 6.87416e-05 0.00015 
v -0.00589643 8.14857e-05 0.00015 
v -0.00595662 9.44799e-05 0.00015 
v -0.0053515 2.76016e-06 0.00015 
v -0.005225 -6.39878e-19 0.00015 
v -0.00528538 9.42908e-05 0.00015 
v -0.00583574 7.10585e-05 0.00015 
v -0.00572858 4.40575e-05 0.00015 
v -0.00577467 6.32173e-05 0.00015 
v -0.00560353 2.48099e-05 0.00015 
v -0.0056518 5.53446e-05 0.00015 
v -0.00547775 1.10354e-05 0.00015 
v -0.00540627 7.09375e-05 0.00015 
v -0.00534557 8.13305e-05 0.00015 
v -0.00379024 0.00139871 0.00015 
v -0.00378797 0.00139477 0.00015 
v -0.00379526 0.00140628 0.00015 
v -0.00379267 0.00140255 0.00015 
v -0.00559022 5.53272e-05 0.00015 
v -0.0055287 5.79242e-05 0.00015 
v -0.00546735 6.31307e-05 0.00015 
v -0.00522579 0.000109795 0.00015 
v -0.00494061 0.000224341 0.00015 
v -0.00499559 0.000196626 0.00015 
v -0.003837 0.00144042 0.00015 
v -0.00383291 0.00143844 0.00015 
v -0.00386298 0.00144845 0.00015 
v -0.00385852 0.00144758 0.00015 
v -0.00377569 0.00135602 0.00015 
v -0.00377527 0.0013515 0.00015 
v -0.0037793 0.00137382 0.00015 
v -0.00377811 0.00136943 0.00015 
v -0.00378397 0.00138661 0.00015 
v -0.00378223 0.00138242 0.00015 
v -0.00378588 0.00139073 0.00015 
v -0.00381047 0.00142309 0.00015 
v -0.00380714 0.00142 0.00015 
v -0.00571332 5.79762e-05 0.00015 
v -0.00510884 0.00014832 0.00015 
v -0.00516691 0.000127816 0.00015 
v -0.00488685 0.000254366 0.00015 
v -0.00473388 0.000357736 0.00015 
v -0.00478339 0.000321124 0.00015 
v -0.0038175 0.00142884 0.00015 
v -0.00381392 0.00142604 0.00015 
v -0.00382891 0.00143629 0.00015 
v -0.00384542 0.00144383 0.00015 
v -0.00384118 0.00144221 0.00015 
v -0.0038541 0.00144652 0.00015 
v -0.00387199 0.00144961 0.00015 
v -0.00386747 0.00144913 0.00015 
v -0.00377553 0.00133335 0.00015 
v -0.00377608 0.00132884 0.00015 
v -0.00377501 0.00134242 0.00015 
v -0.00377517 0.00133788 0.00015 
v -0.00377504 0.00134696 0.00015 
v -0.00377711 0.001365 0.00015 
v -0.00378067 0.00137815 0.00015 
v -0.00380091 0.00141339 0.00015 
v -0.00379801 0.0014099 0.00015 
v -0.00380395 0.00141676 0.00015 
v -0.00483441 0.000286646 0.00015 
v -0.00463975 0.000437098 0.00015 
v -0.00468598 0.000396417 0.00015 
v -0.0061 0.00725 0.00015 
v -0.00538182 0.00938382 0.00015 
v -0.00549518 0.00931973 0.00015 
v -0.0038212 0.00143149 0.00015 
v -0.003825 0.00143397 0.00015 
v -0.00384973 0.00144527 0.00015 
v -0.00380292 0.00127221 0.00015 
v -0.00380607 0.00126893 0.00015 
v -0.00379184 0.00128659 0.00015 
v -0.00379438 0.00128282 0.00015 
v -0.00378019 0.00131116 0.00015 
v -0.00378169 0.00130687 0.00015 
v -0.00377682 0.00132436 0.00015 
v -0.00377631 0.00136053 0.00015 
v -0.00505171 0.00017127 0.00015 
v -0.0045953 0.000479704 0.00015 
v -0.0052437 0.00945412 0.00015 
v -0.00388107 0.00145 0.00015 
v -0.00387652 0.0014499 0.00015 
v -0.00379992 0.00127563 0.00015 
v -0.00379707 0.00127916 0.00015 
v -0.00378726 0.00129444 0.00015 
v -0.00378946 0.00129046 0.00015 
v -0.00378337 0.00130265 0.00015 
v -0.00378522 0.0012985 0.00015 
v -0.00377888 0.00131551 0.00015 
v -0.00377776 0.00131991 0.00015 
v -0.00558894 0.00926118 0.00015 
v 0.0061 0.00725 0.00015 
v 0.00553361 0.00929642 0.00015 
v 0.00542838 0.00935828 0.00015 
v -0.00507415 0.00953131 0.00015 
v 0.00562089 0.00923984 0.00015 
v 0.00765302 0.00842119 0.00015 
v 0.00761213 0.00847213 0.00015 
v 0.00760268 0.00848118 0.00015 
v 0.00764575 0.00843207 0.00015 
v 0.00763801 0.00844263 0.00015 
v 0.00759284 0.00848981 0.00015 
v 0.00768191 0.00836261 0.00015 
v 0.00767716 0.00837481 0.00015 
v 0.00768978 0.00833765 0.00015 
v 0.00768612 0.00835021 0.00015 
v -0.0061 0.00145 0.00015 
v -0.00597558 9.88151e-05 0.00015 
v -0.00765302 0.00842119 0.00015 
v -0.00762981 0.00845284 0.00015 
v -0.00763801 0.00844263 0.00015 
v -0.00760268 0.00848118 0.00015 
v -0.00761213 0.00847213 0.00015 
v -0.00757207 0.00850575 0.00015 
v -0.00758263 0.00849801 0.00015 
v -0.00755 0.00851981 0.00015 
v -0.00756119 0.00851302 0.00015 
v -0.00566706 0.00920752 0.00015 
v 0.00530056 0.00942609 0.00015 
v 0.00762118 0.00846268 0.00015 
v 0.00762981 0.00845284 0.00015 
v 0.0076661 0.00839852 0.00015 
v 0.00765981 0.00841 0.00015 
v 0.00767189 0.00838679 0.00015 
v 0.00769289 0.00832493 0.00015 
v 0.00769743 0.00829916 0.00015 
v 0.00769544 0.00831209 0.00015 
v 0.00769971 0.00827309 0.00015 
v 0.00769886 0.00828615 0.00015 
v -0.0060162 0.000110018 0.00015 
v -0.0074 0.00725 0.00015 
v -0.00760268 0.00732882 0.00015 
v -0.00759284 0.00732019 0.00015 
v -0.00753852 0.0085261 0.00015 
v -0.00768191 0.00836261 0.00015 
v -0.00768612 0.00835021 0.00015 
v -0.00767189 0.00838679 0.00015 
v -0.00767716 0.00837481 0.00015 
v -0.00762118 0.00846268 0.00015 
v -0.00759284 0.00848981 0.00015 
v -0.00573261 0.00915816 0.00015 
v 0.00569381 0.00918791 0.00015 
v 0.0077 0.00826 0.00015 
v 0.00758263 0.00849801 0.00015 
v 0.003775 0.0013 0.00015 
v -0.00743916 0.00725257 0.00015 
v -0.00747765 0.00726022 0.00015 
v -0.00746493 0.00725711 0.00015 
v -0.00750261 0.00726809 0.00015 
v -0.00749021 0.00726388 0.00015 
v -0.00757207 0.00730425 0.00015 
v -0.00756119 0.00729698 0.00015 
v -0.00758263 0.00731199 0.00015 
v -0.00769743 0.00751084 0.00015 
v -0.00769544 0.00749791 0.00015 
v -0.00769743 0.00829916 0.00015 
v -0.00769886 0.00828615 0.00015 
v -0.00769289 0.00832493 0.00015 
v -0.00769544 0.00831209 0.00015 
v -0.00768978 0.00833765 0.00015 
v -0.0076661 0.00839852 0.00015 
v -0.00765981 0.00841 0.00015 
v -0.00578796 0.00911255 0.00015 
v 0.00575516 0.00914006 0.00015 
v 0.00756119 0.00851302 0.00015 
v 0.00755 0.00851981 0.00015 
v 0.00757207 0.00850575 0.00015 
v 0.0077 0.00755 0.00015 
v 0.00760268 0.00732882 0.00015 
v 0.00761213 0.00733787 0.00015 
v 0.00758263 0.00731199 0.00015 
v 0.00759284 0.00732019 0.00015 
v -0.00752679 0.00727811 0.00015 
v -0.00742615 0.00725114 0.00015 
v -0.00751481 0.00727284 0.00015 
v -0.00762118 0.00734732 0.00015 
v -0.00761213 0.00733787 0.00015 
v -0.00768978 0.00747235 0.00015 
v -0.00768612 0.00745979 0.00015 
v -0.00769289 0.00748507 0.00015 
v -0.00769971 0.00753691 0.00015 
v -0.00769886 0.00752385 0.00015 
v -0.00769971 0.00827309 0.00015 
v -0.00486454 0.00961589 0.00015 
v 0.0051441 0.00950054 0.00015 
v 0.00747765 0.00854978 0.00015 
v 0.00746493 0.00855289 0.00015 
v 0.00769743 0.00751084 0.00015 
v 0.00768978 0.00747235 0.00015 
v 0.00769289 0.00748507 0.00015 
v 0.00768191 0.00744739 0.00015 
v 0.00768612 0.00745979 0.00015 
v 0.00762118 0.00734732 0.00015 
v 0.00757207 0.00730425 0.00015 
v 0.0061 0.00145 0.00015 
v -0.00741309 0.00725029 0.00015 
v -0.00768191 0.00744739 0.00015 
v -0.00767716 0.00743519 0.00015 
v -0.0077 0.00755 0.00015 
v -0.00764575 0.00843207 0.00015 
v -0.0077 0.00826 0.00015 
v -0.00745209 0.00855544 0.00015 
v -0.00746493 0.00855289 0.00015 
v -0.00583497 0.00907023 0.00015 
v 0.00580708 0.00909578 0.00015 
v 0.00743916 0.00855743 0.00015 
v 0.00742615 0.00855886 0.00015 
v 0.00749021 0.00854612 0.00015 
v 0.00751481 0.00853716 0.00015 
v 0.00750261 0.00854191 0.00015 
v 0.00753852 0.0085261 0.00015 
v 0.00752679 0.00853189 0.00015 
v 0.00767189 0.00742321 0.00015 
v 0.00769886 0.00752385 0.00015 
v 0.00767716 0.00743519 0.00015 
v 0.00755 0.00729019 0.00015 
v 0.00756119 0.00729698 0.00015 
v 0.00743916 0.00725257 0.00015 
v 0.00745209 0.00725456 0.00015 
v -0.00745209 0.00725456 0.00015 
v -0.00755 0.00729019 0.00015 
v -0.00753852 0.0072839 0.00015 
v -0.00762981 0.00735716 0.00015 
v -0.00764575 0.00737793 0.00015 
v -0.00763801 0.00736737 0.00015 
v -0.00765981 0.0074 0.00015 
v -0.00765302 0.00738881 0.00015 
v -0.00767189 0.00742321 0.00015 
v -0.00751481 0.00853716 0.00015 
v -0.00752679 0.00853189 0.00015 
v -0.00749021 0.00854612 0.00015 
v -0.00750261 0.00854191 0.00015 
v -0.00747765 0.00854978 0.00015 
v -0.00741309 0.00855971 0.00015 
v -0.00742615 0.00855886 0.00015 
v -0.00460389 0.00970805 0.00015 
v 0.00585128 0.00905462 0.00015 
v 0.00745209 0.00855544 0.00015 
v 0.00769971 0.00753691 0.00015 
v 0.00762981 0.00735716 0.00015 
v 0.00763801 0.00736737 0.00015 
v 0.00747765 0.00726022 0.00015 
v 0.00749021 0.00726388 0.00015 
v 0.00746493 0.00725711 0.00015 
v 0.00741309 0.00725029 0.00015 
v 0.00742615 0.00725114 0.00015 
v -0.00202511 0.0102107 0.00015 
v -0.00336991 0.0100187 0.00015 
v 0.003775 0.00145 0.00015 
v -0.0076661 0.00741148 0.00015 
v -0.00743916 0.00855743 0.00015 
v -0.00427863 0.00980732 0.00015 
v 0.00588909 0.0090162 0.00015 
v 0.00741309 0.00855971 0.00015 
v 0.00769544 0.00749791 0.00015 
v 0.00765981 0.0074 0.00015 
v 0.0076661 0.00741148 0.00015 
v 0.00764575 0.00737793 0.00015 
v 0.00765302 0.00738881 0.00015 
v 0.00752679 0.00727811 0.00015 
v 0.00753852 0.0072839 0.00015 
v 0.00750261 0.00726809 0.00015 
v 0.00751481 0.00727284 0.00015 
v 0.0074 0.00725 0.00015 
v 0.00357741 0.00997746 0.00015 
v 0.00300757 0.0100825 0.00015 
v 0.00152436 0.0102545 0.00015 
v 0.000640317 0.0103003 0.00015 
v -0.00275569 0.0101213 0.00015 
v 0.0053515 2.76016e-06 0.00015 
v 0.00534557 8.13305e-05 0.00015 
v 0.00528538 9.42908e-05 0.00015 
v 0.00572858 4.40575e-05 0.00015 
v 0.00585267 6.87416e-05 0.00015 
v 0.00583574 7.10585e-05 0.00015 
v 0.00597558 9.88151e-05 0.00015 
v 0.00595662 9.44799e-05 0.00015 
v -0.0074 0.00856 0.00015 
v -0.00387288 0.00991204 0.00015 
v 0.00495118 0.00958221 0.00015 
v -0.000283799 0.0103081 0.00015 
v 0.00540627 7.09375e-05 0.00015 
v 0.00547775 1.10354e-05 0.00015 
v 0.00546735 6.31307e-05 0.00015 
v 0.00571332 5.79762e-05 0.00015 
v 0.0056518 5.53446e-05 0.00015 
v 0.00577467 6.32173e-05 0.00015 
v 0.00589643 8.14857e-05 0.00015 
v -0.00694495 0.00856 0.00015 
v 0.00471178 0.00967144 0.00015 
v 0.0074 0.00856 0.00015 
v 0.00694495 0.00856 0.00015 
v 0.0023218 0.0101783 0.00015 
v -0.00118987 0.0102764 0.00015 
v 0.00488685 0.000254366 0.00015 
v 0.00483441 0.000286646 0.00015 
v 0.005225 6.39878e-19 0.00015 
v 0.0055287 5.79242e-05 0.00015 
v 0.00560353 2.48099e-05 0.00015 
v -0.00587512 0.00903079 0.00015 
v 0.00441334 0.00976807 0.00015 
v 0.00468598 0.000396417 0.00015 
v 0.00463975 0.000437098 0.00015 
v 0.00478339 0.000321124 0.00015 
v 0.00510884 0.00014832 0.00015 
v 0.00505171 0.00017127 0.00015 
v 0.00522579 0.000109795 0.00015 
v 0.00516691 0.000127816 0.00015 
v 0.00559022 5.53272e-05 0.00015 
v -0.006125 0.0088141 0.00015 
v -0.00617708 0.00878001 0.00015 
v -0.00588909 0.0090162 0.00015 
v 0.00404077 0.00987098 0.00015 
v 0.00628539 0.00871869 0.00015 
v 0.00623058 0.00874819 0.00015 
v 0.0045953 0.000479704 0.00015 
v 0.00473388 0.000357736 0.00015 
v 0.00499559 0.000196626 0.00015 
v 0.00494061 0.000224341 0.00015 
v -0.00688273 0.00856134 0.00015 
v -0.00682061 0.00856534 0.00015 
v -0.00623058 0.00874819 0.00015 
v -0.0059782 0.00892931 0.00015 
v -0.00602547 0.00888882 0.00015 
v -0.00593271 0.0089718 0.00015 
v 0.00593271 0.0089718 0.00015 
v 0.006125 0.0088141 0.00015 
v 0.00607443 0.00885039 0.00015 
v 0.00617708 0.00878001 0.00015 
v 0.00688273 0.00856134 0.00015 
v -0.00669718 0.00858133 0.00015 
v -0.00675872 0.00857201 0.00015 
v -0.00651574 0.00862498 0.00015 
v -0.00657558 0.00860784 0.00015 
v -0.00639855 0.00866689 0.00015 
v -0.0064567 0.00864468 0.00015 
v -0.00628539 0.00871869 0.00015 
v -0.00634141 0.00869158 0.00015 
v -0.00607443 0.00885039 0.00015 
v 0.0059782 0.00892931 0.00015 
v 0.00602547 0.00888882 0.00015 
v 0.00634141 0.00869158 0.00015 
v 0.0064567 0.00864468 0.00015 
v 0.00639855 0.00866689 0.00015 
v 0.00657558 0.00860784 0.00015 
v 0.00651574 0.00862498 0.00015 
v 0.00669718 0.00858133 0.00015 
v 0.0066361 0.00859328 0.00015 
v 0.00682061 0.00856534 0.00015 
v 0.00675872 0.00857201 0.00015 
v 0.0060162 0.000110018 0.00015 
v -0.0066361 0.00859328 0.00015 
v -0.00380607 0.00126893 0.0037 
v -0.00380292 0.00127221 0.0037 
v -0.00379992 0.00127563 0.0037 
v -0.00379707 0.00127916 0.0037 
v -0.00379438 0.00128282 0.0037 
v -0.00379184 0.00128659 0.0037 
v -0.00378946 0.00129046 0.0037 
v -0.00378726 0.00129444 0.0037 
v -0.00378522 0.0012985 0.0037 
v -0.00378337 0.00130265 0.0037 
v -0.00378169 0.00130687 0.0037 
v -0.00378019 0.00131116 0.0037 
v -0.00377888 0.00131551 0.0037 
v -0.00377776 0.00131991 0.0037 
v -0.00377682 0.00132436 0.0037 
v -0.00377608 0.00132884 0.0037 
v -0.00377553 0.00133335 0.0037 
v -0.00377517 0.00133788 0.0037 
v -0.00377501 0.00134242 0.0037 
v -0.00377504 0.00134696 0.0037 
v -0.00377527 0.0013515 0.0037 
v -0.00377569 0.00135602 0.0037 
v -0.00377631 0.00136053 0.0037 
v -0.00377711 0.001365 0.0037 
v -0.00377811 0.00136943 0.0037 
v -0.0037793 0.00137382 0.0037 
v -0.00378067 0.00137815 0.0037 
v -0.00378223 0.00138242 0.0037 
v -0.00378397 0.00138661 0.0037 
v -0.00378588 0.00139073 0.0037 
v -0.00378797 0.00139477 0.0037 
v -0.00379024 0.00139871 0.0037 
v -0.00379267 0.00140255 0.0037 
v -0.00379526 0.00140628 0.0037 
v -0.00379801 0.0014099 0.0037 
v -0.00380091 0.00141339 0.0037 
v -0.00380395 0.00141676 0.0037 
v -0.00380714 0.00142 0.0037 
v -0.00381047 0.00142309 0.0037 
v -0.00381392 0.00142604 0.0037 
v -0.0038175 0.00142884 0.0037 
v -0.0038212 0.00143149 0.0037 
v -0.003825 0.00143397 0.0037 
v -0.00382891 0.00143629 0.0037 
v -0.00383291 0.00143844 0.0037 
v -0.003837 0.00144042 0.0037 
v -0.00384118 0.00144221 0.0037 
v -0.00384542 0.00144383 0.0037 
v -0.00384973 0.00144527 0.0037 
v -0.0038541 0.00144652 0.0037 
v -0.00385852 0.00144758 0.0037 
v -0.00386298 0.00144845 0.0037 
v -0.00386747 0.00144913 0.0037 
v -0.00387199 0.00144961 0.0037 
v -0.00387652 0.0014499 0.0037 
v -0.00388107 0.00145 0.0037 
v -0.0045953 0.000479704 0.0037 
v 0.0045953 0.000479704 0.0037 
v 0.003775 0.0013 0.0037 
v 0.003775 0.00145 0.0037 
v 0.0061 0.00145 0.0037 
v 0.0061 0.00725 0.0037 
v 0.0074 0.00725 0.0037 
v 0.00741309 0.00725029 0.0037 
v 0.00742615 0.00725114 0.0037 
v 0.00743916 0.00725257 0.0037 
v 0.00745209 0.00725456 0.0037 
v 0.00746493 0.00725711 0.0037 
v 0.00747765 0.00726022 0.0037 
v 0.00749021 0.00726388 0.0037 
v 0.00750261 0.00726809 0.0037 
v 0.00751481 0.00727284 0.0037 
v 0.00752679 0.00727811 0.0037 
v 0.00753852 0.0072839 0.0037 
v 0.00755 0.00729019 0.0037 
v 0.00756119 0.00729698 0.0037 
v 0.00757207 0.00730425 0.0037 
v 0.00758263 0.00731199 0.0037 
v 0.00759284 0.00732019 0.0037 
v 0.00760268 0.00732882 0.0037 
v 0.00761213 0.00733787 0.0037 
v 0.00762118 0.00734732 0.0037 
v 0.00762981 0.00735716 0.0037 
v 0.00763801 0.00736737 0.0037 
v 0.00764575 0.00737793 0.0037 
v 0.00765302 0.00738881 0.0037 
v 0.00765981 0.0074 0.0037 
v 0.0076661 0.00741148 0.0037 
v 0.00767189 0.00742321 0.0037 
v 0.00767716 0.00743519 0.0037 
v 0.00768191 0.00744739 0.0037 
v 0.00768612 0.00745979 0.0037 
v 0.00768978 0.00747235 0.0037 
v 0.00769289 0.00748507 0.0037 
v 0.00769544 0.00749791 0.0037 
v 0.00769743 0.00751084 0.0037 
v 0.00769886 0.00752385 0.0037 
v 0.00769971 0.00753691 0.0037 
v 0.0077 0.00755 0.0037 
v 0.0077 0.00826 0.0037 
v 0.00769971 0.00827309 0.0037 
v 0.00769886 0.00828615 0.0037 
v 0.00769743 0.00829916 0.0037 
v 0.00769544 0.00831209 0.0037 
v 0.00769289 0.00832493 0.0037 
v 0.00768978 0.00833765 0.0037 
v 0.00768612 0.00835021 0.0037 
v 0.00768191 0.00836261 0.0037 
v 0.00767716 0.00837481 0.0037 
v 0.00767189 0.00838679 0.0037 
v 0.0076661 0.00839852 0.0037 
v 0.00765981 0.00841 0.0037 
v 0.00765302 0.00842119 0.0037 
v 0.00764575 0.00843207 0.0037 
v 0.00763801 0.00844263 0.0037 
v 0.00762981 0.00845284 0.0037 
v 0.00762118 0.00846268 0.0037 
v 0.00761213 0.00847213 0.0037 
v 0.00760268 0.00848118 0.0037 
v 0.00759284 0.00848981 0.0037 
v 0.00758263 0.00849801 0.0037 
v 0.00757207 0.00850575 0.0037 
v 0.00756119 0.00851302 0.0037 
v 0.00755 0.00851981 0.0037 
v 0.00753852 0.0085261 0.0037 
v 0.00752679 0.00853189 0.0037 
v 0.00751481 0.00853716 0.0037 
v 0.00750261 0.00854191 0.0037 
v 0.00749021 0.00854612 0.0037 
v 0.00747765 0.00854978 0.0037 
v 0.00746493 0.00855289 0.0037 
v 0.00745209 0.00855544 0.0037 
v 0.00743916 0.00855743 0.0037 
v 0.00742615 0.00855886 0.0037 
v 0.00741309 0.00855971 0.0037 
v 0.0074 0.00856 0.0037 
v 0.00694495 0.00856 0.0037 
v 0.00585128 0.00905462 0.0037 
v 0.00580708 0.00909578 0.0037 
v 0.00575516 0.00914006 0.0037 
v 0.00569381 0.00918791 0.0037 
v 0.00562089 0.00923984 0.0037 
v 0.00553361 0.00929642 0.0037 
v 0.00542838 0.00935828 0.0037 
v 0.00530056 0.00942609 0.0037 
v 0.0051441 0.00950054 0.0037 
v 0.00495118 0.00958221 0.0037 
v 0.00471178 0.00967144 0.0037 
v 0.00441334 0.00976807 0.0037 
v 0.00404077 0.00987098 0.0037 
v 0.00357741 0.00997746 0.0037 
v 0.00300757 0.0100825 0.0037 
v 0.0023218 0.0101783 0.0037 
v 0.00152436 0.0102545 0.0037 
v 0.000640317 0.0103003 0.0037 
v -0.000283799 0.0103081 0.0037 
v -0.00118987 0.0102764 0.0037 
v -0.00202511 0.0102107 0.0037 
v -0.00275569 0.0101213 0.0037 
v -0.00336991 0.0100187 0.0037 
v -0.00387288 0.00991204 0.0037 
v -0.00427863 0.00980732 0.0037 
v -0.00460389 0.00970805 0.0037 
v -0.00486454 0.00961589 0.0037 
v -0.00507415 0.00953131 0.0037 
v -0.0052437 0.00945412 0.0037 
v -0.00538182 0.00938382 0.0037 
v -0.00549518 0.00931973 0.0037 
v -0.00558894 0.00926118 0.0037 
v -0.00566706 0.00920752 0.0037 
v -0.00573261 0.00915816 0.0037 
v -0.00578796 0.00911255 0.0037 
v -0.00583497 0.00907023 0.0037 
v -0.00587512 0.00903079 0.0037 
v -0.00588909 0.0090162 0.0037 
v 0.00588909 0.0090162 0.0037 
v -0.0074 0.00856 0.0037 
v -0.00694495 0.00856 0.0037 
v -0.00741309 0.00855971 0.0037 
v -0.00742615 0.00855886 0.0037 
v -0.00743916 0.00855743 0.0037 
v -0.00745209 0.00855544 0.0037 
v -0.00746493 0.00855289 0.0037 
v -0.00747765 0.00854978 0.0037 
v -0.00749021 0.00854612 0.0037 
v -0.00750261 0.00854191 0.0037 
v -0.00751481 0.00853716 0.0037 
v -0.00752679 0.00853189 0.0037 
v -0.00753852 0.0085261 0.0037 
v -0.00755 0.00851981 0.0037 
v -0.00756119 0.00851302 0.0037 
v -0.00757207 0.00850575 0.0037 
v -0.00758263 0.00849801 0.0037 
v -0.00759284 0.00848981 0.0037 
v -0.00760268 0.00848118 0.0037 
v -0.00761213 0.00847213 0.0037 
v -0.00762118 0.00846268 0.0037 
v -0.00762981 0.00845284 0.0037 
v -0.00763801 0.00844263 0.0037 
v -0.00764575 0.00843207 0.0037 
v -0.00765302 0.00842119 0.0037 
v -0.00765981 0.00841 0.0037 
v -0.0076661 0.00839852 0.0037 
v -0.00767189 0.00838679 0.0037 
v -0.00767716 0.00837481 0.0037 
v -0.00768191 0.00836261 0.0037 
v -0.00768612 0.00835021 0.0037 
v -0.00768978 0.00833765 0.0037 
v -0.00769289 0.00832493 0.0037 
v -0.00769544 0.00831209 0.0037 
v -0.00769743 0.00829916 0.0037 
v -0.00769886 0.00828615 0.0037 
v -0.00769971 0.00827309 0.0037 
v -0.0077 0.00826 0.0037 
v -0.0077 0.00755 0.0037 
v -0.00769971 0.00753691 0.0037 
v -0.00769886 0.00752385 0.0037 
v -0.00769743 0.00751084 0.0037 
v -0.00769544 0.00749791 0.0037 
v -0.00769289 0.00748507 0.0037 
v -0.00768978 0.00747235 0.0037 
v -0.00768612 0.00745979 0.0037 
v -0.00768191 0.00744739 0.0037 
v -0.00767716 0.00743519 0.0037 
v -0.00767189 0.00742321 0.0037 
v -0.0076661 0.00741148 0.0037 
v -0.00765981 0.0074 0.0037 
v -0.00765302 0.00738881 0.0037 
v -0.00764575 0.00737793 0.0037 
v -0.00763801 0.00736737 0.0037 
v -0.00762981 0.00735716 0.0037 
v -0.00762118 0.00734732 0.0037 
v -0.00761213 0.00733787 0.0037 
v -0.00760268 0.00732882 0.0037 
v -0.00759284 0.00732019 0.0037 
v -0.00758263 0.00731199 0.0037 
v -0.00757207 0.00730425 0.0037 
v -0.00756119 0.00729698 0.0037 
v -0.00755 0.00729019 0.0037 
v -0.00753852 0.0072839 0.0037 
v -0.00752679 0.00727811 0.0037 
v -0.00751481 0.00727284 0.0037 
v -0.00750261 0.00726809 0.0037 
v -0.00749021 0.00726388 0.0037 
v -0.00747765 0.00726022 0.0037 
v -0.00746493 0.00725711 0.0037 
v -0.00745209 0.00725456 0.0037 
v -0.00743916 0.00725257 0.0037 
v -0.00742615 0.00725114 0.0037 
v -0.00741309 0.00725029 0.0037 
v -0.0074 0.00725 0.0037 
v -0.0061 0.00725 0.0037 
v -0.0061 0.00145 0.0037 
v 0.0060162 0.000110018 0.0037 
v 0.00595662 9.44799e-05 0.0037 
v 0.00589643 8.14857e-05 0.0037 
v 0.00583574 7.10585e-05 0.0037 
v 0.00577467 6.32173e-05 0.0037 
v 0.00571332 5.79762e-05 0.0037 
v 0.0056518 5.53446e-05 0.0037 
v 0.00559022 5.53272e-05 0.0037 
v 0.0055287 5.79242e-05 0.0037 
v 0.00546735 6.31307e-05 0.0037 
v 0.00540627 7.09375e-05 0.0037 
v 0.00534557 8.13305e-05 0.0037 
v 0.00528538 9.42908e-05 0.0037 
v 0.00522579 0.000109795 0.0037 
v 0.00516691 0.000127816 0.0037 
v 0.00510884 0.00014832 0.0037 
v 0.00505171 0.00017127 0.0037 
v 0.00499559 0.000196626 0.0037 
v 0.00494061 0.000224341 0.0037 
v 0.00488685 0.000254366 0.0037 
v 0.00483441 0.000286646 0.0037 
v 0.00478339 0.000321124 0.0037 
v 0.00473388 0.000357736 0.0037 
v 0.00468598 0.000396417 0.0037 
v 0.00463975 0.000437098 0.0037 
v -0.0060162 0.000110018 0.0037 
v -0.00595662 9.44799e-05 0.0037 
v -0.00589643 8.14857e-05 0.0037 
v -0.00583574 7.10585e-05 0.0037 
v -0.00577467 6.32173e-05 0.0037 
v -0.00571332 5.79762e-05 0.0037 
v -0.0056518 5.53446e-05 0.0037 
v -0.00559022 5.53272e-05 0.0037 
v -0.0055287 5.79242e-05 0.0037 
v -0.00546735 6.31307e-05 0.0037 
v -0.00540627 7.09375e-05 0.0037 
v -0.00534557 8.13305e-05 0.0037 
v -0.00528538 9.42908e-05 0.0037 
v -0.00522579 0.000109795 0.0037 
v -0.00516691 0.000127816 0.0037 
v -0.00510884 0.00014832 0.0037 
v -0.00505171 0.00017127 0.0037 
v -0.00499559 0.000196626 0.0037 
v -0.00494061 0.000224341 0.0037 
v -0.00488685 0.000254366 0.0037 
v -0.00483441 0.000286646 0.0037 
v -0.00478339 0.000321124 0.0037 
v -0.00473388 0.000357736 0.0037 
v -0.00468598 0.000396417 0.0037 
v -0.00463975 0.000437098 0.0037 
v 0.00688273 0.00856134 0.0037 
v 0.00682061 0.00856534 0.0037 
v 0.00675872 0.00857201 0.0037 
v 0.00669718 0.00858133 0.0037 
v 0.0066361 0.00859328 0.0037 
v 0.00657558 0.00860784 0.0037 
v 0.00651574 0.00862498 0.0037 
v 0.0064567 0.00864468 0.0037 
v 0.00639855 0.00866689 0.0037 
v 0.00634141 0.00869158 0.0037 
v 0.00628539 0.00871869 0.0037 
v 0.00623058 0.00874819 0.0037 
v 0.00617708 0.00878001 0.0037 
v 0.006125 0.0088141 0.0037 
v 0.00607443 0.00885039 0.0037 
v 0.00602547 0.00888882 0.0037 
v 0.0059782 0.00892931 0.0037 
v 0.00593271 0.0089718 0.0037 
v -0.00593271 0.0089718 0.0037 
v -0.0059782 0.00892931 0.0037 
v -0.00602547 0.00888882 0.0037 
v -0.00607443 0.00885039 0.0037 
v -0.006125 0.0088141 0.0037 
v -0.00617708 0.00878001 0.0037 
v -0.00623058 0.00874819 0.0037 
v -0.00628539 0.00871869 0.0037 
v -0.00634141 0.00869158 0.0037 
v -0.00639855 0.00866689 0.0037 
v -0.0064567 0.00864468 0.0037 
v -0.00651574 0.00862498 0.0037 
v -0.00657558 0.00860784 0.0037 
v -0.0066361 0.00859328 0.0037 
v -0.00669718 0.00858133 0.0037 
v -0.00675872 0.00857201 0.0037 
v -0.00682061 0.00856534 0.0037 
v -0.00688273 0.00856134 0.0037 
v -0.005225 -6.39878e-19 0 
v 0.005225 6.39878e-19 0 
v 0.008125 0.0029 0 
v 0.008125 0.0029 0.0037 
v 0.00812224 0.0027735 0.0037 
v 0.00812224 0.0027735 0 
v 0.00811396 0.00264725 0.0037 
v 0.00811396 0.00264725 0 
v 0.00810019 0.00252147 0.0037 
v 0.00810019 0.00252147 0 
v 0.00808094 0.00239642 0.0037 
v 0.00808094 0.00239642 0 
v 0.00805626 0.00227233 0.0037 
v 0.00805626 0.00227233 0 
v 0.00802618 0.00214942 0.0037 
v 0.00802618 0.00214942 0 
v 0.00799078 0.00202795 0.0037 
v 0.00799078 0.00202795 0 
v 0.00795011 0.00190814 0.0037 
v 0.00795011 0.00190814 0 
v 0.00790425 0.00179022 0.0037 
v 0.00790425 0.00179022 0 
v 0.00785329 0.00167441 0.0037 
v 0.00785329 0.00167441 0 
v 0.00779733 0.00156093 0.0037 
v 0.00779733 0.00156093 0 
v 0.00773647 0.00145 0.0037 
v 0.00773647 0.00145 0 
v 0.00767084 0.00134183 0.0037 
v 0.00767084 0.00134183 0 
v 0.00760054 0.00123663 0.0037 
v 0.00760054 0.00123663 0 
v 0.00752572 0.00113459 0.0037 
v 0.00752572 0.00113459 0 
v 0.00744653 0.00103592 0.0037 
v 0.00744653 0.00103592 0 
v 0.0073631 0.000940788 0.0037 
v 0.0073631 0.000940788 0 
v 0.00727561 0.00084939 0.0037 
v 0.00727561 0.00084939 0 
v 0.00718421 0.000761896 0.0037 
v 0.00718421 0.000761896 0 
v 0.00708908 0.000678471 0.0037 
v 0.00708908 0.000678471 0 
v 0.00699041 0.000599275 0.0037 
v 0.00699041 0.000599275 0 
v 0.00688837 0.000524459 0.0037 
v 0.00688837 0.000524459 0 
v 0.00678317 0.000454165 0.0037 
v 0.00678317 0.000454165 0 
v 0.006675 0.000388526 0.0037 
v 0.006675 0.000388526 0 
v 0.00656407 0.000327669 0.0037 
v 0.00656407 0.000327669 0 
v 0.00645059 0.000271707 0.0037 
v 0.00645059 0.000271707 0 
v 0.00633478 0.000220749 0.0037 
v 0.00633478 0.000220749 0 
v 0.00621686 0.000174891 0.0037 
v 0.00621686 0.000174891 0 
v 0.00609705 0.000134221 0.0037 
v 0.00597558 9.88151e-05 0 
v 0.00609705 0.000134221 0 
v 0.00585267 6.87416e-05 0 
v 0.00572858 4.40575e-05 0 
v 0.00560353 2.48099e-05 0 
v 0.00547775 1.10354e-05 0 
v 0.0053515 2.76016e-06 0 
v -0.008125 0.0029 0.0037 
v -0.008125 0.0029 0 
v -0.00812224 0.0027735 0 
v -0.00812224 0.0027735 0.0037 
v -0.00811396 0.00264725 0 
v -0.00811396 0.00264725 0.0037 
v -0.00810019 0.00252147 0 
v -0.00810019 0.00252147 0.0037 
v -0.00808094 0.00239642 0 
v -0.00808094 0.00239642 0.0037 
v -0.00805626 0.00227233 0 
v -0.00805626 0.00227233 0.0037 
v -0.00802618 0.00214942 0 
v -0.00802618 0.00214942 0.0037 
v -0.00799078 0.00202795 0 
v -0.00799078 0.00202795 0.0037 
v -0.00795011 0.00190814 0 
v -0.00795011 0.00190814 0.0037 
v -0.00790425 0.00179022 0 
v -0.00790425 0.00179022 0.0037 
v -0.00785329 0.00167441 0 
v -0.00785329 0.00167441 0.0037 
v -0.00779733 0.00156093 0 
v -0.00779733 0.00156093 0.0037 
v -0.00773647 0.00145 0 
v -0.00773647 0.00145 0.0037 
v -0.00767084 0.00134183 0 
v -0.00767084 0.00134183 0.0037 
v -0.00760054 0.00123663 0 
v -0.00760054 0.00123663 0.0037 
v -0.00752572 0.00113459 0 
v -0.00752572 0.00113459 0.0037 
v -0.00744653 0.00103592 0 
v -0.00744653 0.00103592 0.0037 
v -0.0073631 0.000940788 0 
v -0.0073631 0.000940788 0.0037 
v -0.00727561 0.00084939 0 
v -0.00727561 0.00084939 0.0037 
v -0.00718421 0.000761896 0 
v -0.00718421 0.000761896 0.0037 
v -0.00708908 0.000678471 0 
v -0.00708908 0.000678471 0.0037 
v -0.00699041 0.000599275 0 
v -0.00699041 0.000599275 0.0037 
v -0.00688837 0.000524459 0 
v -0.00688837 0.000524459 0.0037 
v -0.00678317 0.000454165 0 
v -0.00678317 0.000454165 0.0037 
v -0.006675 0.000388526 0 
v -0.006675 0.000388526 0.0037 
v -0.00656407 0.000327669 0 
v -0.00656407 0.000327669 0.0037 
v -0.00645059 0.000271707 0 
v -0.00645059 0.000271707 0.0037 
v -0.00633478 0.000220749 0 
v -0.00633478 0.000220749 0.0037 
v -0.00621686 0.000174891 0 
v -0.00621686 0.000174891 0.0037 
v -0.00609705 0.000134221 0 
v -0.0053515 2.76016e-06 0 
v -0.00547775 1.10354e-05 0 
v -0.00560353 2.48099e-05 0 
v -0.00572858 4.40575e-05 0 
v -0.00585267 6.87416e-05 0 
v -0.00597558 9.88151e-05 0 
v -0.00609705 0.000134221 0.0037 
v 0.008125 0.00808958 0 
v 0.008125 0.00808958 0.0037 
v -0.008125 0.00808958 0.0037 
v -0.008125 0.00808958 0 
v -0.00812362 0.00815282 0.0037 
v -0.00812362 0.00815282 0 
v -0.00811948 0.00821595 0.0037 
v -0.00811948 0.00821595 0 
v -0.0081126 0.00827884 0.0037 
v -0.0081126 0.00827884 0 
v -0.00810297 0.00834137 0.0037 
v -0.00810297 0.00834137 0 
v -0.00809063 0.00840341 0.0037 
v -0.00809063 0.00840341 0 
v -0.00807559 0.00846486 0.0037 
v -0.00807559 0.00846486 0 
v -0.00805789 0.0085256 0.0037 
v -0.00805789 0.0085256 0 
v -0.00803755 0.00858551 0.0037 
v -0.00803755 0.00858551 0 
v -0.00801463 0.00864447 0.0037 
v -0.00801463 0.00864447 0 
v -0.00798915 0.00870237 0.0037 
v -0.00798915 0.00870237 0 
v -0.00796117 0.00875911 0.0037 
v -0.00796117 0.00875911 0 
v -0.00793074 0.00881458 0.0037 
v -0.00793074 0.00881458 0 
v -0.00789792 0.00886866 0.0037 
v -0.00789792 0.00886866 0 
v -0.00786277 0.00892126 0.0037 
v -0.00786277 0.00892126 0 
v -0.00782536 0.00897228 0.0037 
v -0.00782536 0.00897228 0 
v -0.00778576 0.00902162 0.0037 
v -0.00778576 0.00902162 0 
v -0.00774405 0.00906918 0.0037 
v -0.00774405 0.00906918 0 
v -0.0077003 0.00911488 0.0037 
v -0.0077003 0.00911488 0 
v -0.00765461 0.00915863 0.0037 
v -0.00765461 0.00915863 0 
v -0.00760704 0.00920034 0.0037 
v -0.00760704 0.00920034 0 
v -0.0075577 0.00923994 0.0037 
v -0.0075577 0.00923994 0 
v -0.00750669 0.00927735 0.0037 
v -0.00750669 0.00927735 0 
v -0.0055995 0.0106128 0.0037 
v -0.0055995 0.0106128 0 
v -0.00476782 0.010875 0.0037 
v -0.00476782 0.010875 0 
v -0.00482685 0.0108738 0 
v -0.00482685 0.0108738 0.0037 
v -0.00488579 0.0108702 0 
v -0.00488579 0.0108702 0.0037 
v -0.00494453 0.0108642 0 
v -0.00494453 0.0108642 0.0037 
v -0.00500297 0.0108558 0 
v -0.00500297 0.0108558 0.0037 
v -0.00506103 0.010845 0 
v -0.00506103 0.010845 0.0037 
v -0.0051186 0.0108319 0 
v -0.0051186 0.0108319 0.0037 
v -0.00517559 0.0108165 0 
v -0.00517559 0.0108165 0.0037 
v -0.00523191 0.0107987 0 
v -0.00523191 0.0107987 0.0037 
v -0.00528745 0.0107787 0 
v -0.00528745 0.0107787 0.0037 
v -0.00534213 0.0107564 0 
v -0.00534213 0.0107564 0.0037 
v -0.00539586 0.0107319 0 
v -0.00539586 0.0107319 0.0037 
v -0.00544855 0.0107053 0 
v -0.00544855 0.0107053 0.0037 
v -0.00550011 0.0106765 0 
v -0.00550011 0.0106765 0.0037 
v -0.00555046 0.0106456 0 
v -0.00555046 0.0106456 0.0037 
v 0.00476782 0.010875 0.0037 
v 0.00476782 0.010875 0 
v 0.00796117 0.00875911 0.0037 
v 0.00812362 0.00815282 0.0037 
v 0.00798915 0.00870237 0.0037 
v 0.00793074 0.00881458 0.0037 
v 0.00750669 0.00927735 0.0037 
v 0.00811948 0.00821595 0.0037 
v 0.00803755 0.00858551 0.0037 
v 0.00801463 0.00864447 0.0037 
v 0.0081126 0.00827884 0.0037 
v 0.00809063 0.00840341 0.0037 
v 0.00807559 0.00846486 0.0037 
v 0.00805789 0.0085256 0.0037 
v 0.00810297 0.00834137 0.0037 
v 0.00482685 0.0108738 0.0037 
v 0.00488579 0.0108702 0.0037 
v 0.00500297 0.0108558 0.0037 
v 0.00494453 0.0108642 0.0037 
v 0.00523191 0.0107987 0.0037 
v 0.00517559 0.0108165 0.0037 
v 0.0051186 0.0108319 0.0037 
v 0.00506103 0.010845 0.0037 
v 0.00786277 0.00892126 0.0037 
v 0.00778576 0.00902162 0.0037 
v 0.00774405 0.00906918 0.0037 
v 0.0077003 0.00911488 0.0037 
v 0.00760704 0.00920034 0.0037 
v 0.0075577 0.00923994 0.0037 
v 0.00789792 0.00886866 0.0037 
v 0.00782536 0.00897228 0.0037 
v 0.00765461 0.00915863 0.0037 
v 0.00528745 0.0107787 0.0037 
v 0.00539586 0.0107319 0.0037 
v 0.00534213 0.0107564 0.0037 
v 0.00555046 0.0106456 0.0037 
v 0.00550011 0.0106765 0.0037 
v 0.0055995 0.0106128 0.0037 
v 0.00544855 0.0107053 0.0037 
v 0.00774405 0.00906918 0 
v 0.00760704 0.00920034 0 
v 0.00765461 0.00915863 0 
v 0.0077003 0.00911488 0 
v 0.00789792 0.00886866 0 
v 0.00793074 0.00881458 0 
v 0.00782536 0.00897228 0 
v 0.00786277 0.00892126 0 
v 0.00778576 0.00902162 0 
v 0.00811948 0.00821595 0 
v 0.00812362 0.00815282 0 
v 0.00810297 0.00834137 0 
v 0.0081126 0.00827884 0 
v 0.00807559 0.00846486 0 
v 0.00809063 0.00840341 0 
v 0.00801463 0.00864447 0 
v 0.00803755 0.00858551 0 
v 0.00796117 0.00875911 0 
v 0.00805789 0.0085256 0 
v 0.00798915 0.00870237 0 
v 0.00528745 0.0107787 0 
v 0.00534213 0.0107564 0 
v 0.00544855 0.0107053 0 
v 0.00550011 0.0106765 0 
v 0.00539586 0.0107319 0 
v 0.0051186 0.0108319 0 
v 0.00517559 0.0108165 0 
v 0.00488579 0.0108702 0 
v 0.00494453 0.0108642 0 
v 0.00482685 0.0108738 0 
v 0.00750669 0.00927735 0 
v 0.0075577 0.00923994 0 
v 0.00523191 0.0107987 0 
v 0.00500297 0.0108558 0 
v 0.00506103 0.010845 0 
v 0.0055995 0.0106128 0 
v 0.00555046 0.0106456 0 
vn 0 0 1 
vn -0.707107 0 0.707107 
vn -0.706434 0.0308436 0.707107 
vn -0.704416 0.0616284 0.707107 
vn -0.701057 0.092296 0.707107 
vn -0.696364 0.122788 0.707107 
vn -0.690346 0.153046 0.707107 
vn -0.683013 0.183013 0.707107 
vn -0.67438 0.212631 0.707107 
vn -0.664463 0.241845 0.707107 
vn -0.653281 0.270598 0.707107 
vn -0.640856 0.298836 0.707107 
vn -0.627211 0.326506 0.707107 
vn -0.612372 0.353553 0.707107 
vn -0.596368 0.379928 0.707107 
vn -0.579228 0.40558 0.707107 
vn -0.560986 0.430459 0.707107 
vn -0.541675 0.454519 0.707107 
vn -0.521334 0.477714 0.707107 
vn -0.5 0.5 0.707107 
vn -0.477714 0.521334 0.707107 
vn -0.454519 0.541675 0.707107 
vn -0.430459 0.560986 0.707107 
vn -0.40558 0.579228 0.707107 
vn -0.379928 0.596368 0.707107 
vn -0.353553 0.612372 0.707107 
vn -0.326506 0.627211 0.707107 
vn -0.298836 0.640856 0.707107 
vn -0.270598 0.653281 0.707107 
vn -0.241845 0.664463 0.707107 
vn -0.212631 0.67438 0.707107 
vn -0.183013 0.683013 0.707107 
vn -0.153046 0.690346 0.707107 
vn -0.122788 0.696364 0.707107 
vn -0.092296 0.701057 0.707107 
vn -0.0616284 0.704416 0.707107 
vn -0.0308436 0.706434 0.707107 
vn -1.96262e-17 0.707107 0.707107 
vn 0.0308436 0.706434 0.707107 
vn 0.0616284 0.704416 0.707107 
vn 0.092296 0.701057 0.707107 
vn 0.122788 0.696364 0.707107 
vn 0.153046 0.690346 0.707107 
vn 0.183013 0.683013 0.707107 
vn 0.212631 0.67438 0.707107 
vn 0.241845 0.664463 0.707107 
vn 0.270598 0.653281 0.707107 
vn 0.298836 0.640856 0.707107 
vn 0.326506 0.627211 0.707107 
vn 0.353553 0.612372 0.707107 
vn 0.379928 0.596368 0.707107 
vn 0.40558 0.579228 0.707107 
vn 0.430459 0.560986 0.707107 
vn 0.454519 0.541675 0.707107 
vn 0.477714 0.521334 0.707107 
vn 0.5 0.5 0.707107 
vn 0.521334 0.477714 0.707107 
vn 0.541675 0.454519 0.707107 
vn 0.560986 0.430459 0.707107 
vn 0.579228 0.40558 0.707107 
vn 0.596368 0.379928 0.707107 
vn 0.612372 0.353553 0.707107 
vn 0.627211 0.326506 0.707107 
vn 0.640856 0.298836 0.707107 
vn 0.653281 0.270598 0.707107 
vn 0.664463 0.241845 0.707107 
vn 0.67438 0.212631 0.707107 
vn 0.683013 0.183013 0.707107 
vn 0.690346 0.153046 0.707107 
vn 0.696364 0.122788 0.707107 
vn 0.701057 0.092296 0.707107 
vn 0.704416 0.0616284 0.707107 
vn 0.706434 0.0308436 0.707107 
vn 0.707107 2.06075e-16 0.707107 
vn 0.706434 -0.0308436 0.707107 
vn 0.704416 -0.0616284 0.707107 
vn 0.701057 -0.092296 0.707107 
vn 0.696364 -0.122788 0.707107 
vn 0.690346 -0.153046 0.707107 
vn 0.683013 -0.183013 0.707107 
vn 0.67438 -0.212631 0.707107 
vn 0.664463 -0.241845 0.707107 
vn 0.653281 -0.270598 0.707107 
vn 0.640856 -0.298836 0.707107 
vn 0.627211 -0.326506 0.707107 
vn 0.612372 -0.353553 0.707107 
vn 0.596368 -0.379928 0.707107 
vn 0.579228 -0.40558 0.707107 
vn 0.560986 -0.430459 0.707107 
vn 0.541675 -0.454519 0.707107 
vn 0.521334 -0.477714 0.707107 
vn 0.5 -0.5 0.707107 
vn 0.477714 -0.521334 0.707107 
vn 0.454519 -0.541675 0.707107 
vn 0.430459 -0.560986 0.707107 
vn 0.40558 -0.579228 0.707107 
vn 0.379928 -0.596368 0.707107 
vn 0.353553 -0.612372 0.707107 
vn 0.326506 -0.627211 0.707107 
vn 0.298836 -0.640856 0.707107 
vn 0.270598 -0.653281 0.707107 
vn 0.241845 -0.664463 0.707107 
vn 0.212631 -0.67438 0.707107 
vn 0.183013 -0.683013 0.707107 
vn 0.153046 -0.690346 0.707107 
vn 0.122788 -0.696364 0.707107 
vn 0.092296 -0.701057 0.707107 
vn 0.0616284 -0.704416 0.707107 
vn 0.0308436 -0.706434 0.707107 
vn 2.06075e-16 -0.707107 0.707107 
vn -0.0308436 -0.706434 0.707107 
vn -0.0616284 -0.704416 0.707107 
vn -0.092296 -0.701057 0.707107 
vn -0.122788 -0.696364 0.707107 
vn -0.153046 -0.690346 0.707107 
vn -0.183013 -0.683013 0.707107 
vn -0.212631 -0.67438 0.707107 
vn -0.241845 -0.664463 0.707107 
vn -0.270598 -0.653281 0.707107 
vn -0.298836 -0.640856 0.707107 
vn -0.326506 -0.627211 0.707107 
vn -0.353553 -0.612372 0.707107 
vn -0.379928 -0.596368 0.707107 
vn -0.40558 -0.579228 0.707107 
vn -0.430459 -0.560986 0.707107 
vn -0.454519 -0.541675 0.707107 
vn -0.477714 -0.521334 0.707107 
vn -0.5 -0.5 0.707107 
vn -0.521334 -0.477714 0.707107 
vn -0.541675 -0.454519 0.707107 
vn -0.560986 -0.430459 0.707107 
vn -0.579228 -0.40558 0.707107 
vn -0.596368 -0.379928 0.707107 
vn -0.612372 -0.353553 0.707107 
vn -0.627211 -0.326506 0.707107 
vn -0.640856 -0.298836 0.707107 
vn -0.653281 -0.270598 0.707107 
vn -0.664463 -0.241845 0.707107 
vn -0.67438 -0.212631 0.707107 
vn -0.683013 -0.183013 0.707107 
vn -0.690346 -0.153046 0.707107 
vn -0.696364 -0.122788 0.707107 
vn -0.701057 -0.092296 0.707107 
vn -0.704416 -0.0616284 0.707107 
vn -0.706434 -0.0308436 0.707107 
vn -1 0 0 
vn -0.999048 0.0436194 0 
vn -0.996195 0.0871557 0 
vn -0.991445 0.130526 0 
vn -0.984808 0.173648 0 
vn -0.976296 0.21644 0 
vn -0.965926 0.258819 0 
vn -0.953717 0.300706 0 
vn -0.939693 0.34202 0 
vn -0.92388 0.382683 0 
vn -0.906308 0.422618 0 
vn -0.887011 0.461749 0 
vn -0.866025 0.5 0 
vn -0.843391 0.5373 0 
vn -0.819152 0.573576 0 
vn -0.793353 0.608761 0 
vn -0.766044 0.642788 0 
vn -0.737277 0.67559 0 
vn -0.707107 0.707107 0 
vn -0.67559 0.737277 0 
vn -0.642788 0.766044 0 
vn -0.608761 0.793353 0 
vn -0.573576 0.819152 0 
vn -0.5373 0.843391 0 
vn -0.5 0.866025 0 
vn -0.461749 0.887011 0 
vn -0.422618 0.906308 0 
vn -0.382683 0.92388 0 
vn -0.34202 0.939693 0 
vn -0.300706 0.953717 0 
vn -0.258819 0.965926 0 
vn -0.21644 0.976296 0 
vn -0.173648 0.984808 0 
vn -0.130526 0.991445 0 
vn -0.0871557 0.996195 0 
vn -0.0436194 0.999048 0 
vn -6.12323e-17 1 0 
vn 0.0436194 0.999048 0 
vn 0.0871557 0.996195 0 
vn 0.130526 0.991445 0 
vn 0.173648 0.984808 0 
vn 0.21644 0.976296 0 
vn 0.258819 0.965926 0 
vn 0.300706 0.953717 0 
vn 0.34202 0.939693 0 
vn 0.382683 0.92388 0 
vn 0.422618 0.906308 0 
vn 0.461749 0.887011 0 
vn 0.5 0.866025 0 
vn 0.5373 0.843391 0 
vn 0.573576 0.819152 0 
vn 0.608761 0.793353 0 
vn 0.642788 0.766044 0 
vn 0.67559 0.737277 0 
vn 0.707107 0.707107 0 
vn 0.737277 0.67559 0 
vn 0.766044 0.642788 0 
vn 0.793353 0.608761 0 
vn 0.819152 0.573576 0 
vn 0.843391 0.5373 0 
vn 0.866025 0.5 0 
vn 0.887011 0.461749 0 
vn 0.906308 0.422618 0 
vn 0.92388 0.382683 0 
vn 0.939693 0.34202 0 
vn 0.953717 0.300706 0 
vn 0.965926 0.258819 0 
vn 0.976296 0.21644 0 
vn 0.984808 0.173648 0 
vn 0.991445 0.130526 0 
vn 0.996195 0.0871557 0 
vn 0.999048 0.0436194 0 
vn 1 1.22465e-16 0 
vn 0.999048 -0.0436194 0 
vn 0.996195 -0.0871557 0 
vn 0.991445 -0.130526 0 
vn 0.984808 -0.173648 0 
vn 0.976296 -0.21644 0 
vn 0.965926 -0.258819 0 
vn 0.953717 -0.300706 0 
vn 0.939693 -0.34202 0 
vn 0.92388 -0.382683 0 
vn 0.906308 -0.422618 0 
vn 0.887011 -0.461749 0 
vn 0.866025 -0.5 0 
vn 0.843391 -0.5373 0 
vn 0.819152 -0.573576 0 
vn 0.793353 -0.608761 0 
vn 0.766044 -0.642788 0 
vn 0.737277 -0.67559 0 
vn 0.707107 -0.707107 0 
vn 0.67559 -0.737277 0 
vn 0.642788 -0.766044 0 
vn 0.608761 -0.793353 0 
vn 0.573576 -0.819152 0 
vn 0.5373 -0.843391 0 
vn 0.5 -0.866025 0 
vn 0.461749 -0.887011 0 
vn 0.422618 -0.906308 0 
vn 0.382683 -0.92388 0 
vn 0.34202 -0.939693 0 
vn 0.300706 -0.953717 0 
vn 0.258819 -0.965926 0 
vn 0.21644 -0.976296 0 
vn 0.173648 -0.984808 0 
vn 0.130526 -0.991445 0 
vn 0.0871557 -0.996195 0 
vn 0.0436194 -0.999048 0 
vn 1.83697e-16 -1 0 
vn -0.0436194 -0.999048 0 
vn -0.0871557 -0.996195 0 
vn -0.130526 -0.991445 0 
vn -0.173648 -0.984808 0 
vn -0.21644 -0.976296 0 
vn -0.258819 -0.965926 0 
vn -0.300706 -0.953717 0 
vn -0.34202 -0.939693 0 
vn -0.382683 -0.92388 0 
vn -0.422618 -0.906308 0 
vn -0.461749 -0.887011 0 
vn -0.5 -0.866025 0 
vn -0.5373 -0.843391 0 
vn -0.573576 -0.819152 0 
vn -0.608761 -0.793353 0 
vn -0.642788 -0.766044 0 
vn -0.67559 -0.737277 0 
vn -0.707107 -0.707107 0 
vn -0.737277 -0.67559 0 
vn -0.766044 -0.642788 0 
vn -0.793353 -0.608761 0 
vn -0.819152 -0.573576 0 
vn -0.843391 -0.5373 0 
vn -0.866025 -0.5 0 
vn -0.887011 -0.461749 0 
vn -0.906308 -0.422618 0 
vn -0.92388 -0.382683 0 
vn -0.939693 -0.34202 0 
vn -0.953717 -0.300706 0 
vn -0.965926 -0.258819 0 
vn -0.976296 -0.21644 0 
vn -0.984808 -0.173648 0 
vn -0.991445 -0.130526 0 
vn -0.996195 -0.0871557 0 
vn -0.999048 -0.0436194 0 
vn -0.707107 0 0.707107 
vn -0.706434 0.0308436 0.707107 
vn -0.704416 0.0616284 0.707107 
vn -0.701057 0.092296 0.707107 
vn -0.696364 0.122788 0.707107 
vn -0.690346 0.153046 0.707107 
vn -0.683013 0.183013 0.707107 
vn -0.67438 0.212631 0.707107 
vn -0.664463 0.241845 0.707107 
vn -0.653281 0.270598 0.707107 
vn -0.640856 0.298836 0.707107 
vn -0.627211 0.326506 0.707107 
vn -0.612372 0.353553 0.707107 
vn -0.596368 0.379928 0.707107 
vn -0.579228 0.40558 0.707107 
vn -0.560986 0.430459 0.707107 
vn -0.541675 0.454519 0.707107 
vn -0.521334 0.477714 0.707107 
vn -0.5 0.5 0.707107 
vn -0.477714 0.521334 0.707107 
vn -0.454519 0.541675 0.707107 
vn -0.430459 0.560986 0.707107 
vn -0.40558 0.579228 0.707107 
vn -0.379928 0.596368 0.707107 
vn -0.353553 0.612372 0.707107 
vn -0.326506 0.627211 0.707107 
vn -0.298836 0.640856 0.707107 
vn -0.270598 0.653281 0.707107 
vn -0.241845 0.664463 0.707107 
vn -0.212631 0.67438 0.707107 
vn -0.183013 0.683013 0.707107 
vn -0.153046 0.690346 0.707107 
vn -0.122788 0.696364 0.707107 
vn -0.092296 0.701057 0.707107 
vn -0.0616284 0.704416 0.707107 
vn -0.0308436 0.706434 0.707107 
vn -1.96262e-17 0.707107 0.707107 
vn 0.0308436 0.706434 0.707107 
vn 0.0616284 0.704416 0.707107 
vn 0.092296 0.701057 0.707107 
vn 0.122788 0.696364 0.707107 
vn 0.153046 0.690346 0.707107 
vn 0.183013 0.683013 0.707107 
vn 0.212631 0.67438 0.707107 
vn 0.241845 0.664463 0.707107 
vn 0.270598 0.653281 0.707107 
vn 0.298836 0.640856 0.707107 
vn 0.326506 0.627211 0.707107 
vn 0.353553 0.612372 0.707107 
vn 0.379928 0.596368 0.707107 
vn 0.40558 0.579228 0.707107 
vn 0.430459 0.560986 0.707107 
vn 0.454519 0.541675 0.707107 
vn 0.477714 0.521334 0.707107 
vn 0.5 0.5 0.707107 
vn 0.521334 0.477714 0.707107 
vn 0.541675 0.454519 0.707107 
vn 0.560986 0.430459 0.707107 
vn 0.579228 0.40558 0.707107 
vn 0.596368 0.379928 0.707107 
vn 0.612372 0.353553 0.707107 
vn 0.627211 0.326506 0.707107 
vn 0.640856 0.298836 0.707107 
vn 0.653281 0.270598 0.707107 
vn 0.664463 0.241845 0.707107 
vn 0.67438 0.212631 0.707107 
vn 0.683013 0.183013 0.707107 
vn 0.690346 0.153046 0.707107 
vn 0.696364 0.122788 0.707107 
vn 0.701057 0.092296 0.707107 
vn 0.704416 0.0616284 0.707107 
vn 0.706434 0.0308436 0.707107 
vn 0.707107 2.06075e-16 0.707107 
vn 0.706434 -0.0308436 0.707107 
vn 0.704416 -0.0616284 0.707107 
vn 0.701057 -0.092296 0.707107 
vn 0.696364 -0.122788 0.707107 
vn 0.690346 -0.153046 0.707107 
vn 0.683013 -0.183013 0.707107 
vn 0.67438 -0.212631 0.707107 
vn 0.664463 -0.241845 0.707107 
vn 0.653281 -0.270598 0.707107 
vn 0.640856 -0.298836 0.707107 
vn 0.627211 -0.326506 0.707107 
vn 0.612372 -0.353553 0.707107 
vn 0.596368 -0.379928 0.707107 
vn 0.579228 -0.40558 0.707107 
vn 0.560986 -0.430459 0.707107 
vn 0.541675 -0.454519 0.707107 
vn 0.521334 -0.477714 0.707107 
vn 0.5 -0.5 0.707107 
vn 0.477714 -0.521334 0.707107 
vn 0.454519 -0.541675 0.707107 
vn 0.430459 -0.560986 0.707107 
vn 0.40558 -0.579228 0.707107 
vn 0.379928 -0.596368 0.707107 
vn 0.353553 -0.612372 0.707107 
vn 0.326506 -0.627211 0.707107 
vn 0.298836 -0.640856 0.707107 
vn 0.270598 -0.653281 0.707107 
vn 0.241845 -0.664463 0.707107 
vn 0.212631 -0.67438 0.707107 
vn 0.183013 -0.683013 0.707107 
vn 0.153046 -0.690346 0.707107 
vn 0.122788 -0.696364 0.707107 
vn 0.092296 -0.701057 0.707107 
vn 0.0616284 -0.704416 0.707107 
vn 0.0308436 -0.706434 0.707107 
vn 2.06075e-16 -0.707107 0.707107 
vn -0.0308436 -0.706434 0.707107 
vn -0.0616284 -0.704416 0.707107 
vn -0.092296 -0.701057 0.707107 
vn -0.122788 -0.696364 0.707107 
vn -0.153046 -0.690346 0.707107 
vn -0.183013 -0.683013 0.707107 
vn -0.212631 -0.67438 0.707107 
vn -0.241845 -0.664463 0.707107 
vn -0.270598 -0.653281 0.707107 
vn -0.298836 -0.640856 0.707107 
vn -0.326506 -0.627211 0.707107 
vn -0.353553 -0.612372 0.707107 
vn -0.379928 -0.596368 0.707107 
vn -0.40558 -0.579228 0.707107 
vn -0.430459 -0.560986 0.707107 
vn -0.454519 -0.541675 0.707107 
vn -0.477714 -0.521334 0.707107 
vn -0.5 -0.5 0.707107 
vn -0.521334 -0.477714 0.707107 
vn -0.541675 -0.454519 0.707107 
vn -0.560986 -0.430459 0.707107 
vn -0.579228 -0.40558 0.707107 
vn -0.596368 -0.379928 0.707107 
vn -0.612372 -0.353553 0.707107 
vn -0.627211 -0.326506 0.707107 
vn -0.640856 -0.298836 0.707107 
vn -0.653281 -0.270598 0.707107 
vn -0.664463 -0.241845 0.707107 
vn -0.67438 -0.212631 0.707107 
vn -0.683013 -0.183013 0.707107 
vn -0.690346 -0.153046 0.707107 
vn -0.696364 -0.122788 0.707107 
vn -0.701057 -0.092296 0.707107 
vn -0.704416 -0.0616284 0.707107 
vn -0.706434 -0.0308436 0.707107 
vn 0 0 1 
vn 0.707107 -0.707107 -4.31914e-17 
vn 0.736741 -0.676175 -4.1302e-17 
vn 0.765024 -0.644002 -3.93368e-17 
vn 0.791902 -0.610648 -3.72995e-17 
vn 0.817328 -0.576173 -3.51937e-17 
vn 0.841254 -0.540641 -3.30233e-17 
vn 0.863636 -0.504117 -3.07924e-17 
vn 0.884433 -0.466667 -2.85049e-17 
vn 0.903607 -0.428362 -2.61651e-17 
vn 0.921124 -0.38927 -2.37773e-17 
vn 0.93695 -0.349464 -2.13459e-17 
vn 0.951057 -0.309017 -1.88753e-17 
vn 0.963418 -0.268003 -1.63701e-17 
vn 0.974012 -0.226497 -1.38348e-17 
vn 0.982818 -0.184575 -1.12742e-17 
vn 0.989821 -0.142315 -8.69285e-18 
vn 0.995008 -0.0997934 -6.09556e-18 
vn 0.998369 -0.0570888 -3.48709e-18 
vn 0.999898 -0.0142795 -8.72217e-19 
vn 0.999592 0.0285561 1.74426e-18 
vn 0.997452 0.0713392 4.35753e-18 
vn 0.993482 0.113991 6.9628e-18 
vn 0.987688 0.156434 9.5553e-18 
vn 0.980083 0.19859 1.21303e-17 
vn 0.970678 0.240382 1.4683e-17 
vn 0.959493 0.281733 1.72087e-17 
vn 0.946547 0.322566 1.97029e-17 
vn 0.931864 0.362808 2.2161e-17 
vn 0.915471 0.402384 2.45783e-17 
vn 0.897398 0.441221 2.69506e-17 
vn 0.877679 0.479249 2.92734e-17 
vn 0.856349 0.516397 3.15425e-17 
vn 0.833448 0.552598 3.37537e-17 
vn 0.809017 0.587785 3.5903e-17 
vn 0.783102 0.621894 3.79864e-17 
vn 0.75575 0.654861 4.00001e-17 
vn 0.727011 0.686626 4.19404e-17 
vn 0.696938 0.717132 4.38037e-17 
vn 0.665586 0.746321 4.55867e-17 
vn 0.633012 0.774142 4.7286e-17 
vn 0.599278 0.800541 4.88985e-17 
vn 0.564443 0.825472 5.04213e-17 
vn 0.528573 0.848888 5.18516e-17 
vn 0.491733 0.870746 5.31867e-17 
vn 0.45399 0.891007 5.44243e-17 
vn 0.415415 0.909632 5.5562e-17 
vn 0.376077 0.926588 5.65977e-17 
vn 0.336049 0.941844 5.75296e-17 
vn 0.295405 0.955372 5.83559e-17 
vn 0.254218 0.967147 5.90751e-17 
vn 0.212565 0.977147 5.96859e-17 
vn 0.170522 0.985354 6.01872e-17 
vn 0.128166 0.991753 6.05781e-17 
vn 0.085575 0.996332 6.08577e-17 
vn 0.0428268 0.999083 6.10258e-17 
vn 1.22465e-16 1 6.10818e-17 
vn 0.707107 -0.707107 0 
vn -0.707107 -0.707107 0 
vn -1 0 0 
vn -9.32647e-17 1 0 
vn -0.0436194 0.999048 0 
vn -0.0871557 0.996195 0 
vn -0.130526 0.991445 0 
vn -0.173648 0.984808 0 
vn -0.21644 0.976296 0 
vn -0.258819 0.965926 0 
vn -0.300706 0.953717 0 
vn -0.34202 0.939693 0 
vn -0.382683 0.92388 0 
vn -0.422618 0.906308 0 
vn -0.461749 0.887011 0 
vn -0.5 0.866025 0 
vn -0.5373 0.843391 0 
vn -0.573576 0.819152 0 
vn -0.608761 0.793353 0 
vn -0.642788 0.766044 0 
vn -0.67559 0.737277 0 
vn -0.707107 0.707107 0 
vn -0.737277 0.67559 0 
vn -0.766044 0.642788 0 
vn -0.793353 0.608761 0 
vn -0.819152 0.573576 0 
vn -0.843391 0.5373 0 
vn -0.866025 0.5 0 
vn -0.887011 0.461749 0 
vn -0.906308 0.422618 0 
vn -0.92388 0.382683 0 
vn -0.939693 0.34202 0 
vn -0.953717 0.300706 0 
vn -0.965926 0.258819 0 
vn -0.976296 0.21644 0 
vn -0.984808 0.173648 0 
vn -0.991445 0.130526 0 
vn -0.996195 0.0871557 0 
vn -0.999048 0.0436194 0 
vn -1 -1.22465e-16 0 
vn -0.999048 -0.0436194 0 
vn -0.996195 -0.0871557 0 
vn -0.991445 -0.130526 0 
vn -0.984808 -0.173648 0 
vn -0.976296 -0.21644 0 
vn -0.965926 -0.258819 0 
vn -0.953717 -0.300706 0 
vn -0.939693 -0.34202 0 
vn -0.92388 -0.382683 0 
vn -0.906308 -0.422618 0 
vn -0.887011 -0.461749 0 
vn -0.866025 -0.5 0 
vn -0.843391 -0.5373 0 
vn -0.819152 -0.573576 0 
vn -0.793353 -0.608761 0 
vn -0.766044 -0.642788 0 
vn -0.737277 -0.67559 0 
vn -0.707107 -0.707107 0 
vn -0.67559 -0.737277 0 
vn -0.642788 -0.766044 0 
vn -0.608761 -0.793353 0 
vn -0.573576 -0.819152 0 
vn -0.5373 -0.843391 0 
vn -0.5 -0.866025 0 
vn -0.461749 -0.887011 0 
vn -0.422618 -0.906308 0 
vn -0.382683 -0.92388 0 
vn -0.34202 -0.939693 0 
vn -0.300706 -0.953717 0 
vn -0.258819 -0.965926 0 
vn -0.21644 -0.976296 0 
vn -0.173648 -0.984808 0 
vn -0.130526 -0.991445 0 
vn -0.0871557 -0.996195 0 
vn -0.0436194 -0.999048 0 
vn 6.12323e-17 -1 0 
vn -0.697596 -0.716491 0 
vn -0.728185 -0.68538 0 
vn -0.66568 -0.746238 0 
vn -0.632496 -0.774564 0 
vn -0.598108 -0.801416 0 
vn -0.562581 -0.826742 0 
vn -0.525984 -0.850495 0 
vn -0.488385 -0.872628 0 
vn -0.449857 -0.893101 0 
vn -0.410472 -0.911873 0 
vn -0.370306 -0.92891 0 
vn -0.329435 -0.944178 0 
vn -0.287937 -0.957649 0 
vn -0.245891 -0.969298 0 
vn -0.203377 -0.979101 0 
vn -0.160475 -0.98704 0 
vn -0.117268 -0.9931 0 
vn -0.0738384 -0.99727 0 
vn -0.0302678 -0.999542 0 
vn 0.0133604 -0.999911 0 
vn 0.0569632 -0.998376 0 
vn 0.100458 -0.994941 0 
vn 0.143761 -0.989612 0 
vn 0.18679 -0.9824 0 
vn 0.229464 -0.973317 0 
vn 0.271701 -0.962382 0 
vn 0.313421 -0.949614 0 
vn 0.354544 -0.935039 0 
vn 0.394993 -0.918684 0 
vn 0.434689 -0.900581 0 
vn 0.473558 -0.880762 0 
vn 0.511526 -0.859268 0 
vn 0.54852 -0.836138 0 
vn 0.584469 -0.811416 0 
vn 0.619307 -0.785149 0 
vn 0.652965 -0.757388 0 
vn 0.68538 -0.728185 0 
vn 0.716491 -0.697596 0 
vn 0.728185 -0.68538 0 
vn -0.728185 -0.68538 0 
vn 0 -1 0 
vn 0.0436194 -0.999048 0 
vn 0.0871557 -0.996195 0 
vn 0.130526 -0.991445 0 
vn 0.173648 -0.984808 0 
vn 0.21644 -0.976296 0 
vn 0.258819 -0.965926 0 
vn 0.300706 -0.953717 0 
vn 0.34202 -0.939693 0 
vn 0.382683 -0.92388 0 
vn 0.422618 -0.906308 0 
vn 0.461749 -0.887011 0 
vn 0.5 -0.866025 0 
vn 0.5373 -0.843391 0 
vn 0.573576 -0.819152 0 
vn 0.608761 -0.793353 0 
vn 0.642788 -0.766044 0 
vn 0.67559 -0.737277 0 
vn 0.707107 -0.707107 0 
vn 0.737277 -0.67559 0 
vn 0.766044 -0.642788 0 
vn 0.793353 -0.608761 0 
vn 0.819152 -0.573576 0 
vn 0.843391 -0.5373 0 
vn 0.866025 -0.5 0 
vn 0.887011 -0.461749 0 
vn 0.906308 -0.422618 0 
vn 0.92388 -0.382683 0 
vn 0.939693 -0.34202 0 
vn 0.953717 -0.300706 0 
vn 0.965926 -0.258819 0 
vn 0.976296 -0.21644 0 
vn 0.984808 -0.173648 0 
vn 0.991445 -0.130526 0 
vn 0.996195 -0.0871557 0 
vn 0.999048 -0.0436194 0 
vn 1 0 0 
vn 0.999048 0.0436194 0 
vn 0.996195 0.0871557 0 
vn 0.991445 0.130526 0 
vn 0.984808 0.173648 0 
vn 0.976296 0.21644 0 
vn 0.965926 0.258819 0 
vn 0.953717 0.300706 0 
vn 0.939693 0.34202 0 
vn 0.92388 0.382683 0 
vn 0.906308 0.422618 0 
vn 0.887011 0.461749 0 
vn 0.866025 0.5 0 
vn 0.843391 0.5373 0 
vn 0.819152 0.573576 0 
vn 0.793353 0.608761 0 
vn 0.766044 0.642788 0 
vn 0.737277 0.67559 0 
vn 0.707107 0.707107 0 
vn 0.67559 0.737277 0 
vn 0.642788 0.766044 0 
vn 0.608761 0.793353 0 
vn 0.573576 0.819152 0 
vn 0.5373 0.843391 0 
vn 0.5 0.866025 0 
vn 0.461749 0.887011 0 
vn 0.422618 0.906308 0 
vn 0.382683 0.92388 0 
vn 0.34202 0.939693 0 
vn 0.300706 0.953717 0 
vn 0.258819 0.965926 0 
vn 0.21644 0.976296 0 
vn 0.173648 0.984808 0 
vn 0.130526 0.991445 0 
vn 0.0871557 0.996195 0 
vn 0.0436194 0.999048 0 
vn -1.83697e-16 1 0 
vn 1 0 0 
vn 0.272828 -0.962063 0 
vn 0.231736 -0.972779 0 
vn 0.190227 -0.98174 0 
vn 0.148374 -0.988931 0 
vn 0.106254 -0.994339 0 
vn 0.0639419 -0.997954 0 
vn 0.0215147 -0.999769 0 
vn -0.0209513 -0.99978 0 
vn -0.0633795 -0.997989 0 
vn -0.105693 -0.994399 0 
vn -0.147817 -0.989015 0 
vn -0.189673 -0.981847 0 
vn -0.231188 -0.972909 0 
vn -0.272286 -0.962216 0 
vn -0.312893 -0.949788 0 
vn -0.352935 -0.935648 0 
vn -0.392341 -0.91982 0 
vn -0.43104 -0.902333 0 
vn -0.468961 -0.883219 0 
vn -0.506036 -0.862512 0 
vn -0.542199 -0.84025 0 
vn -0.577384 -0.816472 0 
vn -0.611528 -0.791223 0 
vn -0.644569 -0.764546 0 
vn -0.676448 -0.73649 0 
vn -0.707107 -0.707107 0 
vn -0.272828 -0.962063 0 
vn -0.231736 -0.972779 0 
vn -0.190227 -0.98174 0 
vn -0.148374 -0.988931 0 
vn -0.106254 -0.994339 0 
vn -0.0639419 -0.997954 0 
vn -0.0215147 -0.999769 0 
vn 0.0209513 -0.99978 0 
vn 0.0633795 -0.997989 0 
vn 0.105693 -0.994399 0 
vn 0.147817 -0.989015 0 
vn 0.189673 -0.981847 0 
vn 0.231188 -0.972909 0 
vn 0.272286 -0.962216 0 
vn 0.312893 -0.949788 0 
vn 0.352935 -0.935648 0 
vn 0.392341 -0.91982 0 
vn 0.43104 -0.902333 0 
vn 0.468961 -0.883219 0 
vn 0.506036 -0.862512 0 
vn 0.542199 -0.84025 0 
vn 0.577384 -0.816472 0 
vn 0.611528 -0.791223 0 
vn 0.644569 -0.764546 0 
vn 0.676448 -0.73649 0 
vn 0.707107 -0.707107 0 
vn 1.83697e-16 -1 0 
vn -0.0429168 -0.999079 0 
vn -0.0857546 -0.996316 0 
vn -0.128434 -0.991718 0 
vn -0.170877 -0.985292 0 
vn -0.213006 -0.977051 0 
vn -0.254741 -0.967009 0 
vn -0.296008 -0.955186 0 
vn -0.336728 -0.941602 0 
vn -0.376829 -0.926283 0 
vn -0.416235 -0.909257 0 
vn -0.454874 -0.890556 0 
vn -0.492674 -0.870214 0 
vn -0.529567 -0.848268 0 
vn -0.565484 -0.824759 0 
vn -0.600359 -0.79973 0 
vn -0.634128 -0.773228 0 
vn -0.666728 -0.745301 0 
vn -0.6981 -0.716 0 
vn -0.728185 -0.68538 0 
vn 0.728185 -0.68538 0 
vn 0.6981 -0.716 0 
vn 0.666728 -0.745301 0 
vn 0.634128 -0.773228 0 
vn 0.600359 -0.79973 0 
vn 0.565484 -0.824759 0 
vn 0.529567 -0.848268 0 
vn 0.492674 -0.870214 0 
vn 0.454874 -0.890556 0 
vn 0.416235 -0.909257 0 
vn 0.376829 -0.926283 0 
vn 0.336728 -0.941602 0 
vn 0.296008 -0.955186 0 
vn 0.254741 -0.967009 0 
vn 0.213006 -0.977051 0 
vn 0.170877 -0.985292 0 
vn 0.128434 -0.991718 0 
vn 0.0857546 -0.996316 0 
vn 0.0429168 -0.999079 0 
vn 1.83697e-16 -1 0 
vn 1 1.22465e-16 0 
vn 0.999048 -0.0436194 0 
vn 0.996195 -0.0871557 0 
vn 0.991445 -0.130526 0 
vn 0.984808 -0.173648 0 
vn 0.976296 -0.21644 0 
vn 0.965926 -0.258819 0 
vn 0.953717 -0.300706 0 
vn 0.939693 -0.34202 0 
vn 0.92388 -0.382683 0 
vn 0.906308 -0.422618 0 
vn 0.887011 -0.461749 0 
vn 0.866025 -0.5 0 
vn 0.843391 -0.5373 0 
vn 0.819152 -0.573576 0 
vn 0.793353 -0.608761 0 
vn 0.766044 -0.642788 0 
vn 0.737277 -0.67559 0 
vn 0.707107 -0.707107 0 
vn 0.67559 -0.737277 0 
vn 0.642788 -0.766044 0 
vn 0.608761 -0.793353 0 
vn 0.573576 -0.819152 0 
vn 0.5373 -0.843391 0 
vn 0.5 -0.866025 0 
vn 0.461749 -0.887011 0 
vn 0.422618 -0.906308 0 
vn 0.382683 -0.92388 0 
vn 0.34202 -0.939693 0 
vn 0.300706 -0.953717 0 
vn 0.258819 -0.965926 0 
vn 0.272828 -0.962063 0 
vn 0.21644 -0.976296 0 
vn 0.173648 -0.984808 0 
vn 0.130526 -0.991445 0 
vn 0.0871557 -0.996195 0 
vn 0.0436194 -0.999048 0 
vn 1.83697e-16 -1 0 
vn -1 1.22465e-16 0 
vn -0.999048 -0.0436194 0 
vn -0.996195 -0.0871557 0 
vn -0.991445 -0.130526 0 
vn -0.984808 -0.173648 0 
vn -0.976296 -0.21644 0 
vn -0.965926 -0.258819 0 
vn -0.953717 -0.300706 0 
vn -0.939693 -0.34202 0 
vn -0.92388 -0.382683 0 
vn -0.906308 -0.422618 0 
vn -0.887011 -0.461749 0 
vn -0.866025 -0.5 0 
vn -0.843391 -0.5373 0 
vn -0.819152 -0.573576 0 
vn -0.793353 -0.608761 0 
vn -0.766044 -0.642788 0 
vn -0.737277 -0.67559 0 
vn -0.707107 -0.707107 0 
vn -0.67559 -0.737277 0 
vn -0.642788 -0.766044 0 
vn -0.608761 -0.793353 0 
vn -0.573576 -0.819152 0 
vn -0.5373 -0.843391 0 
vn -0.5 -0.866025 0 
vn -0.461749 -0.887011 0 
vn -0.422618 -0.906308 0 
vn -0.382683 -0.92388 0 
vn -0.34202 -0.939693 0 
vn -0.300706 -0.953717 0 
vn -0.0436194 -0.999048 0 
vn -1.83697e-16 -1 0 
vn -0.0871557 -0.996195 0 
vn -0.130526 -0.991445 0 
vn -0.173648 -0.984808 0 
vn -0.21644 -0.976296 0 
vn -0.258819 -0.965926 0 
vn -0.300706 -0.953717 0 
vn -0.272828 -0.962063 0 
vn -1.83697e-16 -1 0 
vn 1 3.1903e-16 0 
vn -1 -4.78544e-16 0 
vn -0.999048 0.0436194 0 
vn -0.996195 0.0871557 0 
vn -0.991445 0.130526 0 
vn -0.984808 0.173648 0 
vn -0.976296 0.21644 0 
vn -0.965926 0.258819 0 
vn -0.953717 0.300706 0 
vn -0.939693 0.34202 0 
vn -0.92388 0.382683 0 
vn -0.906308 0.422618 0 
vn -0.887011 0.461749 0 
vn -0.866025 0.5 0 
vn -0.843391 0.5373 0 
vn -0.819152 0.573576 0 
vn -0.793353 0.608761 0 
vn -0.766044 0.642788 0 
vn -0.737277 0.67559 0 
vn -0.707107 0.707107 0 
vn -0.67559 0.737277 0 
vn -0.642788 0.766044 0 
vn -0.608761 0.793353 0 
vn -0.573576 0.819152 0 
vn 6.12323e-17 1 0 
vn -0.0407131 0.999171 0 
vn -0.0813587 0.996685 0 
vn -0.121869 0.992546 0 
vn -0.162178 0.986762 0 
vn -0.202218 0.979341 0 
vn -0.241922 0.970296 0 
vn -0.281225 0.959642 0 
vn -0.320062 0.947397 0 
vn -0.358368 0.93358 0 
vn -0.39608 0.918216 0 
vn -0.433135 0.901329 0 
vn -0.469472 0.882948 0 
vn -0.50503 0.863102 0 
vn -0.539751 0.841825 0 
vn -0.573576 0.819152 0 
vn -2.13504e-16 1 0 
vn 0 0 1 
vn 0 0 -1 
vn 0.573576 0.819152 0 
vn 1 0 0 
vn 0.999048 0.0436194 0 
vn 0.996195 0.0871557 0 
vn 0.991445 0.130526 0 
vn 0.984808 0.173648 0 
vn 0.976296 0.21644 0 
vn 0.965926 0.258819 0 
vn 0.953717 0.300706 0 
vn 0.939693 0.34202 0 
vn 0.92388 0.382683 0 
vn 0.906308 0.422618 0 
vn 0.887011 0.461749 0 
vn 0.866025 0.5 0 
vn 0.843391 0.5373 0 
vn 0.819152 0.573576 0 
vn 0.793353 0.608761 0 
vn 0.766044 0.642788 0 
vn 0.737277 0.67559 0 
vn 0.707107 0.707107 0 
vn 0.67559 0.737277 0 
vn 0.642788 0.766044 0 
vn 0.608761 0.793353 0 
vn 0.573576 0.819152 0 
vn 0.539751 0.841825 0 
vn 0.50503 0.863102 0 
vn 0.469472 0.882948 0 
vn 0.433135 0.901329 0 
vn 0.39608 0.918216 0 
vn 0.358368 0.93358 0 
vn 0.320062 0.947397 0 
vn 0.281225 0.959642 0 
vn 0.241922 0.970296 0 
vn 0.202218 0.979341 0 
vn 0.162178 0.986762 0 
vn 0.121869 0.992546 0 
vn 0.0813587 0.996685 0 
vn 0.0407131 0.999171 0 
vn 6.12323e-17 1 0 
usemtl 0.615686_0.811765_0.929412_0.000000_0.000000
o mesh0
f 145//1 1//1 2//1 
f 2//1 3//1 145//1 
f 3//1 4//1 145//1 
f 4//1 5//1 145//1 
f 5//1 6//1 145//1 
f 6//1 7//1 145//1 
f 7//1 8//1 145//1 
f 8//1 9//1 145//1 
f 9//1 10//1 145//1 
f 10//1 11//1 145//1 
f 11//1 12//1 145//1 
f 12//1 13//1 145//1 
f 13//1 14//1 145//1 
f 14//1 15//1 145//1 
f 15//1 16//1 145//1 
f 16//1 17//1 145//1 
f 17//1 18//1 145//1 
f 18//1 19//1 145//1 
f 19//1 20//1 145//1 
f 20//1 21//1 145//1 
f 21//1 22//1 145//1 
f 22//1 23//1 145//1 
f 23//1 24//1 145//1 
f 24//1 25//1 145//1 
f 25//1 26//1 145//1 
f 26//1 27//1 145//1 
f 27//1 28//1 145//1 
f 28//1 29//1 145//1 
f 29//1 30//1 145//1 
f 30//1 31//1 145//1 
f 31//1 32//1 145//1 
f 32//1 33//1 145//1 
f 33//1 34//1 145//1 
f 34//1 35//1 145//1 
f 35//1 36//1 145//1 
f 36//1 37//1 145//1 
f 37//1 38//1 145//1 
f 38//1 39//1 145//1 
f 39//1 40//1 145//1 
f 40//1 41//1 145//1 
f 41//1 42//1 145//1 
f 42//1 43//1 145//1 
f 43//1 44//1 145//1 
f 44//1 45//1 145//1 
f 45//1 46//1 145//1 
f 46//1 47//1 145//1 
f 47//1 48//1 145//1 
f 48//1 49//1 145//1 
f 49//1 50//1 145//1 
f 50//1 51//1 145//1 
f 51//1 52//1 145//1 
f 52//1 53//1 145//1 
f 53//1 54//1 145//1 
f 54//1 55//1 145//1 
f 55//1 56//1 145//1 
f 56//1 57//1 145//1 
f 57//1 58//1 145//1 
f 58//1 59//1 145//1 
f 59//1 60//1 145//1 
f 60//1 61//1 145//1 
f 61//1 62//1 145//1 
f 62//1 63//1 145//1 
f 63//1 64//1 145//1 
f 64//1 65//1 145//1 
f 65//1 66//1 145//1 
f 66//1 67//1 145//1 
f 67//1 68//1 145//1 
f 68//1 69//1 145//1 
f 69//1 70//1 145//1 
f 70//1 71//1 145//1 
f 71//1 72//1 145//1 
f 72//1 73//1 145//1 
f 73//1 74//1 145//1 
f 74//1 75//1 145//1 
f 75//1 76//1 145//1 
f 76//1 77//1 145//1 
f 77//1 78//1 145//1 
f 78//1 79//1 145//1 
f 79//1 80//1 145//1 
f 80//1 81//1 145//1 
f 81//1 82//1 145//1 
f 82//1 83//1 145//1 
f 83//1 84//1 145//1 
f 84//1 85//1 145//1 
f 85//1 86//1 145//1 
f 86//1 87//1 145//1 
f 87//1 88//1 145//1 
f 88//1 89//1 145//1 
f 89//1 90//1 145//1 
f 90//1 91//1 145//1 
f 91//1 92//1 145//1 
f 92//1 93//1 145//1 
f 93//1 94//1 145//1 
f 94//1 95//1 145//1 
f 95//1 96//1 145//1 
f 96//1 97//1 145//1 
f 97//1 98//1 145//1 
f 98//1 99//1 145//1 
f 99//1 100//1 145//1 
f 100//1 101//1 145//1 
f 101//1 102//1 145//1 
f 102//1 103//1 145//1 
f 103//1 104//1 145//1 
f 104//1 105//1 145//1 
f 105//1 106//1 145//1 
f 106//1 107//1 145//1 
f 107//1 108//1 145//1 
f 108//1 109//1 145//1 
f 109//1 110//1 145//1 
f 110//1 111//1 145//1 
f 111//1 112//1 145//1 
f 112//1 113//1 145//1 
f 113//1 114//1 145//1 
f 114//1 115//1 145//1 
f 115//1 116//1 145//1 
f 116//1 117//1 145//1 
f 117//1 118//1 145//1 
f 118//1 119//1 145//1 
f 119//1 120//1 145//1 
f 120//1 121//1 145//1 
f 121//1 122//1 145//1 
f 122//1 123//1 145//1 
f 123//1 124//1 145//1 
f 124//1 125//1 145//1 
f 125//1 126//1 145//1 
f 126//1 127//1 145//1 
f 127//1 128//1 145//1 
f 128//1 129//1 145//1 
f 129//1 130//1 145//1 
f 130//1 131//1 145//1 
f 131//1 132//1 145//1 
f 132//1 133//1 145//1 
f 133//1 134//1 145//1 
f 134//1 135//1 145//1 
f 135//1 136//1 145//1 
f 136//1 137//1 145//1 
f 137//1 138//1 145//1 
f 138//1 139//1 145//1 
f 139//1 140//1 145//1 
f 140//1 141//1 145//1 
f 141//1 142//1 145//1 
f 142//1 143//1 145//1 
f 143//1 144//1 145//1 
f 144//1 1//1 145//1 
o mesh1
f 146//2 72//2 71//3 
f 147//3 71//3 70//4 
f 148//4 70//4 69//5 
f 149//5 69//5 68//6 
f 150//6 68//6 67//7 
f 151//7 67//7 66//8 
f 152//8 66//8 65//9 
f 153//9 65//9 64//10 
f 154//10 64//10 63//11 
f 155//11 63//11 62//12 
f 156//12 62//12 61//13 
f 157//13 61//13 60//14 
f 158//14 60//14 59//15 
f 159//15 59//15 58//16 
f 160//16 58//16 57//17 
f 161//17 57//17 56//18 
f 162//18 56//18 55//19 
f 163//19 55//19 54//20 
f 164//20 54//20 53//21 
f 165//21 53//21 52//22 
f 166//22 52//22 51//23 
f 167//23 51//23 50//24 
f 168//24 50//24 49//25 
f 169//25 49//25 48//26 
f 170//26 48//26 47//27 
f 171//27 47//27 46//28 
f 172//28 46//28 45//29 
f 173//29 45//29 44//30 
f 174//30 44//30 43//31 
f 175//31 43//31 42//32 
f 176//32 42//32 41//33 
f 177//33 41//33 40//34 
f 178//34 40//34 39//35 
f 179//35 39//35 38//36 
f 180//36 38//36 37//37 
f 181//37 37//37 36//38 
f 182//38 36//38 35//39 
f 183//39 35//39 34//40 
f 184//40 34//40 33//41 
f 185//41 33//41 32//42 
f 186//42 32//42 31//43 
f 187//43 31//43 30//44 
f 188//44 30//44 29//45 
f 189//45 29//45 28//46 
f 190//46 28//46 27//47 
f 191//47 27//47 26//48 
f 192//48 26//48 25//49 
f 193//49 25//49 24//50 
f 194//50 24//50 23//51 
f 195//51 23//51 22//52 
f 196//52 22//52 21//53 
f 197//53 21//53 20//54 
f 198//54 20//54 19//55 
f 199//55 19//55 18//56 
f 200//56 18//56 17//57 
f 201//57 17//57 16//58 
f 202//58 16//58 15//59 
f 203//59 15//59 14//60 
f 204//60 14//60 13//61 
f 205//61 13//61 12//62 
f 206//62 12//62 11//63 
f 207//63 11//63 10//64 
f 208//64 10//64 9//65 
f 209//65 9//65 8//66 
f 210//66 8//66 7//67 
f 211//67 7//67 6//68 
f 212//68 6//68 5//69 
f 213//69 5//69 4//70 
f 214//70 4//70 3//71 
f 215//71 3//71 2//72 
f 216//72 2//72 1//73 
f 217//73 1//73 144//74 
f 218//74 144//74 143//75 
f 219//75 143//75 142//76 
f 220//76 142//76 141//77 
f 221//77 141//77 140//78 
f 222//78 140//78 139//79 
f 223//79 139//79 138//80 
f 224//80 138//80 137//81 
f 225//81 137//81 136//82 
f 226//82 136//82 135//83 
f 227//83 135//83 134//84 
f 228//84 134//84 133//85 
f 229//85 133//85 132//86 
f 230//86 132//86 131//87 
f 231//87 131//87 130//88 
f 232//88 130//88 129//89 
f 233//89 129//89 128//90 
f 234//90 128//90 127//91 
f 235//91 127//91 126//92 
f 236//92 126//92 125//93 
f 237//93 125//93 124//94 
f 238//94 124//94 123//95 
f 239//95 123//95 122//96 
f 240//96 122//96 121//97 
f 241//97 121//97 120//98 
f 242//98 120//98 119//99 
f 243//99 119//99 118//100 
f 244//100 118//100 117//101 
f 245//101 117//101 116//102 
f 246//102 116//102 115//103 
f 247//103 115//103 114//104 
f 248//104 114//104 113//105 
f 249//105 113//105 112//106 
f 250//106 112//106 111//107 
f 251//107 111//107 110//108 
f 252//108 110//108 109//109 
f 253//109 109//109 108//110 
f 254//110 108//110 107//111 
f 255//111 107//111 106//112 
f 256//112 106//112 105//113 
f 257//113 105//113 104//114 
f 258//114 104//114 103//115 
f 259//115 103//115 102//116 
f 260//116 102//116 101//117 
f 261//117 101//117 100//118 
f 262//118 100//118 99//119 
f 263//119 99//119 98//120 
f 264//120 98//120 97//121 
f 265//121 97//121 96//122 
f 266//122 96//122 95//123 
f 267//123 95//123 94//124 
f 268//124 94//124 93//125 
f 269//125 93//125 92//126 
f 270//126 92//126 91//127 
f 271//127 91//127 90//128 
f 272//128 90//128 89//129 
f 273//129 89//129 88//130 
f 274//130 88//130 87//131 
f 275//131 87//131 86//132 
f 276//132 86//132 85//133 
f 277//133 85//133 84//134 
f 278//134 84//134 83//135 
f 279//135 83//135 82//136 
f 280//136 82//136 81//137 
f 281//137 81//137 80//138 
f 282//138 80//138 79//139 
f 283//139 79//139 78//140 
f 284//140 78//140 77//141 
f 285//141 77//141 76//142 
f 286//142 76//142 75//143 
f 287//143 75//143 74//144 
f 288//144 74//144 73//145 
f 289//145 73//145 72//2 
f 72//2 146//2 289//145 
f 73//145 289//145 288//144 
f 74//144 288//144 287//143 
f 75//143 287//143 286//142 
f 76//142 286//142 285//141 
f 77//141 285//141 284//140 
f 78//140 284//140 283//139 
f 79//139 283//139 282//138 
f 80//138 282//138 281//137 
f 81//137 281//137 280//136 
f 82//136 280//136 279//135 
f 83//135 279//135 278//134 
f 84//134 278//134 277//133 
f 85//133 277//133 276//132 
f 86//132 276//132 275//131 
f 87//131 275//131 274//130 
f 88//130 274//130 273//129 
f 89//129 273//129 272//128 
f 90//128 272//128 271//127 
f 91//127 271//127 270//126 
f 92//126 270//126 269//125 
f 93//125 269//125 268//124 
f 94//124 268//124 267//123 
f 95//123 267//123 266//122 
f 96//122 266//122 265//121 
f 97//121 265//121 264//120 
f 98//120 264//120 263//119 
f 99//119 263//119 262//118 
f 100//118 262//118 261//117 
f 101//117 261//117 260//116 
f 102//116 260//116 259//115 
f 103//115 259//115 258//114 
f 104//114 258//114 257//113 
f 105//113 257//113 256//112 
f 106//112 256//112 255//111 
f 107//111 255//111 254//110 
f 108//110 254//110 253//109 
f 109//109 253//109 252//108 
f 110//108 252//108 251//107 
f 111//107 251//107 250//106 
f 112//106 250//106 249//105 
f 113//105 249//105 248//104 
f 114//104 248//104 247//103 
f 115//103 247//103 246//102 
f 116//102 246//102 245//101 
f 117//101 245//101 244//100 
f 118//100 244//100 243//99 
f 119//99 243//99 242//98 
f 120//98 242//98 241//97 
f 121//97 241//97 240//96 
f 122//96 240//96 239//95 
f 123//95 239//95 238//94 
f 124//94 238//94 237//93 
f 125//93 237//93 236//92 
f 126//92 236//92 235//91 
f 127//91 235//91 234//90 
f 128//90 234//90 233//89 
f 129//89 233//89 232//88 
f 130//88 232//88 231//87 
f 131//87 231//87 230//86 
f 132//86 230//86 229//85 
f 133//85 229//85 228//84 
f 134//84 228//84 227//83 
f 135//83 227//83 226//82 
f 136//82 226//82 225//81 
f 137//81 225//81 224//80 
f 138//80 224//80 223//79 
f 139//79 223//79 222//78 
f 140//78 222//78 221//77 
f 141//77 221//77 220//76 
f 142//76 220//76 219//75 
f 143//75 219//75 218//74 
f 144//74 218//74 217//73 
f 1//73 217//73 216//72 
f 2//72 216//72 215//71 
f 3//71 215//71 214//70 
f 4//70 214//70 213//69 
f 5//69 213//69 212//68 
f 6//68 212//68 211//67 
f 7//67 211//67 210//66 
f 8//66 210//66 209//65 
f 9//65 209//65 208//64 
f 10//64 208//64 207//63 
f 11//63 207//63 206//62 
f 12//62 206//62 205//61 
f 13//61 205//61 204//60 
f 14//60 204//60 203//59 
f 15//59 203//59 202//58 
f 16//58 202//58 201//57 
f 17//57 201//57 200//56 
f 18//56 200//56 199//55 
f 19//55 199//55 198//54 
f 20//54 198//54 197//53 
f 21//53 197//53 196//52 
f 22//52 196//52 195//51 
f 23//51 195//51 194//50 
f 24//50 194//50 193//49 
f 25//49 193//49 192//48 
f 26//48 192//48 191//47 
f 27//47 191//47 190//46 
f 28//46 190//46 189//45 
f 29//45 189//45 188//44 
f 30//44 188//44 187//43 
f 31//43 187//43 186//42 
f 32//42 186//42 185//41 
f 33//41 185//41 184//40 
f 34//40 184//40 183//39 
f 35//39 183//39 182//38 
f 36//38 182//38 181//37 
f 37//37 181//37 180//36 
f 38//36 180//36 179//35 
f 39//35 179//35 178//34 
f 40//34 178//34 177//33 
f 41//33 177//33 176//32 
f 42//32 176//32 175//31 
f 43//31 175//31 174//30 
f 44//30 174//30 173//29 
f 45//29 173//29 172//28 
f 46//28 172//28 171//27 
f 47//27 171//27 170//26 
f 48//26 170//26 169//25 
f 49//25 169//25 168//24 
f 50//24 168//24 167//23 
f 51//23 167//23 166//22 
f 52//22 166//22 165//21 
f 53//21 165//21 164//20 
f 54//20 164//20 163//19 
f 55//19 163//19 162//18 
f 56//18 162//18 161//17 
f 57//17 161//17 160//16 
f 58//16 160//16 159//15 
f 59//15 159//15 158//14 
f 60//14 158//14 157//13 
f 61//13 157//13 156//12 
f 62//12 156//12 155//11 
f 63//11 155//11 154//10 
f 64//10 154//10 153//9 
f 65//9 153//9 152//8 
f 66//8 152//8 151//7 
f 67//7 151//7 150//6 
f 68//6 150//6 149//5 
f 69//5 149//5 148//4 
f 70//4 148//4 147//3 
f 71//3 147//3 146//2 
o mesh2
f 290//146 146//146 147//147 
f 291//147 147//147 148//148 
f 292//148 148//148 149//149 
f 293//149 149//149 150//150 
f 294//150 150//150 151//151 
f 295//151 151//151 152//152 
f 296//152 152//152 153//153 
f 297//153 153//153 154//154 
f 298//154 154//154 155//155 
f 299//155 155//155 156//156 
f 300//156 156//156 157//157 
f 301//157 157//157 158//158 
f 302//158 158//158 159//159 
f 303//159 159//159 160//160 
f 304//160 160//160 161//161 
f 305//161 161//161 162//162 
f 306//162 162//162 163//163 
f 307//163 163//163 164//164 
f 308//164 164//164 165//165 
f 309//165 165//165 166//166 
f 310//166 166//166 167//167 
f 311//167 167//167 168//168 
f 312//168 168//168 169//169 
f 313//169 169//169 170//170 
f 314//170 170//170 171//171 
f 315//171 171//171 172//172 
f 316//172 172//172 173//173 
f 317//173 173//173 174//174 
f 318//174 174//174 175//175 
f 319//175 175//175 176//176 
f 320//176 176//176 177//177 
f 321//177 177//177 178//178 
f 322//178 178//178 179//179 
f 323//179 179//179 180//180 
f 324//180 180//180 181//181 
f 325//181 181//181 182//182 
f 326//182 182//182 183//183 
f 327//183 183//183 184//184 
f 328//184 184//184 185//185 
f 329//185 185//185 186//186 
f 330//186 186//186 187//187 
f 331//187 187//187 188//188 
f 332//188 188//188 189//189 
f 333//189 189//189 190//190 
f 334//190 190//190 191//191 
f 335//191 191//191 192//192 
f 336//192 192//192 193//193 
f 337//193 193//193 194//194 
f 338//194 194//194 195//195 
f 339//195 195//195 196//196 
f 340//196 196//196 197//197 
f 341//197 197//197 198//198 
f 342//198 198//198 199//199 
f 343//199 199//199 200//200 
f 344//200 200//200 201//201 
f 345//201 201//201 202//202 
f 346//202 202//202 203//203 
f 347//203 203//203 204//204 
f 348//204 204//204 205//205 
f 349//205 205//205 206//206 
f 350//206 206//206 207//207 
f 351//207 207//207 208//208 
f 352//208 208//208 209//209 
f 353//209 209//209 210//210 
f 354//210 210//210 211//211 
f 355//211 211//211 212//212 
f 356//212 212//212 213//213 
f 357//213 213//213 214//214 
f 358//214 214//214 215//215 
f 359//215 215//215 216//216 
f 360//216 216//216 217//217 
f 361//217 217//217 218//218 
f 362//218 218//218 219//219 
f 363//219 219//219 220//220 
f 364//220 220//220 221//221 
f 365//221 221//221 222//222 
f 366//222 222//222 223//223 
f 367//223 223//223 224//224 
f 368//224 224//224 225//225 
f 369//225 225//225 226//226 
f 370//226 226//226 227//227 
f 371//227 227//227 228//228 
f 372//228 228//228 229//229 
f 373//229 229//229 230//230 
f 374//230 230//230 231//231 
f 375//231 231//231 232//232 
f 376//232 232//232 233//233 
f 377//233 233//233 234//234 
f 378//234 234//234 235//235 
f 379//235 235//235 236//236 
f 380//236 236//236 237//237 
f 381//237 237//237 238//238 
f 382//238 238//238 239//239 
f 383//239 239//239 240//240 
f 384//240 240//240 241//241 
f 385//241 241//241 242//242 
f 386//242 242//242 243//243 
f 387//243 243//243 244//244 
f 388//244 244//244 245//245 
f 389//245 245//245 246//246 
f 390//246 246//246 247//247 
f 391//247 247//247 248//248 
f 392//248 248//248 249//249 
f 393//249 249//249 250//250 
f 394//250 250//250 251//251 
f 395//251 251//251 252//252 
f 396//252 252//252 253//253 
f 397//253 253//253 254//254 
f 398//254 254//254 255//255 
f 399//255 255//255 256//256 
f 400//256 256//256 257//257 
f 401//257 257//257 258//258 
f 402//258 258//258 259//259 
f 403//259 259//259 260//260 
f 404//260 260//260 261//261 
f 405//261 261//261 262//262 
f 406//262 262//262 263//263 
f 407//263 263//263 264//264 
f 408//264 264//264 265//265 
f 409//265 265//265 266//266 
f 410//266 266//266 267//267 
f 411//267 267//267 268//268 
f 412//268 268//268 269//269 
f 413//269 269//269 270//270 
f 414//270 270//270 271//271 
f 415//271 271//271 272//272 
f 416//272 272//272 273//273 
f 417//273 273//273 274//274 
f 418//274 274//274 275//275 
f 419//275 275//275 276//276 
f 420//276 276//276 277//277 
f 421//277 277//277 278//278 
f 422//278 278//278 279//279 
f 423//279 279//279 280//280 
f 424//280 280//280 281//281 
f 425//281 281//281 282//282 
f 426//282 282//282 283//283 
f 427//283 283//283 284//284 
f 428//284 284//284 285//285 
f 429//285 285//285 286//286 
f 430//286 286//286 287//287 
f 431//287 287//287 288//288 
f 432//288 288//288 289//289 
f 433//289 289//289 146//146 
f 146//146 290//146 433//289 
f 289//289 433//289 432//288 
f 288//288 432//288 431//287 
f 287//287 431//287 430//286 
f 286//286 430//286 429//285 
f 285//285 429//285 428//284 
f 284//284 428//284 427//283 
f 283//283 427//283 426//282 
f 282//282 426//282 425//281 
f 281//281 425//281 424//280 
f 280//280 424//280 423//279 
f 279//279 423//279 422//278 
f 278//278 422//278 421//277 
f 277//277 421//277 420//276 
f 276//276 420//276 419//275 
f 275//275 419//275 418//274 
f 274//274 418//274 417//273 
f 273//273 417//273 416//272 
f 272//272 416//272 415//271 
f 271//271 415//271 414//270 
f 270//270 414//270 413//269 
f 269//269 413//269 412//268 
f 268//268 412//268 411//267 
f 267//267 411//267 410//266 
f 266//266 410//266 409//265 
f 265//265 409//265 408//264 
f 264//264 408//264 407//263 
f 263//263 407//263 406//262 
f 262//262 406//262 405//261 
f 261//261 405//261 404//260 
f 260//260 404//260 403//259 
f 259//259 403//259 402//258 
f 258//258 402//258 401//257 
f 257//257 401//257 400//256 
f 256//256 400//256 399//255 
f 255//255 399//255 398//254 
f 254//254 398//254 397//253 
f 253//253 397//253 396//252 
f 252//252 396//252 395//251 
f 251//251 395//251 394//250 
f 250//250 394//250 393//249 
f 249//249 393//249 392//248 
f 248//248 392//248 391//247 
f 247//247 391//247 390//246 
f 246//246 390//246 389//245 
f 245//245 389//245 388//244 
f 244//244 388//244 387//243 
f 243//243 387//243 386//242 
f 242//242 386//242 385//241 
f 241//241 385//241 384//240 
f 240//240 384//240 383//239 
f 239//239 383//239 382//238 
f 238//238 382//238 381//237 
f 237//237 381//237 380//236 
f 236//236 380//236 379//235 
f 235//235 379//235 378//234 
f 234//234 378//234 377//233 
f 233//233 377//233 376//232 
f 232//232 376//232 375//231 
f 231//231 375//231 374//230 
f 230//230 374//230 373//229 
f 229//229 373//229 372//228 
f 228//228 372//228 371//227 
f 227//227 371//227 370//226 
f 226//226 370//226 369//225 
f 225//225 369//225 368//224 
f 224//224 368//224 367//223 
f 223//223 367//223 366//222 
f 222//222 366//222 365//221 
f 221//221 365//221 364//220 
f 220//220 364//220 363//219 
f 219//219 363//219 362//218 
f 218//218 362//218 361//217 
f 217//217 361//217 360//216 
f 216//216 360//216 359//215 
f 215//215 359//215 358//214 
f 214//214 358//214 357//213 
f 213//213 357//213 356//212 
f 212//212 356//212 355//211 
f 211//211 355//211 354//210 
f 210//210 354//210 353//209 
f 209//209 353//209 352//208 
f 208//208 352//208 351//207 
f 207//207 351//207 350//206 
f 206//206 350//206 349//205 
f 205//205 349//205 348//204 
f 204//204 348//204 347//203 
f 203//203 347//203 346//202 
f 202//202 346//202 345//201 
f 201//201 345//201 344//200 
f 200//200 344//200 343//199 
f 199//199 343//199 342//198 
f 198//198 342//198 341//197 
f 197//197 341//197 340//196 
f 196//196 340//196 339//195 
f 195//195 339//195 338//194 
f 194//194 338//194 337//193 
f 193//193 337//193 336//192 
f 192//192 336//192 335//191 
f 191//191 335//191 334//190 
f 190//190 334//190 333//189 
f 189//189 333//189 332//188 
f 188//188 332//188 331//187 
f 187//187 331//187 330//186 
f 186//186 330//186 329//185 
f 185//185 329//185 328//184 
f 184//184 328//184 327//183 
f 183//183 327//183 326//182 
f 182//182 326//182 325//181 
f 181//181 325//181 324//180 
f 180//180 324//180 323//179 
f 179//179 323//179 322//178 
f 178//178 322//178 321//177 
f 177//177 321//177 320//176 
f 176//176 320//176 319//175 
f 175//175 319//175 318//174 
f 174//174 318//174 317//173 
f 173//173 317//173 316//172 
f 172//172 316//172 315//171 
f 171//171 315//171 314//170 
f 170//170 314//170 313//169 
f 169//169 313//169 312//168 
f 168//168 312//168 311//167 
f 167//167 311//167 310//166 
f 166//166 310//166 309//165 
f 165//165 309//165 308//164 
f 164//164 308//164 307//163 
f 163//163 307//163 306//162 
f 162//162 306//162 305//161 
f 161//161 305//161 304//160 
f 160//160 304//160 303//159 
f 159//159 303//159 302//158 
f 158//158 302//158 301//157 
f 157//157 301//157 300//156 
f 156//156 300//156 299//155 
f 155//155 299//155 298//154 
f 154//154 298//154 297//153 
f 153//153 297//153 296//152 
f 152//152 296//152 295//151 
f 151//151 295//151 294//150 
f 150//150 294//150 293//149 
f 149//149 293//149 292//148 
f 148//148 292//148 291//147 
f 147//147 291//147 290//146 
o mesh3
f 434//290 290//290 291//291 
f 435//291 291//291 292//292 
f 436//292 292//292 293//293 
f 437//293 293//293 294//294 
f 438//294 294//294 295//295 
f 439//295 295//295 296//296 
f 440//296 296//296 297//297 
f 441//297 297//297 298//298 
f 442//298 298//298 299//299 
f 443//299 299//299 300//300 
f 444//300 300//300 301//301 
f 445//301 301//301 302//302 
f 446//302 302//302 303//303 
f 447//303 303//303 304//304 
f 448//304 304//304 305//305 
f 449//305 305//305 306//306 
f 450//306 306//306 307//307 
f 451//307 307//307 308//308 
f 452//308 308//308 309//309 
f 453//309 309//309 310//310 
f 454//310 310//310 311//311 
f 455//311 311//311 312//312 
f 456//312 312//312 313//313 
f 457//313 313//313 314//314 
f 458//314 314//314 315//315 
f 459//315 315//315 316//316 
f 460//316 316//316 317//317 
f 461//317 317//317 318//318 
f 462//318 318//318 319//319 
f 463//319 319//319 320//320 
f 464//320 320//320 321//321 
f 465//321 321//321 322//322 
f 466//322 322//322 323//323 
f 467//323 323//323 324//324 
f 468//324 324//324 325//325 
f 469//325 325//325 326//326 
f 470//326 326//326 327//327 
f 471//327 327//327 328//328 
f 472//328 328//328 329//329 
f 473//329 329//329 330//330 
f 474//330 330//330 331//331 
f 475//331 331//331 332//332 
f 476//332 332//332 333//333 
f 477//333 333//333 334//334 
f 478//334 334//334 335//335 
f 479//335 335//335 336//336 
f 480//336 336//336 337//337 
f 481//337 337//337 338//338 
f 482//338 338//338 339//339 
f 483//339 339//339 340//340 
f 484//340 340//340 341//341 
f 485//341 341//341 342//342 
f 486//342 342//342 343//343 
f 487//343 343//343 344//344 
f 488//344 344//344 345//345 
f 489//345 345//345 346//346 
f 490//346 346//346 347//347 
f 491//347 347//347 348//348 
f 492//348 348//348 349//349 
f 493//349 349//349 350//350 
f 494//350 350//350 351//351 
f 495//351 351//351 352//352 
f 496//352 352//352 353//353 
f 497//353 353//353 354//354 
f 498//354 354//354 355//355 
f 499//355 355//355 356//356 
f 500//356 356//356 357//357 
f 501//357 357//357 358//358 
f 502//358 358//358 359//359 
f 503//359 359//359 360//360 
f 504//360 360//360 361//361 
f 505//361 361//361 362//362 
f 506//362 362//362 363//363 
f 507//363 363//363 364//364 
f 508//364 364//364 365//365 
f 509//365 365//365 366//366 
f 510//366 366//366 367//367 
f 511//367 367//367 368//368 
f 512//368 368//368 369//369 
f 513//369 369//369 370//370 
f 514//370 370//370 371//371 
f 515//371 371//371 372//372 
f 516//372 372//372 373//373 
f 517//373 373//373 374//374 
f 518//374 374//374 375//375 
f 519//375 375//375 376//376 
f 520//376 376//376 377//377 
f 521//377 377//377 378//378 
f 522//378 378//378 379//379 
f 523//379 379//379 380//380 
f 524//380 380//380 381//381 
f 525//381 381//381 382//382 
f 526//382 382//382 383//383 
f 527//383 383//383 384//384 
f 528//384 384//384 385//385 
f 529//385 385//385 386//386 
f 530//386 386//386 387//387 
f 531//387 387//387 388//388 
f 532//388 388//388 389//389 
f 533//389 389//389 390//390 
f 534//390 390//390 391//391 
f 535//391 391//391 392//392 
f 536//392 392//392 393//393 
f 537//393 393//393 394//394 
f 538//394 394//394 395//395 
f 539//395 395//395 396//396 
f 540//396 396//396 397//397 
f 541//397 397//397 398//398 
f 542//398 398//398 399//399 
f 543//399 399//399 400//400 
f 544//400 400//400 401//401 
f 545//401 401//401 402//402 
f 546//402 402//402 403//403 
f 547//403 403//403 404//404 
f 548//404 404//404 405//405 
f 549//405 405//405 406//406 
f 550//406 406//406 407//407 
f 551//407 407//407 408//408 
f 552//408 408//408 409//409 
f 553//409 409//409 410//410 
f 554//410 410//410 411//411 
f 555//411 411//411 412//412 
f 556//412 412//412 413//413 
f 557//413 413//413 414//414 
f 558//414 414//414 415//415 
f 559//415 415//415 416//416 
f 560//416 416//416 417//417 
f 561//417 417//417 418//418 
f 562//418 418//418 419//419 
f 563//419 419//419 420//420 
f 564//420 420//420 421//421 
f 565//421 421//421 422//422 
f 566//422 422//422 423//423 
f 567//423 423//423 424//424 
f 568//424 424//424 425//425 
f 569//425 425//425 426//426 
f 570//426 426//426 427//427 
f 571//427 427//427 428//428 
f 572//428 428//428 429//429 
f 573//429 429//429 430//430 
f 574//430 430//430 431//431 
f 575//431 431//431 432//432 
f 576//432 432//432 433//433 
f 577//433 433//433 290//290 
f 290//290 434//290 577//433 
f 433//433 577//433 576//432 
f 432//432 576//432 575//431 
f 431//431 575//431 574//430 
f 430//430 574//430 573//429 
f 429//429 573//429 572//428 
f 428//428 572//428 571//427 
f 427//427 571//427 570//426 
f 426//426 570//426 569//425 
f 425//425 569//425 568//424 
f 424//424 568//424 567//423 
f 423//423 567//423 566//422 
f 422//422 566//422 565//421 
f 421//421 565//421 564//420 
f 420//420 564//420 563//419 
f 419//419 563//419 562//418 
f 418//418 562//418 561//417 
f 417//417 561//417 560//416 
f 416//416 560//416 559//415 
f 415//415 559//415 558//414 
f 414//414 558//414 557//413 
f 413//413 557//413 556//412 
f 412//412 556//412 555//411 
f 411//411 555//411 554//410 
f 410//410 554//410 553//409 
f 409//409 553//409 552//408 
f 408//408 552//408 551//407 
f 407//407 551//407 550//406 
f 406//406 550//406 549//405 
f 405//405 549//405 548//404 
f 404//404 548//404 547//403 
f 403//403 547//403 546//402 
f 402//402 546//402 545//401 
f 401//401 545//401 544//400 
f 400//400 544//400 543//399 
f 399//399 543//399 542//398 
f 398//398 542//398 541//397 
f 397//397 541//397 540//396 
f 396//396 540//396 539//395 
f 395//395 539//395 538//394 
f 394//394 538//394 537//393 
f 393//393 537//393 536//392 
f 392//392 536//392 535//391 
f 391//391 535//391 534//390 
f 390//390 534//390 533//389 
f 389//389 533//389 532//388 
f 388//388 532//388 531//387 
f 387//387 531//387 530//386 
f 386//386 530//386 529//385 
f 385//385 529//385 528//384 
f 384//384 528//384 527//383 
f 383//383 527//383 526//382 
f 382//382 526//382 525//381 
f 381//381 525//381 524//380 
f 380//380 524//380 523//379 
f 379//379 523//379 522//378 
f 378//378 522//378 521//377 
f 377//377 521//377 520//376 
f 376//376 520//376 519//375 
f 375//375 519//375 518//374 
f 374//374 518//374 517//373 
f 373//373 517//373 516//372 
f 372//372 516//372 515//371 
f 371//371 515//371 514//370 
f 370//370 514//370 513//369 
f 369//369 513//369 512//368 
f 368//368 512//368 511//367 
f 367//367 511//367 510//366 
f 366//366 510//366 509//365 
f 365//365 509//365 508//364 
f 364//364 508//364 507//363 
f 363//363 507//363 506//362 
f 362//362 506//362 505//361 
f 361//361 505//361 504//360 
f 360//360 504//360 503//359 
f 359//359 503//359 502//358 
f 358//358 502//358 501//357 
f 357//357 501//357 500//356 
f 356//356 500//356 499//355 
f 355//355 499//355 498//354 
f 354//354 498//354 497//353 
f 353//353 497//353 496//352 
f 352//352 496//352 495//351 
f 351//351 495//351 494//350 
f 350//350 494//350 493//349 
f 349//349 493//349 492//348 
f 348//348 492//348 491//347 
f 347//347 491//347 490//346 
f 346//346 490//346 489//345 
f 345//345 489//345 488//344 
f 344//344 488//344 487//343 
f 343//343 487//343 486//342 
f 342//342 486//342 485//341 
f 341//341 485//341 484//340 
f 340//340 484//340 483//339 
f 339//339 483//339 482//338 
f 338//338 482//338 481//337 
f 337//337 481//337 480//336 
f 336//336 480//336 479//335 
f 335//335 479//335 478//334 
f 334//334 478//334 477//333 
f 333//333 477//333 476//332 
f 332//332 476//332 475//331 
f 331//331 475//331 474//330 
f 330//330 474//330 473//329 
f 329//329 473//329 472//328 
f 328//328 472//328 471//327 
f 327//327 471//327 470//326 
f 326//326 470//326 469//325 
f 325//325 469//325 468//324 
f 324//324 468//324 467//323 
f 323//323 467//323 466//322 
f 322//322 466//322 465//321 
f 321//321 465//321 464//320 
f 320//320 464//320 463//319 
f 319//319 463//319 462//318 
f 318//318 462//318 461//317 
f 317//317 461//317 460//316 
f 316//316 460//316 459//315 
f 315//315 459//315 458//314 
f 314//314 458//314 457//313 
f 313//313 457//313 456//312 
f 312//312 456//312 455//311 
f 311//311 455//311 454//310 
f 310//310 454//310 453//309 
f 309//309 453//309 452//308 
f 308//308 452//308 451//307 
f 307//307 451//307 450//306 
f 306//306 450//306 449//305 
f 305//305 449//305 448//304 
f 304//304 448//304 447//303 
f 303//303 447//303 446//302 
f 302//302 446//302 445//301 
f 301//301 445//301 444//300 
f 300//300 444//300 443//299 
f 299//299 443//299 442//298 
f 298//298 442//298 441//297 
f 297//297 441//297 440//296 
f 296//296 440//296 439//295 
f 295//295 439//295 438//294 
f 294//294 438//294 437//293 
f 293//293 437//293 436//292 
f 292//292 436//292 435//291 
f 291//291 435//291 434//290 
o mesh4
f 578//434 579//434 580//434 
f 581//434 582//434 583//434 
f 578//434 584//434 579//434 
f 585//434 586//434 584//434 
f 585//434 587//434 588//434 
f 589//434 581//434 590//434 
f 583//434 591//434 581//434 
f 567//434 592//434 593//434 
f 568//434 594//434 595//434 
f 584//434 578//434 585//434 
f 587//434 596//434 588//434 
f 587//434 589//434 597//434 
f 590//434 598//434 589//434 
f 582//434 599//434 583//434 
f 582//434 600//434 601//434 
f 568//434 602//434 603//434 
f 568//434 604//434 605//434 
f 567//434 606//434 607//434 
f 567//434 608//434 609//434 
f 567//434 610//434 611//434 
f 593//434 612//434 567//434 
f 595//434 567//434 568//434 
f 568//434 613//434 614//434 
f 585//434 615//434 586//434 
f 597//434 596//434 587//434 
f 591//434 590//434 581//434 
f 582//434 616//434 617//434 
f 582//434 618//434 600//434 
f 565//434 619//434 620//434 
f 568//434 621//434 622//434 
f 603//434 623//434 568//434 
f 568//434 624//434 625//434 
f 605//434 626//434 568//434 
f 568//434 627//434 628//434 
f 567//434 629//434 630//434 
f 567//434 631//434 632//434 
f 607//434 633//434 567//434 
f 609//434 634//434 567//434 
f 611//434 635//434 567//434 
f 595//434 592//434 567//434 
f 568//434 636//434 637//434 
f 614//434 638//434 568//434 
f 588//434 615//434 585//434 
f 617//434 599//434 582//434 
f 582//434 639//434 618//434 
f 620//434 582//434 565//434 
f 565//434 640//434 641//434 
f 642//434 643//434 644//434 
f 568//434 645//434 621//434 
f 623//434 646//434 568//434 
f 568//434 647//434 624//434 
f 628//434 604//434 568//434 
f 567//434 648//434 649//434 
f 567//434 650//434 651//434 
f 567//434 652//434 653//434 
f 630//434 654//434 567//434 
f 633//434 631//434 567//434 
f 634//434 655//434 567//434 
f 612//434 610//434 567//434 
f 638//434 636//434 568//434 
f 598//434 597//434 589//434 
f 601//434 656//434 582//434 
f 641//434 619//434 565//434 
f 565//434 566//434 657//434 
f 642//434 658//434 643//434 
f 646//434 645//434 568//434 
f 626//434 647//434 568//434 
f 569//434 659//434 660//434 
f 567//434 661//434 648//434 
f 651//434 662//434 567//434 
f 567//434 663//434 664//434 
f 567//434 665//434 666//434 
f 567//434 667//434 652//434 
f 654//434 668//434 567//434 
f 655//434 606//434 567//434 
f 637//434 594//434 568//434 
f 656//434 616//434 582//434 
f 657//434 640//434 565//434 
f 644//434 669//434 642//434 
f 670//434 671//434 672//434 
f 625//434 602//434 568//434 
f 660//434 568//434 569//434 
f 662//434 661//434 567//434 
f 666//434 663//434 567//434 
f 668//434 667//434 567//434 
f 635//434 608//434 567//434 
f 620//434 639//434 582//434 
f 642//434 673//434 658//434 
f 670//434 674//434 671//434 
f 675//434 676//434 677//434 
f 675//434 678//434 679//434 
f 680//434 681//434 682//434 
f 680//434 683//434 684//434 
f 570//434 685//434 659//434 
f 660//434 627//434 568//434 
f 664//434 650//434 567//434 
f 632//434 629//434 567//434 
f 580//434 686//434 578//434 
f 687//434 688//434 689//434 
f 687//434 690//434 691//434 
f 687//434 692//434 693//434 
f 687//434 694//434 695//434 
f 669//434 696//434 642//434 
f 672//434 697//434 670//434 
f 675//434 698//434 676//434 
f 679//434 699//434 675//434 
f 680//434 700//434 701//434 
f 682//434 702//434 680//434 
f 680//434 703//434 683//434 
f 680//434 704//434 705//434 
f 680//434 706//434 707//434 
f 685//434 574//434 575//434 
f 622//434 613//434 568//434 
f 653//434 665//434 567//434 
f 580//434 708//434 686//434 
f 709//434 710//434 711//434 
f 712//434 713//434 714//434 
f 712//434 715//434 716//434 
f 687//434 717//434 688//434 
f 687//434 718//434 690//434 
f 695//434 692//434 687//434 
f 696//434 719//434 642//434 
f 670//434 720//434 674//434 
f 721//434 680//434 722//434 
f 699//434 698//434 675//434 
f 702//434 700//434 680//434 
f 705//434 703//434 680//434 
f 680//434 721//434 706//434 
f 575//434 576//434 685//434 
f 685//434 571//434 572//434 
f 659//434 569//434 570//434 
f 566//434 567//434 657//434 
f 723//434 538//434 539//434 
f 724//434 725//434 726//434 
f 724//434 727//434 728//434 
f 709//434 729//434 730//434 
f 711//434 731//434 709//434 
f 709//434 732//434 733//434 
f 712//434 734//434 735//434 
f 712//434 736//434 737//434 
f 714//434 738//434 712//434 
f 712//434 739//434 715//434 
f 712//434 687//434 740//434 
f 691//434 717//434 687//434 
f 687//434 712//434 694//434 
f 719//434 741//434 642//434 
f 670//434 742//434 720//434 
f 721//434 743//434 744//434 
f 722//434 745//434 721//434 
f 701//434 675//434 680//434 
f 707//434 704//434 680//434 
f 746//434 747//434 748//434 
f 746//434 749//434 750//434 
f 670//434 502//434 503//434 
f 642//434 685//434 437//434 
f 576//434 577//434 685//434 
f 572//434 573//434 685//434 
f 649//434 657//434 567//434 
f 582//434 559//434 560//434 
f 582//434 557//434 558//434 
f 539//434 582//434 723//434 
f 723//434 536//434 537//434 
f 751//434 724//434 752//434 
f 728//434 725//434 724//434 
f 724//434 751//434 753//434 
f 731//434 729//434 709//434 
f 709//434 754//434 755//434 
f 709//434 756//434 757//434 
f 733//434 758//434 709//434 
f 709//434 759//434 760//434 
f 735//434 761//434 712//434 
f 738//434 736//434 712//434 
f 740//434 739//434 712//434 
f 693//434 718//434 687//434 
f 642//434 762//434 673//434 
f 697//434 763//434 670//434 
f 721//434 764//434 765//434 
f 745//434 743//434 721//434 
f 684//434 681//434 680//434 
f 766//434 767//434 768//434 
f 766//434 769//434 770//434 
f 748//434 771//434 746//434 
f 746//434 772//434 749//434 
f 503//434 773//434 670//434 
f 642//434 446//434 447//434 
f 437//434 438//434 642//434 
f 685//434 435//434 436//434 
f 577//434 434//434 685//434 
f 570//434 571//434 685//434 
f 582//434 561//434 562//434 
f 558//434 559//434 582//434 
f 537//434 538//434 723//434 
f 723//434 532//434 533//434 
f 752//434 774//434 751//434 
f 753//434 727//434 724//434 
f 755//434 710//434 709//434 
f 709//434 775//434 776//434 
f 758//434 756//434 709//434 
f 709//434 777//434 759//434 
f 737//434 734//434 712//434 
f 689//434 778//434 687//434 
f 779//434 780//434 781//434 
f 741//434 782//434 642//434 
f 670//434 783//434 742//434 
f 721//434 784//434 785//434 
f 721//434 786//434 764//434 
f 721//434 787//434 788//434 
f 721//434 789//434 790//434 
f 677//434 680//434 675//434 
f 791//434 766//434 792//434 
f 770//434 767//434 766//434 
f 766//434 791//434 793//434 
f 750//434 747//434 746//434 
f 746//434 794//434 795//434 
f 746//434 796//434 797//434 
f 773//434 504//434 505//434 
f 670//434 501//434 502//434 
f 670//434 496//434 497//434 
f 642//434 448//434 449//434 
f 642//434 445//434 446//434 
f 642//434 443//434 444//434 
f 642//434 441//434 442//434 
f 436//434 437//434 685//434 
f 573//434 574//434 685//434 
f 560//434 561//434 582//434 
f 582//434 555//434 556//434 
f 582//434 552//434 553//434 
f 539//434 540//434 582//434 
f 533//434 534//434 723//434 
f 726//434 798//434 724//434 
f 709//434 799//434 800//434 
f 709//434 801//434 754//434 
f 709//434 802//434 803//434 
f 709//434 804//434 805//434 
f 776//434 806//434 709//434 
f 760//434 732//434 709//434 
f 716//434 713//434 712//434 
f 779//434 807//434 808//434 
f 779//434 809//434 810//434 
f 781//434 811//434 779//434 
f 779//434 812//434 813//434 
f 642//434 814//434 762//434 
f 670//434 815//434 783//434 
f 721//434 816//434 784//434 
f 788//434 786//434 721//434 
f 744//434 789//434 721//434 
f 792//434 817//434 791//434 
f 793//434 769//434 766//434 
f 746//434 818//434 819//434 
f 795//434 772//434 746//434 
f 746//434 820//434 821//434 
f 797//434 822//434 746//434 
f 746//434 823//434 824//434 
f 503//434 504//434 773//434 
f 670//434 499//434 500//434 
f 497//434 498//434 670//434 
f 462//434 463//434 825//434 
f 826//434 457//434 458//434 
f 826//434 642//434 453//434 
f 447//434 448//434 642//434 
f 442//434 443//434 642//434 
f 642//434 439//434 440//434 
f 434//434 435//434 685//434 
f 556//434 557//434 582//434 
f 553//434 554//434 582//434 
f 582//434 542//434 543//434 
f 540//434 541//434 582//434 
f 723//434 531//434 532//434 
f 723//434 525//434 526//434 
f 723//434 523//434 524//434 
f 827//434 513//434 514//434 
f 827//434 511//434 512//434 
f 827//434 507//434 508//434 
f 800//434 751//434 709//434 
f 803//434 801//434 709//434 
f 709//434 828//434 804//434 
f 757//434 775//434 709//434 
f 808//434 712//434 779//434 
f 811//434 809//434 779//434 
f 813//434 829//434 779//434 
f 642//434 830//434 814//434 
f 670//434 831//434 815//434 
f 785//434 832//434 721//434 
f 790//434 787//434 721//434 
f 768//434 833//434 766//434 
f 746//434 834//434 835//434 
f 746//434 836//434 837//434 
f 771//434 818//434 746//434 
f 746//434 838//434 839//434 
f 746//434 840//434 841//434 
f 822//434 820//434 746//434 
f 746//434 842//434 823//434 
f 500//434 501//434 670//434 
f 670//434 495//434 496//434 
f 481//434 843//434 844//434 
f 845//434 846//434 473//434 
f 825//434 464//434 465//434 
f 847//434 461//434 462//434 
f 460//434 461//434 847//434 
f 458//434 459//434 826//434 
f 826//434 455//434 456//434 
f 453//434 454//434 826//434 
f 642//434 450//434 451//434 
f 444//434 445//434 642//434 
f 438//434 439//434 642//434 
f 582//434 563//434 564//434 
f 554//434 555//434 582//434 
f 541//434 542//434 582//434 
f 534//434 535//434 723//434 
f 526//434 527//434 723//434 
f 723//434 522//434 523//434 
f 723//434 520//434 521//434 
f 517//434 723//434 827//434 
f 514//434 515//434 827//434 
f 827//434 510//434 511//434 
f 827//434 506//434 507//434 
f 848//434 849//434 850//434 
f 851//434 852//434 853//434 
f 852//434 854//434 855//434 
f 730//434 799//434 709//434 
f 806//434 828//434 709//434 
f 810//434 807//434 779//434 
f 779//434 856//434 812//434 
f 642//434 857//434 830//434 
f 763//434 858//434 670//434 
f 765//434 816//434 721//434 
f 835//434 791//434 746//434 
f 819//434 836//434 746//434 
f 841//434 838//434 746//434 
f 824//434 796//434 746//434 
f 498//434 499//434 670//434 
f 670//434 493//434 494//434 
f 670//434 490//434 491//434 
f 843//434 486//434 487//434 
f 843//434 484//434 485//434 
f 843//434 481//434 482//434 
f 844//434 479//434 480//434 
f 473//434 474//434 845//434 
f 846//434 471//434 472//434 
f 859//434 470//434 471//434 
f 859//434 468//434 469//434 
f 825//434 463//434 464//434 
f 847//434 826//434 460//434 
f 456//434 457//434 826//434 
f 642//434 452//434 453//434 
f 449//434 450//434 642//434 
f 564//434 565//434 582//434 
f 582//434 551//434 552//434 
f 535//434 536//434 723//434 
f 723//434 529//434 530//434 
f 527//434 528//434 723//434 
f 521//434 522//434 723//434 
f 723//434 518//434 519//434 
f 827//434 516//434 517//434 
f 512//434 513//434 827//434 
f 508//434 509//434 827//434 
f 848//434 860//434 849//434 
f 861//434 862//434 860//434 
f 851//434 863//434 864//434 
f 853//434 865//434 851//434 
f 855//434 866//434 852//434 
f 805//434 802//434 709//434 
f 867//434 779//434 777//434 
f 829//434 780//434 779//434 
f 642//434 826//434 857//434 
f 858//434 868//434 670//434 
f 832//434 869//434 721//434 
f 870//434 842//434 746//434 
f 837//434 834//434 746//434 
f 821//434 840//434 746//434 
f 494//434 495//434 670//434 
f 491//434 492//434 670//434 
f 485//434 486//434 843//434 
f 844//434 480//434 481//434 
f 477//434 871//434 845//434 
f 472//434 473//434 846//434 
f 469//434 470//434 859//434 
f 872//434 467//434 468//434 
f 465//434 872//434 825//434 
f 459//434 460//434 826//434 
f 451//434 452//434 642//434 
f 562//434 563//434 582//434 
f 582//434 548//434 549//434 
f 530//434 531//434 723//434 
f 524//434 525//434 723//434 
f 517//434 518//434 723//434 
f 509//434 510//434 827//434 
f 582//434 873//434 874//434 
f 850//434 875//434 848//434 
f 861//434 876//434 862//434 
f 864//434 877//434 851//434 
f 866//434 853//434 852//434 
f 777//434 709//434 867//434 
f 779//434 867//434 856//434 
f 782//434 878//434 642//434 
f 868//434 879//434 670//434 
f 746//434 721//434 870//434 
f 839//434 794//434 746//434 
f 492//434 493//434 670//434 
f 670//434 488//434 489//434 
f 487//434 670//434 843//434 
f 482//434 483//434 843//434 
f 479//434 844//434 871//434 
f 845//434 475//434 476//434 
f 471//434 846//434 859//434 
f 872//434 466//434 467//434 
f 825//434 847//434 462//434 
f 440//434 441//434 642//434 
f 549//434 550//434 582//434 
f 582//434 546//434 547//434 
f 582//434 544//434 545//434 
f 528//434 529//434 723//434 
f 515//434 516//434 827//434 
f 582//434 880//434 881//434 
f 874//434 882//434 582//434 
f 875//434 883//434 884//434 
f 875//434 885//434 886//434 
f 860//434 848//434 861//434 
f 877//434 887//434 876//434 
f 865//434 863//434 851//434 
f 761//434 779//434 712//434 
f 642//434 888//434 889//434 
f 878//434 890//434 642//434 
f 879//434 891//434 670//434 
f 670//434 892//434 893//434 
f 817//434 746//434 791//434 
f 489//434 490//434 670//434 
f 483//434 484//434 843//434 
f 871//434 477//434 478//434 
f 474//434 475//434 845//434 
f 465//434 466//434 872//434 
f 550//434 551//434 582//434 
f 545//434 546//434 582//434 
f 519//434 520//434 723//434 
f 881//434 894//434 582//434 
f 882//434 895//434 582//434 
f 582//434 896//434 897//434 
f 884//434 582//434 875//434 
f 850//434 885//434 875//434 
f 864//434 887//434 877//434 
f 709//434 898//434 867//434 
f 642//434 899//434 898//434 
f 889//434 900//434 642//434 
f 642//434 901//434 902//434 
f 890//434 903//434 642//434 
f 670//434 904//434 831//434 
f 670//434 905//434 906//434 
f 893//434 907//434 670//434 
f 670//434 842//434 908//434 
f 869//434 870//434 721//434 
f 487//434 488//434 670//434 
f 845//434 476//434 477//434 
f 454//434 455//434 826//434 
f 543//434 544//434 582//434 
f 895//434 880//434 582//434 
f 884//434 896//434 582//434 
f 876//434 861//434 877//434 
f 898//434 709//434 642//434 
f 642//434 909//434 910//434 
f 642//434 911//434 912//434 
f 642//434 913//434 914//434 
f 642//434 915//434 916//434 
f 642//434 917//434 888//434 
f 903//434 901//434 642//434 
f 670//434 918//434 904//434 
f 906//434 919//434 670//434 
f 670//434 920//434 892//434 
f 670//434 921//434 922//434 
f 670//434 923//434 924//434 
f 670//434 925//434 926//434 
f 670//434 927//434 928//434 
f 870//434 908//434 842//434 
f 871//434 478//434 479//434 
f 547//434 548//434 582//434 
f 897//434 873//434 582//434 
f 854//434 929//434 855//434 
f 910//434 899//434 642//434 
f 912//434 930//434 642//434 
f 916//434 913//434 642//434 
f 902//434 917//434 642//434 
f 919//434 918//434 670//434 
f 922//434 920//434 670//434 
f 926//434 923//434 670//434 
f 908//434 927//434 670//434 
f 468//434 859//434 872//434 
f 886//434 883//434 875//434 
f 930//434 909//434 642//434 
f 900//434 915//434 642//434 
f 907//434 905//434 670//434 
f 928//434 925//434 670//434 
f 894//434 723//434 582//434 
f 914//434 911//434 642//434 
f 924//434 921//434 670//434 
f 774//434 709//434 751//434 
f 505//434 506//434 773//434 
f 891//434 843//434 670//434 
f 827//434 773//434 506//434 
o mesh5
f 931//435 649//435 648//436 
f 932//436 648//436 661//437 
f 933//437 661//437 662//438 
f 934//438 662//438 651//439 
f 935//439 651//439 650//440 
f 936//440 650//440 664//441 
f 937//441 664//441 663//442 
f 938//442 663//442 666//443 
f 939//443 666//443 665//444 
f 940//444 665//444 653//445 
f 941//445 653//445 652//446 
f 942//446 652//446 667//447 
f 943//447 667//447 668//448 
f 944//448 668//448 654//449 
f 945//449 654//449 630//450 
f 946//450 630//450 629//451 
f 947//451 629//451 632//452 
f 948//452 632//452 631//453 
f 949//453 631//453 633//454 
f 950//454 633//454 607//455 
f 951//455 607//455 606//456 
f 952//456 606//456 655//457 
f 953//457 655//457 634//458 
f 954//458 634//458 609//459 
f 955//459 609//459 608//460 
f 956//460 608//460 635//461 
f 957//461 635//461 611//462 
f 958//462 611//462 610//463 
f 959//463 610//463 612//464 
f 960//464 612//464 593//465 
f 961//465 593//465 592//466 
f 962//466 592//466 595//467 
f 963//467 595//467 594//468 
f 964//468 594//468 637//469 
f 965//469 637//469 636//470 
f 966//470 636//470 638//471 
f 967//471 638//471 614//472 
f 968//472 614//472 613//473 
f 969//473 613//473 622//474 
f 970//474 622//474 621//475 
f 971//475 621//475 645//476 
f 972//476 645//476 646//477 
f 973//477 646//477 623//478 
f 974//478 623//478 603//479 
f 975//479 603//479 602//480 
f 976//480 602//480 625//481 
f 977//481 625//481 624//482 
f 978//482 624//482 647//483 
f 979//483 647//483 626//484 
f 980//484 626//484 605//485 
f 981//485 605//485 604//486 
f 982//486 604//486 628//487 
f 983//487 628//487 627//488 
f 984//488 627//488 660//489 
f 985//489 660//489 659//490 
f 659//490 986//490 985//489 
f 660//489 985//489 984//488 
f 627//488 984//488 983//487 
f 628//487 983//487 982//486 
f 604//486 982//486 981//485 
f 605//485 981//485 980//484 
f 626//484 980//484 979//483 
f 647//483 979//483 978//482 
f 624//482 978//482 977//481 
f 625//481 977//481 976//480 
f 602//480 976//480 975//479 
f 603//479 975//479 974//478 
f 623//478 974//478 973//477 
f 646//477 973//477 972//476 
f 645//476 972//476 971//475 
f 621//475 971//475 970//474 
f 622//474 970//474 969//473 
f 613//473 969//473 968//472 
f 614//472 968//472 967//471 
f 638//471 967//471 966//470 
f 636//470 966//470 965//469 
f 637//469 965//469 964//468 
f 594//468 964//468 963//467 
f 595//467 963//467 962//466 
f 592//466 962//466 961//465 
f 593//465 961//465 960//464 
f 612//464 960//464 959//463 
f 610//463 959//463 958//462 
f 611//462 958//462 957//461 
f 635//461 957//461 956//460 
f 608//460 956//460 955//459 
f 609//459 955//459 954//458 
f 634//458 954//458 953//457 
f 655//457 953//457 952//456 
f 606//456 952//456 951//455 
f 607//455 951//455 950//454 
f 633//454 950//454 949//453 
f 631//453 949//453 948//452 
f 632//452 948//452 947//451 
f 629//451 947//451 946//450 
f 630//450 946//450 945//449 
f 654//449 945//449 944//448 
f 668//448 944//448 943//447 
f 667//447 943//447 942//446 
f 652//446 942//446 941//445 
f 653//445 941//445 940//444 
f 665//444 940//444 939//443 
f 666//443 939//443 938//442 
f 663//442 938//442 937//441 
f 664//441 937//441 936//440 
f 650//440 936//440 935//439 
f 651//439 935//439 934//438 
f 662//438 934//438 933//437 
f 661//437 933//437 932//436 
f 648//436 932//436 931//435 
o mesh6
f 987//491 657//491 649//491 
f 649//491 931//491 987//491 
o mesh7
f 723//492 894//492 988//492 
f 988//492 989//492 723//492 
o mesh8
f 723//493 989//493 990//493 
f 990//493 827//493 723//493 
o mesh9
f 827//494 990//494 991//494 
f 991//494 773//494 827//494 
o mesh10
f 773//493 991//493 992//493 
f 992//493 670//493 773//493 
o mesh11
f 992//494 993//494 842//494 
f 842//494 670//494 992//494 
o mesh12
f 823//495 842//494 993//494 
f 824//496 823//495 994//495 
f 796//497 824//496 995//496 
f 797//498 796//497 996//497 
f 822//499 797//498 997//498 
f 820//500 822//499 998//499 
f 821//501 820//500 999//500 
f 840//502 821//501 1000//501 
f 841//503 840//502 1001//502 
f 838//504 841//503 1002//503 
f 839//505 838//504 1003//504 
f 794//506 839//505 1004//505 
f 795//507 794//506 1005//506 
f 772//508 795//507 1006//507 
f 749//509 772//508 1007//508 
f 750//510 749//509 1008//509 
f 747//511 750//510 1009//510 
f 748//512 747//511 1010//511 
f 771//513 748//512 1011//512 
f 818//514 771//513 1012//513 
f 819//515 818//514 1013//514 
f 836//516 819//515 1014//515 
f 837//517 836//516 1015//516 
f 834//518 837//517 1016//517 
f 835//519 834//518 1017//518 
f 791//520 835//519 1018//519 
f 793//521 791//520 1019//520 
f 769//522 793//521 1020//521 
f 770//523 769//522 1021//522 
f 767//524 770//523 1022//523 
f 768//525 767//524 1023//524 
f 833//526 768//525 1024//525 
f 766//527 833//526 1025//526 
f 792//528 766//527 1026//527 
f 817//529 792//528 1027//528 
f 746//530 817//529 1028//529 
f 1028//529 1029//530 746//530 
f 1027//528 1028//529 817//529 
f 1026//527 1027//528 792//528 
f 1025//526 1026//527 766//527 
f 1024//525 1025//526 833//526 
f 1023//524 1024//525 768//525 
f 1022//523 1023//524 767//524 
f 1021//522 1022//523 770//523 
f 1020//521 1021//522 769//522 
f 1019//520 1020//521 793//521 
f 1018//519 1019//520 791//520 
f 1017//518 1018//519 835//519 
f 1016//517 1017//518 834//518 
f 1015//516 1016//517 837//517 
f 1014//515 1015//516 836//516 
f 1013//514 1014//515 819//515 
f 1012//513 1013//514 818//514 
f 1011//512 1012//513 771//513 
f 1010//511 1011//512 748//512 
f 1009//510 1010//511 747//511 
f 1008//509 1009//510 750//510 
f 1007//508 1008//509 749//509 
f 1006//507 1007//508 772//508 
f 1005//506 1006//507 795//507 
f 1004//505 1005//506 794//506 
f 1003//504 1004//505 839//505 
f 1002//503 1003//504 838//504 
f 1001//502 1002//503 841//503 
f 1000//501 1001//502 840//502 
f 999//500 1000//501 821//501 
f 998//499 999//500 820//500 
f 997//498 998//499 822//499 
f 996//497 997//498 797//498 
f 995//496 996//497 796//497 
f 994//495 995//496 824//496 
f 993//494 994//495 823//495 
o mesh13
f 1029//530 1030//530 721//530 
f 721//530 746//530 1029//530 
o mesh14
f 706//531 721//530 1030//530 
f 707//532 706//531 1031//531 
f 704//533 707//532 1032//532 
f 705//534 704//533 1033//533 
f 703//535 705//534 1034//534 
f 683//536 703//535 1035//535 
f 684//537 683//536 1036//536 
f 681//538 684//537 1037//537 
f 682//539 681//538 1038//538 
f 702//540 682//539 1039//539 
f 700//541 702//540 1040//540 
f 701//542 700//541 1041//541 
f 675//543 701//542 1042//542 
f 678//544 675//543 1043//543 
f 679//545 678//544 1044//544 
f 699//546 679//545 1045//545 
f 698//547 699//546 1046//546 
f 676//548 698//547 1047//547 
f 677//549 676//548 1048//548 
f 680//550 677//549 1049//549 
f 722//551 680//550 1050//550 
f 745//552 722//551 1051//551 
f 743//553 745//552 1052//552 
f 744//554 743//553 1053//553 
f 789//555 744//554 1054//554 
f 790//556 789//555 1055//555 
f 787//557 790//556 1056//556 
f 788//558 787//557 1057//557 
f 786//559 788//558 1058//558 
f 764//560 786//559 1059//559 
f 765//561 764//560 1060//560 
f 816//562 765//561 1061//561 
f 784//563 816//562 1062//562 
f 785//564 784//563 1063//563 
f 832//565 785//564 1064//564 
f 869//566 832//565 1065//565 
f 1065//565 1066//566 869//566 
f 1064//564 1065//565 832//565 
f 1063//563 1064//564 785//564 
f 1062//562 1063//563 784//563 
f 1061//561 1062//562 816//562 
f 1060//560 1061//561 765//561 
f 1059//559 1060//560 764//560 
f 1058//558 1059//559 786//559 
f 1057//557 1058//558 788//558 
f 1056//556 1057//557 787//557 
f 1055//555 1056//556 790//556 
f 1054//554 1055//555 789//555 
f 1053//553 1054//554 744//554 
f 1052//552 1053//553 743//553 
f 1051//551 1052//552 745//552 
f 1050//550 1051//551 722//551 
f 1049//549 1050//550 680//550 
f 1048//548 1049//549 677//549 
f 1047//547 1048//548 676//548 
f 1046//546 1047//547 698//547 
f 1045//545 1046//546 699//546 
f 1044//544 1045//545 679//545 
f 1043//543 1044//544 678//544 
f 1042//542 1043//543 675//543 
f 1041//541 1042//542 701//542 
f 1040//540 1041//541 700//541 
f 1039//539 1040//540 702//540 
f 1038//538 1039//539 682//539 
f 1037//537 1038//538 681//538 
f 1036//536 1037//537 684//537 
f 1035//535 1036//536 683//536 
f 1034//534 1035//535 703//535 
f 1033//533 1034//534 705//534 
f 1032//532 1033//533 704//533 
f 1031//531 1032//532 707//532 
f 1030//530 1031//531 706//531 
o mesh15
f 869//566 1066//566 1067//566 
f 1067//566 870//566 869//566 
o mesh16
f 1068//567 815//567 831//568 
f 1069//569 783//569 815//567 
f 1070//570 742//570 783//569 
f 1071//571 720//571 742//570 
f 1072//572 674//572 720//571 
f 1073//573 671//573 674//572 
f 1074//574 672//574 671//573 
f 1075//575 697//575 672//574 
f 1076//576 763//576 697//575 
f 1077//577 858//577 763//576 
f 1078//578 868//578 858//577 
f 1079//579 879//579 868//578 
f 1080//580 891//580 879//579 
f 1081//581 843//581 891//580 
f 1082//582 844//582 843//581 
f 1083//583 871//583 844//582 
f 1084//584 845//584 871//583 
f 1085//585 846//585 845//584 
f 1086//586 859//586 846//585 
f 1087//587 872//587 859//586 
f 1088//588 825//588 872//587 
f 1089//589 847//589 825//588 
f 1090//590 826//590 847//589 
f 1091//591 857//591 826//590 
f 1092//592 830//592 857//591 
f 1093//593 814//593 830//592 
f 1094//594 762//594 814//593 
f 1095//595 673//595 762//594 
f 1096//596 658//596 673//595 
f 1097//597 643//597 658//596 
f 1098//598 644//598 643//597 
f 1099//599 669//599 644//598 
f 1100//600 696//600 669//599 
f 1101//601 719//601 696//600 
f 1102//602 741//602 719//601 
f 1103//603 782//603 741//602 
f 1104//604 878//604 782//603 
f 1105//605 890//605 878//604 
f 878//604 1104//604 1105//605 
f 782//603 1103//603 1104//604 
f 741//602 1102//602 1103//603 
f 719//601 1101//601 1102//602 
f 696//600 1100//600 1101//601 
f 669//599 1099//599 1100//600 
f 644//598 1098//598 1099//599 
f 643//597 1097//597 1098//598 
f 658//596 1096//596 1097//597 
f 673//595 1095//595 1096//596 
f 762//594 1094//594 1095//595 
f 814//593 1093//593 1094//594 
f 830//592 1092//592 1093//593 
f 857//591 1091//591 1092//592 
f 826//590 1090//590 1091//591 
f 847//589 1089//589 1090//590 
f 825//588 1088//588 1089//589 
f 872//587 1087//587 1088//588 
f 859//586 1086//586 1087//587 
f 846//585 1085//585 1086//586 
f 845//584 1084//584 1085//585 
f 871//583 1083//583 1084//584 
f 844//582 1082//582 1083//583 
f 843//581 1081//581 1082//582 
f 891//580 1080//580 1081//581 
f 879//579 1079//579 1080//580 
f 868//578 1078//578 1079//579 
f 858//577 1077//577 1078//578 
f 763//576 1076//576 1077//577 
f 697//575 1075//575 1076//576 
f 672//574 1074//574 1075//575 
f 671//573 1073//573 1074//574 
f 674//572 1072//572 1073//573 
f 720//571 1071//571 1072//572 
f 742//570 1070//570 1071//571 
f 783//569 1069//569 1070//570 
f 815//567 1068//567 1069//569 
f 831//568 1106//606 1068//567 
o mesh17
f 1107//607 856//607 867//607 
f 867//607 1108//607 1107//607 
o mesh18
f 812//608 856//607 1107//607 
f 813//609 812//608 1109//608 
f 829//610 813//609 1110//609 
f 780//611 829//610 1111//610 
f 781//612 780//611 1112//611 
f 811//613 781//612 1113//612 
f 809//614 811//613 1114//613 
f 810//615 809//614 1115//614 
f 807//616 810//615 1116//615 
f 808//617 807//616 1117//616 
f 712//618 808//617 1118//617 
f 694//619 712//618 1119//618 
f 695//620 694//619 1120//619 
f 692//621 695//620 1121//620 
f 693//622 692//621 1122//621 
f 718//623 693//622 1123//622 
f 690//624 718//623 1124//623 
f 691//625 690//624 1125//624 
f 717//626 691//625 1126//625 
f 688//627 717//626 1127//626 
f 689//628 688//627 1128//627 
f 778//629 689//628 1129//628 
f 687//630 778//629 1130//629 
f 740//631 687//630 1131//630 
f 739//632 740//631 1132//631 
f 715//633 739//632 1133//632 
f 716//634 715//633 1134//633 
f 713//635 716//634 1135//634 
f 714//636 713//635 1136//635 
f 738//637 714//636 1137//636 
f 736//638 738//637 1138//637 
f 737//639 736//638 1139//638 
f 734//640 737//639 1140//639 
f 735//641 734//640 1141//640 
f 761//642 735//641 1142//641 
f 779//643 761//642 1143//642 
f 1143//642 1144//643 779//643 
f 1142//641 1143//642 761//642 
f 1141//640 1142//641 735//641 
f 1140//639 1141//640 734//640 
f 1139//638 1140//639 737//639 
f 1138//637 1139//638 736//638 
f 1137//636 1138//637 738//637 
f 1136//635 1137//636 714//636 
f 1135//634 1136//635 713//635 
f 1134//633 1135//634 716//634 
f 1133//632 1134//633 715//633 
f 1132//631 1133//632 739//632 
f 1131//630 1132//631 740//631 
f 1130//629 1131//630 687//630 
f 1129//628 1130//629 778//629 
f 1128//627 1129//628 689//628 
f 1127//626 1128//627 688//627 
f 1126//625 1127//626 717//626 
f 1125//624 1126//625 691//625 
f 1124//623 1125//624 690//624 
f 1123//622 1124//623 718//623 
f 1122//621 1123//622 693//622 
f 1121//620 1122//621 692//621 
f 1120//619 1121//620 695//620 
f 1119//618 1120//619 694//619 
f 1118//617 1119//618 712//618 
f 1117//616 1118//617 808//617 
f 1116//615 1117//616 807//616 
f 1115//614 1116//615 810//615 
f 1114//613 1115//614 809//614 
f 1113//612 1114//613 811//613 
f 1112//611 1113//612 781//612 
f 1111//610 1112//611 780//611 
f 1110//609 1111//610 829//610 
f 1109//608 1110//609 813//609 
f 1107//607 1109//608 812//608 
o mesh19
f 779//643 1144//643 1145//643 
f 1145//643 777//643 779//643 
o mesh20
f 759//644 777//643 1145//643 
f 760//645 759//644 1146//644 
f 732//646 760//645 1147//645 
f 733//647 732//646 1148//646 
f 758//648 733//647 1149//647 
f 756//649 758//648 1150//648 
f 757//650 756//649 1151//649 
f 775//651 757//650 1152//650 
f 776//652 775//651 1153//651 
f 806//653 776//652 1154//652 
f 828//654 806//653 1155//653 
f 804//655 828//654 1156//654 
f 805//656 804//655 1157//655 
f 802//657 805//656 1158//656 
f 803//658 802//657 1159//657 
f 801//659 803//658 1160//658 
f 754//660 801//659 1161//659 
f 755//661 754//660 1162//660 
f 710//662 755//661 1163//661 
f 711//663 710//662 1164//662 
f 731//664 711//663 1165//663 
f 729//665 731//664 1166//664 
f 730//666 729//665 1167//665 
f 799//667 730//666 1168//666 
f 800//668 799//667 1169//667 
f 751//669 800//668 1170//668 
f 753//670 751//669 1171//669 
f 727//671 753//670 1172//670 
f 728//672 727//671 1173//671 
f 725//673 728//672 1174//672 
f 726//674 725//673 1175//673 
f 798//675 726//674 1176//674 
f 724//676 798//675 1177//675 
f 752//677 724//676 1178//676 
f 774//678 752//677 1179//677 
f 709//679 774//678 1180//678 
f 1180//678 1181//679 709//679 
f 1179//677 1180//678 774//678 
f 1178//676 1179//677 752//677 
f 1177//675 1178//676 724//676 
f 1176//674 1177//675 798//675 
f 1175//673 1176//674 726//674 
f 1174//672 1175//673 725//673 
f 1173//671 1174//672 728//672 
f 1172//670 1173//671 727//671 
f 1171//669 1172//670 753//670 
f 1170//668 1171//669 751//669 
f 1169//667 1170//668 800//668 
f 1168//666 1169//667 799//667 
f 1167//665 1168//666 730//666 
f 1166//664 1167//665 729//665 
f 1165//663 1166//664 731//664 
f 1164//662 1165//663 711//663 
f 1163//661 1164//662 710//662 
f 1162//660 1163//661 755//661 
f 1161//659 1162//660 754//660 
f 1160//658 1161//659 801//659 
f 1159//657 1160//658 803//658 
f 1158//656 1159//657 802//657 
f 1157//655 1158//656 805//656 
f 1156//654 1157//655 804//655 
f 1155//653 1156//654 828//654 
f 1154//652 1155//653 806//653 
f 1153//651 1154//652 776//652 
f 1152//650 1153//651 775//651 
f 1151//649 1152//650 757//650 
f 1150//648 1151//649 756//649 
f 1149//647 1150//648 758//648 
f 1148//646 1149//647 733//647 
f 1147//645 1148//646 732//646 
f 1146//644 1147//645 760//645 
f 1145//643 1146//644 759//644 
o mesh21
f 709//679 1181//679 1182//679 
f 1182//679 642//679 709//679 
o mesh22
f 1182//680 1183//680 685//680 
f 685//680 642//680 1182//680 
o mesh23
f 685//679 1183//679 986//679 
f 986//679 659//679 685//679 
o mesh24
f 929//681 1184//681 1185//682 
f 855//682 1185//682 1186//683 
f 866//683 1186//683 1187//684 
f 853//684 1187//684 1188//685 
f 865//685 1188//685 1189//686 
f 863//686 1189//686 1190//687 
f 864//687 1190//687 1191//688 
f 887//688 1191//688 1192//689 
f 876//689 1192//689 1193//690 
f 862//690 1193//690 1194//691 
f 860//691 1194//691 1195//692 
f 849//692 1195//692 1196//693 
f 850//693 1196//693 1197//694 
f 885//694 1197//694 1198//695 
f 886//695 1198//695 1199//696 
f 883//696 1199//696 1200//697 
f 884//697 1200//697 1201//698 
f 896//698 1201//698 1202//699 
f 897//699 1202//699 1203//700 
f 873//700 1203//700 1204//701 
f 874//701 1204//701 1205//702 
f 882//702 1205//702 1206//703 
f 895//703 1206//703 1207//704 
f 880//704 1207//704 1208//705 
f 881//705 1208//705 988//706 
f 988//706 894//706 881//705 
f 1208//705 881//705 880//704 
f 1207//704 880//704 895//703 
f 1206//703 895//703 882//702 
f 1205//702 882//702 874//701 
f 1204//701 874//701 873//700 
f 1203//700 873//700 897//699 
f 1202//699 897//699 896//698 
f 1201//698 896//698 884//697 
f 1200//697 884//697 883//696 
f 1199//696 883//696 886//695 
f 1198//695 886//695 885//694 
f 1197//694 885//694 850//693 
f 1196//693 850//693 849//692 
f 1195//692 849//692 860//691 
f 1194//691 860//691 862//690 
f 1193//690 862//690 876//689 
f 1192//689 876//689 887//688 
f 1191//688 887//688 864//687 
f 1190//687 864//687 863//686 
f 1189//686 863//686 865//685 
f 1188//685 865//685 853//684 
f 1187//684 853//684 866//683 
f 1186//683 866//683 855//682 
f 1185//682 855//682 929//681 
o mesh25
f 1209//707 708//707 580//708 
f 1210//708 580//708 579//709 
f 1211//709 579//709 584//710 
f 1212//710 584//710 586//711 
f 1213//711 586//711 615//712 
f 1214//712 615//712 588//713 
f 1215//713 588//713 596//714 
f 1216//714 596//714 597//715 
f 1217//715 597//715 598//716 
f 1218//716 598//716 590//717 
f 1219//717 590//717 591//718 
f 1220//718 591//718 583//719 
f 1221//719 583//719 599//720 
f 1222//720 599//720 617//721 
f 1223//721 617//721 616//722 
f 1224//722 616//722 656//723 
f 1225//723 656//723 601//724 
f 1226//724 601//724 600//725 
f 1227//725 600//725 618//726 
f 1228//726 618//726 639//727 
f 1229//727 639//727 620//728 
f 1230//728 620//728 619//729 
f 1231//729 619//729 641//730 
f 1232//730 641//730 640//731 
f 1233//731 640//731 657//732 
f 657//732 987//732 1233//731 
f 640//731 1233//731 1232//730 
f 641//730 1232//730 1231//729 
f 619//729 1231//729 1230//728 
f 620//728 1230//728 1229//727 
f 639//727 1229//727 1228//726 
f 618//726 1228//726 1227//725 
f 600//725 1227//725 1226//724 
f 601//724 1226//724 1225//723 
f 656//723 1225//723 1224//722 
f 616//722 1224//722 1223//721 
f 617//721 1223//721 1222//720 
f 599//720 1222//720 1221//719 
f 583//719 1221//719 1220//718 
f 591//718 1220//718 1219//717 
f 590//717 1219//717 1218//716 
f 598//716 1218//716 1217//715 
f 597//715 1217//715 1216//714 
f 596//714 1216//714 1215//713 
f 588//713 1215//713 1214//712 
f 615//712 1214//712 1213//711 
f 586//711 1213//711 1212//710 
f 584//710 1212//710 1211//709 
f 579//709 1211//709 1210//708 
f 580//708 1210//708 1209//707 
o mesh26
f 870//733 1067//733 1234//734 
f 908//734 1234//734 1235//735 
f 927//735 1235//735 1236//736 
f 928//736 1236//736 1237//737 
f 925//737 1237//737 1238//738 
f 926//738 1238//738 1239//739 
f 923//739 1239//739 1240//740 
f 924//740 1240//740 1241//741 
f 921//741 1241//741 1242//742 
f 922//742 1242//742 1243//743 
f 920//743 1243//743 1244//744 
f 892//744 1244//744 1245//745 
f 893//745 1245//745 1246//746 
f 907//746 1246//746 1247//747 
f 905//747 1247//747 1248//748 
f 906//748 1248//748 1249//749 
f 919//749 1249//749 1250//750 
f 918//750 1250//750 1251//751 
f 904//751 1251//751 1106//752 
f 1106//752 831//752 904//751 
f 1251//751 904//751 918//750 
f 1250//750 918//750 919//749 
f 1249//749 919//749 906//748 
f 1248//748 906//748 905//747 
f 1247//747 905//747 907//746 
f 1246//746 907//746 893//745 
f 1245//745 893//745 892//744 
f 1244//744 892//744 920//743 
f 1243//743 920//743 922//742 
f 1242//742 922//742 921//741 
f 1241//741 921//741 924//740 
f 1240//740 924//740 923//739 
f 1239//739 923//739 926//738 
f 1238//738 926//738 925//737 
f 1237//737 925//737 928//736 
f 1236//736 928//736 927//735 
f 1235//735 927//735 908//734 
f 1234//734 908//734 870//733 
o mesh27
f 890//753 1105//753 1252//754 
f 903//754 1252//754 1253//755 
f 901//755 1253//755 1254//756 
f 902//756 1254//756 1255//757 
f 917//757 1255//757 1256//758 
f 888//758 1256//758 1257//759 
f 889//759 1257//759 1258//760 
f 900//760 1258//760 1259//761 
f 915//761 1259//761 1260//762 
f 916//762 1260//762 1261//763 
f 913//763 1261//763 1262//764 
f 914//764 1262//764 1263//765 
f 911//765 1263//765 1264//766 
f 912//766 1264//766 1265//767 
f 930//767 1265//767 1266//768 
f 909//768 1266//768 1267//769 
f 910//769 1267//769 1268//770 
f 899//770 1268//770 1269//771 
f 898//771 1269//771 1108//772 
f 1108//772 867//772 898//771 
f 1269//771 898//771 899//770 
f 1268//770 899//770 910//769 
f 1267//769 910//769 909//768 
f 1266//768 909//768 930//767 
f 1265//767 930//767 912//766 
f 1264//766 912//766 911//765 
f 1263//765 911//765 914//764 
f 1262//764 914//764 913//763 
f 1261//763 913//763 916//762 
f 1260//762 916//762 915//761 
f 1259//761 915//761 900//760 
f 1258//760 900//760 889//759 
f 1257//759 889//759 888//758 
f 1256//758 888//758 917//757 
f 1255//757 917//757 902//756 
f 1254//756 902//756 901//755 
f 1253//755 901//755 903//754 
f 1252//754 903//754 890//753 
o mesh28
f 875//772 582//772 1270//772 
f 1270//772 1271//772 875//772 
o mesh29
f 1272//773 1273//773 1274//774 
f 1275//774 1274//774 1276//775 
f 1277//775 1276//775 1278//776 
f 1279//776 1278//776 1280//777 
f 1281//777 1280//777 1282//778 
f 1283//778 1282//778 1284//779 
f 1285//779 1284//779 1286//780 
f 1287//780 1286//780 1288//781 
f 1289//781 1288//781 1290//782 
f 1291//782 1290//782 1292//783 
f 1293//783 1292//783 1294//784 
f 1295//784 1294//784 1296//785 
f 1297//785 1296//785 1298//786 
f 1299//786 1298//786 1300//787 
f 1301//787 1300//787 1302//788 
f 1303//788 1302//788 1304//789 
f 1305//789 1304//789 1306//790 
f 1307//790 1306//790 1308//791 
f 1309//791 1308//791 1310//792 
f 1311//792 1310//792 1312//793 
f 1313//793 1312//793 1314//794 
f 1315//794 1314//794 1316//795 
f 1317//795 1316//795 1318//796 
f 1319//796 1318//796 1320//797 
f 1321//797 1320//797 1322//798 
f 1323//798 1322//798 1324//799 
f 1325//799 1324//799 1326//800 
f 1327//800 1326//800 1328//801 
f 1329//801 1328//801 1330//802 
f 1331//803 1332//802 929//804 
f 1330//802 1184//804 929//804 
f 929//804 1332//802 1330//802 
f 1331//803 854//803 852//805 
f 1333//805 852//805 851//806 
f 1334//806 851//806 877//807 
f 1335//807 877//807 861//808 
f 1336//808 861//808 848//809 
f 1337//809 848//809 875//810 
f 875//810 1271//810 1337//809 
f 848//809 1337//809 1336//808 
f 861//808 1336//808 1335//807 
f 877//807 1335//807 1334//806 
f 851//806 1334//806 1333//805 
f 852//805 1333//805 1331//803 
f 929//804 854//803 1331//803 
f 1330//802 1332//802 1329//801 
f 1328//801 1329//801 1327//800 
f 1326//800 1327//800 1325//799 
f 1324//799 1325//799 1323//798 
f 1322//798 1323//798 1321//797 
f 1320//797 1321//797 1319//796 
f 1318//796 1319//796 1317//795 
f 1316//795 1317//795 1315//794 
f 1314//794 1315//794 1313//793 
f 1312//793 1313//793 1311//792 
f 1310//792 1311//792 1309//791 
f 1308//791 1309//791 1307//790 
f 1306//790 1307//790 1305//789 
f 1304//789 1305//789 1303//788 
f 1302//788 1303//788 1301//787 
f 1300//787 1301//787 1299//786 
f 1298//786 1299//786 1297//785 
f 1296//785 1297//785 1295//784 
f 1294//784 1295//784 1293//783 
f 1292//783 1293//783 1291//782 
f 1290//782 1291//782 1289//781 
f 1288//781 1289//781 1287//780 
f 1286//780 1287//780 1285//779 
f 1284//779 1285//779 1283//778 
f 1282//778 1283//778 1281//777 
f 1280//777 1281//777 1279//776 
f 1278//776 1279//776 1277//775 
f 1276//775 1277//775 1275//774 
f 1274//774 1275//774 1272//773 
o mesh30
f 1338//811 1339//811 1340//812 
f 1341//812 1340//812 1342//813 
f 1343//813 1342//813 1344//814 
f 1345//814 1344//814 1346//815 
f 1347//815 1346//815 1348//816 
f 1349//816 1348//816 1350//817 
f 1351//817 1350//817 1352//818 
f 1353//818 1352//818 1354//819 
f 1355//819 1354//819 1356//820 
f 1357//820 1356//820 1358//821 
f 1359//821 1358//821 1360//822 
f 1361//822 1360//822 1362//823 
f 1363//823 1362//823 1364//824 
f 1365//824 1364//824 1366//825 
f 1367//825 1366//825 1368//826 
f 1369//826 1368//826 1370//827 
f 1371//827 1370//827 1372//828 
f 1373//828 1372//828 1374//829 
f 1375//829 1374//829 1376//830 
f 1377//830 1376//830 1378//831 
f 1379//831 1378//831 1380//832 
f 1381//832 1380//832 1382//833 
f 1383//833 1382//833 1384//834 
f 1385//834 1384//834 1386//835 
f 1387//835 1386//835 1388//836 
f 1389//836 1388//836 1390//837 
f 1391//837 1390//837 1392//838 
f 1393//838 1392//838 1394//839 
f 1395//839 1394//839 1396//840 
f 581//841 1397//841 1270//842 
f 589//843 1398//843 1397//841 
f 587//844 1399//844 1398//843 
f 585//845 1400//845 1399//844 
f 578//846 1401//846 1400//845 
f 686//847 1402//847 1401//846 
f 1403//848 1396//840 708//849 
f 1402//847 686//847 708//849 
f 708//849 1396//840 1402//847 
f 708//849 1209//849 1403//848 
f 1401//846 578//846 686//847 
f 1400//845 585//845 578//846 
f 1399//844 587//844 585//845 
f 1398//843 589//843 587//844 
f 1397//841 581//841 589//843 
f 1270//842 582//850 581//841 
f 1396//840 1403//848 1395//839 
f 1394//839 1395//839 1393//838 
f 1392//838 1393//838 1391//837 
f 1390//837 1391//837 1389//836 
f 1388//836 1389//836 1387//835 
f 1386//835 1387//835 1385//834 
f 1384//834 1385//834 1383//833 
f 1382//833 1383//833 1381//832 
f 1380//832 1381//832 1379//831 
f 1378//831 1379//831 1377//830 
f 1376//830 1377//830 1375//829 
f 1374//829 1375//829 1373//828 
f 1372//828 1373//828 1371//827 
f 1370//827 1371//827 1369//826 
f 1368//826 1369//826 1367//825 
f 1366//825 1367//825 1365//824 
f 1364//824 1365//824 1363//823 
f 1362//823 1363//823 1361//822 
f 1360//822 1361//822 1359//821 
f 1358//821 1359//821 1357//820 
f 1356//820 1357//820 1355//819 
f 1354//819 1355//819 1353//818 
f 1352//818 1353//818 1351//817 
f 1350//817 1351//817 1349//816 
f 1348//816 1349//816 1347//815 
f 1346//815 1347//815 1345//814 
f 1344//814 1345//814 1343//813 
f 1342//813 1343//813 1341//812 
f 1340//812 1341//812 1338//811 
o mesh31
f 1273//851 1272//851 1404//851 
f 1404//851 1405//851 1273//851 
o mesh32
f 1339//852 1338//852 1406//852 
f 1406//852 1407//852 1339//852 
o mesh33
f 1407//852 1406//852 1408//853 
f 1409//853 1408//853 1410//854 
f 1411//854 1410//854 1412//855 
f 1413//855 1412//855 1414//856 
f 1415//856 1414//856 1416//857 
f 1417//857 1416//857 1418//858 
f 1419//858 1418//858 1420//859 
f 1421//859 1420//859 1422//860 
f 1423//860 1422//860 1424//861 
f 1425//861 1424//861 1426//862 
f 1427//862 1426//862 1428//863 
f 1429//863 1428//863 1430//864 
f 1431//864 1430//864 1432//865 
f 1433//865 1432//865 1434//866 
f 1435//866 1434//866 1436//867 
f 1437//867 1436//867 1438//868 
f 1439//868 1438//868 1440//869 
f 1441//869 1440//869 1442//870 
f 1443//870 1442//870 1444//871 
f 1445//871 1444//871 1446//872 
f 1447//872 1446//872 1448//873 
f 1449//873 1448//873 1450//874 
f 1450//874 1451//874 1449//873 
f 1448//873 1449//873 1447//872 
f 1446//872 1447//872 1445//871 
f 1444//871 1445//871 1443//870 
f 1442//870 1443//870 1441//869 
f 1440//869 1441//869 1439//868 
f 1438//868 1439//868 1437//867 
f 1436//867 1437//867 1435//866 
f 1434//866 1435//866 1433//865 
f 1432//865 1433//865 1431//864 
f 1430//864 1431//864 1429//863 
f 1428//863 1429//863 1427//862 
f 1426//862 1427//862 1425//861 
f 1424//861 1425//861 1423//860 
f 1422//860 1423//860 1421//859 
f 1420//859 1421//859 1419//858 
f 1418//858 1419//858 1417//857 
f 1416//857 1417//857 1415//856 
f 1414//856 1415//856 1413//855 
f 1412//855 1413//855 1411//854 
f 1410//854 1411//854 1409//853 
f 1408//853 1409//853 1407//852 
o mesh34
f 1452//874 1453//874 1451//874 
f 1451//874 1450//874 1452//874 
o mesh35
f 1454//875 1455//875 1456//876 
f 1457//876 1456//876 1458//877 
f 1459//877 1458//877 1460//878 
f 1461//878 1460//878 1462//879 
f 1463//879 1462//879 1464//880 
f 1465//880 1464//880 1466//881 
f 1467//881 1466//881 1468//882 
f 1469//882 1468//882 1470//883 
f 1471//883 1470//883 1472//884 
f 1473//884 1472//884 1474//885 
f 1475//885 1474//885 1476//886 
f 1477//886 1476//886 1478//887 
f 1479//887 1478//887 1480//888 
f 1481//888 1480//888 1482//889 
f 1483//889 1482//889 1453//890 
f 1453//890 1452//890 1483//889 
f 1482//889 1483//889 1481//888 
f 1480//888 1481//888 1479//887 
f 1478//887 1479//887 1477//886 
f 1476//886 1477//886 1475//885 
f 1474//885 1475//885 1473//884 
f 1472//884 1473//884 1471//883 
f 1470//883 1471//883 1469//882 
f 1468//882 1469//882 1467//881 
f 1466//881 1467//881 1465//880 
f 1464//880 1465//880 1463//879 
f 1462//879 1463//879 1461//878 
f 1460//878 1461//878 1459//877 
f 1458//877 1459//877 1457//876 
f 1456//876 1457//876 1454//875 
o mesh36
f 1484//891 1485//891 1455//891 
f 1455//891 1454//891 1484//891 
o mesh37
f 1484//892 1454//892 1086//892 
f 1454//892 1087//892 1086//892 
f 1086//892 1085//892 1484//892 
f 1454//892 1088//892 1087//892 
f 1085//892 1084//892 1484//892 
f 1450//892 1254//892 1253//892 
f 1450//892 1256//892 1255//892 
f 1450//892 1260//892 1259//892 
f 1030//892 1029//892 1405//892 
f 1048//892 1047//892 1486//892 
f 1454//892 1089//892 1088//892 
f 1253//892 1252//892 1450//892 
f 1450//892 1257//892 1256//892 
f 1259//892 1258//892 1450//892 
f 1450//892 1262//892 1261//892 
f 1405//892 1024//892 1023//892 
f 1405//892 1487//892 1030//892 
f 1046//892 1045//892 1488//892 
f 1486//892 1489//892 1048//892 
f 1490//892 1244//892 1243//892 
f 1490//892 1248//892 1247//892 
f 1084//892 1083//892 1484//892 
f 1255//892 1254//892 1450//892 
f 1261//892 1260//892 1450//892 
f 1144//892 1408//892 1406//892 
f 993//892 992//892 991//892 
f 995//892 1282//892 1280//892 
f 1023//892 1273//892 1405//892 
f 1487//892 1491//892 1030//892 
f 1042//892 1041//892 1492//892 
f 1044//892 1043//892 1493//892 
f 1047//892 1046//892 1486//892 
f 1490//892 1240//892 1239//892 
f 1490//892 1242//892 1241//892 
f 1490//892 1245//892 1244//892 
f 1247//892 1246//892 1490//892 
f 1490//892 1251//892 1250//892 
f 1454//892 1090//892 1089//892 
f 1258//892 1257//892 1450//892 
f 1450//892 1264//892 1263//892 
f 1450//892 1267//892 1266//892 
f 1144//892 1410//892 1408//892 
f 991//892 1306//892 1304//892 
f 991//892 1310//892 1308//892 
f 995//892 1284//892 1282//892 
f 996//892 1278//892 1276//892 
f 1273//892 1022//892 1021//892 
f 1405//892 1025//892 1024//892 
f 1491//892 1494//892 1030//892 
f 1495//892 1496//892 1036//892 
f 1496//892 1497//892 1038//892 
f 1497//892 1492//892 1040//892 
f 1492//892 1493//892 1042//892 
f 1493//892 1488//892 1044//892 
f 1488//892 1486//892 1046//892 
f 1490//892 1236//892 1235//892 
f 1241//892 1240//892 1490//892 
f 1246//892 1245//892 1490//892 
f 1490//892 1106//892 1251//892 
f 1083//892 1082//892 1484//892 
f 1263//892 1262//892 1450//892 
f 1266//892 1265//892 1450//892 
f 1450//892 1269//892 1268//892 
f 1126//892 1430//892 1428//892 
f 1144//892 1412//892 1410//892 
f 1179//892 1178//892 1347//892 
f 1308//892 1306//892 991//892 
f 991//892 1314//892 1312//892 
f 993//892 1300//892 1298//892 
f 993//892 1304//892 1302//892 
f 994//892 1296//892 1294//892 
f 995//892 1286//892 1284//892 
f 995//892 1290//892 1288//892 
f 996//892 1274//892 1273//892 
f 996//892 1280//892 1278//892 
f 1023//892 1022//892 1273//892 
f 1405//892 1027//892 1026//892 
f 1494//892 1031//892 1030//892 
f 1494//892 1498//892 1032//892 
f 1498//892 1495//892 1034//892 
f 1036//892 1035//892 1495//892 
f 1497//892 1039//892 1038//892 
f 1041//892 1040//892 1492//892 
f 1045//892 1044//892 1488//892 
f 1235//892 1234//892 1490//892 
f 1490//892 1238//892 1237//892 
f 1243//892 1242//892 1490//892 
f 1250//892 1249//892 1490//892 
f 1454//892 1091//892 1090//892 
f 1265//892 1264//892 1450//892 
f 1450//892 1108//892 1269//892 
f 1428//892 1128//892 1127//892 
f 1128//892 1428//892 1426//892 
f 1132//892 1424//892 1422//892 
f 1406//892 1145//892 1144//892 
f 1338//892 1152//892 1151//892 
f 1338//892 1157//892 1156//892 
f 1178//892 1341//892 1343//892 
f 1347//892 1349//892 1179//892 
f 1181//892 1371//892 1183//892 
f 1312//892 1310//892 991//892 
f 1302//892 1300//892 993//892 
f 994//892 1292//892 1290//892 
f 994//892 1298//892 1296//892 
f 1288//892 1286//892 995//892 
f 1276//892 1274//892 996//892 
f 1273//892 1000//892 999//892 
f 1273//892 1011//892 1010//892 
f 1273//892 1020//892 1019//892 
f 1026//892 1025//892 1405//892 
f 1032//892 1031//892 1494//892 
f 1034//892 1033//892 1498//892 
f 1496//892 1037//892 1036//892 
f 1040//892 1039//892 1497//892 
f 1489//892 1049//892 1048//892 
f 1237//892 1236//892 1490//892 
f 1249//892 1248//892 1490//892 
f 1078//892 1499//892 1484//892 
f 1082//892 1081//892 1484//892 
f 1093//892 1092//892 1454//892 
f 1268//892 1267//892 1450//892 
f 1426//892 1129//892 1128//892 
f 1130//892 1426//892 1424//892 
f 1422//892 1134//892 1133//892 
f 1420//892 1135//892 1134//892 
f 1418//892 1137//892 1136//892 
f 1416//892 1139//892 1138//892 
f 1412//892 1143//892 1142//892 
f 1406//892 1146//892 1145//892 
f 1151//892 1406//892 1338//892 
f 1156//892 1155//892 1338//892 
f 1338//892 1177//892 1176//892 
f 1343//892 1345//892 1178//892 
f 1178//892 1177//892 1338//892 
f 1179//892 1353//892 1355//892 
f 1349//892 1351//892 1179//892 
f 1183//892 1373//892 1375//892 
f 1183//892 1182//892 1181//892 
f 1298//892 994//892 993//892 
f 1294//892 1292//892 994//892 
f 1273//892 997//892 996//892 
f 999//892 998//892 1273//892 
f 1273//892 1008//892 1007//892 
f 1010//892 1009//892 1273//892 
f 1273//892 1018//892 1017//892 
f 1021//892 1020//892 1273//892 
f 1029//892 1028//892 1405//892 
f 1035//892 1034//892 1495//892 
f 1043//892 1042//892 1493//892 
f 1239//892 1238//892 1490//892 
f 1078//892 1500//892 1499//892 
f 1078//892 1501//892 1502//892 
f 1454//892 1092//892 1091//892 
f 1093//892 1459//892 1461//892 
f 1454//892 1457//892 1093//892 
f 1450//892 1107//892 1108//892 
f 1119//892 1438//892 1436//892 
f 1426//892 1130//892 1129//892 
f 1424//892 1132//892 1131//892 
f 1134//892 1422//892 1420//892 
f 1136//892 1420//892 1418//892 
f 1416//892 1140//892 1139//892 
f 1414//892 1141//892 1140//892 
f 1144//892 1143//892 1412//892 
f 1406//892 1149//892 1148//892 
f 1151//892 1150//892 1406//892 
f 1155//892 1154//892 1338//892 
f 1338//892 1160//892 1159//892 
f 1338//892 1168//892 1167//892 
f 1338//892 1174//892 1173//892 
f 1176//892 1175//892 1338//892 
f 1338//892 1341//892 1178//892 
f 1351//892 1353//892 1179//892 
f 1180//892 1359//892 1361//892 
f 1181//892 1367//892 1369//892 
f 1181//892 1180//892 1365//892 
f 1183//892 1377//892 1379//892 
f 1371//892 1373//892 1183//892 
f 1290//892 995//892 994//892 
f 998//892 997//892 1273//892 
f 1273//892 1002//892 1001//892 
f 1273//892 1004//892 1003//892 
f 1273//892 1006//892 1005//892 
f 1009//892 1008//892 1273//892 
f 1273//892 1014//892 1013//892 
f 1017//892 1016//892 1273//892 
f 1028//892 1027//892 1405//892 
f 1038//892 1037//892 1496//892 
f 1234//892 1067//892 1490//892 
f 1077//892 1503//892 1504//892 
f 1502//892 1500//892 1078//892 
f 1078//892 1505//892 1506//892 
f 1081//892 1080//892 1484//892 
f 1457//892 1459//892 1093//892 
f 1094//892 1465//892 1467//892 
f 1094//892 1093//892 1463//892 
f 1252//892 1105//892 1450//892 
f 1436//892 1120//892 1119//892 
f 1121//892 1436//892 1434//892 
f 1122//892 1434//892 1432//892 
f 1124//892 1432//892 1430//892 
f 1424//892 1131//892 1130//892 
f 1136//892 1135//892 1420//892 
f 1138//892 1418//892 1416//892 
f 1414//892 1142//892 1141//892 
f 1406//892 1147//892 1146//892 
f 1150//892 1149//892 1406//892 
f 1154//892 1153//892 1338//892 
f 1159//892 1158//892 1338//892 
f 1338//892 1165//892 1164//892 
f 1167//892 1166//892 1338//892 
f 1175//892 1174//892 1338//892 
f 1355//892 1357//892 1179//892 
f 1361//892 1363//892 1180//892 
f 1180//892 1179//892 1357//892 
f 1365//892 1367//892 1181//892 
f 1375//892 1377//892 1183//892 
f 1280//892 996//892 995//892 
f 1003//892 1002//892 1273//892 
f 1007//892 1006//892 1273//892 
f 1013//892 1012//892 1273//892 
f 1016//892 1015//892 1273//892 
f 1033//892 1032//892 1498//892 
f 1050//892 1049//892 1489//892 
f 1053//892 1052//892 1507//892 
f 1057//892 1056//892 1508//892 
f 1058//892 1057//892 1509//892 
f 1059//892 1058//892 1510//892 
f 1062//892 1061//892 1511//892 
f 1063//892 1062//892 1512//892 
f 1490//892 1068//892 1106//892 
f 1504//892 1078//892 1077//892 
f 1506//892 1501//892 1078//892 
f 1461//892 1463//892 1093//892 
f 1094//892 1469//892 1471//892 
f 1463//892 1465//892 1094//892 
f 1450//892 1109//892 1107//892 
f 1111//892 1450//892 1448//892 
f 1112//892 1448//892 1446//892 
f 1115//892 1444//892 1442//892 
f 1116//892 1442//892 1440//892 
f 1117//892 1440//892 1438//892 
f 1436//892 1121//892 1120//892 
f 1432//892 1123//892 1122//892 
f 1430//892 1125//892 1124//892 
f 1422//892 1133//892 1132//892 
f 1140//892 1416//892 1414//892 
f 1148//892 1147//892 1406//892 
f 1158//892 1157//892 1338//892 
f 1338//892 1162//892 1161//892 
f 1166//892 1165//892 1338//892 
f 1338//892 1170//892 1169//892 
f 1338//892 1172//892 1171//892 
f 1345//892 1347//892 1178//892 
f 1357//892 1359//892 1180//892 
f 1379//892 1381//892 1183//892 
f 1001//892 1000//892 1273//892 
f 1012//892 1011//892 1273//892 
f 1019//892 1018//892 1273//892 
f 1513//892 1051//892 1050//892 
f 1052//892 1051//892 1513//892 
f 1514//892 1054//892 1053//892 
f 1055//892 1054//892 1514//892 
f 1509//892 1510//892 1058//892 
f 1515//892 1060//892 1059//892 
f 1512//892 1490//892 1063//892 
f 1067//892 1066//892 1490//892 
f 1077//892 1516//892 1503//892 
f 1077//892 1517//892 1518//892 
f 1080//892 1079//892 1484//892 
f 1467//892 1469//892 1094//892 
f 1094//892 1477//892 1479//892 
f 1094//892 1473//892 1475//892 
f 1105//892 1104//892 1450//892 
f 1446//892 1113//892 1112//892 
f 1442//892 1116//892 1115//892 
f 1438//892 1118//892 1117//892 
f 1434//892 1122//892 1121//892 
f 1430//892 1126//892 1125//892 
f 1138//892 1137//892 1418//892 
f 1153//892 1152//892 1338//892 
f 1338//892 1163//892 1162//892 
f 1169//892 1168//892 1338//892 
f 1173//892 1172//892 1338//892 
f 1369//892 1371//892 1181//892 
f 964//892 933//892 934//892 
f 1005//892 1004//892 1273//892 
f 1489//892 1513//892 1050//892 
f 1507//892 1514//892 1053//892 
f 1508//892 1056//892 1055//892 
f 1510//892 1515//892 1059//892 
f 1061//892 1060//892 1515//892 
f 1490//892 1064//892 1063//892 
f 1066//892 1065//892 1490//892 
f 1077//892 1519//892 1520//892 
f 1077//892 1076//892 1521//892 
f 1518//892 1516//892 1077//892 
f 1471//892 1473//892 1094//892 
f 1094//892 1481//892 1483//892 
f 1475//892 1477//892 1094//892 
f 1450//892 1110//892 1109//892 
f 1448//892 1112//892 1111//892 
f 1113//892 1446//892 1444//892 
f 1440//892 1117//892 1116//892 
f 1124//892 1123//892 1432//892 
f 1142//892 1414//892 1412//892 
f 1164//892 1163//892 1338//892 
f 1363//892 1365//892 1180//892 
f 959//892 955//892 956//892 
f 959//892 953//892 954//892 
f 959//892 951//892 952//892 
f 959//892 949//892 950//892 
f 964//892 939//892 940//892 
f 964//892 935//892 936//892 
f 964//892 932//892 933//892 
f 1015//892 1014//892 1273//892 
f 1514//892 1508//892 1055//892 
f 1515//892 1511//892 1061//892 
f 1065//892 1064//892 1490//892 
f 1521//892 1519//892 1077//892 
f 1484//892 1079//892 1078//892 
f 1479//892 1481//892 1094//892 
f 1111//892 1110//892 1450//892 
f 1115//892 1114//892 1444//892 
f 1428//892 1127//892 1126//892 
f 1171//892 1170//892 1338//892 
f 946//892 962//892 963//892 
f 956//892 957//892 959//892 
f 952//892 953//892 959//892 
f 959//892 948//892 949//892 
f 959//892 946//892 947//892 
f 964//892 942//892 943//892 
f 940//892 941//892 964//892 
f 964//892 937//892 938//892 
f 934//892 935//892 964//892 
f 1183//892 1227//892 1228//892 
f 1183//892 1223//892 1224//892 
f 1183//892 1221//892 1222//892 
f 991//892 1198//892 1197//892 
f 1513//892 1507//892 1052//892 
f 1511//892 1512//892 1062//892 
f 1520//892 1522//892 1077//892 
f 1483//892 1095//892 1094//892 
f 1444//892 1114//892 1113//892 
f 1161//892 1160//892 1338//892 
f 931//892 966//892 967//892 
f 946//892 961//892 962//892 
f 946//892 959//892 960//892 
f 954//892 955//892 959//892 
f 947//892 948//892 959//892 
f 943//892 944//892 964//892 
f 938//892 939//892 964//892 
f 964//892 931//892 932//892 
f 1183//892 1226//892 1227//892 
f 1224//892 1225//892 1183//892 
f 1183//892 1220//892 1221//892 
f 1183//892 1214//892 1215//892 
f 991//892 1191//892 1190//892 
f 1197//892 1196//892 991//892 
f 991//892 1202//892 1201//892 
f 991//892 1204//892 1203//892 
f 1508//892 1509//892 1057//892 
f 1504//892 1505//892 1078//892 
f 1095//892 1483//892 1452//892 
f 1119//892 1118//892 1438//892 
f 931//892 979//892 980//892 
f 931//892 977//892 978//892 
f 931//892 970//892 971//892 
f 967//892 968//892 931//892 
f 931//892 964//892 965//892 
f 960//892 961//892 946//892 
f 950//892 951//892 959//892 
f 944//892 945//892 964//892 
f 936//892 937//892 964//892 
f 1225//892 1226//892 1183//892 
f 1183//892 1219//892 1220//892 
f 1183//892 1217//892 1218//892 
f 1215//892 1216//892 1183//892 
f 1183//892 1389//892 1391//892 
f 1183//892 1385//892 1387//892 
f 991//892 1322//892 1320//892 
f 991//892 1326//892 1324//892 
f 991//892 1192//892 1191//892 
f 991//892 1194//892 1193//892 
f 1196//892 1195//892 991//892 
f 991//892 1200//892 1199//892 
f 1203//892 1202//892 991//892 
f 991//892 1206//892 1205//892 
f 1490//892 1069//892 1068//892 
f 1490//892 1521//892 1070//892 
f 1452//892 1096//892 1095//892 
f 1452//892 1450//892 1102//892 
f 1104//892 1103//892 1450//892 
f 978//892 979//892 931//892 
f 931//892 974//892 975//892 
f 931//892 972//892 973//892 
f 931//892 969//892 970//892 
f 965//892 966//892 931//892 
f 957//892 958//892 959//892 
f 941//892 942//892 964//892 
f 1183//892 1231//892 1232//892 
f 1183//892 1229//892 1230//892 
f 1222//892 1223//892 1183//892 
f 1216//892 1217//892 1183//892 
f 1183//892 1209//892 1210//892 
f 1387//892 1389//892 1183//892 
f 1324//892 1322//892 991//892 
f 1193//892 1192//892 991//892 
f 1199//892 1198//892 991//892 
f 1205//892 1204//892 991//892 
f 991//892 1208//892 1207//892 
f 1070//892 1069//892 1490//892 
f 1522//892 1517//892 1077//892 
f 1103//892 1102//892 1450//892 
f 931//892 981//892 982//892 
f 931//892 976//892 977//892 
f 973//892 974//892 931//892 
f 968//892 969//892 931//892 
f 945//892 946//892 964//892 
f 1230//892 1231//892 1183//892 
f 1218//892 1219//892 1183//892 
f 1183//892 1212//892 1213//892 
f 1210//892 1211//892 1183//892 
f 1183//892 1383//892 1385//892 
f 1320//892 1318//892 991//892 
f 991//892 1189//892 1188//892 
f 1195//892 1194//892 991//892 
f 1207//892 1206//892 991//892 
f 1521//892 1071//892 1070//892 
f 1452//892 1097//892 1096//892 
f 1102//892 1101//892 1452//892 
f 931//892 984//892 985//892 
f 982//892 983//892 931//892 
f 975//892 976//892 931//892 
f 963//892 964//892 946//892 
f 1228//892 1229//892 1183//892 
f 1211//892 1212//892 1183//892 
f 1183//892 1393//892 1395//892 
f 1183//892 1381//892 1383//892 
f 1318//892 1316//892 991//892 
f 991//892 1330//892 1328//892 
f 991//892 1186//892 1185//892 
f 1188//892 1187//892 991//892 
f 1201//892 1200//892 991//892 
f 1521//892 1072//892 1071//892 
f 1076//892 1075//892 1521//892 
f 1101//892 1100//892 1452//892 
f 983//892 984//892 931//892 
f 971//892 972//892 931//892 
f 1213//892 1214//892 1183//892 
f 1391//892 1393//892 1183//892 
f 1328//892 1326//892 991//892 
f 1187//892 1186//892 991//892 
f 991//892 988//892 1208//892 
f 1521//892 1073//892 1072//892 
f 1452//892 1098//892 1097//892 
f 1100//892 1099//892 1452//892 
f 980//892 981//892 931//892 
f 987//892 931//892 986//892 
f 1232//892 1233//892 1183//892 
f 1395//892 1403//892 1183//892 
f 991//892 1184//892 1330//892 
f 1190//892 1189//892 991//892 
f 1521//892 1074//892 1073//892 
f 1099//892 1098//892 1452//892 
f 986//892 1183//892 987//892 
f 1403//892 1209//892 1183//892 
f 1185//892 1184//892 991//892 
f 991//892 990//892 989//892 
f 1075//892 1074//892 1521//892 
f 1233//892 987//892 1183//892 
f 989//892 988//892 991//892 
f 985//892 986//892 931//892 
f 991//892 1304//892 993//892 
f 1316//892 1314//892 991//892 
o mesh38
f 1293//893 1323//893 1325//893 
f 1293//893 1319//893 1321//893 
f 1305//893 1299//893 1301//893 
f 1321//893 1323//893 1293//893 
f 1293//893 1313//893 1315//893 
f 1299//893 1307//893 1309//893 
f 1301//893 1303//893 1305//893 
f 1311//893 1293//893 1295//893 
f 1523//893 1524//893 1525//893 
f 1287//893 1331//893 1333//893 
f 1293//893 1317//893 1319//893 
f 1293//893 1311//893 1313//893 
f 1305//893 1307//893 1299//893 
f 1295//893 1297//893 1311//893 
f 1271//893 1281//893 1283//893 
f 1525//893 1526//893 1523//893 
f 1271//893 1441//893 1443//893 
f 1287//893 1336//893 1337//893 
f 1287//893 1334//893 1335//893 
f 1287//893 1332//893 1331//893 
f 1287//893 1327//893 1329//893 
f 1315//893 1317//893 1293//893 
f 1297//893 1299//893 1311//893 
f 1327//893 1287//893 1289//893 
f 1283//893 1285//893 1271//893 
f 1524//893 1527//893 1528//893 
f 1524//893 1529//893 1530//893 
f 1523//893 1531//893 1524//893 
f 1443//893 1445//893 1271//893 
f 1372//893 1362//893 1360//893 
f 1370//893 1368//893 1366//893 
f 1358//893 1388//893 1386//893 
f 1358//893 1392//893 1390//893 
f 1335//893 1336//893 1287//893 
f 1329//893 1332//893 1287//893 
f 1309//893 1311//893 1299//893 
f 1289//893 1291//893 1327//893 
f 1271//893 1279//893 1281//893 
f 1271//893 1275//893 1277//893 
f 1524//893 1532//893 1533//893 
f 1524//893 1534//893 1535//893 
f 1524//893 1536//893 1537//893 
f 1524//893 1538//893 1539//893 
f 1528//893 1540//893 1524//893 
f 1531//893 1529//893 1524//893 
f 1271//893 1439//893 1441//893 
f 1372//893 1364//893 1362//893 
f 1364//893 1372//893 1370//893 
f 1358//893 1382//893 1380//893 
f 1390//893 1388//893 1358//893 
f 1333//893 1334//893 1287//893 
f 1291//893 1293//893 1327//893 
f 1277//893 1279//893 1271//893 
f 1535//893 1532//893 1524//893 
f 1524//893 1541//893 1536//893 
f 1524//893 1542//893 1538//893 
f 1530//893 1527//893 1524//893 
f 1271//893 1543//893 1544//893 
f 1271//893 1437//893 1439//893 
f 1271//893 1433//893 1435//893 
f 1271//893 1429//893 1431//893 
f 1270//893 1350//893 1348//893 
f 1366//893 1364//893 1370//893 
f 1358//893 1376//893 1374//893 
f 1380//893 1378//893 1358//893 
f 1386//893 1384//893 1358//893 
f 1352//893 1400//893 1401//893 
f 1325//893 1327//893 1293//893 
f 1271//893 1272//893 1275//893 
f 1537//893 1534//893 1524//893 
f 1540//893 1542//893 1524//893 
f 1271//893 1545//893 1546//893 
f 1544//893 1547//893 1271//893 
f 1271//893 1548//893 1549//893 
f 1271//893 1550//893 1551//893 
f 1271//893 1485//893 1552//893 
f 1435//893 1437//893 1271//893 
f 1271//893 1427//893 1429//893 
f 1271//893 1421//893 1423//893 
f 1271//893 1415//893 1417//893 
f 1271//893 1411//893 1413//893 
f 1271//893 1407//893 1409//893 
f 1270//893 1352//893 1350//893 
f 1392//893 1356//893 1354//893 
f 1374//893 1372//893 1358//893 
f 1384//893 1382//893 1358//893 
f 1352//893 1396//893 1394//893 
f 1401//893 1402//893 1352//893 
f 1352//893 1398//893 1399//893 
f 1352//893 1270//893 1397//893 
f 1285//893 1287//893 1271//893 
f 1271//893 1553//893 1404//893 
f 1539//893 1541//893 1524//893 
f 1404//893 1553//893 1554//893 
f 1547//893 1545//893 1271//893 
f 1549//893 1555//893 1271//893 
f 1271//893 1556//893 1557//893 
f 1552//893 1550//893 1271//893 
f 1271//893 1476//893 1474//893 
f 1271//893 1480//893 1478//893 
f 1431//893 1433//893 1271//893 
f 1423//893 1425//893 1271//893 
f 1417//893 1419//893 1271//893 
f 1409//893 1411//893 1271//893 
f 1270//893 1344//893 1342//893 
f 1348//893 1346//893 1270//893 
f 1392//893 1358//893 1356//893 
f 1378//893 1376//893 1358//893 
f 1402//893 1396//893 1352//893 
f 1397//893 1398//893 1352//893 
f 1404//893 1272//893 1271//893 
f 1554//893 1524//893 1404//893 
f 1555//893 1543//893 1271//893 
f 1551//893 1556//893 1271//893 
f 1478//893 1476//893 1271//893 
f 1271//893 1453//893 1482//893 
f 1425//893 1427//893 1271//893 
f 1413//893 1415//893 1271//893 
f 1346//893 1344//893 1270//893 
f 1360//893 1358//893 1372//893 
f 1399//893 1400//893 1352//893 
f 1533//893 1404//893 1524//893 
f 1557//893 1548//893 1271//893 
f 1271//893 1468//893 1466//893 
f 1271//893 1472//893 1470//893 
f 1482//893 1480//893 1271//893 
f 1419//893 1421//893 1271//893 
f 1342//893 1340//893 1270//893 
f 1394//893 1392//893 1352//893 
f 1271//893 1558//893 1553//893 
f 1546//893 1559//893 1271//893 
f 1271//893 1458//893 1456//893 
f 1271//893 1462//893 1460//893 
f 1466//893 1464//893 1271//893 
f 1474//893 1472//893 1271//893 
f 1445//893 1447//893 1271//893 
f 1354//893 1352//893 1392//893 
f 1559//893 1558//893 1271//893 
f 1460//893 1458//893 1271//893 
f 1470//893 1468//893 1271//893 
f 1447//893 1449//893 1271//893 
f 1340//893 1339//893 1270//893 
f 1271//893 1455//893 1485//893 
f 1464//893 1462//893 1271//893 
f 1449//893 1451//893 1271//893 
f 1407//893 1271//893 1270//893 
f 1456//893 1455//893 1271//893 
f 1339//893 1407//893 1270//893 
f 1451//893 1453//893 1271//893 
f 1337//893 1271//893 1287//893 
o mesh39
f 1558//894 1521//894 1490//894 
f 1490//894 1553//894 1558//894 
o mesh40
f 1405//895 1404//895 1533//896 
f 1487//896 1533//896 1532//897 
f 1491//897 1532//897 1535//898 
f 1494//898 1535//898 1534//899 
f 1498//899 1534//899 1537//900 
f 1495//900 1537//900 1536//901 
f 1496//901 1536//901 1541//902 
f 1497//902 1541//902 1539//903 
f 1492//903 1539//903 1538//904 
f 1493//904 1538//904 1542//905 
f 1488//905 1542//905 1540//906 
f 1486//906 1540//906 1528//907 
f 1489//907 1528//907 1527//908 
f 1513//908 1527//908 1530//909 
f 1507//909 1530//909 1529//910 
f 1514//910 1529//910 1531//911 
f 1508//911 1531//911 1523//912 
f 1509//912 1523//912 1526//913 
f 1510//913 1526//913 1525//914 
f 1515//914 1525//914 1524//915 
f 1511//915 1524//915 1554//916 
f 1512//916 1554//916 1553//917 
f 1553//917 1490//917 1512//916 
f 1554//916 1512//916 1511//915 
f 1524//915 1511//915 1515//914 
f 1525//914 1515//914 1510//913 
f 1526//913 1510//913 1509//912 
f 1523//912 1509//912 1508//911 
f 1531//911 1508//911 1514//910 
f 1529//910 1514//910 1507//909 
f 1530//909 1507//909 1513//908 
f 1527//908 1513//908 1489//907 
f 1528//907 1489//907 1486//906 
f 1540//906 1486//906 1488//905 
f 1542//905 1488//905 1493//904 
f 1538//904 1493//904 1492//903 
f 1539//903 1492//903 1497//902 
f 1541//902 1497//902 1496//901 
f 1536//901 1496//901 1495//900 
f 1537//900 1495//900 1498//899 
f 1534//899 1498//899 1494//898 
f 1535//898 1494//898 1491//897 
f 1532//897 1491//897 1487//896 
f 1533//896 1487//896 1405//895 
o mesh41
f 1521//917 1558//917 1559//918 
f 1519//918 1559//918 1546//919 
f 1520//919 1546//919 1545//920 
f 1522//920 1545//920 1547//921 
f 1517//921 1547//921 1544//922 
f 1518//922 1544//922 1543//923 
f 1516//923 1543//923 1555//924 
f 1503//924 1555//924 1549//925 
f 1504//925 1549//925 1548//926 
f 1505//926 1548//926 1557//927 
f 1506//927 1557//927 1556//928 
f 1501//928 1556//928 1551//929 
f 1502//929 1551//929 1550//930 
f 1500//930 1550//930 1552//931 
f 1499//931 1552//931 1485//932 
f 1485//932 1484//932 1499//931 
f 1552//931 1499//931 1500//930 
f 1550//930 1500//930 1502//929 
f 1551//929 1502//929 1501//928 
f 1556//928 1501//928 1506//927 
f 1557//927 1506//927 1505//926 
f 1548//926 1505//926 1504//925 
f 1549//925 1504//925 1503//924 
f 1555//924 1503//924 1516//923 
f 1543//923 1516//923 1518//922 
f 1544//922 1518//922 1517//921 
f 1547//921 1517//921 1522//920 
f 1545//920 1522//920 1520//919 
f 1546//919 1520//919 1519//918 
f 1559//918 1519//918 1521//917 
