# OBJ generated by ONSHAPE BY PTC INC, 1.221 Units = meters
mtllib MunchMoir - Switch.mtl
g Switch
v -0.00179829 0.00322149 0.00105 
v -0.0018 0.0033 0.00105 
v -0.0018 0.0033 0.00325 
v -0.00179315 0.00314312 0.00105 
v -0.00179829 0.00322149 0.00325 
v -0.0017846 0.00306505 0.00105 
v -0.00179315 0.00314312 0.00325 
v -0.00177265 0.00298743 0.00105 
v -0.0017846 0.00306505 0.00325 
v -0.00175733 0.00291041 0.00105 
v -0.00177265 0.00298743 0.00325 
v -0.00173867 0.00283413 0.00105 
v -0.00175733 0.00291041 0.00325 
v -0.00171669 0.00275873 0.00105 
v -0.00173867 0.00283413 0.00325 
v -0.00169145 0.00268436 0.00105 
v -0.00171669 0.00275873 0.00325 
v -0.00166298 0.00261117 0.00105 
v -0.00169145 0.00268436 0.00325 
v -0.00163135 0.00253929 0.00105 
v -0.00166298 0.00261117 0.00325 
v -0.00159662 0.00246885 0.00105 
v -0.00163135 0.00253929 0.00325 
v -0.00155885 0.0024 0.00105 
v -0.00159662 0.00246885 0.00325 
v -0.0015181 0.00233286 0.00105 
v -0.00155885 0.0024 0.00325 
v -0.00147447 0.00226756 0.00105 
v -0.0015181 0.00233286 0.00325 
v -0.00142804 0.00220423 0.00105 
v -0.00147447 0.00226756 0.00325 
v -0.00137888 0.00214298 0.00105 
v -0.00142804 0.00220423 0.00325 
v -0.0013271 0.00208394 0.00105 
v -0.00137888 0.00214298 0.00325 
v -0.00127279 0.00202721 0.00105 
v -0.0013271 0.00208394 0.00325 
v -0.00121606 0.0019729 0.00105 
v -0.00127279 0.00202721 0.00325 
v -0.00115702 0.00192112 0.00105 
v -0.00121606 0.0019729 0.00325 
v -0.00109577 0.00187196 0.00105 
v -0.00115702 0.00192112 0.00325 
v -0.00103244 0.00182553 0.00105 
v -0.00109577 0.00187196 0.00325 
v -0.000967139 0.0017819 0.00105 
v -0.00103244 0.00182553 0.00325 
v -0.0009 0.00174115 0.00105 
v -0.000967139 0.0017819 0.00325 
v -0.000831148 0.00170338 0.00105 
v -0.0009 0.00174115 0.00325 
v -0.000760713 0.00166865 0.00105 
v -0.000831148 0.00170338 0.00325 
v -0.00068883 0.00163702 0.00105 
v -0.000760713 0.00166865 0.00325 
v -0.000615636 0.00160855 0.00105 
v -0.00068883 0.00163702 0.00325 
v -0.00054127 0.00158331 0.00105 
v -0.000615636 0.00160855 0.00325 
v -0.000465874 0.00156133 0.00105 
v -0.00054127 0.00158331 0.00325 
v -0.000389591 0.00154267 0.00105 
v -0.000465874 0.00156133 0.00325 
v -0.000312567 0.00152735 0.00105 
v -0.000389591 0.00154267 0.00325 
v -0.000234947 0.0015154 0.00105 
v -0.000312567 0.00152735 0.00325 
v -0.00015688 0.00150685 0.00105 
v -0.000234947 0.0015154 0.00325 
v -7.85149e-05 0.00150171 0.00105 
v -0.00015688 0.00150685 0.00325 
v 8.32426e-18 0.0015 0.00105 
v -7.85149e-05 0.00150171 0.00325 
v 7.85149e-05 0.00150171 0.00105 
v 3.30655e-19 0.0015 0.00325 
v 0.00015688 0.00150685 0.00105 
v 7.85149e-05 0.00150171 0.00325 
v 0.000234947 0.0015154 0.00105 
v 0.00015688 0.00150685 0.00325 
v 0.000312567 0.00152735 0.00105 
v 0.000234947 0.0015154 0.00325 
v 0.000389591 0.00154267 0.00105 
v 0.000312567 0.00152735 0.00325 
v 0.000465874 0.00156133 0.00105 
v 0.000389591 0.00154267 0.00325 
v 0.00054127 0.00158331 0.00105 
v 0.000465874 0.00156133 0.00325 
v 0.000615636 0.00160855 0.00105 
v 0.00054127 0.00158331 0.00325 
v 0.00068883 0.00163702 0.00105 
v 0.000615636 0.00160855 0.00325 
v 0.000760713 0.00166865 0.00105 
v 0.00068883 0.00163702 0.00325 
v 0.000831148 0.00170338 0.00105 
v 0.000760713 0.00166865 0.00325 
v 0.0009 0.00174115 0.00105 
v 0.000831148 0.00170338 0.00325 
v 0.000967139 0.0017819 0.00105 
v 0.0009 0.00174115 0.00325 
v 0.00103244 0.00182553 0.00105 
v 0.000967139 0.0017819 0.00325 
v 0.00109577 0.00187196 0.00105 
v 0.00103244 0.00182553 0.00325 
v 0.00115702 0.00192112 0.00105 
v 0.00109577 0.00187196 0.00325 
v 0.00121606 0.0019729 0.00105 
v 0.00115702 0.00192112 0.00325 
v 0.00127279 0.00202721 0.00105 
v 0.00121606 0.0019729 0.00325 
v 0.0013271 0.00208394 0.00105 
v 0.00127279 0.00202721 0.00325 
v 0.00137888 0.00214298 0.00105 
v 0.0013271 0.00208394 0.00325 
v 0.00142804 0.00220423 0.00105 
v 0.00137888 0.00214298 0.00325 
v 0.00147447 0.00226756 0.00105 
v 0.00142804 0.00220423 0.00325 
v 0.0015181 0.00233286 0.00105 
v 0.00147447 0.00226756 0.00325 
v 0.00155885 0.0024 0.00105 
v 0.0015181 0.00233286 0.00325 
v 0.00159662 0.00246885 0.00105 
v 0.00155885 0.0024 0.00325 
v 0.00163135 0.00253929 0.00105 
v 0.00159662 0.00246885 0.00325 
v 0.00166298 0.00261117 0.00105 
v 0.00163135 0.00253929 0.00325 
v 0.00169145 0.00268436 0.00105 
v 0.00166298 0.00261117 0.00325 
v 0.00171669 0.00275873 0.00105 
v 0.00169145 0.00268436 0.00325 
v 0.00173867 0.00283413 0.00105 
v 0.00171669 0.00275873 0.00325 
v 0.00175733 0.00291041 0.00105 
v 0.00173867 0.00283413 0.00325 
v 0.00177265 0.00298743 0.00105 
v 0.00175733 0.00291041 0.00325 
v 0.0017846 0.00306505 0.00105 
v 0.00177265 0.00298743 0.00325 
v 0.00179315 0.00314312 0.00105 
v 0.0017846 0.00306505 0.00325 
v 0.00179829 0.00322149 0.00105 
v 0.00179315 0.00314312 0.00325 
v 0.0018 0.0033 0.00105 
v 0.00179829 0.00322149 0.00325 
v 0.00179829 0.00337851 0.00105 
v 0.0018 0.0033 0.00325 
v 0.00179315 0.00345688 0.00105 
v 0.00179829 0.00337851 0.00325 
v 0.0017846 0.00353495 0.00105 
v 0.00179315 0.00345688 0.00325 
v 0.00177265 0.00361257 0.00105 
v 0.0017846 0.00353495 0.00325 
v 0.00175733 0.00368959 0.00105 
v 0.00177265 0.00361257 0.00325 
v 0.00173867 0.00376587 0.00105 
v 0.00175733 0.00368959 0.00325 
v 0.00171669 0.00384127 0.00105 
v 0.00173867 0.00376587 0.00325 
v 0.00169145 0.00391564 0.00105 
v 0.00171669 0.00384127 0.00325 
v 0.00166298 0.00398883 0.00105 
v 0.00169145 0.00391564 0.00325 
v 0.00163135 0.00406071 0.00105 
v 0.00166298 0.00398883 0.00325 
v 0.00159662 0.00413115 0.00105 
v 0.00163135 0.00406071 0.00325 
v 0.00155885 0.0042 0.00105 
v 0.00159662 0.00413115 0.00325 
v 0.0015181 0.00426714 0.00105 
v 0.00155885 0.0042 0.00325 
v 0.00147447 0.00433244 0.00105 
v 0.0015181 0.00426714 0.00325 
v 0.00142804 0.00439577 0.00105 
v 0.00147447 0.00433244 0.00325 
v 0.00137888 0.00445702 0.00105 
v 0.00142804 0.00439577 0.00325 
v 0.0013271 0.00451606 0.00105 
v 0.00137888 0.00445702 0.00325 
v 0.00127279 0.00457279 0.00105 
v 0.0013271 0.00451606 0.00325 
v 0.00121606 0.0046271 0.00105 
v 0.00127279 0.00457279 0.00325 
v 0.00115702 0.00467888 0.00105 
v 0.00121606 0.0046271 0.00325 
v 0.00109577 0.00472804 0.00105 
v 0.00115702 0.00467888 0.00325 
v 0.00103244 0.00477447 0.00105 
v 0.00109577 0.00472804 0.00325 
v 0.000967139 0.0048181 0.00105 
v 0.00103244 0.00477447 0.00325 
v 0.0009 0.00485885 0.00105 
v 0.000967139 0.0048181 0.00325 
v 0.000831148 0.00489662 0.00105 
v 0.0009 0.00485885 0.00325 
v 0.000760713 0.00493135 0.00105 
v 0.000831148 0.00489662 0.00325 
v 0.00068883 0.00496298 0.00105 
v 0.000760713 0.00493135 0.00325 
v 0.000615636 0.00499145 0.00105 
v 0.00068883 0.00496298 0.00325 
v 0.00054127 0.00501669 0.00105 
v 0.000615636 0.00499145 0.00325 
v 0.000465874 0.00503867 0.00105 
v 0.00054127 0.00501669 0.00325 
v 0.000389591 0.00505733 0.00105 
v 0.000465874 0.00503867 0.00325 
v 0.000312567 0.00507265 0.00105 
v 0.000389591 0.00505733 0.00325 
v 0.000234947 0.0050846 0.00105 
v 0.000312567 0.00507265 0.00325 
v 0.00015688 0.00509315 0.00105 
v 0.000234947 0.0050846 0.00325 
v 7.85149e-05 0.00509829 0.00105 
v 0.00015688 0.00509315 0.00325 
v -2.10862e-18 0.0051 0.00105 
v 7.85149e-05 0.00509829 0.00325 
v -7.85149e-05 0.00509829 0.00105 
v -1.10218e-19 0.0051 0.00325 
v -0.00015688 0.00509315 0.00105 
v -7.85149e-05 0.00509829 0.00325 
v -0.000234947 0.0050846 0.00105 
v -0.00015688 0.00509315 0.00325 
v -0.000312567 0.00507265 0.00105 
v -0.000234947 0.0050846 0.00325 
v -0.000389591 0.00505733 0.00105 
v -0.000312567 0.00507265 0.00325 
v -0.000465874 0.00503867 0.00105 
v -0.000389591 0.00505733 0.00325 
v -0.00054127 0.00501669 0.00105 
v -0.000465874 0.00503867 0.00325 
v -0.000615636 0.00499145 0.00105 
v -0.00054127 0.00501669 0.00325 
v -0.00068883 0.00496298 0.00105 
v -0.000615636 0.00499145 0.00325 
v -0.000760713 0.00493135 0.00105 
v -0.00068883 0.00496298 0.00325 
v -0.000831148 0.00489662 0.00105 
v -0.000760713 0.00493135 0.00325 
v -0.0009 0.00485885 0.00105 
v -0.000831148 0.00489662 0.00325 
v -0.000967139 0.0048181 0.00105 
v -0.0009 0.00485885 0.00325 
v -0.00103244 0.00477447 0.00105 
v -0.000967139 0.0048181 0.00325 
v -0.00109577 0.00472804 0.00105 
v -0.00103244 0.00477447 0.00325 
v -0.00115702 0.00467888 0.00105 
v -0.00109577 0.00472804 0.00325 
v -0.00121606 0.0046271 0.00105 
v -0.00115702 0.00467888 0.00325 
v -0.00127279 0.00457279 0.00105 
v -0.00121606 0.0046271 0.00325 
v -0.0013271 0.00451606 0.00105 
v -0.00127279 0.00457279 0.00325 
v -0.00137888 0.00445702 0.00105 
v -0.0013271 0.00451606 0.00325 
v -0.00142804 0.00439577 0.00105 
v -0.00137888 0.00445702 0.00325 
v -0.00147447 0.00433244 0.00105 
v -0.00142804 0.00439577 0.00325 
v -0.0015181 0.00426714 0.00105 
v -0.00147447 0.00433244 0.00325 
v -0.00155885 0.0042 0.00105 
v -0.0015181 0.00426714 0.00325 
v -0.00159662 0.00413115 0.00105 
v -0.00155885 0.0042 0.00325 
v -0.00163135 0.00406071 0.00105 
v -0.00159662 0.00413115 0.00325 
v -0.00166298 0.00398883 0.00105 
v -0.00163135 0.00406071 0.00325 
v -0.00169145 0.00391564 0.00105 
v -0.00166298 0.00398883 0.00325 
v -0.00171669 0.00384127 0.00105 
v -0.00169145 0.00391564 0.00325 
v -0.00173867 0.00376587 0.00105 
v -0.00171669 0.00384127 0.00325 
v -0.00175733 0.00368959 0.00105 
v -0.00173867 0.00376587 0.00325 
v -0.00177265 0.00361257 0.00105 
v -0.00175733 0.00368959 0.00325 
v -0.0017846 0.00353495 0.00105 
v -0.00177265 0.00361257 0.00325 
v -0.00179315 0.00345688 0.00105 
v -0.0017846 0.00353495 0.00325 
v -0.00179829 0.00337851 0.00105 
v -0.00179315 0.00345688 0.00325 
v -0.00179829 0.00337851 0.00325 
v -0.00255 0.0033 0.0003 
v -0.00254757 0.00341123 0.0003 
v -0.0025403 0.00352225 0.0003 
v -0.00252818 0.00363284 0.0003 
v -0.00251126 0.0037428 0.0003 
v -0.00248955 0.00385192 0.0003 
v -0.00246311 0.00395999 0.0003 
v -0.00243198 0.0040668 0.0003 
v -0.00239622 0.00417215 0.0003 
v -0.00235589 0.00427584 0.0003 
v -0.00231108 0.00437768 0.0003 
v -0.00226188 0.00447746 0.0003 
v -0.00220836 0.004575 0.0003 
v -0.00215065 0.00467011 0.0003 
v -0.00208884 0.00476262 0.0003 
v -0.00202305 0.00485234 0.0003 
v -0.00195341 0.00493911 0.0003 
v -0.00188006 0.00502276 0.0003 
v -0.00180312 0.00510312 0.0003 
v -0.00172276 0.00518006 0.0003 
v -0.00163911 0.00525341 0.0003 
v -0.00155234 0.00532305 0.0003 
v -0.00146262 0.00538884 0.0003 
v -0.00137011 0.00545065 0.0003 
v -0.001275 0.00550836 0.0003 
v -0.00117746 0.00556188 0.0003 
v -0.00107768 0.00561108 0.0003 
v -0.000975843 0.00565589 0.0003 
v -0.000872151 0.00569622 0.0003 
v -0.0007668 0.00573198 0.0003 
v -0.000659989 0.00576311 0.0003 
v -0.000551921 0.00578955 0.0003 
v -0.000442803 0.00581126 0.0003 
v -0.000332842 0.00582818 0.0003 
v -0.000222247 0.0058403 0.0003 
v -0.000111229 0.00584757 0.0003 
v -2.98721e-18 0.00585 0.0003 
v 0.000111229 0.00584757 0.0003 
v 0.000222247 0.0058403 0.0003 
v 0.000332842 0.00582818 0.0003 
v 0.000442803 0.00581126 0.0003 
v 0.000551921 0.00578955 0.0003 
v 0.000659989 0.00576311 0.0003 
v 0.0007668 0.00573198 0.0003 
v 0.000872151 0.00569622 0.0003 
v 0.000975843 0.00565589 0.0003 
v 0.00107768 0.00561108 0.0003 
v 0.00117746 0.00556188 0.0003 
v 0.001275 0.00550836 0.0003 
v 0.00137011 0.00545065 0.0003 
v 0.00146262 0.00538884 0.0003 
v 0.00155234 0.00532305 0.0003 
v 0.00163911 0.00525341 0.0003 
v 0.00172276 0.00518006 0.0003 
v 0.00180312 0.00510312 0.0003 
v 0.00188006 0.00502276 0.0003 
v 0.00195341 0.00493911 0.0003 
v 0.00202305 0.00485234 0.0003 
v 0.00208884 0.00476262 0.0003 
v 0.00215065 0.00467011 0.0003 
v 0.00220836 0.004575 0.0003 
v 0.00226188 0.00447746 0.0003 
v 0.00231108 0.00437768 0.0003 
v 0.00235589 0.00427584 0.0003 
v 0.00239622 0.00417215 0.0003 
v 0.00243198 0.0040668 0.0003 
v 0.00246311 0.00395999 0.0003 
v 0.00248955 0.00385192 0.0003 
v 0.00251126 0.0037428 0.0003 
v 0.00252818 0.00363284 0.0003 
v 0.0025403 0.00352225 0.0003 
v 0.00254757 0.00341123 0.0003 
v 0.00255 0.0033 0.0003 
v 0.00254757 0.00318877 0.0003 
v 0.0025403 0.00307775 0.0003 
v 0.00252818 0.00296716 0.0003 
v 0.00251126 0.0028572 0.0003 
v 0.00248955 0.00274808 0.0003 
v 0.00246311 0.00264001 0.0003 
v 0.00243198 0.0025332 0.0003 
v 0.00239622 0.00242785 0.0003 
v 0.00235589 0.00232416 0.0003 
v 0.00231108 0.00222232 0.0003 
v 0.00226188 0.00212254 0.0003 
v 0.00220836 0.002025 0.0003 
v 0.00215065 0.00192989 0.0003 
v 0.00208884 0.00183738 0.0003 
v 0.00202305 0.00174766 0.0003 
v 0.00195341 0.00166089 0.0003 
v 0.00188006 0.00157724 0.0003 
v 0.00180312 0.00149688 0.0003 
v 0.00172276 0.00141994 0.0003 
v 0.00163911 0.00134659 0.0003 
v 0.00155234 0.00127695 0.0003 
v 0.00146262 0.00121116 0.0003 
v 0.00137011 0.00114935 0.0003 
v 0.001275 0.00109164 0.0003 
v 0.00117746 0.00103812 0.0003 
v 0.00107768 0.000988915 0.0003 
v 0.000975843 0.000944107 0.0003 
v 0.000872151 0.000903784 0.0003 
v 0.0007668 0.000868022 0.0003 
v 0.000659989 0.000836889 0.0003 
v 0.000551921 0.000810445 0.0003 
v 0.000442803 0.00078874 0.0003 
v 0.000332842 0.000771816 0.0003 
v 0.000222247 0.000759704 0.0003 
v 0.000111229 0.000752427 0.0003 
v 1.17927e-17 0.00075 0.0003 
v -0.000111229 0.000752427 0.0003 
v -0.000222247 0.000759704 0.0003 
v -0.000332842 0.000771816 0.0003 
v -0.000442803 0.00078874 0.0003 
v -0.000551921 0.000810445 0.0003 
v -0.000659989 0.000836889 0.0003 
v -0.0007668 0.000868022 0.0003 
v -0.000872151 0.000903784 0.0003 
v -0.000975843 0.000944107 0.0003 
v -0.00107768 0.000988915 0.0003 
v -0.00117746 0.00103812 0.0003 
v -0.001275 0.00109164 0.0003 
v -0.00137011 0.00114935 0.0003 
v -0.00146262 0.00121116 0.0003 
v -0.00155234 0.00127695 0.0003 
v -0.00163911 0.00134659 0.0003 
v -0.00172276 0.00141994 0.0003 
v -0.00180312 0.00149688 0.0003 
v -0.00188006 0.00157724 0.0003 
v -0.00195341 0.00166089 0.0003 
v -0.00202305 0.00174766 0.0003 
v -0.00208884 0.00183738 0.0003 
v -0.00215065 0.00192989 0.0003 
v -0.00220836 0.002025 0.0003 
v -0.00226188 0.00212254 0.0003 
v -0.00231108 0.00222232 0.0003 
v -0.00235589 0.00232416 0.0003 
v -0.00239622 0.00242785 0.0003 
v -0.00243198 0.0025332 0.0003 
v -0.00246311 0.00264001 0.0003 
v -0.00248955 0.00274808 0.0003 
v -0.00251126 0.0028572 0.0003 
v -0.00252818 0.00296716 0.0003 
v -0.0025403 0.00307775 0.0003 
v -0.00254757 0.00318877 0.0003 
v -0.00349335 -0.00519015 0.00325 
v -0.00171311 -0.00559633 0.00325 
v -0.00168792 -0.00552212 0.00325 
v -0.00127014 -0.00486633 0.00325 
v -0.00290509 -0.00273912 0.00325 
v -0.00313623 -0.00352665 0.00325 
v -0.00142506 -0.00504299 0.00325 
v -0.001376 -0.00498187 0.00325 
v -0.00329762 -0.004168 0.00325 
v -0.00341222 -0.00471256 0.00325 
v -0.00256205 -0.00171841 0.00325 
v -0.00103028 -0.00466507 0.00325 
v -0.000965123 -0.00462153 0.00325 
v -0.00132433 -0.00492294 0.00325 
v -0.0014714 -0.00510619 0.00325 
v -0.0015556 -0.00523835 0.00325 
v -0.00151494 -0.00517135 0.00325 
v -0.00159329 -0.00530706 0.00325 
v -0.00173504 -0.00567157 0.00325 
v -0.000898123 -0.00458088 0.00325 
v -0.00121353 -0.00481214 0.00325 
v -0.00162795 -0.00537734 0.00325 
v -0.00175367 -0.00574769 0.00325 
v -0.00358762 -0.00605743 0.00325 
v -0.00179454 -0.00605812 0.00325 
v -0.00178941 -0.00597992 0.00325 
v -0.00360555 -0.00646111 0.00325 
v -0.00179454 -0.00621482 0.00325 
v -0.00168792 -0.00675082 0.00325 
v -0.00171311 -0.00667661 0.00325 
v -0.00359126 -0.00720585 0.00325 
v -0.0015556 -0.00703459 0.00325 
v -0.00159329 -0.00696589 0.00325 
v -0.00352289 -0.00787946 0.00325 
v -0.00109349 -0.00471141 0.00325 
v -0.00115461 -0.00476047 0.00325 
v -0.00165952 -0.00544908 0.00325 
v -0.00354916 -0.00562012 0.00325 
v -0.00176896 -0.00582456 0.00325 
v -0.00178088 -0.00590201 0.00325 
v -0.00179625 -0.00613647 0.00325 
v -0.00178941 -0.00629302 0.00325 
v -0.00356172 -0.00756249 0.00325 
v -0.00165952 -0.00682386 0.00325 
v -0.00162795 -0.0068956 0.00325 
v -0.00346486 -0.00823723 0.00325 
v -0.00151494 -0.00710159 0.00325 
v -0.00360614 -0.00684105 0.00325 
v -0.00176896 -0.00644839 0.00325 
v -0.00178088 -0.00637093 0.00325 
v -0.00173504 -0.00660137 0.00325 
v -0.00175367 -0.00652525 0.00325 
v -0.001376 -0.00729108 0.00325 
v -0.00142506 -0.00722996 0.00325 
v -0.00338995 -0.00860391 0.00325 
v -0.000687394 -0.00447696 0.00325 
v -0.0019 9.10347e-06 0.00325 
v -0.0014714 -0.00716676 0.00325 
v -0.00329567 -0.00898624 0.00325 
v -0.00351074 0.0018458 0.00325 
v -0.00344397 0.00169405 0.00325 
v 0.00354916 -0.00562012 0.00325 
v 0.00349335 -0.00519015 0.00325 
v 0.00175367 -0.00574769 0.00325 
v 0.00171311 -0.00559633 0.00325 
v 0.00173504 -0.00567157 0.00325 
v 0.00341222 -0.00471256 0.00325 
v 0.00168792 -0.00552212 0.00325 
v 0.00162795 -0.00537734 0.00325 
v 0.00165952 -0.00544908 0.00325 
v 0.00159329 -0.00530706 0.00325 
v -0.000829414 -0.00454318 0.00325 
v -0.000759127 -0.00450852 0.00325 
v -0.00367052 0.00428351 0.00325 
v -0.00370992 0.00412247 0.00325 
v -0.00374227 0.00395986 0.00325 
v -0.00376749 0.003796 0.00325 
v -0.00362412 0.00215732 0.00325 
v -0.00357083 0.00200032 0.00325 
v -0.00337064 0.00154536 0.00325 
v 0.00176896 -0.00582456 0.00325 
v 0.00178088 -0.00590201 0.00325 
v 0.00329762 -0.004168 0.00325 
v 0.0015556 -0.00523835 0.00325 
v 0.0014714 -0.00510619 0.00325 
v 0.00151494 -0.00517135 0.00325 
v 0.00142506 -0.00504299 0.00325 
v -0.00357083 0.00459968 0.00325 
v -0.00362412 0.00444268 0.00325 
v 0.00358762 -0.00605743 0.00325 
v 0.00178941 -0.00597992 0.00325 
v 0.00313623 -0.00352665 0.00325 
v 0.00132433 -0.00492294 0.00325 
v 0.001376 -0.00498187 0.00325 
v 0.00127014 -0.00486633 0.00325 
v -0.000540142 -0.00442336 0.00325 
v -0.000464903 -0.00440143 0.00325 
v -0.000614353 -0.00444855 0.00325 
v -0.00127014 -0.00740661 0.00325 
v -0.00132433 -0.00735 0.00325 
v -0.000614353 -0.00782439 0.00325 
v -0.000687394 -0.00779599 0.00325 
v -0.00231481 -0.011517 0.00325 
v -0.00378554 0.00363119 0.00325 
v -0.00379638 0.00346575 0.00325 
v -0.00378554 0.00296881 0.00325 
v -0.00376749 0.002804 0.00325 
v -0.00370992 0.00247753 0.00325 
v -0.00367052 0.00231649 0.00325 
v -0.0032909 0.0014 0.00325 
v -0.00231329 0.000285257 0.00325 
v -0.00217959 0.000187222 0.00325 
v 0.00351074 0.0018458 0.00325 
v 0.00357083 0.00200032 0.00325 
v 0.00179454 -0.00605812 0.00325 
v 0.00290509 -0.00273912 0.00325 
v 0.00121353 -0.00481214 0.00325 
v -0.000311915 -0.00436751 0.00325 
v -0.000234457 -0.00435559 0.00325 
v -0.000388779 -0.0043828 0.00325 
v -0.00317825 -0.00939205 0.00325 
v -0.00115461 -0.00751248 0.00325 
v -0.00121353 -0.0074608 0.00325 
v -0.000898123 -0.00769207 0.00325 
v -0.000965123 -0.00765141 0.00325 
v -0.00284915 -0.0103174 0.00325 
v -0.000759127 -0.00776442 0.00325 
v -0.000829414 -0.00772976 0.00325 
v -0.00261669 -0.0108696 0.00325 
v -0.00190991 -0.0123074 0.00325 
v -0.000156553 -0.00792588 0.00325 
v -0.000234457 -0.00791735 0.00325 
v -0.00134071 -0.013326 0.00325 
v -0.00280165 0.00586724 0.00325 
v -0.00291097 0.00574259 0.00325 
v -0.00301474 0.00561329 0.00325 
v -0.00311278 0.00547959 0.00325 
v -0.00320489 0.00534174 0.00325 
v -0.0032909 0.0052 0.00325 
v -0.0038 0.0033 0.00325 
v -0.00379638 0.00313425 0.00325 
v -0.00374227 0.00264014 0.00325 
v -0.00244259 0.000389031 0.00325 
v 0.00362412 0.00215732 0.00325 
v 0.00367052 0.00231649 0.00325 
v 0.00370992 0.00247753 0.00325 
v 0.00374227 0.00264014 0.00325 
v 0.00376749 0.002804 0.00325 
v 0.00374227 0.00395986 0.00325 
v 0.00370992 0.00412247 0.00325 
v 0.00103028 -0.00466507 0.00325 
v 0.00109349 -0.00471141 0.00325 
v -0.00303215 -0.0098313 0.00325 
v -0.00103028 -0.00760787 0.00325 
v -0.00109349 -0.00756153 0.00325 
v -0.000540142 -0.00784958 0.00325 
v -0.000388779 -0.00789014 0.00325 
v -0.000464903 -0.00787151 0.00325 
v -0.000261764 -0.0150919 0.00325 
v 3.29965e-19 -0.00793272 0.00325 
v -7.83512e-05 -0.00793101 0.00325 
v 0.00173504 -0.00660137 0.00325 
v 0.00359126 -0.00720585 0.00325 
v 0.00360614 -0.00684105 0.00325 
v 0.00360555 -0.00646111 0.00325 
v 0.00178088 -0.00637093 0.00325 
v -0.00337064 0.00505464 0.00325 
v -0.00204174 9.51125e-05 0.00325 
v 0.00378554 0.00363119 0.00325 
v 0.00376749 0.003796 0.00325 
v 0.00367052 0.00428351 0.00325 
v 0.00362412 0.00444268 0.00325 
v 0.00357083 0.00459968 0.00325 
v 0.00256205 -0.00171841 0.00325 
v -0.000156553 -0.00434706 0.00325 
v -7.83512e-05 -0.00434193 0.00325 
v -0.000311915 -0.00790543 0.00325 
v 0 -0.0155 0.00325 
v 0.000898123 -0.00769207 0.00325 
v 0.00261669 -0.0108696 0.00325 
v 0.00284915 -0.0103174 0.00325 
v 0.00103028 -0.00760787 0.00325 
v 0.00303215 -0.0098313 0.00325 
v 0.0015556 -0.00703459 0.00325 
v 0.00346486 -0.00823723 0.00325 
v 0.00352289 -0.00787946 0.00325 
v 0.00162795 -0.0068956 0.00325 
v 0.00356172 -0.00756249 0.00325 
v 0.00168792 -0.00675082 0.00325 
v 0.00176896 -0.00644839 0.00325 
v 0.00175367 -0.00652525 0.00325 
v 0.00178941 -0.00629302 0.00325 
v 0.00179625 -0.00613647 0.00325 
v 0.00179454 -0.00621482 0.00325 
v -0.00344397 0.00490595 0.00325 
v -0.00351074 0.0047542 0.00325 
v -0.00320489 0.00125826 0.00325 
v -0.00311278 0.00112041 0.00325 
v -0.00301474 0.000986707 0.00325 
v -0.00291097 0.000857407 0.00325 
v 0.00378554 0.00296881 0.00325 
v 0.00379638 0.00313425 0.00325 
v 0.00351074 0.0047542 0.00325 
v 0.00115461 -0.00476047 0.00325 
v 0.000965123 -0.00462153 0.00325 
v 0.0019 9.10347e-06 0.00325 
v 0.000388779 -0.0043828 0.00325 
v 0.000464903 -0.00440143 0.00325 
v 0.000965123 -0.00765141 0.00325 
v 0.00115461 -0.00751248 0.00325 
v 0.00109349 -0.00756153 0.00325 
v 0.00317825 -0.00939205 0.00325 
v 0.00127014 -0.00740661 0.00325 
v 0.00329567 -0.00898624 0.00325 
v 0.0014714 -0.00716676 0.00325 
v 0.00338995 -0.00860391 0.00325 
v 0.00159329 -0.00696589 0.00325 
v 0.00165952 -0.00682386 0.00325 
v 0.00171311 -0.00667661 0.00325 
v -0.00268701 0.00598701 0.00325 
v -0.00280165 0.000732757 0.00325 
v 0.00344397 0.00490595 0.00325 
v 0.00337064 0.00505464 0.00325 
v 0.000829414 -0.00454318 0.00325 
v 0.000898123 -0.00458088 0.00325 
v 0.000687394 -0.00447696 0.00325 
v 0.000759127 -0.00450852 0.00325 
v 0.000311915 -0.00436751 0.00325 
v 0.000156553 -0.00434706 0.00325 
v 0.000234457 -0.00435559 0.00325 
v -1.09988e-19 -0.00434022 0.00325 
v 0.000261764 -0.0150919 0.00325 
v 0.00121353 -0.0074608 0.00325 
v 0.001376 -0.00729108 0.00325 
v 0.00132433 -0.00735 0.00325 
v 0.00151494 -0.00710159 0.00325 
v -0.00268701 0.000612994 0.00325 
v -0.00256724 0.000498346 0.00325 
v 0.0038 0.0033 0.00325 
v -2.1684e-18 0.00897709 0.00325 
v -0.00268701 0.00629009 0.00325 
v 0.00291097 0.00574259 0.00325 
v 0.00280165 0.00586724 0.00325 
v 0.00280165 0.000732757 0.00325 
v 0.00291097 0.000857407 0.00325 
v 7.83512e-05 -0.00434193 0.00325 
v 0.000156553 -0.00792588 0.00325 
v 7.83512e-05 -0.00793101 0.00325 
v 0.000388779 -0.00789014 0.00325 
v 0.00134071 -0.013326 0.00325 
v 0.00190991 -0.0123074 0.00325 
v 0.00142506 -0.00722996 0.00325 
v 0.00268701 0.00598701 0.00325 
v 0.00268701 0.00629009 0.00325 
v 0.00379638 0.00346575 0.00325 
v 0.0032909 0.0052 0.00325 
v 0.00320489 0.00534174 0.00325 
v 0.0032909 0.0014 0.00325 
v 0.00337064 0.00154536 0.00325 
v 0.00268701 0.000612994 0.00325 
v 0.000540142 -0.00442336 0.00325 
v 0.000614353 -0.00444855 0.00325 
v 0.000540142 -0.00784958 0.00325 
v 0.000464903 -0.00787151 0.00325 
v 0.000614353 -0.00782439 0.00325 
v 0.00231481 -0.011517 0.00325 
v 0.000759127 -0.00776442 0.00325 
v 0.00311278 0.00547959 0.00325 
v 0.00301474 0.00561329 0.00325 
v 0.00320489 0.00125826 0.00325 
v 0.00301474 0.000986707 0.00325 
v 0.00311278 0.00112041 0.00325 
v 0.00256724 0.000498346 0.00325 
v 0.00231329 0.000285257 0.00325 
v 0.00244259 0.000389031 0.00325 
v 0.00204174 9.51125e-05 0.00325 
v 0.000311915 -0.00790543 0.00325 
v 0.000234457 -0.00791735 0.00325 
v 0.000687394 -0.00779599 0.00325 
v 0.000829414 -0.00772976 0.00325 
v 0.00217959 0.000187222 0.00325 
v 0.00344397 0.00169405 0.00325 
v -0.00349335 -0.00519015 0.0003 
v -0.00341222 -0.00471256 0.0003 
v -0.00168792 -0.00552212 0.0003 
v -0.00165952 -0.00544908 0.0003 
v -0.00142506 -0.00504299 0.0003 
v -0.0014714 -0.00510619 0.0003 
v -0.00329762 -0.004168 0.0003 
v -0.00313623 -0.00352665 0.0003 
v -0.00132433 -0.00492294 0.0003 
v -0.001376 -0.00498187 0.0003 
v 0.00358762 -0.00605743 0.0003 
v 0.00179454 -0.00605812 0.0003 
v 0.00178941 -0.00597992 0.0003 
v 0.00360555 -0.00646111 0.0003 
v 0.00179454 -0.00621482 0.0003 
v 0.00360614 -0.00684105 0.0003 
v 0.00176896 -0.00644839 0.0003 
v 0.00178088 -0.00637093 0.0003 
v 0.00173504 -0.00660137 0.0003 
v 0.00175367 -0.00652525 0.0003 
v 0.00379638 0.00313425 0.0003 
v 0.00378554 0.00296881 0.0003 
v 0.00376749 0.002804 0.0003 
v 0.00357083 0.00200032 0.0003 
v 0.00351074 0.0018458 0.0003 
v 0.00344397 0.00169405 0.0003 
v 0.00337064 0.00154536 0.0003 
v 0.0032909 0.0014 0.0003 
v 0.00320489 0.00125826 0.0003 
v -0.00171311 -0.00559633 0.0003 
v -0.00159329 -0.00530706 0.0003 
v -0.00162795 -0.00537734 0.0003 
v -0.00151494 -0.00517135 0.0003 
v -0.00127014 -0.00486633 0.0003 
v 0.00179625 -0.00613647 0.0003 
v 0.00178941 -0.00629302 0.0003 
v 0.00359126 -0.00720585 0.0003 
v 0.00168792 -0.00675082 0.0003 
v 0.00171311 -0.00667661 0.0003 
v 0.00162795 -0.0068956 0.0003 
v 0.00165952 -0.00682386 0.0003 
v 0.00356172 -0.00756249 0.0003 
v 0.0015556 -0.00703459 0.0003 
v 0.00159329 -0.00696589 0.0003 
v 0.00352289 -0.00787946 0.0003 
v 0.0038 0.0033 0.0003 
v 0.00374227 0.00264014 0.0003 
v 0.00370992 0.00247753 0.0003 
v 0.00367052 0.00231649 0.0003 
v 0.00362412 0.00215732 0.0003 
v 0.00311278 0.00112041 0.0003 
v 0.00301474 0.000986707 0.0003 
v 0.00291097 0.000857407 0.0003 
v -0.00358762 -0.00605743 0.0003 
v -0.00354916 -0.00562012 0.0003 
v -0.00178941 -0.00597992 0.0003 
v -0.00176896 -0.00582456 0.0003 
v -0.00178088 -0.00590201 0.0003 
v -0.00175367 -0.00574769 0.0003 
v -0.00173504 -0.00567157 0.0003 
v -0.0015556 -0.00523835 0.0003 
v -0.00290509 -0.00273912 0.0003 
v -0.00121353 -0.00481214 0.0003 
v -0.00103028 -0.00466507 0.0003 
v -0.00109349 -0.00471141 0.0003 
v -0.00256205 -0.00171841 0.0003 
v -0.000898123 -0.00458088 0.0003 
v -0.000965123 -0.00462153 0.0003 
v 0.00159329 -0.00530706 0.0003 
v 0.00329762 -0.004168 0.0003 
v 0.00341222 -0.00471256 0.0003 
v 0.00168792 -0.00552212 0.0003 
v 0.00165952 -0.00544908 0.0003 
v 0.00349335 -0.00519015 0.0003 
v 0.00171311 -0.00559633 0.0003 
v 0.00175367 -0.00574769 0.0003 
v 0.00173504 -0.00567157 0.0003 
v 0.00354916 -0.00562012 0.0003 
v 0.00176896 -0.00582456 0.0003 
v 0.00346486 -0.00823723 0.0003 
v 0.00151494 -0.00710159 0.0003 
v 0.0014714 -0.00716676 0.0003 
v 0.00280165 0.000732757 0.0003 
v 0.00204174 9.51125e-05 0.0003 
v 0.0019 9.10347e-06 0.0003 
v -0.00179454 -0.00605812 0.0003 
v -0.00115461 -0.00476047 0.0003 
v 0.00313623 -0.00352665 0.0003 
v 0.00142506 -0.00504299 0.0003 
v 0.001376 -0.00498187 0.0003 
v 0.00162795 -0.00537734 0.0003 
v 0.00178088 -0.00590201 0.0003 
v 0.00338995 -0.00860391 0.0003 
v 0.00142506 -0.00722996 0.0003 
v 0.00370992 0.00412247 0.0003 
v 0.00374227 0.00395986 0.0003 
v 0.00376749 0.003796 0.0003 
v -0.000829414 -0.00454318 0.0003 
v 0.00103028 -0.00466507 0.0003 
v 0.00256205 -0.00171841 0.0003 
v 0.00290509 -0.00273912 0.0003 
v 0.00127014 -0.00486633 0.0003 
v 0.0014714 -0.00510619 0.0003 
v 0.0015556 -0.00523835 0.0003 
v 0.00151494 -0.00517135 0.0003 
v -0.0015556 -0.00703459 0.0003 
v -0.00346486 -0.00823723 0.0003 
v -0.00352289 -0.00787946 0.0003 
v -0.00168792 -0.00675082 0.0003 
v -0.00356172 -0.00756249 0.0003 
v -0.00359126 -0.00720585 0.0003 
v 0.00351074 0.0047542 0.0003 
v 0.00357083 0.00459968 0.0003 
v 0.00362412 0.00444268 0.0003 
v 0.00367052 0.00428351 0.0003 
v 0.00378554 0.00363119 0.0003 
v 0.00379638 0.00346575 0.0003 
v 0.00268701 0.000612994 0.0003 
v 0.00256724 0.000498346 0.0003 
v 0.00244259 0.000389031 0.0003 
v 0.00231329 0.000285257 0.0003 
v 0.00217959 0.000187222 0.0003 
v -0.000687394 -0.00447696 0.0003 
v -0.000759127 -0.00450852 0.0003 
v 0.00115461 -0.00476047 0.0003 
v 0.00109349 -0.00471141 0.0003 
v 0.00132433 -0.00492294 0.0003 
v -0.000614353 -0.00782439 0.0003 
v -0.00190991 -0.0123074 0.0003 
v -0.00231481 -0.011517 0.0003 
v -0.00159329 -0.00696589 0.0003 
v -0.00162795 -0.0068956 0.0003 
v -0.00171311 -0.00667661 0.0003 
v -0.0019 9.10347e-06 0.0003 
v -0.000388779 -0.0043828 0.0003 
v -0.000464903 -0.00440143 0.0003 
v -0.000311915 -0.00436751 0.0003 
v 0.000687394 -0.00447696 0.0003 
v 0.00103028 -0.00760787 0.0003 
v 0.00109349 -0.00756153 0.0003 
v 0.00303215 -0.0098313 0.0003 
v 0.000898123 -0.00769207 0.0003 
v 0.000965123 -0.00765141 0.0003 
v 0.00284915 -0.0103174 0.0003 
v -0.000156553 -0.00792588 0.0003 
v -0.000261764 -0.0150919 0.0003 
v -0.00134071 -0.013326 0.0003 
v -0.000759127 -0.00776442 0.0003 
v -0.000687394 -0.00779599 0.0003 
v -0.00261669 -0.0108696 0.0003 
v -0.00165952 -0.00682386 0.0003 
v -0.000540142 -0.00442336 0.0003 
v -0.000614353 -0.00444855 0.0003 
v -0.000156553 -0.00434706 0.0003 
v -0.000234457 -0.00435559 0.0003 
v 0.000829414 -0.00454318 0.0003 
v 0.000759127 -0.00450852 0.0003 
v 0.000965123 -0.00462153 0.0003 
v 0.000898123 -0.00458088 0.0003 
v 0.00121353 -0.00481214 0.0003 
v 0.00127014 -0.00740661 0.0003 
v 0.00132433 -0.00735 0.0003 
v 0.00329567 -0.00898624 0.0003 
v 0.00115461 -0.00751248 0.0003 
v 0.00121353 -0.0074608 0.0003 
v 0.00317825 -0.00939205 0.0003 
v 0.00261669 -0.0108696 0.0003 
v 3.29965e-19 -0.00793272 0.0003 
v 0 -0.0155 0.0003 
v -0.000311915 -0.00790543 0.0003 
v -0.000234457 -0.00791735 0.0003 
v -0.000388779 -0.00789014 0.0003 
v -0.000898123 -0.00769207 0.0003 
v -0.000829414 -0.00772976 0.0003 
v -0.001376 -0.00729108 0.0003 
v -0.00329567 -0.00898624 0.0003 
v -0.00338995 -0.00860391 0.0003 
v -0.00173504 -0.00660137 0.0003 
v -0.00360614 -0.00684105 0.0003 
v -0.00320489 0.00534174 0.0003 
v -0.00311278 0.00547959 0.0003 
v -0.00357083 0.00200032 0.0003 
v -0.00362412 0.00215732 0.0003 
v -0.00367052 0.00231649 0.0003 
v 0.001376 -0.00729108 0.0003 
v -7.83512e-05 -0.00793101 0.0003 
v -0.000540142 -0.00784958 0.0003 
v -0.000464903 -0.00787151 0.0003 
v -0.00284915 -0.0103174 0.0003 
v -0.00115461 -0.00751248 0.0003 
v -0.00303215 -0.0098313 0.0003 
v -0.00317825 -0.00939205 0.0003 
v -0.0014714 -0.00716676 0.0003 
v -0.00142506 -0.00722996 0.0003 
v -0.00176896 -0.00644839 0.0003 
v -0.00175367 -0.00652525 0.0003 
v -0.00360555 -0.00646111 0.0003 
v -0.00178088 -0.00637093 0.0003 
v -0.00179625 -0.00613647 0.0003 
v -0.00179454 -0.00621482 0.0003 
v 0.00268701 0.00598701 0.0003 
v 0.00280165 0.00586724 0.0003 
v 0.00291097 0.00574259 0.0003 
v 0.00301474 0.00561329 0.0003 
v 0.00311278 0.00547959 0.0003 
v 0.00337064 0.00505464 0.0003 
v 0.00344397 0.00490595 0.0003 
v -2.1684e-18 0.00897709 0.0003 
v 0.00268701 0.00629009 0.0003 
v -0.00378554 0.00363119 0.0003 
v -0.00376749 0.003796 0.0003 
v -0.00301474 0.00561329 0.0003 
v -0.00291097 0.00574259 0.0003 
v -0.00280165 0.00586724 0.0003 
v -0.00256724 0.000498346 0.0003 
v -0.00268701 0.000612994 0.0003 
v -0.00280165 0.000732757 0.0003 
v -0.00351074 0.0018458 0.0003 
v -0.00374227 0.00264014 0.0003 
v -0.00376749 0.002804 0.0003 
v -0.00378554 0.00296881 0.0003 
v -0.00379638 0.00313425 0.0003 
v -0.0038 0.0033 0.0003 
v -1.09988e-19 -0.00434022 0.0003 
v -7.83512e-05 -0.00434193 0.0003 
v 0.000234457 -0.00435559 0.0003 
v 0.000540142 -0.00442336 0.0003 
v 0.000464903 -0.00440143 0.0003 
v 0.000614353 -0.00444855 0.0003 
v 7.83512e-05 -0.00793101 0.0003 
v 0.000261764 -0.0150919 0.0003 
v -0.00103028 -0.00760787 0.0003 
v -0.000965123 -0.00765141 0.0003 
v -0.00127014 -0.00740661 0.0003 
v -0.00121353 -0.0074608 0.0003 
v -0.00151494 -0.00710159 0.0003 
v -0.00178941 -0.00629302 0.0003 
v 0.00320489 0.00534174 0.0003 
v 0.0032909 0.0052 0.0003 
v -0.00268701 0.00629009 0.0003 
v -0.00374227 0.00395986 0.0003 
v -0.00370992 0.00412247 0.0003 
v -0.00367052 0.00428351 0.0003 
v -0.00362412 0.00444268 0.0003 
v -0.00357083 0.00459968 0.0003 
v -0.00351074 0.0047542 0.0003 
v -0.00344397 0.00490595 0.0003 
v -0.00244259 0.000389031 0.0003 
v -0.00291097 0.000857407 0.0003 
v -0.00301474 0.000986707 0.0003 
v -0.00311278 0.00112041 0.0003 
v -0.00320489 0.00125826 0.0003 
v -0.0032909 0.0014 0.0003 
v -0.00337064 0.00154536 0.0003 
v -0.00344397 0.00169405 0.0003 
v -0.00370992 0.00247753 0.0003 
v 0.000156553 -0.00434706 0.0003 
v 7.83512e-05 -0.00434193 0.0003 
v 0.000311915 -0.00436751 0.0003 
v 0.000388779 -0.0043828 0.0003 
v 0.000759127 -0.00776442 0.0003 
v 0.000829414 -0.00772976 0.0003 
v 0.000388779 -0.00789014 0.0003 
v 0.000464903 -0.00787151 0.0003 
v 0.00190991 -0.0123074 0.0003 
v -0.00109349 -0.00756153 0.0003 
v -0.00379638 0.00346575 0.0003 
v -0.00337064 0.00505464 0.0003 
v -0.0032909 0.0052 0.0003 
v -0.00204174 9.51125e-05 0.0003 
v -0.00217959 0.000187222 0.0003 
v -0.00231329 0.000285257 0.0003 
v 0.00231481 -0.011517 0.0003 
v 0.000614353 -0.00782439 0.0003 
v 0.000687394 -0.00779599 0.0003 
v 0.00134071 -0.013326 0.0003 
v 0.000156553 -0.00792588 0.0003 
v 0.000234457 -0.00791735 0.0003 
v -0.00132433 -0.00735 0.0003 
v -0.00268701 0.00598701 0.0003 
v 0.000311915 -0.00790543 0.0003 
v 0.000540142 -0.00784958 0.0003 
vn 0.999048 0.0436194 0 
vn 1 2.44929e-16 0 
vn 0.996195 0.0871557 0 
vn 0.999048 0.0436194 0 
vn 0.991445 0.130526 0 
vn 0.996195 0.0871557 0 
vn 0.984808 0.173648 0 
vn 0.991445 0.130526 0 
vn 0.976296 0.21644 0 
vn 0.984808 0.173648 0 
vn 0.965926 0.258819 0 
vn 0.976296 0.21644 0 
vn 0.953717 0.300706 0 
vn 0.965926 0.258819 0 
vn 0.939693 0.34202 0 
vn 0.953717 0.300706 0 
vn 0.92388 0.382683 0 
vn 0.939693 0.34202 0 
vn 0.906308 0.422618 0 
vn 0.92388 0.382683 0 
vn 0.887011 0.461749 0 
vn 0.906308 0.422618 0 
vn 0.866025 0.5 0 
vn 0.887011 0.461749 0 
vn 0.843391 0.5373 0 
vn 0.866025 0.5 0 
vn 0.819152 0.573576 0 
vn 0.843391 0.5373 0 
vn 0.793353 0.608761 0 
vn 0.819152 0.573576 0 
vn 0.766044 0.642788 0 
vn 0.793353 0.608761 0 
vn 0.737277 0.67559 0 
vn 0.766044 0.642788 0 
vn 0.707107 0.707107 0 
vn 0.737277 0.67559 0 
vn 0.67559 0.737277 0 
vn 0.707107 0.707107 0 
vn 0.642788 0.766044 0 
vn 0.67559 0.737277 0 
vn 0.608761 0.793353 0 
vn 0.642788 0.766044 0 
vn 0.573576 0.819152 0 
vn 0.608761 0.793353 0 
vn 0.5373 0.843391 0 
vn 0.573576 0.819152 0 
vn 0.5 0.866025 0 
vn 0.5373 0.843391 0 
vn 0.461749 0.887011 0 
vn 0.5 0.866025 0 
vn 0.422618 0.906308 0 
vn 0.461749 0.887011 0 
vn 0.382683 0.92388 0 
vn 0.422618 0.906308 0 
vn 0.34202 0.939693 0 
vn 0.382683 0.92388 0 
vn 0.300706 0.953717 0 
vn 0.34202 0.939693 0 
vn 0.258819 0.965926 0 
vn 0.300706 0.953717 0 
vn 0.21644 0.976296 0 
vn 0.258819 0.965926 0 
vn 0.173648 0.984808 0 
vn 0.21644 0.976296 0 
vn 0.130526 0.991445 0 
vn 0.173648 0.984808 0 
vn 0.0871557 0.996195 0 
vn 0.130526 0.991445 0 
vn 0.0436194 0.999048 0 
vn 0.0871557 0.996195 0 
vn -1.83697e-16 1 0 
vn 0.0436194 0.999048 0 
vn -0.0436194 0.999048 0 
vn -1.83697e-16 1 0 
vn -0.0871557 0.996195 0 
vn -0.0436194 0.999048 0 
vn -0.130526 0.991445 0 
vn -0.0871557 0.996195 0 
vn -0.173648 0.984808 0 
vn -0.130526 0.991445 0 
vn -0.21644 0.976296 0 
vn -0.173648 0.984808 0 
vn -0.258819 0.965926 0 
vn -0.21644 0.976296 0 
vn -0.300706 0.953717 0 
vn -0.258819 0.965926 0 
vn -0.34202 0.939693 0 
vn -0.300706 0.953717 0 
vn -0.382683 0.92388 0 
vn -0.34202 0.939693 0 
vn -0.422618 0.906308 0 
vn -0.382683 0.92388 0 
vn -0.461749 0.887011 0 
vn -0.422618 0.906308 0 
vn -0.5 0.866025 0 
vn -0.461749 0.887011 0 
vn -0.5373 0.843391 0 
vn -0.5 0.866025 0 
vn -0.573576 0.819152 0 
vn -0.5373 0.843391 0 
vn -0.608761 0.793353 0 
vn -0.573576 0.819152 0 
vn -0.642788 0.766044 0 
vn -0.608761 0.793353 0 
vn -0.67559 0.737277 0 
vn -0.642788 0.766044 0 
vn -0.707107 0.707107 0 
vn -0.67559 0.737277 0 
vn -0.737277 0.67559 0 
vn -0.707107 0.707107 0 
vn -0.766044 0.642788 0 
vn -0.737277 0.67559 0 
vn -0.793353 0.608761 0 
vn -0.766044 0.642788 0 
vn -0.819152 0.573576 0 
vn -0.793353 0.608761 0 
vn -0.843391 0.5373 0 
vn -0.819152 0.573576 0 
vn -0.866025 0.5 0 
vn -0.843391 0.5373 0 
vn -0.887011 0.461749 0 
vn -0.866025 0.5 0 
vn -0.906308 0.422618 0 
vn -0.887011 0.461749 0 
vn -0.92388 0.382683 0 
vn -0.906308 0.422618 0 
vn -0.939693 0.34202 0 
vn -0.92388 0.382683 0 
vn -0.953717 0.300706 0 
vn -0.939693 0.34202 0 
vn -0.965926 0.258819 0 
vn -0.953717 0.300706 0 
vn -0.976296 0.21644 0 
vn -0.965926 0.258819 0 
vn -0.984808 0.173648 0 
vn -0.976296 0.21644 0 
vn -0.991445 0.130526 0 
vn -0.984808 0.173648 0 
vn -0.996195 0.0871557 0 
vn -0.991445 0.130526 0 
vn -0.999048 0.0436194 0 
vn -0.996195 0.0871557 0 
vn -1 -1.22465e-16 0 
vn -0.999048 0.0436194 0 
vn -0.999048 -0.0436194 0 
vn -1 -1.22465e-16 0 
vn -0.996195 -0.0871557 0 
vn -0.999048 -0.0436194 0 
vn -0.991445 -0.130526 0 
vn -0.996195 -0.0871557 0 
vn -0.984808 -0.173648 0 
vn -0.991445 -0.130526 0 
vn -0.976296 -0.21644 0 
vn -0.984808 -0.173648 0 
vn -0.965926 -0.258819 0 
vn -0.976296 -0.21644 0 
vn -0.953717 -0.300706 0 
vn -0.965926 -0.258819 0 
vn -0.939693 -0.34202 0 
vn -0.953717 -0.300706 0 
vn -0.92388 -0.382683 0 
vn -0.939693 -0.34202 0 
vn -0.906308 -0.422618 0 
vn -0.92388 -0.382683 0 
vn -0.887011 -0.461749 0 
vn -0.906308 -0.422618 0 
vn -0.866025 -0.5 0 
vn -0.887011 -0.461749 0 
vn -0.843391 -0.5373 0 
vn -0.866025 -0.5 0 
vn -0.819152 -0.573576 0 
vn -0.843391 -0.5373 0 
vn -0.793353 -0.608761 0 
vn -0.819152 -0.573576 0 
vn -0.766044 -0.642788 0 
vn -0.793353 -0.608761 0 
vn -0.737277 -0.67559 0 
vn -0.766044 -0.642788 0 
vn -0.707107 -0.707107 0 
vn -0.737277 -0.67559 0 
vn -0.67559 -0.737277 0 
vn -0.707107 -0.707107 0 
vn -0.642788 -0.766044 0 
vn -0.67559 -0.737277 0 
vn -0.608761 -0.793353 0 
vn -0.642788 -0.766044 0 
vn -0.573576 -0.819152 0 
vn -0.608761 -0.793353 0 
vn -0.5373 -0.843391 0 
vn -0.573576 -0.819152 0 
vn -0.5 -0.866025 0 
vn -0.5373 -0.843391 0 
vn -0.461749 -0.887011 0 
vn -0.5 -0.866025 0 
vn -0.422618 -0.906308 0 
vn -0.461749 -0.887011 0 
vn -0.382683 -0.92388 0 
vn -0.422618 -0.906308 0 
vn -0.34202 -0.939693 0 
vn -0.382683 -0.92388 0 
vn -0.300706 -0.953717 0 
vn -0.34202 -0.939693 0 
vn -0.258819 -0.965926 0 
vn -0.300706 -0.953717 0 
vn -0.21644 -0.976296 0 
vn -0.258819 -0.965926 0 
vn -0.173648 -0.984808 0 
vn -0.21644 -0.976296 0 
vn -0.130526 -0.991445 0 
vn -0.173648 -0.984808 0 
vn -0.0871557 -0.996195 0 
vn -0.130526 -0.991445 0 
vn -0.0436194 -0.999048 0 
vn -0.0871557 -0.996195 0 
vn 6.12323e-17 -1 0 
vn -0.0436194 -0.999048 0 
vn 0.0436194 -0.999048 0 
vn 6.12323e-17 -1 0 
vn 0.0871557 -0.996195 0 
vn 0.0436194 -0.999048 0 
vn 0.130526 -0.991445 0 
vn 0.0871557 -0.996195 0 
vn 0.173648 -0.984808 0 
vn 0.130526 -0.991445 0 
vn 0.21644 -0.976296 0 
vn 0.173648 -0.984808 0 
vn 0.258819 -0.965926 0 
vn 0.21644 -0.976296 0 
vn 0.300706 -0.953717 0 
vn 0.258819 -0.965926 0 
vn 0.34202 -0.939693 0 
vn 0.300706 -0.953717 0 
vn 0.382683 -0.92388 0 
vn 0.34202 -0.939693 0 
vn 0.422618 -0.906308 0 
vn 0.382683 -0.92388 0 
vn 0.461749 -0.887011 0 
vn 0.422618 -0.906308 0 
vn 0.5 -0.866025 0 
vn 0.461749 -0.887011 0 
vn 0.5373 -0.843391 0 
vn 0.5 -0.866025 0 
vn 0.573576 -0.819152 0 
vn 0.5373 -0.843391 0 
vn 0.608761 -0.793353 0 
vn 0.573576 -0.819152 0 
vn 0.642788 -0.766044 0 
vn 0.608761 -0.793353 0 
vn 0.67559 -0.737277 0 
vn 0.642788 -0.766044 0 
vn 0.707107 -0.707107 0 
vn 0.67559 -0.737277 0 
vn 0.737277 -0.67559 0 
vn 0.707107 -0.707107 0 
vn 0.766044 -0.642788 0 
vn 0.737277 -0.67559 0 
vn 0.793353 -0.608761 0 
vn 0.766044 -0.642788 0 
vn 0.819152 -0.573576 0 
vn 0.793353 -0.608761 0 
vn 0.843391 -0.5373 0 
vn 0.819152 -0.573576 0 
vn 0.866025 -0.5 0 
vn 0.843391 -0.5373 0 
vn 0.887011 -0.461749 0 
vn 0.866025 -0.5 0 
vn 0.906308 -0.422618 0 
vn 0.887011 -0.461749 0 
vn 0.92388 -0.382683 0 
vn 0.906308 -0.422618 0 
vn 0.939693 -0.34202 0 
vn 0.92388 -0.382683 0 
vn 0.953717 -0.300706 0 
vn 0.939693 -0.34202 0 
vn 0.965926 -0.258819 0 
vn 0.953717 -0.300706 0 
vn 0.976296 -0.21644 0 
vn 0.965926 -0.258819 0 
vn 0.984808 -0.173648 0 
vn 0.976296 -0.21644 0 
vn 0.991445 -0.130526 0 
vn 0.984808 -0.173648 0 
vn 0.996195 -0.0871557 0 
vn 0.991445 -0.130526 0 
vn 0.999048 -0.0436194 0 
vn 0.996195 -0.0871557 0 
vn 0.707107 0 -0.707107 
vn 0.706434 -0.0308436 -0.707107 
vn 0.704416 -0.0616284 -0.707107 
vn 0.701057 -0.092296 -0.707107 
vn 0.696364 -0.122788 -0.707107 
vn 0.690346 -0.153046 -0.707107 
vn 0.683013 -0.183013 -0.707107 
vn 0.67438 -0.212631 -0.707107 
vn 0.664463 -0.241845 -0.707107 
vn 0.653281 -0.270598 -0.707107 
vn 0.640856 -0.298836 -0.707107 
vn 0.627211 -0.326506 -0.707107 
vn 0.612372 -0.353553 -0.707107 
vn 0.596368 -0.379928 -0.707107 
vn 0.579228 -0.40558 -0.707107 
vn 0.560986 -0.430459 -0.707107 
vn 0.541675 -0.454519 -0.707107 
vn 0.521334 -0.477714 -0.707107 
vn 0.5 -0.5 -0.707107 
vn 0.477714 -0.521334 -0.707107 
vn 0.454519 -0.541675 -0.707107 
vn 0.430459 -0.560986 -0.707107 
vn 0.40558 -0.579228 -0.707107 
vn 0.379928 -0.596368 -0.707107 
vn 0.353553 -0.612372 -0.707107 
vn 0.326506 -0.627211 -0.707107 
vn 0.298836 -0.640856 -0.707107 
vn 0.270598 -0.653281 -0.707107 
vn 0.241845 -0.664463 -0.707107 
vn 0.212631 -0.67438 -0.707107 
vn 0.183013 -0.683013 -0.707107 
vn 0.153046 -0.690346 -0.707107 
vn 0.122788 -0.696364 -0.707107 
vn 0.092296 -0.701057 -0.707107 
vn 0.0616284 -0.704416 -0.707107 
vn 0.0308436 -0.706434 -0.707107 
vn 1.96262e-17 -0.707107 -0.707107 
vn -0.0308436 -0.706434 -0.707107 
vn -0.0616284 -0.704416 -0.707107 
vn -0.092296 -0.701057 -0.707107 
vn -0.122788 -0.696364 -0.707107 
vn -0.153046 -0.690346 -0.707107 
vn -0.183013 -0.683013 -0.707107 
vn -0.212631 -0.67438 -0.707107 
vn -0.241845 -0.664463 -0.707107 
vn -0.270598 -0.653281 -0.707107 
vn -0.298836 -0.640856 -0.707107 
vn -0.326506 -0.627211 -0.707107 
vn -0.353553 -0.612372 -0.707107 
vn -0.379928 -0.596368 -0.707107 
vn -0.40558 -0.579228 -0.707107 
vn -0.430459 -0.560986 -0.707107 
vn -0.454519 -0.541675 -0.707107 
vn -0.477714 -0.521334 -0.707107 
vn -0.5 -0.5 -0.707107 
vn -0.521334 -0.477714 -0.707107 
vn -0.541675 -0.454519 -0.707107 
vn -0.560986 -0.430459 -0.707107 
vn -0.579228 -0.40558 -0.707107 
vn -0.596368 -0.379928 -0.707107 
vn -0.612372 -0.353553 -0.707107 
vn -0.627211 -0.326506 -0.707107 
vn -0.640856 -0.298836 -0.707107 
vn -0.653281 -0.270598 -0.707107 
vn -0.664463 -0.241845 -0.707107 
vn -0.67438 -0.212631 -0.707107 
vn -0.683013 -0.183013 -0.707107 
vn -0.690346 -0.153046 -0.707107 
vn -0.696364 -0.122788 -0.707107 
vn -0.701057 -0.092296 -0.707107 
vn -0.704416 -0.0616284 -0.707107 
vn -0.706434 -0.0308436 -0.707107 
vn -0.707107 -2.06075e-16 -0.707107 
vn -0.706434 0.0308436 -0.707107 
vn -0.704416 0.0616284 -0.707107 
vn -0.701057 0.092296 -0.707107 
vn -0.696364 0.122788 -0.707107 
vn -0.690346 0.153046 -0.707107 
vn -0.683013 0.183013 -0.707107 
vn -0.67438 0.212631 -0.707107 
vn -0.664463 0.241845 -0.707107 
vn -0.653281 0.270598 -0.707107 
vn -0.640856 0.298836 -0.707107 
vn -0.627211 0.326506 -0.707107 
vn -0.612372 0.353553 -0.707107 
vn -0.596368 0.379928 -0.707107 
vn -0.579228 0.40558 -0.707107 
vn -0.560986 0.430459 -0.707107 
vn -0.541675 0.454519 -0.707107 
vn -0.521334 0.477714 -0.707107 
vn -0.5 0.5 -0.707107 
vn -0.477714 0.521334 -0.707107 
vn -0.454519 0.541675 -0.707107 
vn -0.430459 0.560986 -0.707107 
vn -0.40558 0.579228 -0.707107 
vn -0.379928 0.596368 -0.707107 
vn -0.353553 0.612372 -0.707107 
vn -0.326506 0.627211 -0.707107 
vn -0.298836 0.640856 -0.707107 
vn -0.270598 0.653281 -0.707107 
vn -0.241845 0.664463 -0.707107 
vn -0.212631 0.67438 -0.707107 
vn -0.183013 0.683013 -0.707107 
vn -0.153046 0.690346 -0.707107 
vn -0.122788 0.696364 -0.707107 
vn -0.092296 0.701057 -0.707107 
vn -0.0616284 0.704416 -0.707107 
vn -0.0308436 0.706434 -0.707107 
vn -2.06075e-16 0.707107 -0.707107 
vn 0.0308436 0.706434 -0.707107 
vn 0.0616284 0.704416 -0.707107 
vn 0.092296 0.701057 -0.707107 
vn 0.122788 0.696364 -0.707107 
vn 0.153046 0.690346 -0.707107 
vn 0.183013 0.683013 -0.707107 
vn 0.212631 0.67438 -0.707107 
vn 0.241845 0.664463 -0.707107 
vn 0.270598 0.653281 -0.707107 
vn 0.298836 0.640856 -0.707107 
vn 0.326506 0.627211 -0.707107 
vn 0.353553 0.612372 -0.707107 
vn 0.379928 0.596368 -0.707107 
vn 0.40558 0.579228 -0.707107 
vn 0.430459 0.560986 -0.707107 
vn 0.454519 0.541675 -0.707107 
vn 0.477714 0.521334 -0.707107 
vn 0.5 0.5 -0.707107 
vn 0.521334 0.477714 -0.707107 
vn 0.541675 0.454519 -0.707107 
vn 0.560986 0.430459 -0.707107 
vn 0.579228 0.40558 -0.707107 
vn 0.596368 0.379928 -0.707107 
vn 0.612372 0.353553 -0.707107 
vn 0.627211 0.326506 -0.707107 
vn 0.640856 0.298836 -0.707107 
vn 0.653281 0.270598 -0.707107 
vn 0.664463 0.241845 -0.707107 
vn 0.67438 0.212631 -0.707107 
vn 0.683013 0.183013 -0.707107 
vn 0.690346 0.153046 -0.707107 
vn 0.696364 0.122788 -0.707107 
vn 0.701057 0.092296 -0.707107 
vn 0.704416 0.0616284 -0.707107 
vn 0.706434 0.0308436 -0.707107 
vn 0.707107 0 -0.707107 
vn 0 0 1 
vn 0 0 -1 
vn -0.707107 0.707107 0 
vn -1 0 0 
vn -0.5 -0.866025 0 
vn -0.5373 -0.843391 0 
vn -0.573576 -0.819152 0 
vn -0.608761 -0.793353 0 
vn -0.642788 -0.766044 0 
vn -0.67559 -0.737277 0 
vn -0.707107 -0.707107 0 
vn -0.737277 -0.67559 0 
vn -0.766044 -0.642788 0 
vn -0.793353 -0.608761 0 
vn -0.819152 -0.573576 0 
vn -0.843391 -0.5373 0 
vn -0.866025 -0.5 0 
vn -0.887011 -0.461749 0 
vn -0.906308 -0.422618 0 
vn -0.92388 -0.382683 0 
vn -0.939693 -0.34202 0 
vn -0.953717 -0.300706 0 
vn -0.965926 -0.258819 0 
vn -0.976296 -0.21644 0 
vn -0.984808 -0.173648 0 
vn -0.991445 -0.130526 0 
vn -0.996195 -0.0871557 0 
vn -0.999048 -0.0436194 0 
vn -1 -2.44929e-16 0 
vn -0.999048 0.0436194 0 
vn -0.996195 0.0871557 0 
vn -0.991445 0.130526 0 
vn -0.984808 0.173648 0 
vn -0.976296 0.21644 0 
vn -0.965926 0.258819 0 
vn -0.953717 0.300706 0 
vn -0.939693 0.34202 0 
vn -0.92388 0.382683 0 
vn -0.906308 0.422618 0 
vn -0.887011 0.461749 0 
vn -0.866025 0.5 0 
vn -0.843391 0.5373 0 
vn -0.819152 0.573576 0 
vn -0.793353 0.608761 0 
vn -0.766044 0.642788 0 
vn -0.737277 0.67559 0 
vn -0.707107 0.707107 0 
vn -0.843595 -0.536979 0 
vn -0.839958 -0.542652 0 
vn -0.864641 -0.50239 0 
vn -0.881927 -0.471386 0 
vn -0.898561 -0.438848 0 
vn -0.914329 -0.404971 0 
vn -0.929071 -0.369901 0 
vn -0.942661 -0.333751 0 
vn -0.954996 -0.296619 0 
vn -0.965988 -0.258588 0 
vn -0.97556 -0.219735 0 
vn -0.983643 -0.18013 0 
vn -0.990177 -0.139818 0 
vn -0.994655 -0.103251 0 
vn -0.998088 -0.061806 0 
vn -0.999804 -0.0198219 0 
vn -0.999743 0.0226671 0 
vn -0.997843 0.0656397 0 
vn -0.994048 0.108945 0 
vn -0.989022 0.147769 0 
vn -0.98249 0.186315 0 
vn -0.974474 0.224501 0 
vn -0.965005 0.262232 0 
vn -0.954132 0.299386 0 
vn -0.94197 0.335696 0 
vn -0.926463 0.376387 0 
vn -0.994048 0.108945 0 
vn -0.97556 -0.219735 0 
vn -0.942661 -0.333751 0 
vn -0.898561 -0.438848 0 
vn -0.843595 -0.536979 0 
vn 0.94197 0.335696 0 
vn 0.926463 0.376387 0 
vn 0.954132 0.299386 0 
vn 0.94197 0.335696 0 
vn 0.965005 0.262232 0 
vn 0.954132 0.299386 0 
vn 0.974474 0.224501 0 
vn 0.965005 0.262232 0 
vn 0.98249 0.186315 0 
vn 0.974474 0.224501 0 
vn 0.989022 0.147769 0 
vn 0.98249 0.186315 0 
vn 0.994048 0.108945 0 
vn 0.997843 0.0656397 0 
vn 0.999743 0.0226671 0 
vn 0.999804 -0.0198219 0 
vn 0.998088 -0.061806 0 
vn 0.994655 -0.103251 0 
vn 0.990177 -0.139818 0 
vn 0.983643 -0.18013 0 
vn 0.97556 -0.219735 0 
vn 0.965988 -0.258588 0 
vn 0.954996 -0.296619 0 
vn 0.942661 -0.333751 0 
vn 0.929071 -0.369901 0 
vn 0.914329 -0.404971 0 
vn 0.898561 -0.438848 0 
vn 0.881927 -0.471386 0 
vn 0.864641 -0.50239 0 
vn 0.843595 -0.536979 0 
vn 0.839958 -0.542652 0 
vn 0.898561 -0.438848 0 
vn 0.942661 -0.333751 0 
vn 0.983643 -0.18013 0 
vn 0.989022 0.147769 0 
vn 0.707107 0.707107 0 
vn 0.737277 0.67559 0 
vn 0.766044 0.642788 0 
vn 0.793353 0.608761 0 
vn 0.819152 0.573576 0 
vn 0.843391 0.5373 0 
vn 0.866025 0.5 0 
vn 0.887011 0.461749 0 
vn 0.906308 0.422618 0 
vn 0.92388 0.382683 0 
vn 0.939693 0.34202 0 
vn 0.953717 0.300706 0 
vn 0.965926 0.258819 0 
vn 0.976296 0.21644 0 
vn 0.984808 0.173648 0 
vn 0.991445 0.130526 0 
vn 0.996195 0.0871557 0 
vn 0.999048 0.0436194 0 
vn 1 5.66554e-16 0 
vn 0.999048 -0.0436194 0 
vn 0.996195 -0.0871557 0 
vn 0.991445 -0.130526 0 
vn 0.984808 -0.173648 0 
vn 0.976296 -0.21644 0 
vn 0.965926 -0.258819 0 
vn 0.953717 -0.300706 0 
vn 0.939693 -0.34202 0 
vn 0.92388 -0.382683 0 
vn 0.906308 -0.422618 0 
vn 0.887011 -0.461749 0 
vn 0.866025 -0.5 0 
vn 0.843391 -0.5373 0 
vn 0.819152 -0.573576 0 
vn 0.793353 -0.608761 0 
vn 0.766044 -0.642788 0 
vn 0.737277 -0.67559 0 
vn 0.707107 -0.707107 0 
vn 0.67559 -0.737277 0 
vn 0.642788 -0.766044 0 
vn 0.608761 -0.793353 0 
vn 0.573576 -0.819152 0 
vn 0.5373 -0.843391 0 
vn 0.5 -0.866025 0 
vn 1 0 0 
vn 0.707107 0.707107 0 
vn 0.999048 0.0436194 0 
vn 1 2.44929e-16 0 
vn 0.996195 0.0871557 0 
vn 0.999048 0.0436194 0 
vn 0.991445 0.130526 0 
vn 0.996195 0.0871557 0 
vn 0.984808 0.173648 0 
vn 0.991445 0.130526 0 
vn 0.976296 0.21644 0 
vn 0.984808 0.173648 0 
vn 0.965926 0.258819 0 
vn 0.976296 0.21644 0 
vn 0.953717 0.300706 0 
vn 0.965926 0.258819 0 
vn 0.939693 0.34202 0 
vn 0.953717 0.300706 0 
vn 0.92388 0.382683 0 
vn 0.939693 0.34202 0 
vn 0.906308 0.422618 0 
vn 0.92388 0.382683 0 
vn 0.887011 0.461749 0 
vn 0.906308 0.422618 0 
vn 0.866025 0.5 0 
vn 0.887011 0.461749 0 
vn 0.843391 0.5373 0 
vn 0.866025 0.5 0 
vn 0.819152 0.573576 0 
vn 0.843391 0.5373 0 
vn 0.793353 0.608761 0 
vn 0.819152 0.573576 0 
vn 0.766044 0.642788 0 
vn 0.793353 0.608761 0 
vn 0.737277 0.67559 0 
vn 0.766044 0.642788 0 
vn 0.707107 0.707107 0 
vn 0.737277 0.67559 0 
vn 0.67559 0.737277 0 
vn 0.707107 0.707107 0 
vn 0.642788 0.766044 0 
vn 0.67559 0.737277 0 
vn 0.608761 0.793353 0 
vn 0.642788 0.766044 0 
vn 0.573576 0.819152 0 
vn 0.608761 0.793353 0 
vn 0.5373 0.843391 0 
vn 0.573576 0.819152 0 
vn 0.5 0.866025 0 
vn 0.5373 0.843391 0 
vn 0.461749 0.887011 0 
vn 0.5 0.866025 0 
vn 0.422618 0.906308 0 
vn 0.461749 0.887011 0 
vn 0.382683 0.92388 0 
vn 0.422618 0.906308 0 
vn 0.34202 0.939693 0 
vn 0.382683 0.92388 0 
vn 0.300706 0.953717 0 
vn 0.34202 0.939693 0 
vn 0.258819 0.965926 0 
vn 0.300706 0.953717 0 
vn 0.21644 0.976296 0 
vn 0.258819 0.965926 0 
vn 0.173648 0.984808 0 
vn 0.21644 0.976296 0 
vn 0.130526 0.991445 0 
vn 0.173648 0.984808 0 
vn 0.0871557 0.996195 0 
vn 0.130526 0.991445 0 
vn 0.0436194 0.999048 0 
vn 0.0871557 0.996195 0 
vn -1.83697e-16 1 0 
vn 0.0436194 0.999048 0 
vn -0.0436194 0.999048 0 
vn -1.83697e-16 1 0 
vn -0.0871557 0.996195 0 
vn -0.0436194 0.999048 0 
vn -0.130526 0.991445 0 
vn -0.0871557 0.996195 0 
vn -0.173648 0.984808 0 
vn -0.130526 0.991445 0 
vn -0.21644 0.976296 0 
vn -0.173648 0.984808 0 
vn -0.258819 0.965926 0 
vn -0.21644 0.976296 0 
vn -0.300706 0.953717 0 
vn -0.258819 0.965926 0 
vn -0.34202 0.939693 0 
vn -0.300706 0.953717 0 
vn -0.382683 0.92388 0 
vn -0.34202 0.939693 0 
vn -0.422618 0.906308 0 
vn -0.382683 0.92388 0 
vn -0.461749 0.887011 0 
vn -0.422618 0.906308 0 
vn -0.5 0.866025 0 
vn -0.461749 0.887011 0 
vn -0.5373 0.843391 0 
vn -0.5 0.866025 0 
vn -0.573576 0.819152 0 
vn -0.5373 0.843391 0 
vn -0.608761 0.793353 0 
vn -0.573576 0.819152 0 
vn -0.642788 0.766044 0 
vn -0.608761 0.793353 0 
vn -0.67559 0.737277 0 
vn -0.642788 0.766044 0 
vn -0.707107 0.707107 0 
vn -0.67559 0.737277 0 
vn -0.737277 0.67559 0 
vn -0.707107 0.707107 0 
vn -0.766044 0.642788 0 
vn -0.737277 0.67559 0 
vn -0.793353 0.608761 0 
vn -0.766044 0.642788 0 
vn -0.819152 0.573576 0 
vn -0.793353 0.608761 0 
vn -0.843391 0.5373 0 
vn -0.819152 0.573576 0 
vn -0.866025 0.5 0 
vn -0.843391 0.5373 0 
vn -0.887011 0.461749 0 
vn -0.866025 0.5 0 
vn -0.906308 0.422618 0 
vn -0.887011 0.461749 0 
vn -0.92388 0.382683 0 
vn -0.906308 0.422618 0 
vn -0.939693 0.34202 0 
vn -0.92388 0.382683 0 
vn -0.953717 0.300706 0 
vn -0.939693 0.34202 0 
vn -0.965926 0.258819 0 
vn -0.953717 0.300706 0 
vn -0.976296 0.21644 0 
vn -0.965926 0.258819 0 
vn -0.984808 0.173648 0 
vn -0.976296 0.21644 0 
vn -0.991445 0.130526 0 
vn -0.984808 0.173648 0 
vn -0.996195 0.0871557 0 
vn -0.991445 0.130526 0 
vn -0.999048 0.0436194 0 
vn -0.996195 0.0871557 0 
vn -1 -5.66554e-16 0 
vn -0.999048 0.0436194 0 
vn -0.999048 -0.0436194 0 
vn -1 -5.66554e-16 0 
vn -0.996195 -0.0871557 0 
vn -0.999048 -0.0436194 0 
vn -0.991445 -0.130526 0 
vn -0.996195 -0.0871557 0 
vn -0.984808 -0.173648 0 
vn -0.991445 -0.130526 0 
vn -0.976296 -0.21644 0 
vn -0.984808 -0.173648 0 
vn -0.965926 -0.258819 0 
vn -0.976296 -0.21644 0 
vn -0.953717 -0.300706 0 
vn -0.965926 -0.258819 0 
vn -0.939693 -0.34202 0 
vn -0.953717 -0.300706 0 
vn -0.92388 -0.382683 0 
vn -0.939693 -0.34202 0 
vn -0.906308 -0.422618 0 
vn -0.92388 -0.382683 0 
vn -0.887011 -0.461749 0 
vn -0.906308 -0.422618 0 
vn -0.866025 -0.5 0 
vn -0.887011 -0.461749 0 
vn -0.843391 -0.5373 0 
vn -0.866025 -0.5 0 
vn -0.819152 -0.573576 0 
vn -0.843391 -0.5373 0 
vn -0.793353 -0.608761 0 
vn -0.819152 -0.573576 0 
vn -0.766044 -0.642788 0 
vn -0.793353 -0.608761 0 
vn -0.737277 -0.67559 0 
vn -0.766044 -0.642788 0 
vn -0.707107 -0.707107 0 
vn -0.737277 -0.67559 0 
vn -0.67559 -0.737277 0 
vn -0.707107 -0.707107 0 
vn -0.642788 -0.766044 0 
vn -0.67559 -0.737277 0 
vn -0.608761 -0.793353 0 
vn -0.642788 -0.766044 0 
vn -0.573576 -0.819152 0 
vn -0.608761 -0.793353 0 
vn -0.5373 -0.843391 0 
vn -0.573576 -0.819152 0 
vn -0.5 -0.866025 0 
vn -0.5373 -0.843391 0 
vn -0.461749 -0.887011 0 
vn -0.5 -0.866025 0 
vn -0.422618 -0.906308 0 
vn -0.461749 -0.887011 0 
vn -0.382683 -0.92388 0 
vn -0.422618 -0.906308 0 
vn -0.34202 -0.939693 0 
vn -0.382683 -0.92388 0 
vn -0.300706 -0.953717 0 
vn -0.34202 -0.939693 0 
vn -0.258819 -0.965926 0 
vn -0.300706 -0.953717 0 
vn -0.21644 -0.976296 0 
vn -0.258819 -0.965926 0 
vn -0.173648 -0.984808 0 
vn -0.21644 -0.976296 0 
vn -0.130526 -0.991445 0 
vn -0.173648 -0.984808 0 
vn -0.0871557 -0.996195 0 
vn -0.130526 -0.991445 0 
vn -0.0436194 -0.999048 0 
vn -0.0871557 -0.996195 0 
vn 6.12323e-17 -1 0 
vn -0.0436194 -0.999048 0 
vn 0.0436194 -0.999048 0 
vn 6.12323e-17 -1 0 
vn 0.0871557 -0.996195 0 
vn 0.0436194 -0.999048 0 
vn 0.130526 -0.991445 0 
vn 0.0871557 -0.996195 0 
vn 0.173648 -0.984808 0 
vn 0.130526 -0.991445 0 
vn 0.21644 -0.976296 0 
vn 0.173648 -0.984808 0 
vn 0.258819 -0.965926 0 
vn 0.21644 -0.976296 0 
vn 0.300706 -0.953717 0 
vn 0.258819 -0.965926 0 
vn 0.34202 -0.939693 0 
vn 0.300706 -0.953717 0 
vn 0.382683 -0.92388 0 
vn 0.34202 -0.939693 0 
vn 0.422618 -0.906308 0 
vn 0.382683 -0.92388 0 
vn 0.461749 -0.887011 0 
vn 0.422618 -0.906308 0 
vn 0.5 -0.866025 0 
vn 0.461749 -0.887011 0 
vn 0.5373 -0.843391 0 
vn 0.5 -0.866025 0 
vn 0.573576 -0.819152 0 
vn 0.5373 -0.843391 0 
vn 0.608761 -0.793353 0 
vn 0.573576 -0.819152 0 
vn 0.642788 -0.766044 0 
vn 0.608761 -0.793353 0 
vn 0.67559 -0.737277 0 
vn 0.642788 -0.766044 0 
vn 0.707107 -0.707107 0 
vn 0.67559 -0.737277 0 
vn 0.737277 -0.67559 0 
vn 0.707107 -0.707107 0 
vn 0.766044 -0.642788 0 
vn 0.737277 -0.67559 0 
vn 0.793353 -0.608761 0 
vn 0.766044 -0.642788 0 
vn 0.819152 -0.573576 0 
vn 0.793353 -0.608761 0 
vn 0.843391 -0.5373 0 
vn 0.819152 -0.573576 0 
vn 0.866025 -0.5 0 
vn 0.843391 -0.5373 0 
vn 0.887011 -0.461749 0 
vn 0.866025 -0.5 0 
vn 0.906308 -0.422618 0 
vn 0.887011 -0.461749 0 
vn 0.92388 -0.382683 0 
vn 0.906308 -0.422618 0 
vn 0.939693 -0.34202 0 
vn 0.92388 -0.382683 0 
vn 0.953717 -0.300706 0 
vn 0.939693 -0.34202 0 
vn 0.965926 -0.258819 0 
vn 0.953717 -0.300706 0 
vn 0.976296 -0.21644 0 
vn 0.965926 -0.258819 0 
vn 0.984808 -0.173648 0 
vn 0.976296 -0.21644 0 
vn 0.991445 -0.130526 0 
vn 0.984808 -0.173648 0 
vn 0.996195 -0.0871557 0 
vn 0.991445 -0.130526 0 
vn 0.999048 -0.0436194 0 
vn 0.996195 -0.0871557 0 
usemtl 0.647059_0.647059_0.647059_0.000000_0.000000
o mesh0
f 1//1 2//2 3//2 
f 4//3 1//1 5//4 
f 6//5 4//3 7//6 
f 8//7 6//5 9//8 
f 10//9 8//7 11//10 
f 12//11 10//9 13//12 
f 14//13 12//11 15//14 
f 16//15 14//13 17//16 
f 18//17 16//15 19//18 
f 20//19 18//17 21//20 
f 22//21 20//19 23//22 
f 24//23 22//21 25//24 
f 26//25 24//23 27//26 
f 28//27 26//25 29//28 
f 30//29 28//27 31//30 
f 32//31 30//29 33//32 
f 34//33 32//31 35//34 
f 36//35 34//33 37//36 
f 38//37 36//35 39//38 
f 40//39 38//37 41//40 
f 42//41 40//39 43//42 
f 44//43 42//41 45//44 
f 46//45 44//43 47//46 
f 48//47 46//45 49//48 
f 50//49 48//47 51//50 
f 52//51 50//49 53//52 
f 54//53 52//51 55//54 
f 56//55 54//53 57//56 
f 58//57 56//55 59//58 
f 60//59 58//57 61//60 
f 62//61 60//59 63//62 
f 64//63 62//61 65//64 
f 66//65 64//63 67//66 
f 68//67 66//65 69//68 
f 70//69 68//67 71//70 
f 72//71 70//69 73//72 
f 74//73 72//71 75//74 
f 76//75 74//73 77//76 
f 78//77 76//75 79//78 
f 80//79 78//77 81//80 
f 82//81 80//79 83//82 
f 84//83 82//81 85//84 
f 86//85 84//83 87//86 
f 88//87 86//85 89//88 
f 90//89 88//87 91//90 
f 92//91 90//89 93//92 
f 94//93 92//91 95//94 
f 96//95 94//93 97//96 
f 98//97 96//95 99//98 
f 100//99 98//97 101//100 
f 102//101 100//99 103//102 
f 104//103 102//101 105//104 
f 106//105 104//103 107//106 
f 108//107 106//105 109//108 
f 110//109 108//107 111//110 
f 112//111 110//109 113//112 
f 114//113 112//111 115//114 
f 116//115 114//113 117//116 
f 118//117 116//115 119//118 
f 120//119 118//117 121//120 
f 122//121 120//119 123//122 
f 124//123 122//121 125//124 
f 126//125 124//123 127//126 
f 128//127 126//125 129//128 
f 130//129 128//127 131//130 
f 132//131 130//129 133//132 
f 134//133 132//131 135//134 
f 136//135 134//133 137//136 
f 138//137 136//135 139//138 
f 140//139 138//137 141//140 
f 142//141 140//139 143//142 
f 144//143 142//141 145//144 
f 146//145 144//143 147//146 
f 148//147 146//145 149//148 
f 150//149 148//147 151//150 
f 152//151 150//149 153//152 
f 154//153 152//151 155//154 
f 156//155 154//153 157//156 
f 158//157 156//155 159//158 
f 160//159 158//157 161//160 
f 162//161 160//159 163//162 
f 164//163 162//161 165//164 
f 166//165 164//163 167//166 
f 168//167 166//165 169//168 
f 170//169 168//167 171//170 
f 172//171 170//169 173//172 
f 174//173 172//171 175//174 
f 176//175 174//173 177//176 
f 178//177 176//175 179//178 
f 180//179 178//177 181//180 
f 182//181 180//179 183//182 
f 184//183 182//181 185//184 
f 186//185 184//183 187//186 
f 188//187 186//185 189//188 
f 190//189 188//187 191//190 
f 192//191 190//189 193//192 
f 194//193 192//191 195//194 
f 196//195 194//193 197//196 
f 198//197 196//195 199//198 
f 200//199 198//197 201//200 
f 202//201 200//199 203//202 
f 204//203 202//201 205//204 
f 206//205 204//203 207//206 
f 208//207 206//205 209//208 
f 210//209 208//207 211//210 
f 212//211 210//209 213//212 
f 214//213 212//211 215//214 
f 216//215 214//213 217//216 
f 218//217 216//215 219//218 
f 220//219 218//217 221//220 
f 222//221 220//219 223//222 
f 224//223 222//221 225//224 
f 226//225 224//223 227//226 
f 228//227 226//225 229//228 
f 230//229 228//227 231//230 
f 232//231 230//229 233//232 
f 234//233 232//231 235//234 
f 236//235 234//233 237//236 
f 238//237 236//235 239//238 
f 240//239 238//237 241//240 
f 242//241 240//239 243//242 
f 244//243 242//241 245//244 
f 246//245 244//243 247//246 
f 248//247 246//245 249//248 
f 250//249 248//247 251//250 
f 252//251 250//249 253//252 
f 254//253 252//251 255//254 
f 256//255 254//253 257//256 
f 258//257 256//255 259//258 
f 260//259 258//257 261//260 
f 262//261 260//259 263//262 
f 264//263 262//261 265//264 
f 266//265 264//263 267//266 
f 268//267 266//265 269//268 
f 270//269 268//267 271//270 
f 272//271 270//269 273//272 
f 274//273 272//271 275//274 
f 276//275 274//273 277//276 
f 278//277 276//275 279//278 
f 280//279 278//277 281//280 
f 282//281 280//279 283//282 
f 284//283 282//281 285//284 
f 286//285 284//283 287//286 
f 2//2 286//285 288//285 
f 288//285 3//2 2//2 
f 287//286 288//285 286//285 
f 285//284 287//286 284//283 
f 283//282 285//284 282//281 
f 281//280 283//282 280//279 
f 279//278 281//280 278//277 
f 277//276 279//278 276//275 
f 275//274 277//276 274//273 
f 273//272 275//274 272//271 
f 271//270 273//272 270//269 
f 269//268 271//270 268//267 
f 267//266 269//268 266//265 
f 265//264 267//266 264//263 
f 263//262 265//264 262//261 
f 261//260 263//262 260//259 
f 259//258 261//260 258//257 
f 257//256 259//258 256//255 
f 255//254 257//256 254//253 
f 253//252 255//254 252//251 
f 251//250 253//252 250//249 
f 249//248 251//250 248//247 
f 247//246 249//248 246//245 
f 245//244 247//246 244//243 
f 243//242 245//244 242//241 
f 241//240 243//242 240//239 
f 239//238 241//240 238//237 
f 237//236 239//238 236//235 
f 235//234 237//236 234//233 
f 233//232 235//234 232//231 
f 231//230 233//232 230//229 
f 229//228 231//230 228//227 
f 227//226 229//228 226//225 
f 225//224 227//226 224//223 
f 223//222 225//224 222//221 
f 221//220 223//222 220//219 
f 219//218 221//220 218//217 
f 217//216 219//218 216//215 
f 215//214 217//216 214//213 
f 213//212 215//214 212//211 
f 211//210 213//212 210//209 
f 209//208 211//210 208//207 
f 207//206 209//208 206//205 
f 205//204 207//206 204//203 
f 203//202 205//204 202//201 
f 201//200 203//202 200//199 
f 199//198 201//200 198//197 
f 197//196 199//198 196//195 
f 195//194 197//196 194//193 
f 193//192 195//194 192//191 
f 191//190 193//192 190//189 
f 189//188 191//190 188//187 
f 187//186 189//188 186//185 
f 185//184 187//186 184//183 
f 183//182 185//184 182//181 
f 181//180 183//182 180//179 
f 179//178 181//180 178//177 
f 177//176 179//178 176//175 
f 175//174 177//176 174//173 
f 173//172 175//174 172//171 
f 171//170 173//172 170//169 
f 169//168 171//170 168//167 
f 167//166 169//168 166//165 
f 165//164 167//166 164//163 
f 163//162 165//164 162//161 
f 161//160 163//162 160//159 
f 159//158 161//160 158//157 
f 157//156 159//158 156//155 
f 155//154 157//156 154//153 
f 153//152 155//154 152//151 
f 151//150 153//152 150//149 
f 149//148 151//150 148//147 
f 147//146 149//148 146//145 
f 145//144 147//146 144//143 
f 143//142 145//144 142//141 
f 141//140 143//142 140//139 
f 139//138 141//140 138//137 
f 137//136 139//138 136//135 
f 135//134 137//136 134//133 
f 133//132 135//134 132//131 
f 131//130 133//132 130//129 
f 129//128 131//130 128//127 
f 127//126 129//128 126//125 
f 125//124 127//126 124//123 
f 123//122 125//124 122//121 
f 121//120 123//122 120//119 
f 119//118 121//120 118//117 
f 117//116 119//118 116//115 
f 115//114 117//116 114//113 
f 113//112 115//114 112//111 
f 111//110 113//112 110//109 
f 109//108 111//110 108//107 
f 107//106 109//108 106//105 
f 105//104 107//106 104//103 
f 103//102 105//104 102//101 
f 101//100 103//102 100//99 
f 99//98 101//100 98//97 
f 97//96 99//98 96//95 
f 95//94 97//96 94//93 
f 93//92 95//94 92//91 
f 91//90 93//92 90//89 
f 89//88 91//90 88//87 
f 87//86 89//88 86//85 
f 85//84 87//86 84//83 
f 83//82 85//84 82//81 
f 81//80 83//82 80//79 
f 79//78 81//80 78//77 
f 77//76 79//78 76//75 
f 75//74 77//76 74//73 
f 73//72 75//74 72//71 
f 71//70 73//72 70//69 
f 69//68 71//70 68//67 
f 67//66 69//68 66//65 
f 65//64 67//66 64//63 
f 63//62 65//64 62//61 
f 61//60 63//62 60//59 
f 59//58 61//60 58//57 
f 57//56 59//58 56//55 
f 55//54 57//56 54//53 
f 53//52 55//54 52//51 
f 51//50 53//52 50//49 
f 49//48 51//50 48//47 
f 47//46 49//48 46//45 
f 45//44 47//46 44//43 
f 43//42 45//44 42//41 
f 41//40 43//42 40//39 
f 39//38 41//40 38//37 
f 37//36 39//38 36//35 
f 35//34 37//36 34//33 
f 33//32 35//34 32//31 
f 31//30 33//32 30//29 
f 29//28 31//30 28//27 
f 27//26 29//28 26//25 
f 25//24 27//26 24//23 
f 23//22 25//24 22//21 
f 21//20 23//22 20//19 
f 19//18 21//20 18//17 
f 17//16 19//18 16//15 
f 15//14 17//16 14//13 
f 13//12 15//14 12//11 
f 11//10 13//12 10//9 
f 9//8 11//10 8//7 
f 7//6 9//8 6//5 
f 5//4 7//6 4//3 
f 3//2 5//4 1//1 
o mesh1
f 289//287 290//288 286//288 
f 290//288 291//289 284//289 
f 291//289 292//290 282//290 
f 292//290 293//291 280//291 
f 293//291 294//292 278//292 
f 294//292 295//293 276//293 
f 295//293 296//294 274//294 
f 296//294 297//295 272//295 
f 297//295 298//296 270//296 
f 298//296 299//297 268//297 
f 299//297 300//298 266//298 
f 300//298 301//299 264//299 
f 301//299 302//300 262//300 
f 302//300 303//301 260//301 
f 303//301 304//302 258//302 
f 304//302 305//303 256//303 
f 305//303 306//304 254//304 
f 306//304 307//305 252//305 
f 307//305 308//306 250//306 
f 308//306 309//307 248//307 
f 309//307 310//308 246//308 
f 310//308 311//309 244//309 
f 311//309 312//310 242//310 
f 312//310 313//311 240//311 
f 313//311 314//312 238//312 
f 314//312 315//313 236//313 
f 315//313 316//314 234//314 
f 316//314 317//315 232//315 
f 317//315 318//316 230//316 
f 318//316 319//317 228//317 
f 319//317 320//318 226//318 
f 320//318 321//319 224//319 
f 321//319 322//320 222//320 
f 322//320 323//321 220//321 
f 323//321 324//322 218//322 
f 324//322 325//323 216//323 
f 325//323 326//324 214//324 
f 326//324 327//325 212//325 
f 327//325 328//326 210//326 
f 328//326 329//327 208//327 
f 329//327 330//328 206//328 
f 330//328 331//329 204//329 
f 331//329 332//330 202//330 
f 332//330 333//331 200//331 
f 333//331 334//332 198//332 
f 334//332 335//333 196//333 
f 335//333 336//334 194//334 
f 336//334 337//335 192//335 
f 337//335 338//336 190//336 
f 338//336 339//337 188//337 
f 339//337 340//338 186//338 
f 340//338 341//339 184//339 
f 341//339 342//340 182//340 
f 342//340 343//341 180//341 
f 343//341 344//342 178//342 
f 344//342 345//343 176//343 
f 345//343 346//344 174//344 
f 346//344 347//345 172//345 
f 347//345 348//346 170//346 
f 348//346 349//347 168//347 
f 349//347 350//348 166//348 
f 350//348 351//349 164//349 
f 351//349 352//350 162//350 
f 352//350 353//351 160//351 
f 353//351 354//352 158//352 
f 354//352 355//353 156//353 
f 355//353 356//354 154//354 
f 356//354 357//355 152//355 
f 357//355 358//356 150//356 
f 358//356 359//357 148//357 
f 359//357 360//358 146//358 
f 360//358 361//359 144//359 
f 361//359 362//360 142//360 
f 362//360 363//361 140//361 
f 363//361 364//362 138//362 
f 364//362 365//363 136//363 
f 365//363 366//364 134//364 
f 366//364 367//365 132//365 
f 367//365 368//366 130//366 
f 368//366 369//367 128//367 
f 369//367 370//368 126//368 
f 370//368 371//369 124//369 
f 371//369 372//370 122//370 
f 372//370 373//371 120//371 
f 373//371 374//372 118//372 
f 374//372 375//373 116//373 
f 375//373 376//374 114//374 
f 376//374 377//375 112//375 
f 377//375 378//376 110//376 
f 378//376 379//377 108//377 
f 379//377 380//378 106//378 
f 380//378 381//379 104//379 
f 381//379 382//380 102//380 
f 382//380 383//381 100//381 
f 383//381 384//382 98//382 
f 384//382 385//383 96//383 
f 385//383 386//384 94//384 
f 386//384 387//385 92//385 
f 387//385 388//386 90//386 
f 388//386 389//387 88//387 
f 389//387 390//388 86//388 
f 390//388 391//389 84//389 
f 391//389 392//390 82//390 
f 392//390 393//391 80//391 
f 393//391 394//392 78//392 
f 394//392 395//393 76//393 
f 395//393 396//394 74//394 
f 396//394 397//395 72//395 
f 397//395 398//396 70//396 
f 398//396 399//397 68//397 
f 399//397 400//398 66//398 
f 400//398 401//399 64//399 
f 401//399 402//400 62//400 
f 402//400 403//401 60//401 
f 403//401 404//402 58//402 
f 404//402 405//403 56//403 
f 405//403 406//404 54//404 
f 406//404 407//405 52//405 
f 407//405 408//406 50//406 
f 408//406 409//407 48//407 
f 409//407 410//408 46//408 
f 410//408 411//409 44//409 
f 411//409 412//410 42//410 
f 412//410 413//411 40//411 
f 413//411 414//412 38//412 
f 414//412 415//413 36//413 
f 415//413 416//414 34//414 
f 416//414 417//415 32//415 
f 417//415 418//416 30//416 
f 418//416 419//417 28//417 
f 419//417 420//418 26//418 
f 420//418 421//419 24//419 
f 421//419 422//420 22//420 
f 422//420 423//421 20//421 
f 423//421 424//422 18//422 
f 424//422 425//423 16//423 
f 425//423 426//424 14//424 
f 426//424 427//425 12//425 
f 427//425 428//426 10//426 
f 428//426 429//427 8//427 
f 429//427 430//428 6//428 
f 430//428 431//429 4//429 
f 431//429 432//430 1//430 
f 432//430 289//287 2//431 
f 2//431 1//430 432//430 
f 1//430 4//429 431//429 
f 4//429 6//428 430//428 
f 6//428 8//427 429//427 
f 8//427 10//426 428//426 
f 10//426 12//425 427//425 
f 12//425 14//424 426//424 
f 14//424 16//423 425//423 
f 16//423 18//422 424//422 
f 18//422 20//421 423//421 
f 20//421 22//420 422//420 
f 22//420 24//419 421//419 
f 24//419 26//418 420//418 
f 26//418 28//417 419//417 
f 28//417 30//416 418//416 
f 30//416 32//415 417//415 
f 32//415 34//414 416//414 
f 34//414 36//413 415//413 
f 36//413 38//412 414//412 
f 38//412 40//411 413//411 
f 40//411 42//410 412//410 
f 42//410 44//409 411//409 
f 44//409 46//408 410//408 
f 46//408 48//407 409//407 
f 48//407 50//406 408//406 
f 50//406 52//405 407//405 
f 52//405 54//404 406//404 
f 54//404 56//403 405//403 
f 56//403 58//402 404//402 
f 58//402 60//401 403//401 
f 60//401 62//400 402//400 
f 62//400 64//399 401//399 
f 64//399 66//398 400//398 
f 66//398 68//397 399//397 
f 68//397 70//396 398//396 
f 70//396 72//395 397//395 
f 72//395 74//394 396//394 
f 74//394 76//393 395//393 
f 76//393 78//392 394//392 
f 78//392 80//391 393//391 
f 80//391 82//390 392//390 
f 82//390 84//389 391//389 
f 84//389 86//388 390//388 
f 86//388 88//387 389//387 
f 88//387 90//386 388//386 
f 90//386 92//385 387//385 
f 92//385 94//384 386//384 
f 94//384 96//383 385//383 
f 96//383 98//382 384//382 
f 98//382 100//381 383//381 
f 100//381 102//380 382//380 
f 102//380 104//379 381//379 
f 104//379 106//378 380//378 
f 106//378 108//377 379//377 
f 108//377 110//376 378//376 
f 110//376 112//375 377//375 
f 112//375 114//374 376//374 
f 114//374 116//373 375//373 
f 116//373 118//372 374//372 
f 118//372 120//371 373//371 
f 120//371 122//370 372//370 
f 122//370 124//369 371//369 
f 124//369 126//368 370//368 
f 126//368 128//367 369//367 
f 128//367 130//366 368//366 
f 130//366 132//365 367//365 
f 132//365 134//364 366//364 
f 134//364 136//363 365//363 
f 136//363 138//362 364//362 
f 138//362 140//361 363//361 
f 140//361 142//360 362//360 
f 142//360 144//359 361//359 
f 144//359 146//358 360//358 
f 146//358 148//357 359//357 
f 148//357 150//356 358//356 
f 150//356 152//355 357//355 
f 152//355 154//354 356//354 
f 154//354 156//353 355//353 
f 156//353 158//352 354//352 
f 158//352 160//351 353//351 
f 160//351 162//350 352//350 
f 162//350 164//349 351//349 
f 164//349 166//348 350//348 
f 166//348 168//347 349//347 
f 168//347 170//346 348//346 
f 170//346 172//345 347//345 
f 172//345 174//344 346//344 
f 174//344 176//343 345//343 
f 176//343 178//342 344//342 
f 178//342 180//341 343//341 
f 180//341 182//340 342//340 
f 182//340 184//339 341//339 
f 184//339 186//338 340//338 
f 186//338 188//337 339//337 
f 188//337 190//336 338//336 
f 190//336 192//335 337//335 
f 192//335 194//334 336//334 
f 194//334 196//333 335//333 
f 196//333 198//332 334//332 
f 198//332 200//331 333//331 
f 200//331 202//330 332//330 
f 202//330 204//329 331//329 
f 204//329 206//328 330//328 
f 206//328 208//327 329//327 
f 208//327 210//326 328//326 
f 210//326 212//325 327//325 
f 212//325 214//324 326//324 
f 214//324 216//323 325//323 
f 216//323 218//322 324//322 
f 218//322 220//321 323//321 
f 220//321 222//320 322//320 
f 222//320 224//319 321//319 
f 224//319 226//318 320//318 
f 226//318 228//317 319//317 
f 228//317 230//316 318//316 
f 230//316 232//315 317//315 
f 232//315 234//314 316//314 
f 234//314 236//313 315//313 
f 236//313 238//312 314//312 
f 238//312 240//311 313//311 
f 240//311 242//310 312//310 
f 242//310 244//309 311//309 
f 244//309 246//308 310//308 
f 246//308 248//307 309//307 
f 248//307 250//306 308//306 
f 250//306 252//305 307//305 
f 252//305 254//304 306//304 
f 254//304 256//303 305//303 
f 256//303 258//302 304//302 
f 258//302 260//301 303//301 
f 260//301 262//300 302//300 
f 262//300 264//299 301//299 
f 264//299 266//298 300//298 
f 266//298 268//297 299//297 
f 268//297 270//296 298//296 
f 270//296 272//295 297//295 
f 272//295 274//294 296//294 
f 274//294 276//293 295//293 
f 276//293 278//292 294//292 
f 278//292 280//291 293//291 
f 280//291 282//290 292//290 
f 282//290 284//289 291//289 
f 284//289 286//288 290//288 
f 286//288 2//431 289//287 
o mesh2
f 433//432 434//432 435//432 
f 436//432 437//432 438//432 
f 438//432 439//432 440//432 
f 439//432 438//432 441//432 
f 435//432 442//432 433//432 
f 443//432 444//432 445//432 
f 438//432 446//432 436//432 
f 441//432 447//432 439//432 
f 441//432 448//432 449//432 
f 450//432 441//432 442//432 
f 433//432 451//432 434//432 
f 445//432 452//432 443//432 
f 444//432 443//432 437//432 
f 436//432 453//432 437//432 
f 449//432 447//432 441//432 
f 442//432 454//432 450//432 
f 433//432 455//432 451//432 
f 456//432 457//432 458//432 
f 456//432 459//432 460//432 
f 461//432 462//432 463//432 
f 464//432 465//432 466//432 
f 437//432 467//432 444//432 
f 453//432 468//432 437//432 
f 450//432 448//432 441//432 
f 435//432 469//432 442//432 
f 470//432 471//432 455//432 
f 470//432 458//432 472//432 
f 456//432 473//432 457//432 
f 459//432 474//432 460//432 
f 475//432 476//432 461//432 
f 477//432 476//432 475//432 
f 478//432 479//432 464//432 
f 468//432 467//432 437//432 
f 469//432 454//432 442//432 
f 472//432 471//432 470//432 
f 460//432 473//432 456//432 
f 475//432 466//432 477//432 
f 466//432 478//432 464//432 
f 440//432 446//432 438//432 
f 458//432 470//432 456//432 
f 480//432 481//432 482//432 
f 483//432 484//432 480//432 
f 465//432 477//432 466//432 
f 485//432 486//432 487//432 
f 488//432 489//432 443//432 
f 455//432 433//432 470//432 
f 482//432 459//432 480//432 
f 480//432 463//432 483//432 
f 463//432 475//432 461//432 
f 490//432 479//432 478//432 
f 487//432 491//432 485//432 
f 492//432 21//432 19//432 
f 493//432 23//432 21//432 
f 494//432 495//432 496//432 
f 495//432 497//432 498//432 
f 495//432 499//432 500//432 
f 499//432 501//432 502//432 
f 503//432 501//432 499//432 
f 443//432 504//432 505//432 
f 482//432 474//432 459//432 
f 462//432 483//432 463//432 
f 486//432 490//432 487//432 
f 506//432 279//432 277//432 
f 507//432 281//432 279//432 
f 508//432 283//432 281//432 
f 508//432 509//432 285//432 
f 510//432 17//432 15//432 
f 511//432 19//432 17//432 
f 21//432 492//432 493//432 
f 512//432 25//432 23//432 
f 494//432 513//432 514//432 
f 498//432 496//432 495//432 
f 502//432 500//432 499//432 
f 515//432 516//432 503//432 
f 515//432 517//432 518//432 
f 519//432 517//432 515//432 
f 452//432 504//432 443//432 
f 478//432 487//432 490//432 
f 520//432 275//432 273//432 
f 521//432 277//432 275//432 
f 279//432 506//432 507//432 
f 285//432 283//432 508//432 
f 17//432 510//432 511//432 
f 23//432 493//432 512//432 
f 522//432 494//432 523//432 
f 496//432 513//432 494//432 
f 499//432 515//432 503//432 
f 515//432 524//432 519//432 
f 524//432 525//432 526//432 
f 527//432 525//432 524//432 
f 489//432 528//432 529//432 
f 489//432 488//432 530//432 
f 484//432 481//432 480//432 
f 531//432 532//432 491//432 
f 533//432 534//432 535//432 
f 275//432 520//432 521//432 
f 281//432 507//432 508//432 
f 536//432 287//432 285//432 
f 536//432 537//432 288//432 
f 538//432 7//432 5//432 
f 539//432 9//432 7//432 
f 540//432 13//432 11//432 
f 541//432 15//432 13//432 
f 19//432 511//432 492//432 
f 542//432 27//432 25//432 
f 543//432 45//432 43//432 
f 543//432 544//432 47//432 
f 545//432 546//432 131//432 
f 523//432 547//432 522//432 
f 500//432 497//432 495//432 
f 526//432 519//432 524//432 
f 548//432 549//432 527//432 
f 489//432 550//432 551//432 
f 529//432 552//432 489//432 
f 443//432 505//432 488//432 
f 491//432 553//432 531//432 
f 554//432 555//432 553//432 
f 556//432 557//432 558//432 
f 559//432 560//432 561//432 
f 535//432 562//432 533//432 
f 563//432 564//432 565//432 
f 566//432 257//432 255//432 
f 567//432 259//432 257//432 
f 568//432 261//432 259//432 
f 568//432 569//432 263//432 
f 570//432 265//432 263//432 
f 570//432 571//432 267//432 
f 277//432 521//432 506//432 
f 288//432 287//432 536//432 
f 572//432 3//432 288//432 
f 572//432 573//432 5//432 
f 7//432 538//432 539//432 
f 539//432 574//432 11//432 
f 13//432 540//432 541//432 
f 25//432 512//432 542//432 
f 575//432 43//432 41//432 
f 47//432 45//432 543//432 
f 489//432 51//432 49//432 
f 489//432 59//432 57//432 
f 545//432 127//432 125//432 
f 131//432 129//432 545//432 
f 546//432 576//432 133//432 
f 576//432 577//432 135//432 
f 578//432 579//432 139//432 
f 579//432 580//432 141//432 
f 581//432 155//432 153//432 
f 581//432 582//432 157//432 
f 514//432 523//432 494//432 
f 524//432 548//432 527//432 
f 583//432 584//432 548//432 
f 552//432 550//432 489//432 
f 532//432 485//432 491//432 
f 553//432 585//432 554//432 
f 586//432 587//432 585//432 
f 558//432 561//432 556//432 
f 561//432 535//432 559//432 
f 562//432 588//432 533//432 
f 589//432 590//432 562//432 
f 565//432 591//432 563//432 
f 592//432 593//432 591//432 
f 594//432 595//432 596//432 
f 596//432 597//432 598//432 
f 257//432 566//432 567//432 
f 263//432 261//432 568//432 
f 267//432 265//432 570//432 
f 571//432 599//432 269//432 
f 285//432 509//432 536//432 
f 5//432 3//432 572//432 
f 11//432 9//432 539//432 
f 15//432 541//432 510//432 
f 43//432 575//432 543//432 
f 600//432 49//432 47//432 
f 489//432 53//432 51//432 
f 57//432 55//432 489//432 
f 489//432 545//432 91//432 
f 545//432 97//432 95//432 
f 545//432 105//432 103//432 
f 129//432 127//432 545//432 
f 135//432 133//432 576//432 
f 577//432 578//432 137//432 
f 141//432 139//432 579//432 
f 601//432 151//432 149//432 
f 602//432 153//432 151//432 
f 157//432 155//432 581//432 
f 582//432 603//432 159//432 
f 604//432 161//432 159//432 
f 604//432 605//432 163//432 
f 518//432 516//432 515//432 
f 548//432 606//432 583//432 
f 489//432 607//432 608//432 
f 530//432 528//432 489//432 
f 585//432 587//432 554//432 
f 557//432 586//432 558//432 
f 534//432 559//432 535//432 
f 562//432 565//432 589//432 
f 564//432 609//432 565//432 
f 591//432 610//432 592//432 
f 611//432 612//432 613//432 
f 614//432 613//432 615//432 
f 616//432 617//432 618//432 
f 619//432 618//432 620//432 
f 621//432 620//432 595//432 
f 596//432 622//432 623//432 
f 597//432 624//432 598//432 
f 522//432 625//432 626//432 
f 259//432 567//432 568//432 
f 269//432 267//432 571//432 
f 627//432 271//432 269//432 
f 627//432 628//432 273//432 
f 288//432 537//432 572//432 
f 11//432 574//432 540//432 
f 629//432 29//432 27//432 
f 629//432 630//432 31//432 
f 631//432 33//432 31//432 
f 631//432 632//432 35//432 
f 47//432 544//432 600//432 
f 55//432 53//432 489//432 
f 489//432 69//432 67//432 
f 489//432 73//432 71//432 
f 489//432 81//432 79//432 
f 489//432 87//432 85//432 
f 91//432 89//432 489//432 
f 545//432 99//432 97//432 
f 103//432 101//432 545//432 
f 545//432 117//432 115//432 
f 545//432 123//432 121//432 
f 133//432 131//432 546//432 
f 139//432 137//432 578//432 
f 633//432 143//432 141//432 
f 633//432 634//432 145//432 
f 151//432 601//432 602//432 
f 159//432 157//432 582//432 
f 163//432 161//432 604//432 
f 605//432 635//432 165//432 
f 548//432 636//432 549//432 
f 606//432 637//432 583//432 
f 638//432 639//432 640//432 
f 551//432 607//432 489//432 
f 585//432 558//432 586//432 
f 590//432 588//432 562//432 
f 593//432 563//432 591//432 
f 613//432 614//432 641//432 
f 615//432 642//432 643//432 
f 642//432 615//432 644//432 
f 645//432 644//432 646//432 
f 647//432 648//432 617//432 
f 618//432 649//432 616//432 
f 620//432 621//432 650//432 
f 595//432 594//432 651//432 
f 598//432 622//432 596//432 
f 626//432 597//432 522//432 
f 652//432 253//432 251//432 
f 263//432 569//432 570//432 
f 273//432 271//432 627//432 
f 5//432 573//432 538//432 
f 31//432 29//432 629//432 
f 35//432 33//432 631//432 
f 632//432 653//432 37//432 
f 49//432 600//432 489//432 
f 489//432 63//432 61//432 
f 71//432 69//432 489//432 
f 79//432 77//432 489//432 
f 89//432 87//432 489//432 
f 101//432 99//432 545//432 
f 115//432 113//432 545//432 
f 121//432 119//432 545//432 
f 137//432 135//432 577//432 
f 145//432 143//432 633//432 
f 153//432 602//432 581//432 
f 165//432 163//432 605//432 
f 654//432 167//432 165//432 
f 654//432 655//432 169//432 
f 584//432 636//432 548//432 
f 606//432 656//432 657//432 
f 658//432 659//432 606//432 
f 638//432 660//432 639//432 
f 638//432 661//432 662//432 
f 638//432 489//432 663//432 
f 555//432 531//432 553//432 
f 609//432 589//432 565//432 
f 592//432 610//432 664//432 
f 615//432 643//432 614//432 
f 644//432 645//432 665//432 
f 646//432 666//432 667//432 
f 666//432 646//432 648//432 
f 617//432 668//432 647//432 
f 618//432 619//432 649//432 
f 595//432 651//432 621//432 
f 626//432 624//432 597//432 
f 652//432 237//432 235//432 
f 652//432 241//432 239//432 
f 652//432 247//432 245//432 
f 652//432 255//432 253//432 
f 269//432 599//432 627//432 
f 27//432 542//432 629//432 
f 37//432 35//432 632//432 
f 669//432 39//432 37//432 
f 669//432 670//432 41//432 
f 61//432 59//432 489//432 
f 67//432 65//432 489//432 
f 77//432 75//432 489//432 
f 85//432 83//432 489//432 
f 545//432 107//432 105//432 
f 545//432 111//432 109//432 
f 119//432 117//432 545//432 
f 141//432 580//432 633//432 
f 671//432 147//432 145//432 
f 229//432 672//432 673//432 
f 159//432 603//432 604//432 
f 169//432 167//432 654//432 
f 674//432 179//432 177//432 
f 674//432 675//432 181//432 
f 489//432 676//432 677//432 
f 657//432 637//432 606//432 
f 606//432 638//432 658//432 
f 662//432 660//432 638//432 
f 663//432 678//432 638//432 
f 560//432 556//432 561//432 
f 664//432 679//432 680//432 
f 681//432 682//432 683//432 
f 644//432 665//432 642//432 
f 648//432 684//432 666//432 
f 616//432 668//432 617//432 
f 596//432 623//432 594//432 
f 239//432 237//432 652//432 
f 245//432 243//432 652//432 
f 255//432 652//432 566//432 
f 31//432 630//432 631//432 
f 41//432 39//432 669//432 
f 65//432 63//432 489//432 
f 83//432 81//432 489//432 
f 95//432 93//432 545//432 
f 113//432 111//432 545//432 
f 145//432 634//432 671//432 
f 209//432 685//432 686//432 
f 672//432 221//432 219//432 
f 673//432 652//432 229//432 
f 671//432 687//432 149//432 
f 165//432 635//432 654//432 
f 688//432 171//432 169//432 
f 688//432 689//432 173//432 
f 181//432 179//432 674//432 
f 675//432 685//432 183//432 
f 685//432 195//432 193//432 
f 685//432 205//432 203//432 
f 489//432 690//432 691//432 
f 489//432 692//432 676//432 
f 659//432 656//432 606//432 
f 638//432 693//432 694//432 
f 678//432 661//432 638//432 
f 664//432 680//432 592//432 
f 679//432 664//432 682//432 
f 683//432 695//432 696//432 
f 697//432 683//432 698//432 
f 699//432 698//432 612//432 
f 646//432 667//432 645//432 
f 620//432 650//432 619//432 
f 243//432 241//432 652//432 
f 273//432 628//432 520//432 
f 41//432 670//432 575//432 
f 93//432 91//432 545//432 
f 125//432 123//432 545//432 
f 672//432 211//432 209//432 
f 219//432 217//432 672//432 
f 229//432 227//432 672//432 
f 149//432 687//432 601//432 
f 173//432 171//432 688//432 
f 700//432 175//432 173//432 
f 700//432 701//432 177//432 
f 183//432 181//432 675//432 
f 193//432 191//432 685//432 
f 203//432 201//432 685//432 
f 489//432 702//432 690//432 
f 489//432 703//432 704//432 
f 489//432 705//432 692//432 
f 489//432 706//432 707//432 
f 489//432 638//432 708//432 
f 694//432 658//432 638//432 
f 608//432 663//432 489//432 
f 682//432 709//432 710//432 
f 683//432 696//432 681//432 
f 698//432 699//432 711//432 
f 612//432 611//432 712//432 
f 647//432 684//432 648//432 
f 652//432 233//432 231//432 
f 652//432 249//432 247//432 
f 37//432 653//432 669//432 
f 109//432 107//432 545//432 
f 672//432 213//432 211//432 
f 672//432 223//432 221//432 
f 227//432 225//432 672//432 
f 169//432 655//432 688//432 
f 177//432 175//432 700//432 
f 685//432 185//432 183//432 
f 685//432 189//432 187//432 
f 685//432 197//432 195//432 
f 201//432 199//432 685//432 
f 704//432 702//432 489//432 
f 707//432 705//432 489//432 
f 708//432 713//432 489//432 
f 640//432 693//432 638//432 
f 681//432 709//432 682//432 
f 698//432 711//432 697//432 
f 613//432 641//432 611//432 
f 235//432 233//432 652//432 
f 75//432 73//432 489//432 
f 672//432 215//432 213//432 
f 225//432 223//432 672//432 
f 173//432 689//432 700//432 
f 187//432 185//432 685//432 
f 199//432 197//432 685//432 
f 685//432 209//432 207//432 
f 691//432 714//432 489//432 
f 713//432 706//432 489//432 
f 682//432 710//432 679//432 
f 612//432 712//432 699//432 
f 251//432 249//432 652//432 
f 217//432 215//432 672//432 
f 177//432 701//432 674//432 
f 207//432 205//432 685//432 
f 677//432 703//432 489//432 
f 697//432 695//432 683//432 
f 686//432 672//432 209//432 
f 191//432 189//432 685//432 
f 547//432 625//432 522//432 
f 149//432 147//432 671//432 
f 231//432 229//432 652//432 
f 714//432 545//432 489//432 
o mesh3
f 715//433 716//433 717//433 
f 716//433 718//433 717//433 
f 719//433 720//433 721//433 
f 722//433 723//433 724//433 
f 725//433 726//433 727//433 
f 725//433 728//433 729//433 
f 730//433 731//433 732//433 
f 733//433 734//433 730//433 
f 735//433 736//433 363//433 
f 736//433 737//433 364//433 
f 738//433 739//433 370//433 
f 739//433 740//433 371//433 
f 741//433 742//433 373//433 
f 742//433 743//433 374//433 
f 717//433 744//433 715//433 
f 745//433 746//433 716//433 
f 721//433 720//433 747//433 
f 724//433 719//433 722//433 
f 748//433 723//433 722//433 
f 725//433 749//433 726//433 
f 728//433 750//433 729//433 
f 732//433 728//433 730//433 
f 730//433 751//433 733//433 
f 752//433 753//433 751//433 
f 754//433 755//433 756//433 
f 757//433 758//433 759//433 
f 760//433 361//433 360//433 
f 760//433 735//433 362//433 
f 364//433 363//433 736//433 
f 737//433 761//433 365//433 
f 761//433 762//433 366//433 
f 762//433 763//433 367//433 
f 763//433 764//433 368//433 
f 764//433 738//433 369//433 
f 371//433 370//433 739//433 
f 740//433 741//433 372//433 
f 374//433 373//433 742//433 
f 743//433 765//433 375//433 
f 765//433 766//433 376//433 
f 766//433 767//433 377//433 
f 768//433 769//433 770//433 
f 769//433 771//433 772//433 
f 769//433 715//433 773//433 
f 744//433 774//433 715//433 
f 721//433 775//433 745//433 
f 721//433 722//433 719//433 
f 776//433 777//433 748//433 
f 778//433 779//433 776//433 
f 780//433 781//433 782//433 
f 783//433 784//433 785//433 
f 785//433 786//433 787//433 
f 788//433 789//433 786//433 
f 788//433 790//433 791//433 
f 792//433 793//433 790//433 
f 729//433 749//433 725//433 
f 734//433 731//433 730//433 
f 751//433 756//433 752//433 
f 756//433 759//433 754//433 
f 794//433 795//433 757//433 
f 796//433 795//433 794//433 
f 362//433 361//433 760//433 
f 365//433 364//433 737//433 
f 367//433 366//433 762//433 
f 369//433 368//433 764//433 
f 372//433 371//433 740//433 
f 375//433 374//433 743//433 
f 377//433 376//433 766//433 
f 767//433 797//433 378//433 
f 798//433 799//433 385//433 
f 770//433 800//433 768//433 
f 773//433 771//433 769//433 
f 716//433 746//433 718//433 
f 747//433 775//433 721//433 
f 776//433 801//433 777//433 
f 782//433 778//433 780//433 
f 802//433 803//433 804//433 
f 803//433 802//433 784//433 
f 785//433 805//433 783//433 
f 786//433 785//433 788//433 
f 790//433 788//433 792//433 
f 792//433 727//433 806//433 
f 732//433 750//433 728//433 
f 755//433 752//433 756//433 
f 759//433 794//433 757//433 
f 807//433 808//433 796//433 
f 809//433 810//433 357//433 
f 810//433 811//433 358//433 
f 363//433 362//433 735//433 
f 368//433 367//433 763//433 
f 373//433 372//433 741//433 
f 378//433 377//433 767//433 
f 799//433 386//433 385//433 
f 799//433 392//433 391//433 
f 799//433 394//433 393//433 
f 772//433 770//433 769//433 
f 716//433 721//433 745//433 
f 776//433 779//433 801//433 
f 780//433 812//433 781//433 
f 813//433 814//433 815//433 
f 816//433 815//433 802//433 
f 784//433 817//433 803//433 
f 784//433 818//433 819//433 
f 787//433 805//433 785//433 
f 806//433 793//433 792//433 
f 753//433 733//433 751//433 
f 794//433 807//433 796//433 
f 820//433 821//433 822//433 
f 823//433 824//433 825//433 
f 826//433 827//433 353//433 
f 827//433 828//433 354//433 
f 829//433 809//433 356//433 
f 358//433 357//433 810//433 
f 811//433 830//433 359//433 
f 830//433 831//433 360//433 
f 366//433 365//433 761//433 
f 376//433 375//433 765//433 
f 797//433 832//433 379//433 
f 832//433 833//433 380//433 
f 834//433 835//433 382//433 
f 835//433 836//433 383//433 
f 799//433 387//433 386//433 
f 393//433 392//433 799//433 
f 799//433 396//433 395//433 
f 774//433 773//433 715//433 
f 776//433 780//433 778//433 
f 837//433 838//433 780//433 
f 815//433 839//433 840//433 
f 802//433 841//433 816//433 
f 819//433 817//433 784//433 
f 791//433 789//433 788//433 
f 758//433 754//433 759//433 
f 842//433 843//433 844//433 
f 822//433 845//433 820//433 
f 846//433 822//433 824//433 
f 825//433 847//433 823//433 
f 354//433 353//433 827//433 
f 828//433 829//433 355//433 
f 357//433 356//433 809//433 
f 360//433 359//433 830//433 
f 370//433 369//433 738//433 
f 380//433 379//433 832//433 
f 833//433 834//433 381//433 
f 383//433 382//433 835//433 
f 836//433 798//433 384//433 
f 799//433 388//433 387//433 
f 395//433 394//433 799//433 
f 799//433 398//433 397//433 
f 722//433 776//433 748//433 
f 780//433 848//433 837//433 
f 848//433 849//433 850//433 
f 848//433 400//433 851//433 
f 852//433 799//433 814//433 
f 815//433 840//433 813//433 
f 804//433 841//433 802//433 
f 727//433 792//433 725//433 
f 853//433 854//433 855//433 
f 856//433 857//433 858//433 
f 859//433 860//433 861//433 
f 844//433 862//433 863//433 
f 862//433 844//433 864//433 
f 822//433 846//433 845//433 
f 823//433 865//433 824//433 
f 355//433 354//433 828//433 
f 359//433 358//433 811//433 
f 379//433 378//433 797//433 
f 382//433 381//433 834//433 
f 385//433 384//433 798//433 
f 799//433 390//433 389//433 
f 397//433 396//433 799//433 
f 799//433 400//433 399//433 
f 838//433 812//433 780//433 
f 848//433 866//433 867//433 
f 851//433 849//433 848//433 
f 400//433 868//433 869//433 
f 814//433 870//433 871//433 
f 814//433 872//433 873//433 
f 815//433 874//433 839//433 
f 783//433 818//433 784//433 
f 875//433 876//433 877//433 
f 878//433 879//433 880//433 
f 855//433 858//433 853//433 
f 858//433 881//433 856//433 
f 882//433 883//433 860//433 
f 861//433 884//433 885//433 
f 886//433 861//433 843//433 
f 844//433 863//433 842//433 
f 864//433 887//433 888//433 
f 889//433 890//433 891//433 
f 824//433 865//433 846//433 
f 892//433 825//433 893//433 
f 356//433 355//433 829//433 
f 381//433 380//433 833//433 
f 389//433 388//433 799//433 
f 399//433 398//433 799//433 
f 894//433 302//433 301//433 
f 894//433 895//433 303//433 
f 896//433 897//433 426//433 
f 897//433 898//433 427//433 
f 867//433 837//433 848//433 
f 869//433 851//433 400//433 
f 873//433 870//433 814//433 
f 816//433 874//433 815//433 
f 899//433 808//433 807//433 
f 877//433 880//433 875//433 
f 880//433 855//433 878//433 
f 857//433 853//433 858//433 
f 860//433 859//433 900//433 
f 861//433 886//433 884//433 
f 843//433 901//433 902//433 
f 864//433 888//433 862//433 
f 887//433 864//433 903//433 
f 904//433 905//433 906//433 
f 891//433 907//433 908//433 
f 907//433 891//433 821//433 
f 825//433 892//433 847//433 
f 893//433 909//433 910//433 
f 893//433 911//433 912//433 
f 768//433 913//433 914//433 
f 915//433 916//433 344//433 
f 916//433 917//433 345//433 
f 918//433 346//433 345//433 
f 918//433 919//433 347//433 
f 920//433 921//433 351//433 
f 921//433 826//433 352//433 
f 360//433 831//433 760//433 
f 391//433 390//433 799//433 
f 922//433 327//433 326//433 
f 923//433 915//433 338//433 
f 924//433 291//433 290//433 
f 925//433 292//433 291//433 
f 303//433 302//433 894//433 
f 895//433 926//433 304//433 
f 926//433 927//433 305//433 
f 927//433 928//433 306//433 
f 848//433 405//433 404//433 
f 929//433 930//433 415//433 
f 930//433 931//433 416//433 
f 932//433 896//433 425//433 
f 427//433 426//433 897//433 
f 933//433 934//433 430//433 
f 934//433 935//433 431//433 
f 935//433 936//433 432//433 
f 936//433 937//433 289//433 
f 850//433 866//433 848//433 
f 400//433 938//433 939//433 
f 400//433 799//433 940//433 
f 799//433 941//433 942//433 
f 799//433 852//433 943//433 
f 813//433 872//433 814//433 
f 876//433 899//433 877//433 
f 854//433 878//433 855//433 
f 882//433 944//433 945//433 
f 861//433 885//433 859//433 
f 842//433 901//433 843//433 
f 903//433 946//433 947//433 
f 946//433 903//433 905//433 
f 906//433 948//433 949//433 
f 821//433 950//433 907//433 
f 893//433 910//433 892//433 
f 911//433 951//433 912//433 
f 914//433 911//433 768//433 
f 345//433 344//433 916//433 
f 347//433 346//433 918//433 
f 919//433 952//433 348//433 
f 952//433 953//433 349//433 
f 953//433 920//433 350//433 
f 352//433 351//433 921//433 
f 384//433 383//433 836//433 
f 954//433 313//433 312//433 
f 922//433 328//433 327//433 
f 922//433 330//433 329//433 
f 922//433 334//433 333//433 
f 922//433 923//433 335//433 
f 338//433 337//433 923//433 
f 291//433 924//433 925//433 
f 925//433 955//433 293//433 
f 956//433 294//433 293//433 
f 956//433 957//433 295//433 
f 958//433 296//433 295//433 
f 958//433 959//433 297//433 
f 960//433 298//433 297//433 
f 960//433 961//433 299//433 
f 304//433 303//433 895//433 
f 306//433 305//433 927//433 
f 404//433 403//433 848//433 
f 962//433 929//433 414//433 
f 416//433 415//433 930//433 
f 931//433 963//433 417//433 
f 963//433 964//433 418//433 
f 964//433 965//433 419//433 
f 965//433 966//433 420//433 
f 967//433 968//433 422//433 
f 968//433 969//433 423//433 
f 969//433 932//433 424//433 
f 426//433 425//433 896//433 
f 898//433 970//433 428//433 
f 970//433 933//433 429//433 
f 431//433 430//433 934//433 
f 289//433 432//433 936//433 
f 939//433 868//433 400//433 
f 400//433 971//433 972//433 
f 799//433 973//433 940//433 
f 942//433 974//433 799//433 
f 814//433 871//433 852//433 
f 879//433 875//433 880//433 
f 975//433 976//433 881//433 
f 977//433 978//433 979//433 
f 945//433 883//433 882//433 
f 843//433 902//433 886//433 
f 905//433 980//433 946//433 
f 906//433 949//433 904//433 
f 948//433 906//433 890//433 
f 820//433 950//433 821//433 
f 914//433 951//433 911//433 
f 344//433 343//433 915//433 
f 348//433 347//433 919//433 
f 350//433 349//433 953//433 
f 353//433 352//433 826//433 
f 954//433 314//433 313//433 
f 922//433 316//433 315//433 
f 922//433 318//433 317//433 
f 922//433 323//433 322//433 
f 329//433 328//433 922//433 
f 922//433 332//433 331//433 
f 335//433 334//433 922//433 
f 337//433 336//433 923//433 
f 981//433 290//433 289//433 
f 293//433 292//433 925//433 
f 295//433 294//433 956//433 
f 297//433 296//433 958//433 
f 299//433 298//433 960//433 
f 961//433 982//433 300//433 
f 983//433 301//433 300//433 
f 305//433 304//433 926//433 
f 848//433 402//433 401//433 
f 848//433 406//433 405//433 
f 848//433 409//433 408//433 
f 848//433 984//433 410//433 
f 984//433 985//433 411//433 
f 985//433 986//433 412//433 
f 986//433 962//433 413//433 
f 415//433 414//433 929//433 
f 418//433 417//433 963//433 
f 420//433 419//433 965//433 
f 966//433 967//433 421//433 
f 423//433 422//433 968//433 
f 425//433 424//433 932//433 
f 429//433 428//433 970//433 
f 432//433 431//433 935//433 
f 972//433 938//433 400//433 
f 974//433 973//433 799//433 
f 807//433 877//433 899//433 
f 881//433 987//433 975//433 
f 988//433 989//433 987//433 
f 979//433 990//433 977//433 
f 991//433 992//433 990//433 
f 860//433 900//433 882//433 
f 904//433 980//433 905//433 
f 890//433 889//433 993//433 
f 912//433 909//433 893//433 
f 345//433 917//433 918//433 
f 351//433 350//433 920//433 
f 954//433 315//433 314//433 
f 317//433 316//433 922//433 
f 922//433 320//433 319//433 
f 322//433 321//433 922//433 
f 331//433 330//433 922//433 
f 336//433 335//433 923//433 
f 290//433 981//433 924//433 
f 295//433 957//433 958//433 
f 300//433 299//433 961//433 
f 301//433 983//433 894//433 
f 994//433 307//433 306//433 
f 403//433 402//433 848//433 
f 408//433 407//433 848//433 
f 411//433 410//433 984//433 
f 413//433 412//433 986//433 
f 417//433 416//433 931//433 
f 421//433 420//433 966//433 
f 424//433 423//433 969//433 
f 430//433 429//433 933//433 
f 940//433 971//433 400//433 
f 976//433 856//433 881//433 
f 987//433 979//433 988//433 
f 990//433 995//433 977//433 
f 990//433 945//433 991//433 
f 903//433 947//433 887//433 
f 891//433 908//433 889//433 
f 915//433 342//433 341//433 
f 349//433 348//433 952//433 
f 315//433 954//433 922//433 
f 321//433 320//433 922//433 
f 922//433 325//433 324//433 
f 333//433 332//433 922//433 
f 293//433 955//433 956//433 
f 300//433 982//433 983//433 
f 994//433 308//433 307//433 
f 994//433 310//433 309//433 
f 407//433 406//433 848//433 
f 412//433 411//433 985//433 
f 419//433 418//433 964//433 
f 428//433 427//433 898//433 
f 943//433 941//433 799//433 
f 979//433 996//433 988//433 
f 992//433 995//433 990//433 
f 890//433 993//433 948//433 
f 915//433 340//433 339//433 
f 343//433 342//433 915//433 
f 319//433 318//433 922//433 
f 326//433 325//433 922//433 
f 297//433 959//433 960//433 
f 309//433 308//433 994//433 
f 410//433 409//433 848//433 
f 422//433 421//433 967//433 
f 989//433 975//433 987//433 
f 944//433 991//433 945//433 
f 341//433 340//433 915//433 
f 324//433 323//433 922//433 
f 306//433 928//433 994//433 
f 994//433 312//433 311//433 
f 414//433 413//433 962//433 
f 978//433 996//433 979//433 
f 312//433 994//433 954//433 
f 311//433 310//433 994//433 
f 800//433 913//433 768//433 
f 289//433 937//433 981//433 
f 339//433 338//433 915//433 
f 401//433 400//433 848//433 
o mesh4
f 672//434 922//434 954//434 
f 954//434 673//434 672//434 
o mesh5
f 673//435 954//435 994//435 
f 994//435 652//435 673//435 
o mesh6
f 848//436 489//436 600//437 
f 984//437 600//437 544//438 
f 985//438 544//438 543//439 
f 986//439 543//439 575//440 
f 962//440 575//440 670//441 
f 929//441 670//441 669//442 
f 930//442 669//442 653//443 
f 931//443 653//443 632//444 
f 963//444 632//444 631//445 
f 964//445 631//445 630//446 
f 965//446 630//446 629//447 
f 966//447 629//447 542//448 
f 967//448 542//448 512//449 
f 968//449 512//449 493//450 
f 969//450 493//450 492//451 
f 932//451 492//451 511//452 
f 896//452 511//452 510//453 
f 897//453 510//453 541//454 
f 898//454 541//454 540//455 
f 970//455 540//455 574//456 
f 933//456 574//456 539//457 
f 934//457 539//457 538//458 
f 935//458 538//458 573//459 
f 936//459 573//459 572//460 
f 937//460 572//460 537//461 
f 981//461 537//461 536//462 
f 924//462 536//462 509//463 
f 925//463 509//463 508//464 
f 955//464 508//464 507//465 
f 956//465 507//465 506//466 
f 957//466 506//466 521//467 
f 958//467 521//467 520//468 
f 959//468 520//468 628//469 
f 960//469 628//469 627//470 
f 961//470 627//470 599//471 
f 982//471 599//471 571//472 
f 983//472 571//472 570//473 
f 894//473 570//473 569//474 
f 895//474 569//474 568//475 
f 926//475 568//475 567//476 
f 927//476 567//476 566//477 
f 928//477 566//477 652//478 
f 652//478 994//478 928//477 
f 566//477 928//477 927//476 
f 567//476 927//476 926//475 
f 568//475 926//475 895//474 
f 569//474 895//474 894//473 
f 570//473 894//473 983//472 
f 571//472 983//472 982//471 
f 599//471 982//471 961//470 
f 627//470 961//470 960//469 
f 628//469 960//469 959//468 
f 520//468 959//468 958//467 
f 521//467 958//467 957//466 
f 506//466 957//466 956//465 
f 507//465 956//465 955//464 
f 508//464 955//464 925//463 
f 509//463 925//463 924//462 
f 536//462 924//462 981//461 
f 537//461 981//461 937//460 
f 572//460 937//460 936//459 
f 573//459 936//459 935//458 
f 538//458 935//458 934//457 
f 539//457 934//457 933//456 
f 574//456 933//456 970//455 
f 540//455 970//455 898//454 
f 541//454 898//454 897//453 
f 510//453 897//453 896//452 
f 511//452 896//452 932//451 
f 492//451 932//451 969//450 
f 493//450 969//450 968//449 
f 512//449 968//449 967//448 
f 542//448 967//448 966//447 
f 629//447 966//447 965//446 
f 630//446 965//446 964//445 
f 631//445 964//445 963//444 
f 632//444 963//444 931//443 
f 653//443 931//443 930//442 
f 669//442 930//442 929//441 
f 670//441 929//441 962//440 
f 575//440 962//440 986//439 
f 543//439 986//439 985//438 
f 544//438 985//438 984//437 
f 600//437 984//437 848//436 
o mesh7
f 860//479 883//480 610//480 
f 565//481 861//481 860//479 
f 843//482 861//481 565//481 
f 844//483 843//482 562//482 
f 561//484 864//484 844//483 
f 558//485 903//485 864//484 
f 905//486 903//485 558//485 
f 553//487 906//487 905//486 
f 491//488 890//488 906//487 
f 891//489 890//488 491//488 
f 478//490 821//490 891//489 
f 466//491 822//491 821//490 
f 475//492 824//492 822//491 
f 463//493 825//493 824//492 
f 480//494 893//494 825//493 
f 459//495 911//495 893//494 
f 456//496 768//496 911//495 
f 769//497 768//496 456//496 
f 433//498 715//498 769//497 
f 442//499 716//499 715//498 
f 441//500 721//500 716//499 
f 438//501 722//501 721//500 
f 437//502 776//502 722//501 
f 443//503 780//503 776//502 
f 489//504 848//504 780//503 
f 780//503 443//503 489//504 
f 776//502 437//502 443//503 
f 722//501 438//501 437//502 
f 721//500 441//500 438//501 
f 716//499 442//499 441//500 
f 715//498 433//498 442//499 
f 769//497 470//505 433//498 
f 456//496 470//505 769//497 
f 911//495 459//495 456//496 
f 893//494 480//494 459//495 
f 825//493 463//493 480//494 
f 824//492 475//492 463//493 
f 822//491 466//491 475//492 
f 821//490 478//490 466//491 
f 891//489 487//506 478//490 
f 491//488 487//506 891//489 
f 906//487 553//487 491//488 
f 905//486 585//507 553//487 
f 558//485 585//507 905//486 
f 864//484 561//484 558//485 
f 844//483 535//508 561//484 
f 562//482 535//508 844//483 
f 565//481 562//482 843//482 
f 860//479 591//509 565//481 
f 610//480 591//509 860//479 
o mesh8
f 814//510 799//511 638//511 
f 815//512 814//510 606//513 
f 802//514 815//512 548//515 
f 784//516 802//514 524//517 
f 785//518 784//516 515//519 
f 788//520 785//518 499//521 
f 494//522 792//522 788//520 
f 522//523 725//523 792//522 
f 597//524 728//524 725//523 
f 596//525 730//525 728//524 
f 595//526 751//526 730//525 
f 620//527 756//527 751//526 
f 618//528 759//528 756//527 
f 794//529 759//528 618//528 
f 648//530 807//530 794//529 
f 646//531 877//531 807//530 
f 644//532 880//532 877//531 
f 855//533 880//532 644//532 
f 613//534 858//534 855//533 
f 881//535 858//534 613//534 
f 987//536 881//535 612//535 
f 683//537 979//537 987//536 
f 682//538 990//538 979//537 
f 664//539 945//539 990//538 
f 610//540 883//540 945//539 
f 945//539 664//539 610//540 
f 990//538 682//538 664//539 
f 979//537 683//537 682//538 
f 987//536 698//541 683//537 
f 612//535 698//541 987//536 
f 613//534 612//535 881//535 
f 855//533 615//542 613//534 
f 644//532 615//542 855//533 
f 877//531 646//531 644//532 
f 807//530 648//530 646//531 
f 794//529 617//543 648//530 
f 618//528 617//543 794//529 
f 756//527 620//527 618//528 
f 751//526 595//526 620//527 
f 730//525 596//525 595//526 
f 728//524 597//524 596//525 
f 725//523 522//523 597//524 
f 792//522 494//522 522//523 
f 788//520 495//544 494//522 
f 499//521 495//544 788//520 
f 515//519 499//521 785//518 
f 524//517 515//519 784//516 
f 548//515 524//517 802//514 
f 606//513 548//515 815//512 
f 638//511 606//513 814//510 
o mesh9
f 915//545 685//545 675//546 
f 916//546 675//546 674//547 
f 917//547 674//547 701//548 
f 918//548 701//548 700//549 
f 919//549 700//549 689//550 
f 952//550 689//550 688//551 
f 953//551 688//551 655//552 
f 920//552 655//552 654//553 
f 921//553 654//553 635//554 
f 826//554 635//554 605//555 
f 827//555 605//555 604//556 
f 828//556 604//556 603//557 
f 829//557 603//557 582//558 
f 809//558 582//558 581//559 
f 810//559 581//559 602//560 
f 811//560 602//560 601//561 
f 830//561 601//561 687//562 
f 831//562 687//562 671//563 
f 760//563 671//563 634//564 
f 735//564 634//564 633//565 
f 736//565 633//565 580//566 
f 737//566 580//566 579//567 
f 761//567 579//567 578//568 
f 762//568 578//568 577//569 
f 763//569 577//569 576//570 
f 764//570 576//570 546//571 
f 738//571 546//571 545//572 
f 739//572 545//572 714//573 
f 740//573 714//573 691//574 
f 741//574 691//574 690//575 
f 742//575 690//575 702//576 
f 743//576 702//576 704//577 
f 765//577 704//577 703//578 
f 766//578 703//578 677//579 
f 767//579 677//579 676//580 
f 797//580 676//580 692//581 
f 832//581 692//581 705//582 
f 833//582 705//582 707//583 
f 834//583 707//583 706//584 
f 835//584 706//584 713//585 
f 836//585 713//585 708//586 
f 798//586 708//586 638//587 
f 638//587 799//587 798//586 
f 708//586 798//586 836//585 
f 713//585 836//585 835//584 
f 706//584 835//584 834//583 
f 707//583 834//583 833//582 
f 705//582 833//582 832//581 
f 692//581 832//581 797//580 
f 676//580 797//580 767//579 
f 677//579 767//579 766//578 
f 703//578 766//578 765//577 
f 704//577 765//577 743//576 
f 702//576 743//576 742//575 
f 690//575 742//575 741//574 
f 691//574 741//574 740//573 
f 714//573 740//573 739//572 
f 545//572 739//572 738//571 
f 546//571 738//571 764//570 
f 576//570 764//570 763//569 
f 577//569 763//569 762//568 
f 578//568 762//568 761//567 
f 579//567 761//567 737//566 
f 580//566 737//566 736//565 
f 633//565 736//565 735//564 
f 634//564 735//564 760//563 
f 671//563 760//563 831//562 
f 687//562 831//562 830//561 
f 601//561 830//561 811//560 
f 602//560 811//560 810//559 
f 581//559 810//559 809//558 
f 582//558 809//558 829//557 
f 603//557 829//557 828//556 
f 604//556 828//556 827//555 
f 605//555 827//555 826//554 
f 635//554 826//554 921//553 
f 654//553 921//553 920//552 
f 655//552 920//552 953//551 
f 688//551 953//551 952//550 
f 689//550 952//550 919//549 
f 700//549 919//549 918//548 
f 701//548 918//548 917//547 
f 674//547 917//547 916//546 
f 675//546 916//546 915//545 
o mesh10
f 685//588 915//588 923//588 
f 923//588 686//588 685//588 
o mesh11
f 686//589 923//589 922//589 
f 922//589 672//589 686//589 
o mesh12
f 914//590 913//591 473//591 
f 951//592 914//590 460//593 
f 912//594 951//592 474//595 
f 909//596 912//594 482//597 
f 910//598 909//596 481//599 
f 892//600 910//598 484//601 
f 847//602 892//600 483//603 
f 823//604 847//602 462//605 
f 865//606 823//604 461//607 
f 846//608 865//606 476//609 
f 845//610 846//608 477//611 
f 820//612 845//610 465//613 
f 950//614 820//612 464//615 
f 907//616 950//614 479//617 
f 908//618 907//616 490//619 
f 889//620 908//618 486//621 
f 993//622 889//620 485//623 
f 948//624 993//622 532//625 
f 949//626 948//624 531//627 
f 904//628 949//626 555//629 
f 980//630 904//628 554//631 
f 946//632 980//630 587//633 
f 947//634 946//632 586//635 
f 887//636 947//634 557//637 
f 888//638 887//636 556//639 
f 862//640 888//638 560//641 
f 863//642 862//640 559//643 
f 842//644 863//642 534//645 
f 901//646 842//644 533//647 
f 902//648 901//646 588//649 
f 886//650 902//648 590//651 
f 884//652 886//650 589//653 
f 885//654 884//652 609//655 
f 859//656 885//654 564//657 
f 900//658 859//656 563//659 
f 882//660 900//658 593//661 
f 944//662 882//660 592//663 
f 991//664 944//662 680//665 
f 992//666 991//664 679//667 
f 995//668 992//666 710//669 
f 977//670 995//668 709//671 
f 978//672 977//670 681//673 
f 996//674 978//672 696//675 
f 988//676 996//674 695//677 
f 989//678 988//676 697//679 
f 975//680 989//678 711//681 
f 976//682 975//680 699//683 
f 856//684 976//682 712//685 
f 857//686 856//684 611//687 
f 853//688 857//686 641//689 
f 854//690 853//688 614//691 
f 878//692 854//690 643//693 
f 879//694 878//692 642//695 
f 875//696 879//694 665//697 
f 876//698 875//696 645//699 
f 899//700 876//698 667//701 
f 808//702 899//700 666//703 
f 796//704 808//702 684//705 
f 795//706 796//704 647//707 
f 757//708 795//706 668//709 
f 758//710 757//708 616//711 
f 754//712 758//710 649//713 
f 755//714 754//712 619//715 
f 752//716 755//714 650//717 
f 753//718 752//716 621//719 
f 733//720 753//718 651//721 
f 734//722 733//720 594//723 
f 731//724 734//722 623//725 
f 732//726 731//724 622//727 
f 750//728 732//726 598//729 
f 729//730 750//728 624//731 
f 749//732 729//730 626//733 
f 726//734 749//732 625//735 
f 727//736 726//734 547//737 
f 806//738 727//736 523//739 
f 793//740 806//738 514//741 
f 790//742 793//740 513//743 
f 791//744 790//742 496//745 
f 789//746 791//744 498//747 
f 786//748 789//746 497//749 
f 787//750 786//748 500//751 
f 805//752 787//750 502//753 
f 783//754 805//752 501//755 
f 818//756 783//754 503//757 
f 819//758 818//756 516//759 
f 817//760 819//758 518//761 
f 803//762 817//760 517//763 
f 804//764 803//762 519//765 
f 841//766 804//764 526//767 
f 816//768 841//766 525//769 
f 874//770 816//768 527//771 
f 839//772 874//770 549//773 
f 840//774 839//772 636//775 
f 813//776 840//774 584//777 
f 872//778 813//776 583//779 
f 873//780 872//778 637//781 
f 870//782 873//780 657//783 
f 871//784 870//782 656//785 
f 852//786 871//784 659//787 
f 943//788 852//786 658//789 
f 941//790 943//788 694//791 
f 942//792 941//790 693//793 
f 974//794 942//792 640//795 
f 973//796 974//794 639//797 
f 940//798 973//796 660//799 
f 971//800 940//798 662//801 
f 972//802 971//800 661//803 
f 938//804 972//802 678//805 
f 939//806 938//804 663//807 
f 868//808 939//806 608//809 
f 869//810 868//808 607//811 
f 851//812 869//810 551//813 
f 849//814 851//812 550//815 
f 850//816 849//814 552//817 
f 866//818 850//816 529//819 
f 867//820 866//818 528//821 
f 837//822 867//820 530//823 
f 838//824 837//822 488//825 
f 812//826 838//824 505//827 
f 781//828 812//826 504//829 
f 782//830 781//828 452//831 
f 778//832 782//830 445//833 
f 779//834 778//832 444//835 
f 801//836 779//834 467//837 
f 777//838 801//836 468//839 
f 748//840 777//838 453//841 
f 723//842 748//840 436//843 
f 724//844 723//842 446//845 
f 719//846 724//844 440//847 
f 720//848 719//846 439//849 
f 747//850 720//848 447//851 
f 775//852 747//850 449//853 
f 745//854 775//852 448//855 
f 746//856 745//854 450//857 
f 718//858 746//856 454//859 
f 717//860 718//858 469//861 
f 744//862 717//860 435//863 
f 774//864 744//862 434//865 
f 773//866 774//864 451//867 
f 771//868 773//866 455//869 
f 772//870 771//868 471//871 
f 770//872 772//870 472//873 
f 800//874 770//872 458//875 
f 913//591 800//874 457//874 
f 457//874 473//591 913//591 
f 458//875 457//874 800//874 
f 472//873 458//875 770//872 
f 471//871 472//873 772//870 
f 455//869 471//871 771//868 
f 451//867 455//869 773//866 
f 434//865 451//867 774//864 
f 435//863 434//865 744//862 
f 469//861 435//863 717//860 
f 454//859 469//861 718//858 
f 450//857 454//859 746//856 
f 448//855 450//857 745//854 
f 449//853 448//855 775//852 
f 447//851 449//853 747//850 
f 439//849 447//851 720//848 
f 440//847 439//849 719//846 
f 446//845 440//847 724//844 
f 436//843 446//845 723//842 
f 453//841 436//843 748//840 
f 468//839 453//841 777//838 
f 467//837 468//839 801//836 
f 444//835 467//837 779//834 
f 445//833 444//835 778//832 
f 452//831 445//833 782//830 
f 504//829 452//831 781//828 
f 505//827 504//829 812//826 
f 488//825 505//827 838//824 
f 530//823 488//825 837//822 
f 528//821 530//823 867//820 
f 529//819 528//821 866//818 
f 552//817 529//819 850//816 
f 550//815 552//817 849//814 
f 551//813 550//815 851//812 
f 607//811 551//813 869//810 
f 608//809 607//811 868//808 
f 663//807 608//809 939//806 
f 678//805 663//807 938//804 
f 661//803 678//805 972//802 
f 662//801 661//803 971//800 
f 660//799 662//801 940//798 
f 639//797 660//799 973//796 
f 640//795 639//797 974//794 
f 693//793 640//795 942//792 
f 694//791 693//793 941//790 
f 658//789 694//791 943//788 
f 659//787 658//789 852//786 
f 656//785 659//787 871//784 
f 657//783 656//785 870//782 
f 637//781 657//783 873//780 
f 583//779 637//781 872//778 
f 584//777 583//779 813//776 
f 636//775 584//777 840//774 
f 549//773 636//775 839//772 
f 527//771 549//773 874//770 
f 525//769 527//771 816//768 
f 526//767 525//769 841//766 
f 519//765 526//767 804//764 
f 517//763 519//765 803//762 
f 518//761 517//763 817//760 
f 516//759 518//761 819//758 
f 503//757 516//759 818//756 
f 501//755 503//757 783//754 
f 502//753 501//755 805//752 
f 500//751 502//753 787//750 
f 497//749 500//751 786//748 
f 498//747 497//749 789//746 
f 496//745 498//747 791//744 
f 513//743 496//745 790//742 
f 514//741 513//743 793//740 
f 523//739 514//741 806//738 
f 547//737 523//739 727//736 
f 625//735 547//737 726//734 
f 626//733 625//735 749//732 
f 624//731 626//733 729//730 
f 598//729 624//731 750//728 
f 622//727 598//729 732//726 
f 623//725 622//727 731//724 
f 594//723 623//725 734//722 
f 651//721 594//723 733//720 
f 621//719 651//721 753//718 
f 650//717 621//719 752//716 
f 619//715 650//717 755//714 
f 649//713 619//715 754//712 
f 616//711 649//713 758//710 
f 668//709 616//711 757//708 
f 647//707 668//709 795//706 
f 684//705 647//707 796//704 
f 666//703 684//705 808//702 
f 667//701 666//703 899//700 
f 645//699 667//701 876//698 
f 665//697 645//699 875//696 
f 642//695 665//697 879//694 
f 643//693 642//695 878//692 
f 614//691 643//693 854//690 
f 641//689 614//691 853//688 
f 611//687 641//689 857//686 
f 712//685 611//687 856//684 
f 699//683 712//685 976//682 
f 711//681 699//683 975//680 
f 697//679 711//681 989//678 
f 695//677 697//679 988//676 
f 696//675 695//677 996//674 
f 681//673 696//675 978//672 
f 709//671 681//673 977//670 
f 710//669 709//671 995//668 
f 679//667 710//669 992//666 
f 680//665 679//667 991//664 
f 592//663 680//665 944//662 
f 593//661 592//663 882//660 
f 563//659 593//661 900//658 
f 564//657 563//659 859//656 
f 609//655 564//657 885//654 
f 589//653 609//655 884//652 
f 590//651 589//653 886//650 
f 588//649 590//651 902//648 
f 533//647 588//649 901//646 
f 534//645 533//647 842//644 
f 559//643 534//645 863//642 
f 560//641 559//643 862//640 
f 556//639 560//641 888//638 
f 557//637 556//639 887//636 
f 586//635 557//637 947//634 
f 587//633 586//635 946//632 
f 554//631 587//633 980//630 
f 555//629 554//631 904//628 
f 531//627 555//629 949//626 
f 532//625 531//627 948//624 
f 485//623 532//625 993//622 
f 486//621 485//623 889//620 
f 490//619 486//621 908//618 
f 479//617 490//619 907//616 
f 464//615 479//617 950//614 
f 465//613 464//615 820//612 
f 477//611 465//613 845//610 
f 476//609 477//611 846//608 
f 461//607 476//609 865//606 
f 462//605 461//607 823//604 
f 483//603 462//605 847//602 
f 484//601 483//603 892//600 
f 481//599 484//601 910//598 
f 482//597 481//599 909//596 
f 474//595 482//597 912//594 
f 460//593 474//595 951//592 
f 473//591 460//593 914//590 
